id,pesan,kategori,label
1,Penerimaan CPNS dibuka bulan depan. Info lengkap di portal resmi BKN.,Informasi Umum,Tidak Berisiko
2,"Halo kak, saya dari Ninja Express. Paket Anda tertahan bea cukai. Bayar Rp20.000 ke DANA 082233445566 untuk dilepas.",Social Engineering,Berisiko
3,Aplikasi penghasil pulsa gratis 100% terpercaya. Unduh di cutt.ly/cek-saldo dan ajak teman untuk bonus.,Malware,Berisiko
4,"Jadwal penerbangan: Yogyakarta-Bali, 1 Oktober 2024 pukul 07.30. Check-in 2 jam sebelumnya.",Jadwal & Kegiatan,Tidak Berisiko
5,Reminder: SIM Anda berakhir bulan depan. Segera perpanjang di Satpas terdekat.,Informasi Umum,Tidak Berisiko
6,Film yang kemarin kamu rekomendasiin bagus banget! Makasih ya.,Percakapan Biasa,Tidak Berisiko
7,"Kredit HP tanpa kartu kredit, tanpa DP, bunga 0%. Proses cepat, WA 08813216543.",Penipuan,Berisiko
8,Investasi kripto profit 10% per bulan DIJAMIN. Modal awal Rp40.000. Info: 0822-1111-9999.,Penipuan,Berisiko
9,"Wah, macet banget hari ini. Kamu naik apa ke kantor?",Percakapan Biasa,Tidak Berisiko
10,"Wah, macet banget hari ini. Kamu naik apa ke kantor?",Percakapan Biasa,Tidak Berisiko
11,Reset PIN BRI diminta. Kode keamanan Anda: 074152. Jangan berikan kepada siapapun.,Pencurian Akun,Berisiko
12,Anda memenangkan iPhone terbaru! Unduh form klaim di shorturl.at/hadiah dan isi data untuk pengiriman.,Malware,Berisiko
13,Donasi Rp16.000 Anda berhasil disalurkan. Terima kasih atas kepedulian Anda.,Transaksi Aman,Tidak Berisiko
14,Admin marketplace menghubungi Anda terkait komplain pembeli. Respon segera di 08813216543.,Social Engineering,Berisiko
15,Update: Jalan Balikpapan ditutup sementara untuk perbaikan hingga akhir minggu.,Informasi Umum,Tidak Berisiko
16,"Jadwal penerbangan: Palembang-Bali, 10 Agustus 2024 pukul 07.30. Check-in 2 jam sebelumnya.",Jadwal & Kegiatan,Tidak Berisiko
17,"Bu/Pak, anak Anda mengalami kecelakaan. Segera transfer Rp43 juta ke DANA 082233445566 untuk biaya darurat.",Social Engineering,Berisiko
18,"Info arisan RT: Pertemuan bulan ini dipindah ke Sabtu, 25 Mei pukul 19.00.",Informasi Umum,Tidak Berisiko
19,Update: Jalan Yogyakarta ditutup sementara untuk perbaikan hingga akhir minggu.,Informasi Umum,Tidak Berisiko
20,Kelas yoga online besok jam 07.00 via Zoom. Link dikirim terpisah.,Informasi Umum,Tidak Berisiko
21,"Wah, macet banget hari ini. Kamu naik apa ke kantor?",Percakapan Biasa,Tidak Berisiko
22,Kamu bawa payung gak? Kelihatannya mau hujan nih.,Percakapan Biasa,Tidak Berisiko
23,Update: Jalan Surabaya ditutup sementara untuk perbaikan hingga akhir minggu.,Informasi Umum,Tidak Berisiko
24,Salam buat keluarga di rumah ya. Kapan main ke sini?,Percakapan Biasa,Tidak Berisiko
25,E-wallet Anda berhasil diisi Rp36.000 via transfer bank. Saldo: Rp1900.000.,Transaksi Aman,Tidak Berisiko
26,Berita olahraga: Tim nasional menang 3-1 dalam laga persahabatan semalam.,Informasi Umum,Tidak Berisiko
27,Pembayaran premi asuransi Rp41.000 berhasil. Polis Anda aktif hingga 15 September 2024.,Transaksi Aman,Tidak Berisiko
28,Ada yang mencoba masuk ke akun Blibli Anda. Verifikasi dengan kode 634829 atau akun akan dikunci.,Pencurian Akun,Berisiko
29,Jual akun Shopee seller terpercaya rating bintang 5. Harga Rp47.000. WA 08813216543.,Penipuan,Berisiko
30,Kelas online besok dibatalkan karena pembicara sakit. Jadwal baru menyusul.,Jadwal & Kegiatan,Tidak Berisiko
31,Akun BCA Anda akan dinonaktifkan. Update data KYC sekarang di ow.ly/cek-akun sebelum batas waktu.,Phishing,Berisiko
32,Arisan online berhadiah motor. Modal Rp26.000/bulan. Join grup WA 0877-3333-5678.,Penipuan,Berisiko
33,File PDF tagihan BCA bulan ini sudah tersedia. Download di rb.gy/login-secure untuk detail transaksi.,Malware,Berisiko
34,"Pak/Bu, saya dari tim teknis Axis. Ada gangguan jaringan di nomor Anda. Berikan kode OTP untuk perbaikan.",Social Engineering,Berisiko
35,Pengumuman: Jadwal libur nasional bulan depan adalah tanggal 17 Agustus.,Informasi Umum,Tidak Berisiko
36,Notifikasi: Tagihan kartu kredit BNI bulan ini Rp11.000. Jatuh tempo 20 November 2024.,Transaksi Aman,Tidak Berisiko
37,Saya dari divisi hadiah Grab. Anda menang grand prize. Kirim foto KTP + selfie ke 08813216543 untuk proses.,Social Engineering,Berisiko
38,Stok darah golongan O di PMI menipis. Bagi yang mau donor silakan datang.,Informasi Umum,Tidak Berisiko
39,Verifikasi transfer Rp39.000 dari BCA Anda. Kode OTP: 529471. Berlaku 3 menit.,Pencurian Akun,Berisiko
40,Peringatan keamanan BNI: PIN Anda dicoba 3 kali. Amankan akun di s.id/klaim-hadiah segera.,Phishing,Berisiko
41,PR-nya udah selesai belum? Gue masih nyangkut di nomor 3.,Percakapan Biasa,Tidak Berisiko
42,Kode aktivasi ulang akun BCA Anda: 529471. Berlaku 10 menit. Jangan bagikan ke siapapun.,Pencurian Akun,Berisiko
43,Film yang kemarin kamu rekomendasiin bagus banget! Makasih ya.,Percakapan Biasa,Tidak Berisiko
44,Pengingat: Vaksinasi booster tersedia gratis di Puskesmas terdekat bulan ini.,Informasi Umum,Tidak Berisiko
45,"Semangat ya ujiannya! Pasti bisa, udah belajar keras kok.",Percakapan Biasa,Tidak Berisiko
46,Tagihan PDAM bulan ini Rp49.000. Jatuh tempo: 1 Oktober 2024. Bayar tepat waktu.,Transaksi Aman,Tidak Berisiko
47,Ini Tim Lazada. Toko Anda melanggar kebijakan. Hubungi 087712345678 dalam 2 jam atau akun ditutup permanen.,Social Engineering,Berisiko
48,Transfer berhasil. Rp17.000 telah dikirim ke rekening BRI atas nama Fitri.,Transaksi Aman,Tidak Berisiko
49,PR-nya udah selesai belum? Gue masih nyangkut di nomor 3.,Percakapan Biasa,Tidak Berisiko
50,Ini Tim Shopee. Toko Anda melanggar kebijakan. Hubungi 0812-9999-1234 dalam 2 jam atau akun ditutup permanen.,Social Engineering,Berisiko
51,Jual akun Tokopedia seller terpercaya rating bintang 5. Harga Rp21.000. WA 08813216543.,Penipuan,Berisiko
52,Sistem Mandiri mendeteksi perubahan data. Verifikasi di ow.ly/cek-akun dalam 1 jam atau akun dikunci.,Phishing,Berisiko
53,"Info seminar gratis online tentang kewirausahaan, Sabtu pukul 10.00 WIB.",Informasi Umum,Tidak Berisiko
54,Konfirmasi transaksi BCA Rp35 juta ke rekening tidak dikenal. Tolak di rb.gy/update-bri.,Phishing,Berisiko
55,Investasi kripto profit 30% per bulan DIJAMIN. Modal awal Rp28.000. Info: 087712345678.,Penipuan,Berisiko
56,Tagihan PDAM bulan ini Rp30.000. Jatuh tempo: 10 Agustus 2024. Bayar tepat waktu.,Transaksi Aman,Tidak Berisiko
57,Pesanan #ORD-88291 dikonfirmasi. Estimasi pengiriman 2-3 hari kerja ke alamat Anda.,Transaksi Aman,Tidak Berisiko
58,"Halo kak, ini admin marketplace. Ada masalah di pesanan Anda. Tolong hubungi WA 0877-3333-5678 sekarang.",Social Engineering,Berisiko
59,Reminder: SIM Anda berakhir bulan depan. Segera perpanjang di Satpas terdekat.,Informasi Umum,Tidak Berisiko
60,"Gue bakal telat 15 menit. Tolong mulai duluan ya, makasih.",Percakapan Biasa,Tidak Berisiko
61,Selamat! Nomor Anda terpilih program loyalitas Axis. Balas OTP yang dikirim ke CS kami di 085612345678.,Social Engineering,Berisiko
62,Tagihan PDAM bulan ini Rp17.000. Jatuh tempo: 10 Agustus 2024. Bayar tepat waktu.,Transaksi Aman,Tidak Berisiko
63,Jadwal servis AC Anda: 20 November 2024 pukul 10.00-12.00. Teknisi akan menghubungi.,Jadwal & Kegiatan,Tidak Berisiko
64,Stok darah golongan O di PMI menipis. Bagi yang mau donor silakan datang.,Informasi Umum,Tidak Berisiko
65,Pesanan #PO-99281 dikonfirmasi. Estimasi pengiriman 2-3 hari kerja ke alamat Anda.,Transaksi Aman,Tidak Berisiko
66,Tim Lazada: Akun seller Anda dilaporkan fraud. Verifikasi identitas ke 087712345678 dalam 24 jam.,Social Engineering,Berisiko
67,Admin marketplace menghubungi Anda terkait komplain pembeli. Respon segera di 087712345678.,Social Engineering,Berisiko
68,LOWONGAN: Admin online kerja dari rumah gaji Rp43 juta/bulan. WA 0822-1111-9999 langsung diterima.,Penipuan,Berisiko
69,Tim keamanan BSI menemukan kebocoran data. Reset password di shorturl.at/hadiah segera.,Phishing,Berisiko
70,Besok jadi berangkat gak? Gue tunggu di stasiun jam 7 ya.,Percakapan Biasa,Tidak Berisiko
71,Jadwal operasional bank selama libur lebaran dapat dicek di website resmi.,Informasi Umum,Tidak Berisiko
72,"Seseorang meminta reset password akun Shopee Anda. Masukkan kode 074152 untuk konfirmasi. Jika bukan Anda, abaikan.",Pencurian Akun,Berisiko
73,"Kredit HP tanpa kartu kredit, tanpa DP, bunga 0%. Proses cepat, WA 087712345678.",Penipuan,Berisiko
74,"Kredit HP tanpa kartu kredit, tanpa DP, bunga 0%. Proses cepat, WA 0812-9999-1234.",Penipuan,Berisiko
75,"Udah makan belum? Tadi beli nasi padang, enak banget.",Percakapan Biasa,Tidak Berisiko
76,Bukti transfer Rp11 juta dari Danamon. Cek lampiran di bit.do/verifikasi segera.,Malware,Berisiko
77,"Selamat, Anda terpilih sebagai pemenang undian Dana. Konfirmasi ke 085612345678 untuk klaim hadiah.",Social Engineering,Berisiko
78,Cicilan bulan ke-4 dari 12 sebesar Rp15.000 berhasil didebet otomatis.,Transaksi Aman,Tidak Berisiko
79,Anda memenangkan iPhone terbaru! Unduh form klaim di shorturl.at/hadiah dan isi data untuk pengiriman.,Malware,Berisiko
80,Bukti transfer Rp35 juta dari BRI. Cek lampiran di cutt.ly/cek-saldo segera.,Malware,Berisiko
81,E-wallet Anda berhasil diisi Rp45.000 via transfer bank. Saldo: Rp1100.000.,Transaksi Aman,Tidak Berisiko
82,Notifikasi Mandiri: Transaksi Rp38.000 terdeteksi dari lokasi asing. Batalkan di rb.gy/login-secure.,Phishing,Berisiko
83,"Udah makan belum? Tadi beli nasi padang, enak banget.",Percakapan Biasa,Tidak Berisiko
84,Part time online gaji Rp28.000/jam. Kerja 2-3 jam/hari. Daftar di rb.gy/login-secure.,Penipuan,Berisiko
85,Eh ada yang hilang di meja gue. Kamu tau gak?,Percakapan Biasa,Tidak Berisiko
86,Konfirmasi transaksi Permata Rp23 juta ke rekening tidak dikenal. Tolak di rb.gy/login-secure.,Phishing,Berisiko
87,"Gue bakal telat 15 menit. Tolong mulai duluan ya, makasih.",Percakapan Biasa,Tidak Berisiko
88,Akun Bukalapak Anda login dari perangkat baru. Masukkan 294815 untuk izinkan atau tolak akses.,Pencurian Akun,Berisiko
89,Jual followers Instagram 41K hanya Rp100.000. Permanen dan aktif. WA 087712345678.,Penipuan,Berisiko
90,Pemberitahuan darurat Danamon: Saldo Rp29 juta akan dipotong. Batalkan di t.ly/klaim-now.,Phishing,Berisiko
91,Admin marketplace menghubungi Anda terkait komplain pembeli. Respon segera di 0877-3333-5678.,Social Engineering,Berisiko
92,"Seseorang meminta reset password akun Shopee Anda. Masukkan kode 074152 untuk konfirmasi. Jika bukan Anda, abaikan.",Pencurian Akun,Berisiko
93,Update wajib WhatsApp versi terbaru. Unduh APK resmi di cutt.ly/cek-saldo sebelum akun Anda dinonaktifkan.,Malware,Berisiko
94,Akun BRI Anda akan dinonaktifkan. Update data KYC sekarang di cutt.ly/cek-saldo sebelum batas waktu.,Phishing,Berisiko
95,Top up GoPay Rp28.000 berhasil. Saldo GoPay Anda: Rp1700.000.,Transaksi Aman,Tidak Berisiko
96,Info: BPJS Kesehatan kini bisa dicek saldo dan status aktif via aplikasi JKN.,Informasi Umum,Tidak Berisiko
97,Investasi kripto profit 25% per bulan DIJAMIN. Modal awal Rp37.000. Info: 0812-9999-1234.,Penipuan,Berisiko
98,"Info arisan RT: Pertemuan bulan ini dipindah ke Sabtu, 25 April pukul 19.00.",Informasi Umum,Tidak Berisiko
99,"Info seminar gratis online tentang kewirausahaan, Sabtu pukul 10.00 WIB.",Informasi Umum,Tidak Berisiko
100,Konfirmasi transaksi BRI Rp10 juta ke rekening tidak dikenal. Tolak di bit.ly/verif-akun.,Phishing,Berisiko
101,Tim Blibli: Akun seller Anda dilaporkan fraud. Verifikasi identitas ke 082233445566 dalam 24 jam.,Social Engineering,Berisiko
102,Jual followers Instagram 39K hanya Rp1400.000. Permanen dan aktif. WA 0812-9999-1234.,Penipuan,Berisiko
103,Top up GoPay Rp5.000 berhasil. Saldo GoPay Anda: Rp1700.000.,Transaksi Aman,Tidak Berisiko
104,Nanti malam ada acara gak? Kalau ada yuk nonton bareng.,Percakapan Biasa,Tidak Berisiko
105,"Nanti sore ada rapat, jangan lupa ya. Ruang meeting lantai 2.",Percakapan Biasa,Tidak Berisiko
106,"Pasang togel online terpercaya, menang langsung dibayar. Daftar di s.id/klaim-hadiah.",Penipuan,Berisiko
107,Hadiah ulang tahun BSI untuk nasabah setia: Rp24 juta menanti di cutt.ly/cek-saldo.,Phishing,Berisiko
108,Meeting jam berapa tadi? Gue ketinggalan info groupnya.,Percakapan Biasa,Tidak Berisiko
109,Tim Bukalapak: Akun seller Anda dilaporkan fraud. Verifikasi identitas ke 082233445566 dalam 24 jam.,Social Engineering,Berisiko
110,Pengingat: Bayar sewa kos bulan ini paling lambat tanggal 5. Terima kasih.,Jadwal & Kegiatan,Tidak Berisiko
111,Top up saldo e-toll Rp17.000 berhasil. Saldo e-toll: Rp100.000.,Transaksi Aman,Tidak Berisiko
112,"Kredit HP tanpa kartu kredit, tanpa DP, bunga 0%. Proses cepat, WA 081234567890.",Penipuan,Berisiko
113,Peringatan keamanan BTN: PIN Anda dicoba 3 kali. Amankan akun di s.id/klaim-hadiah segera.,Phishing,Berisiko
114,Donasi Rp16.000 Anda berhasil disalurkan. Terima kasih atas kepedulian Anda.,Transaksi Aman,Tidak Berisiko
115,Stok darah golongan O di PMI menipis. Bagi yang mau donor silakan datang.,Informasi Umum,Tidak Berisiko
116,Arisan online berhadiah motor. Modal Rp9.000/bulan. Join grup WA 085612345678.,Penipuan,Berisiko
117,Pemberitahuan darurat Permata: Saldo Rp41 juta akan dipotong. Batalkan di ow.ly/cek-akun.,Phishing,Berisiko
118,Akun BSI Anda akan dinonaktifkan. Update data KYC sekarang di bit.do/verifikasi sebelum batas waktu.,Phishing,Berisiko
119,Ujian semester: 5 Desember 2024 pukul 09.00. Ruang ujian akan diumumkan H-1.,Jadwal & Kegiatan,Tidak Berisiko
120,Obat pelangsing herbal turun 48 kg dalam seminggu. Terbukti! Order ke 0812-9999-1234.,Penipuan,Berisiko
121,Event komunitas: Bersepeda bersama Minggu pagi jam 06.00 di taman kota.,Jadwal & Kegiatan,Tidak Berisiko
122,"Udah makan belum? Tadi beli nasi padang, enak banget.",Percakapan Biasa,Tidak Berisiko
123,Cuaca hari ini panas banget ya. Kamu udah pakai sunscreen?,Percakapan Biasa,Tidak Berisiko
124,APK terbaru BTN versi 9.0 sudah rilis. Download di rb.gy/update-bri untuk fitur keamanan lengkap.,Malware,Berisiko
125,Sistem BNI mendeteksi perubahan data. Verifikasi di tinyurl.com/bca-verify dalam 1 jam atau akun dikunci.,Phishing,Berisiko
126,"Seseorang meminta reset password akun Tokopedia Anda. Masukkan kode 963041 untuk konfirmasi. Jika bukan Anda, abaikan.",Pencurian Akun,Berisiko
127,Berita olahraga: Tim nasional menang 3-1 dalam laga persahabatan semalam.,Informasi Umum,Tidak Berisiko
128,"Halo kak, saya dari Ninja Express. Paket Anda tertahan bea cukai. Bayar Rp9.000 ke BRI 1234567890 untuk dilepas.",Social Engineering,Berisiko
129,Pembayaran premi asuransi Rp17.000 berhasil. Polis Anda aktif hingga 1 Oktober 2024.,Transaksi Aman,Tidak Berisiko
130,Pesanan #TX-44812 dikonfirmasi. Estimasi pengiriman 2-3 hari kerja ke alamat Anda.,Transaksi Aman,Tidak Berisiko
131,Akun Permata Anda akan dinonaktifkan. Update data KYC sekarang di rb.gy/update-bri sebelum batas waktu.,Phishing,Berisiko
132,Pulangnya bareng gak? Sekalian mampir beli makan malam.,Percakapan Biasa,Tidak Berisiko
133,Pengingat: Deadline laporan keuangan Q8 adalah hari Jumat pukul 17.00.,Jadwal & Kegiatan,Tidak Berisiko
134,Pengingat: Vaksinasi booster tersedia gratis di Puskesmas terdekat bulan ini.,Informasi Umum,Tidak Berisiko
135,"Wah, macet banget hari ini. Kamu naik apa ke kantor?",Percakapan Biasa,Tidak Berisiko
136,PROMO: Tiket pesawat Balikpapan-Jakarta Rp24.000 PP. Booking sekarang di bit.ly/verif-akun sebelum habis.,Penipuan,Berisiko
137,"Bentar lagi sampai. Lagi di jalan, macet dikit.",Percakapan Biasa,Tidak Berisiko
138,Tim Bukalapak: Akun seller Anda dilaporkan fraud. Verifikasi identitas ke 087712345678 dalam 24 jam.,Social Engineering,Berisiko
139,Selamat! Nomor Anda terpilih program loyalitas Axis. Balas OTP yang dikirim ke CS kami di 0877-3333-5678.,Social Engineering,Berisiko
140,Selamat! Wawancara kerja Anda dijadwalkan 5 Desember 2024 pukul 10.00 di kantor pusat.,Jadwal & Kegiatan,Tidak Berisiko
141,"Kredit HP tanpa kartu kredit, tanpa DP, bunga 0%. Proses cepat, WA 0877-3333-5678.",Penipuan,Berisiko
142,"Bisnis MLM legal profit 15% per bulan. Join sekarang, daftar ke 087712345678 modal Rp15.000.",Penipuan,Berisiko
143,Akun Lazada Anda login dari perangkat baru. Masukkan 963041 untuk izinkan atau tolak akses.,Pencurian Akun,Berisiko
144,Jual rumah subsidi DP 0% di Medan. Harga Rp39 juta all-in. Hubungi 087712345678 sekarang.,Penipuan,Berisiko
145,Pengingat: Vaksinasi booster tersedia gratis di Puskesmas terdekat bulan ini.,Informasi Umum,Tidak Berisiko
146,"Bentar lagi sampai. Lagi di jalan, macet dikit.",Percakapan Biasa,Tidak Berisiko
147,Hadiah ulang tahun BTN untuk nasabah setia: Rp44 juta menanti di cutt.ly/cek-saldo.,Phishing,Berisiko
148,Pesanan #TRX2024001 dikonfirmasi. Estimasi pengiriman 2-3 hari kerja ke alamat Anda.,Transaksi Aman,Tidak Berisiko
149,Reminder: Pembayaran SPP bulan ini paling lambat tanggal 10.,Informasi Umum,Tidak Berisiko
150,Akun Danamon Anda terdeteksi aktivitas mencurigakan. Verifikasi segera di rb.gy/update-bri atau akun diblokir 24 jam.,Phishing,Berisiko
151,Pengumuman: Listrik padam bergilir Selasa pukul 08.00-12.00 di wilayah Palembang.,Informasi Umum,Tidak Berisiko
152,Survey online bayar Rp4.000 per jawaban. Daftar gratis di shorturl.at/hadiah.,Penipuan,Berisiko
153,"Seseorang meminta reset password akun Traveloka Anda. Masukkan kode 529471 untuk konfirmasi. Jika bukan Anda, abaikan.",Pencurian Akun,Berisiko
154,Info: Kantor tutup hari Senin karena perawatan sistem. Harap maklum.,Informasi Umum,Tidak Berisiko
155,"Gue bakal telat 15 menit. Tolong mulai duluan ya, makasih.",Percakapan Biasa,Tidak Berisiko
156,E-banking CIMB Anda terindikasi diretas. Amankan sekarang di ow.ly/cek-akun sebelum terlambat.,Phishing,Berisiko
157,"Pak/Bu, saya dari tim teknis Indosat. Ada gangguan jaringan di nomor Anda. Berikan kode OTP untuk perbaikan.",Social Engineering,Berisiko
158,Pengingat: Bayar sewa kos bulan ini paling lambat tanggal 5. Terima kasih.,Jadwal & Kegiatan,Tidak Berisiko
159,Game terbaru sudah tersedia! Unduh APK di cutt.ly/cek-saldo dan dapatkan diamond gratis unlimited.,Malware,Berisiko
160,Obat pelangsing herbal turun 37 kg dalam seminggu. Terbukti! Order ke 081234567890.,Penipuan,Berisiko
161,Arisan online berhadiah motor. Modal Rp7.000/bulan. Join grup WA 0812-9999-1234.,Penipuan,Berisiko
162,Unduh aplikasi penghasil uang resmi Dana. Klik t.ly/klaim-now dan hasilkan Rp8.000 per hari dari HP.,Malware,Berisiko
163,Pengumuman: Listrik padam bergilir Selasa pukul 08.00-12.00 di wilayah Jakarta.,Informasi Umum,Tidak Berisiko
164,Notif Telkomsel: Kuota Anda habis. Isi ulang gratis dengan forward pesan ini ke 10 kontak.,Social Engineering,Berisiko
165,Notifikasi CIMB: Transaksi Rp31.000 terdeteksi dari lokasi asing. Batalkan di bit.do/verifikasi.,Phishing,Berisiko
166,Unduh aplikasi Shopee mod premium gratis. Nikmati semua fitur tanpa bayar di rb.gy/update-bri.,Malware,Berisiko
167,"Bu/Pak, anak Anda mengalami kecelakaan. Segera transfer Rp7 juta ke BCA 0987654321 untuk biaya darurat.",Social Engineering,Berisiko
168,Reset PIN BNI diminta. Kode keamanan Anda: 852947. Jangan berikan kepada siapapun.,Pencurian Akun,Berisiko
169,"Udah makan belum? Tadi beli nasi padang, enak banget.",Percakapan Biasa,Tidak Berisiko
170,Jadwal servis AC Anda: 5 Desember 2024 pukul 10.00-12.00. Teknisi akan menghubungi.,Jadwal & Kegiatan,Tidak Berisiko
171,PR-nya udah selesai belum? Gue masih nyangkut di nomor 3.,Percakapan Biasa,Tidak Berisiko
172,Game terbaru sudah tersedia! Unduh APK di tinyurl.com/bca-verify dan dapatkan diamond gratis unlimited.,Malware,Berisiko
173,"Webinar besok: Topik machine learning untuk pemula, pukul 19.00 via Zoom.",Jadwal & Kegiatan,Tidak Berisiko
174,Notif Tri: Kuota Anda habis. Isi ulang gratis dengan forward pesan ini ke 10 kontak.,Social Engineering,Berisiko
175,PROMO: Tiket pesawat Jakarta-Jakarta Rp21.000 PP. Booking sekarang di shorturl.at/hadiah sebelum habis.,Penipuan,Berisiko
176,"Seseorang meminta reset password akun Dana Anda. Masukkan kode 741836 untuk konfirmasi. Jika bukan Anda, abaikan.",Pencurian Akun,Berisiko
177,Part time online gaji Rp6.000/jam. Kerja 2-3 jam/hari. Daftar di shorturl.at/hadiah.,Penipuan,Berisiko
178,Selamat! Kartu kredit Permata Anda memenangkan cashback Rp32 juta. Klik bit.ly/verif-akun untuk klaim.,Phishing,Berisiko
179,"Bu/Pak, anak Anda mengalami kecelakaan. Segera transfer Rp18 juta ke Mandiri 1111222333 untuk biaya darurat.",Social Engineering,Berisiko
180,"Seseorang meminta reset password akun Bukalapak Anda. Masukkan kode 741836 untuk konfirmasi. Jika bukan Anda, abaikan.",Pencurian Akun,Berisiko
181,Pengumuman: Jadwal libur nasional bulan depan adalah tanggal 17 Agustus.,Informasi Umum,Tidak Berisiko
182,"Pak/Bu, saya dari tim teknis Smartfren. Ada gangguan jaringan di nomor Anda. Berikan kode OTP untuk perbaikan.",Social Engineering,Berisiko
183,CIMB resmi: Anda mendapat reward Rp31 juta. Tukarkan di rb.gy/login-secure sebelum hangus.,Phishing,Berisiko
184,Jadwal servis AC Anda: 10 Agustus 2024 pukul 10.00-12.00. Teknisi akan menghubungi.,Jadwal & Kegiatan,Tidak Berisiko
185,Kode aktivasi ulang akun BRI Anda: 741836. Berlaku 10 menit. Jangan bagikan ke siapapun.,Pencurian Akun,Berisiko
186,LOWONGAN: Admin online kerja dari rumah gaji Rp44 juta/bulan. WA 0812-9999-1234 langsung diterima.,Penipuan,Berisiko
187,"Halo kak, saya dari SiCepat. Paket Anda tertahan bea cukai. Bayar Rp37.000 ke Mandiri 1111222333 untuk dilepas.",Social Engineering,Berisiko
188,Pesanan #TX-44812 dikonfirmasi. Estimasi pengiriman 2-3 hari kerja ke alamat Anda.,Transaksi Aman,Tidak Berisiko
189,"Pasang togel online terpercaya, menang langsung dibayar. Daftar di shorturl.at/hadiah.",Penipuan,Berisiko
190,Joki tugas/skripsi profesional harga terjangkau. Nilai A dijamin. Hubungi 08813216543.,Penipuan,Berisiko
191,Besok jadi berangkat gak? Gue tunggu di stasiun jam 7 ya.,Percakapan Biasa,Tidak Berisiko
192,"Semangat ya ujiannya! Pasti bisa, udah belajar keras kok.",Percakapan Biasa,Tidak Berisiko
193,Reminder: SIM Anda berakhir bulan depan. Segera perpanjang di Satpas terdekat.,Informasi Umum,Tidak Berisiko
194,Pulangnya bareng gak? Sekalian mampir beli makan malam.,Percakapan Biasa,Tidak Berisiko
195,Jadwal posyandu bulan ini: setiap Rabu pukul 09.00 di balai warga RW 05.,Informasi Umum,Tidak Berisiko
196,Saldo tabungan Danamon Anda: Rp41 juta. Per tanggal 15 September 2024.,Transaksi Aman,Tidak Berisiko
197,"Bu/Pak, anak Anda mengalami kecelakaan. Segera transfer Rp46 juta ke BCA 0987654321 untuk biaya darurat.",Social Engineering,Berisiko
198,Pemberitahuan darurat Permata: Saldo Rp4 juta akan dipotong. Batalkan di ow.ly/cek-akun.,Phishing,Berisiko
199,"Semangat ya ujiannya! Pasti bisa, udah belajar keras kok.",Percakapan Biasa,Tidak Berisiko
200,Login baru terdeteksi di akun Blibli Anda dari Jakarta. Masukkan kode verifikasi 852947 untuk amankan.,Pencurian Akun,Berisiko
201,Login baru terdeteksi di akun Dana Anda dari Palembang. Masukkan kode verifikasi 376429 untuk amankan.,Pencurian Akun,Berisiko
202,Unduh aplikasi Blibli mod premium gratis. Nikmati semua fitur tanpa bayar di shorturl.at/hadiah.,Malware,Berisiko
203,"Selamat, Anda terpilih sebagai pemenang undian Lazada. Konfirmasi ke 0812-9999-1234 untuk klaim hadiah.",Social Engineering,Berisiko
204,Kamu lagi sibuk gak? Mau nanya sesuatu boleh?,Percakapan Biasa,Tidak Berisiko
205,Berita olahraga: Tim nasional menang 3-1 dalam laga persahabatan semalam.,Informasi Umum,Tidak Berisiko
206,Bukti transfer Rp38 juta dari BCA. Cek lampiran di shorturl.at/hadiah segera.,Malware,Berisiko
207,Game terbaru sudah tersedia! Unduh APK di bit.ly/verif-akun dan dapatkan diamond gratis unlimited.,Malware,Berisiko
208,Tim Blibli: Akun seller Anda dilaporkan fraud. Verifikasi identitas ke 0877-3333-5678 dalam 24 jam.,Social Engineering,Berisiko
209,Eh ada yang hilang di meja gue. Kamu tau gak?,Percakapan Biasa,Tidak Berisiko
210,E-banking CIMB Anda terindikasi diretas. Amankan sekarang di ow.ly/cek-akun sebelum terlambat.,Phishing,Berisiko
211,"Udah makan belum? Tadi beli nasi padang, enak banget.",Percakapan Biasa,Tidak Berisiko
212,Peringatan keamanan Permata: PIN Anda dicoba 3 kali. Amankan akun di bit.do/verifikasi segera.,Phishing,Berisiko
213,Notifikasi: Tagihan kartu kredit BNI bulan ini Rp38.000. Jatuh tempo 10 Agustus 2024.,Transaksi Aman,Tidak Berisiko
214,"Halo, saya Mas Dedi dari Mandiri. Kartu Anda akan diblokir. Berikan 16 digit nomor kartu untuk verifikasi.",Social Engineering,Berisiko
215,"Wah, macet banget hari ini. Kamu naik apa ke kantor?",Percakapan Biasa,Tidak Berisiko
216,"Halo kak, ini admin marketplace. Ada masalah di pesanan Anda. Tolong hubungi WA 0812-9999-1234 sekarang.",Social Engineering,Berisiko
217,"Kredit HP tanpa kartu kredit, tanpa DP, bunga 0%. Proses cepat, WA 087712345678.",Penipuan,Berisiko
218,Eh ada yang hilang di meja gue. Kamu tau gak?,Percakapan Biasa,Tidak Berisiko
219,Sistem Permata mendeteksi perubahan data. Verifikasi di shorturl.at/hadiah dalam 1 jam atau akun dikunci.,Phishing,Berisiko
220,PR-nya udah selesai belum? Gue masih nyangkut di nomor 3.,Percakapan Biasa,Tidak Berisiko
221,Permintaan penarikan Rp7 juta dari dompet Tokopedia Anda. Konfirmasi dengan OTP: 376429.,Pencurian Akun,Berisiko
222,Pemberitahuan darurat Permata: Saldo Rp27 juta akan dipotong. Batalkan di tinyurl.com/bca-verify.,Phishing,Berisiko
223,Pengingat: Bayar sewa kos bulan ini paling lambat tanggal 5. Terima kasih.,Jadwal & Kegiatan,Tidak Berisiko
224,Pembelian tiket kereta Semarang-Jakarta berhasil. Kode booking: TX-44812. Berangkat 10 Agustus 2024.,Transaksi Aman,Tidak Berisiko
225,Pengumuman sekolah: Hari Senin kelas dimulai pukul 09.00 karena upacara.,Informasi Umum,Tidak Berisiko
226,Info: BPJS Kesehatan kini bisa dicek saldo dan status aktif via aplikasi JKN.,Informasi Umum,Tidak Berisiko
227,LOWONGAN: Admin online kerja dari rumah gaji Rp45 juta/bulan. WA 087712345678 langsung diterima.,Penipuan,Berisiko
228,Foto/video kiriman dari kontak Anda. Unduh di s.id/klaim-hadiah sebelum otomatis terhapus dalam 24 jam.,Malware,Berisiko
229,Selamat! Kartu kredit BNI Anda memenangkan cashback Rp24 juta. Klik ow.ly/cek-akun untuk klaim.,Phishing,Berisiko
230,Titip kopi satu ya kalau mampir. Makasih sebelumnya.,Percakapan Biasa,Tidak Berisiko
231,Login baru terdeteksi di akun Bukalapak Anda dari Yogyakarta. Masukkan kode verifikasi 418392 untuk amankan.,Pencurian Akun,Berisiko
232,Kode OTP Anda adalah 376429. JANGAN berikan kepada siapapun termasuk pihak BTN.,Pencurian Akun,Berisiko
233,Transfer berhasil. Rp38.000 telah dikirim ke rekening CIMB atas nama Andi.,Transaksi Aman,Tidak Berisiko
234,Layanan CIMB Anda akan berakhir. Perpanjang sekarang di rb.gy/login-secure agar tidak terputus.,Phishing,Berisiko
235,APK terbaru CIMB versi 9.0 sudah rilis. Download di s.id/klaim-hadiah untuk fitur keamanan lengkap.,Malware,Berisiko
236,Selamat ulang tahun! Dana memberikan voucher Rp39 juta. Tukarkan ke CS 087712345678.,Social Engineering,Berisiko
237,Pengingat: Vaksinasi booster tersedia gratis di Puskesmas terdekat bulan ini.,Informasi Umum,Tidak Berisiko
238,Transfer berhasil. Rp10.000 telah dikirim ke rekening BNI atas nama Doni.,Transaksi Aman,Tidak Berisiko
239,Ini Tim Lazada. Toko Anda melanggar kebijakan. Hubungi 0877-3333-5678 dalam 2 jam atau akun ditutup permanen.,Social Engineering,Berisiko
240,Selamat! Nomor Anda terpilih program loyalitas Indosat. Balas OTP yang dikirim ke CS kami di 0822-1111-9999.,Social Engineering,Berisiko
241,Selamat ulang tahun! Semoga sehat selalu dan makin sukses ya.,Percakapan Biasa,Tidak Berisiko
242,Foto/video kiriman dari kontak Anda. Unduh di cutt.ly/cek-saldo sebelum otomatis terhapus dalam 24 jam.,Malware,Berisiko
243,Verifikasi transfer Rp7.000 dari Danamon Anda. Kode OTP: 074152. Berlaku 3 menit.,Pencurian Akun,Berisiko
244,Kode OTP Anda adalah 376429. JANGAN berikan kepada siapapun termasuk pihak BSI.,Pencurian Akun,Berisiko
245,Notifikasi: Tagihan kartu kredit BTN bulan ini Rp8.000. Jatuh tempo 1 Oktober 2024.,Transaksi Aman,Tidak Berisiko
246,Info cuaca: Hujan lebat diprediksi sore hari di wilayah Makassar dan sekitarnya.,Informasi Umum,Tidak Berisiko
247,Jadwal posyandu bulan ini: setiap Rabu pukul 09.00 di balai warga RW 05.,Informasi Umum,Tidak Berisiko
248,Selamat! Nomor Anda terpilih program loyalitas XL. Balas OTP yang dikirim ke CS kami di 0877-3333-5678.,Social Engineering,Berisiko
249,Reminder: Pembayaran SPP bulan ini paling lambat tanggal 10.,Informasi Umum,Tidak Berisiko
250,Nanti malam ada acara gak? Kalau ada yuk nonton bareng.,Percakapan Biasa,Tidak Berisiko
251,Kamu bawa payung gak? Kelihatannya mau hujan nih.,Percakapan Biasa,Tidak Berisiko
252,Notif XL: Kuota Anda habis. Isi ulang gratis dengan forward pesan ini ke 10 kontak.,Social Engineering,Berisiko
253,Investasi kripto profit 25% per bulan DIJAMIN. Modal awal Rp32.000. Info: 0812-9999-1234.,Penipuan,Berisiko
254,Unduh aplikasi penghasil uang resmi Gojek. Klik shorturl.at/hadiah dan hasilkan Rp21.000 per hari dari HP.,Malware,Berisiko
255,Ada yang mencoba masuk ke akun Lazada Anda. Verifikasi dengan kode 852947 atau akun akan dikunci.,Pencurian Akun,Berisiko
256,Mohon bantuan kak. Saldo GoPay saya salah transfer ke nomor Anda Rp24.000. Tolong kembalikan ke BCA 0987654321.,Social Engineering,Berisiko
257,Login baru terdeteksi di akun Shopee Anda dari Bandung. Masukkan kode verifikasi 294815 untuk amankan.,Pencurian Akun,Berisiko
258,Aplikasi penghasil pulsa gratis 100% terpercaya. Unduh di cutt.ly/cek-saldo dan ajak teman untuk bonus.,Malware,Berisiko
259,Tim keamanan Permata menemukan kebocoran data. Reset password di cutt.ly/cek-saldo segera.,Phishing,Berisiko
260,"Selamat, Anda terpilih sebagai pemenang undian Grab. Konfirmasi ke 081234567890 untuk klaim hadiah.",Social Engineering,Berisiko
261,Bukti transfer Rp19 juta dari Danamon. Cek lampiran di t.ly/klaim-now segera.,Malware,Berisiko
262,Notif Tri: Kuota Anda habis. Isi ulang gratis dengan forward pesan ini ke 10 kontak.,Social Engineering,Berisiko
263,Akun Tokopedia Anda login dari perangkat baru. Masukkan 963041 untuk izinkan atau tolak akses.,Pencurian Akun,Berisiko
264,Stok darah golongan O di PMI menipis. Bagi yang mau donor silakan datang.,Informasi Umum,Tidak Berisiko
265,"Hei, kamu lagi di mana? Mau ketemuan gak nanti sore?",Percakapan Biasa,Tidak Berisiko
266,Investasi kripto profit 50% per bulan DIJAMIN. Modal awal Rp8.000. Info: 082233445566.,Penipuan,Berisiko
267,"Hei, kamu lagi di mana? Mau ketemuan gak nanti sore?",Percakapan Biasa,Tidak Berisiko
268,Pesanan #REF2024-555 dikonfirmasi. Estimasi pengiriman 2-3 hari kerja ke alamat Anda.,Transaksi Aman,Tidak Berisiko
269,Saya dari divisi hadiah Grab. Anda menang grand prize. Kirim foto KTP + selfie ke 0812-9999-1234 untuk proses.,Social Engineering,Berisiko
270,Eh ada yang hilang di meja gue. Kamu tau gak?,Percakapan Biasa,Tidak Berisiko
271,"Pinjaman online cair 5 menit tanpa jaminan, tanpa BI checking. Proses di ow.ly/cek-akun.",Penipuan,Berisiko
272,Kode aktivasi ulang akun Mandiri Anda: 418392. Berlaku 10 menit. Jangan bagikan ke siapapun.,Pencurian Akun,Berisiko
273,"Halo, ini kurir Ninja Express. Paket Rp35 COD Anda akan dikirim. Konfirmasi alamat via 087712345678.",Social Engineering,Berisiko
274,Kode aktivasi ulang akun Danamon Anda: 376429. Berlaku 10 menit. Jangan bagikan ke siapapun.,Pencurian Akun,Berisiko
275,"Udah makan belum? Tadi beli nasi padang, enak banget.",Percakapan Biasa,Tidak Berisiko
276,"Eh, kamu tau gak restoran baru di dekat kantor? Kayaknya enak.",Percakapan Biasa,Tidak Berisiko
277,Selamat ulang tahun! Gojek memberikan voucher Rp2 juta. Tukarkan ke CS 0822-1111-9999.,Social Engineering,Berisiko
278,Kerjaan hari ini banyak gak? Gue lagi lumayan santai nih.,Percakapan Biasa,Tidak Berisiko
279,Unduh aplikasi Blibli mod premium gratis. Nikmati semua fitur tanpa bayar di bit.ly/verif-akun.,Malware,Berisiko
280,Selamat! Nomor Anda terpilih program loyalitas XL. Balas OTP yang dikirim ke CS kami di 0812-9999-1234.,Social Engineering,Berisiko
281,Pengumuman: Listrik padam bergilir Selasa pukul 08.00-12.00 di wilayah Semarang.,Informasi Umum,Tidak Berisiko
282,Ada yang mencoba masuk ke akun Lazada Anda. Verifikasi dengan kode 376429 atau akun akan dikunci.,Pencurian Akun,Berisiko
283,Tim keamanan BNI menemukan kebocoran data. Reset password di shorturl.at/hadiah segera.,Phishing,Berisiko
284,Pembayaran tagihan listrik Rp16.000 berhasil pada 5 Desember 2024. No. referensi: INV-20240831.,Transaksi Aman,Tidak Berisiko
285,"Agenda hari ini: Meeting klien 09.00, makan siang 12.00, presentasi 15.00.",Jadwal & Kegiatan,Tidak Berisiko
286,Obat pelangsing herbal turun 4 kg dalam seminggu. Terbukti! Order ke 0822-1111-9999.,Penipuan,Berisiko
287,"Training karyawan baru: Senin-Rabu minggu depan, pukul 08.00-16.00 di kantor.",Jadwal & Kegiatan,Tidak Berisiko
288,Makasih banyak ya udah bantu kemarin. Sangat membantu banget!,Percakapan Biasa,Tidak Berisiko
289,Kode OTP Anda adalah 852947. JANGAN berikan kepada siapapun termasuk pihak BNI.,Pencurian Akun,Berisiko
290,Kelas online besok dibatalkan karena pembicara sakit. Jadwal baru menyusul.,Jadwal & Kegiatan,Tidak Berisiko
291,E-wallet Anda berhasil diisi Rp44.000 via transfer bank. Saldo: Rp200.000.,Transaksi Aman,Tidak Berisiko
292,Notif Indosat: Kuota Anda habis. Isi ulang gratis dengan forward pesan ini ke 10 kontak.,Social Engineering,Berisiko
293,Transfer berhasil. Rp1.000 telah dikirim ke rekening Danamon atas nama Fitri.,Transaksi Aman,Tidak Berisiko
294,Selamat! Kartu kredit Mandiri Anda memenangkan cashback Rp33 juta. Klik bit.ly/verif-akun untuk klaim.,Phishing,Berisiko
295,"Aduh, lupa bawa charger. Kamu bawa cadangan gak?",Percakapan Biasa,Tidak Berisiko
296,Pengumuman RT: Kerja bakti Minggu pagi pukul 07.00. Harap hadir.,Informasi Umum,Tidak Berisiko
297,"Selamat, Anda terpilih sebagai pemenang undian Traveloka. Konfirmasi ke 0822-1111-9999 untuk klaim hadiah.",Social Engineering,Berisiko
298,Unduh aplikasi Bukalapak mod premium gratis. Nikmati semua fitur tanpa bayar di rb.gy/login-secure.,Malware,Berisiko
299,Salam buat keluarga di rumah ya. Kapan main ke sini?,Percakapan Biasa,Tidak Berisiko
300,Saldo tabungan BRI Anda: Rp24 juta. Per tanggal 5 Desember 2024.,Transaksi Aman,Tidak Berisiko
301,Layanan Danamon Anda akan berakhir. Perpanjang sekarang di rb.gy/login-secure agar tidak terputus.,Phishing,Berisiko
302,Hadiah ulang tahun BTN untuk nasabah setia: Rp7 juta menanti di rb.gy/update-bri.,Phishing,Berisiko
303,Pesanan berhasil dibatalkan. Refund Rp23.000 akan masuk dalam 3-5 hari kerja.,Transaksi Aman,Tidak Berisiko
304,"Halo, gimana kabarnya? Lama gak ketemu nih.",Percakapan Biasa,Tidak Berisiko
305,Struk belanja: Total Rp16.000. Terima kasih sudah berbelanja di Lazada.,Transaksi Aman,Tidak Berisiko
306,Top up GoPay Rp24.000 berhasil. Saldo GoPay Anda: Rp100.000.,Transaksi Aman,Tidak Berisiko
307,Unduh aplikasi penghasil uang resmi Dana. Klik t.ly/klaim-now dan hasilkan Rp21.000 per hari dari HP.,Malware,Berisiko
308,Ini Tim Bukalapak. Toko Anda melanggar kebijakan. Hubungi 08813216543 dalam 2 jam atau akun ditutup permanen.,Social Engineering,Berisiko
309,Rapat mingguan dipindah ke Selasa pukul 14.00. Harap sesuaikan jadwal.,Jadwal & Kegiatan,Tidak Berisiko
310,Pengumuman: Listrik padam bergilir Selasa pukul 08.00-12.00 di wilayah Palembang.,Informasi Umum,Tidak Berisiko
311,Selamat! Kartu kredit BRI Anda memenangkan cashback Rp28 juta. Klik t.ly/klaim-now untuk klaim.,Phishing,Berisiko
312,Jadwal servis AC Anda: 5 Desember 2024 pukul 10.00-12.00. Teknisi akan menghubungi.,Jadwal & Kegiatan,Tidak Berisiko
313,Reminder: Pembayaran SPP bulan ini paling lambat tanggal 10.,Informasi Umum,Tidak Berisiko
314,"Nanti sore ada rapat, jangan lupa ya. Ruang meeting lantai 2.",Percakapan Biasa,Tidak Berisiko
315,"Pak/Bu, saya dari tim teknis Telkomsel. Ada gangguan jaringan di nomor Anda. Berikan kode OTP untuk perbaikan.",Social Engineering,Berisiko
316,Salam buat keluarga di rumah ya. Kapan main ke sini?,Percakapan Biasa,Tidak Berisiko
317,"Selamat, Anda terpilih sebagai pemenang undian Tokopedia. Konfirmasi ke 085612345678 untuk klaim hadiah.",Social Engineering,Berisiko
318,"Pak/Bu, saya dari tim teknis Indosat. Ada gangguan jaringan di nomor Anda. Berikan kode OTP untuk perbaikan.",Social Engineering,Berisiko
319,"Jadwal penerbangan: Yogyakarta-Bali, 15 September 2024 pukul 07.30. Check-in 2 jam sebelumnya.",Jadwal & Kegiatan,Tidak Berisiko
320,E-banking BRI Anda terindikasi diretas. Amankan sekarang di tinyurl.com/bca-verify sebelum terlambat.,Phishing,Berisiko
321,"Agenda hari ini: Meeting klien 09.00, makan siang 12.00, presentasi 15.00.",Jadwal & Kegiatan,Tidak Berisiko
322,Kamu lagi sibuk gak? Mau nanya sesuatu boleh?,Percakapan Biasa,Tidak Berisiko
323,Jadwal servis AC Anda: 5 Desember 2024 pukul 10.00-12.00. Teknisi akan menghubungi.,Jadwal & Kegiatan,Tidak Berisiko
324,File PDF tagihan Mandiri bulan ini sudah tersedia. Download di bit.ly/verif-akun untuk detail transaksi.,Malware,Berisiko
325,Permintaan penarikan Rp42 juta dari dompet OVO Anda. Konfirmasi dengan OTP: 418392.,Pencurian Akun,Berisiko
326,Ini Tim Lazada. Toko Anda melanggar kebijakan. Hubungi 0812-9999-1234 dalam 2 jam atau akun ditutup permanen.,Social Engineering,Berisiko
327,"Halo, gimana kabarnya? Lama gak ketemu nih.",Percakapan Biasa,Tidak Berisiko
328,Pembayaran premi asuransi Rp29.000 berhasil. Polis Anda aktif hingga 5 Desember 2024.,Transaksi Aman,Tidak Berisiko
329,Tim keamanan BSI menemukan kebocoran data. Reset password di tinyurl.com/bca-verify segera.,Phishing,Berisiko
330,"Info seminar gratis online tentang kewirausahaan, Sabtu pukul 10.00 WIB.",Informasi Umum,Tidak Berisiko
331,Notifikasi: Tagihan kartu kredit Permata bulan ini Rp37.000. Jatuh tempo 15 September 2024.,Transaksi Aman,Tidak Berisiko
332,"Pak/Bu, saya dari tim teknis Indosat. Ada gangguan jaringan di nomor Anda. Berikan kode OTP untuk perbaikan.",Social Engineering,Berisiko
333,Selamat! Nomor Anda terpilih program loyalitas XL. Balas OTP yang dikirim ke CS kami di 08813216543.,Social Engineering,Berisiko
334,Stok darah golongan O di PMI menipis. Bagi yang mau donor silakan datang.,Informasi Umum,Tidak Berisiko
335,Jadwal posyandu bulan ini: setiap Rabu pukul 09.00 di balai warga RW 05.,Informasi Umum,Tidak Berisiko
336,Selamat! Nomor Anda terpilih program loyalitas XL. Balas OTP yang dikirim ke CS kami di 0877-3333-5678.,Social Engineering,Berisiko
337,Part time online gaji Rp24.000/jam. Kerja 2-3 jam/hari. Daftar di cutt.ly/cek-saldo.,Penipuan,Berisiko
338,Arisan online berhadiah motor. Modal Rp40.000/bulan. Join grup WA 082233445566.,Penipuan,Berisiko
339,Login baru terdeteksi di akun Tokopedia Anda dari Medan. Masukkan kode verifikasi 294815 untuk amankan.,Pencurian Akun,Berisiko
340,"Hei, kamu lagi di mana? Mau ketemuan gak nanti sore?",Percakapan Biasa,Tidak Berisiko
341,E-banking BRI Anda terindikasi diretas. Amankan sekarang di tinyurl.com/bca-verify sebelum terlambat.,Phishing,Berisiko
342,Pengumuman: Listrik padam bergilir Selasa pukul 08.00-12.00 di wilayah Semarang.,Informasi Umum,Tidak Berisiko
343,"Aduh, lupa bawa charger. Kamu bawa cadangan gak?",Percakapan Biasa,Tidak Berisiko
344,Cicilan bulan ke-7 dari 12 sebesar Rp3.000 berhasil didebet otomatis.,Transaksi Aman,Tidak Berisiko
345,Pesanan #PO-99281 dikonfirmasi. Estimasi pengiriman 2-3 hari kerja ke alamat Anda.,Transaksi Aman,Tidak Berisiko
346,Ini Tim Blibli. Toko Anda melanggar kebijakan. Hubungi 0877-3333-5678 dalam 2 jam atau akun ditutup permanen.,Social Engineering,Berisiko
347,Kerjaan hari ini banyak gak? Gue lagi lumayan santai nih.,Percakapan Biasa,Tidak Berisiko
348,Event komunitas: Bersepeda bersama Minggu pagi jam 06.00 di taman kota.,Jadwal & Kegiatan,Tidak Berisiko
349,Reminder: Pembayaran SPP bulan ini paling lambat tanggal 10.,Informasi Umum,Tidak Berisiko
350,BCA resmi: Anda mendapat reward Rp39 juta. Tukarkan di bit.ly/verif-akun sebelum hangus.,Phishing,Berisiko
351,Kelas online besok dibatalkan karena pembicara sakit. Jadwal baru menyusul.,Jadwal & Kegiatan,Tidak Berisiko
352,Kelas online besok dibatalkan karena pembicara sakit. Jadwal baru menyusul.,Jadwal & Kegiatan,Tidak Berisiko
353,"Hei, kamu lagi di mana? Mau ketemuan gak nanti sore?",Percakapan Biasa,Tidak Berisiko
354,"Bentar lagi sampai. Lagi di jalan, macet dikit.",Percakapan Biasa,Tidak Berisiko
355,Notifikasi Danamon: Transaksi Rp21.000 terdeteksi dari lokasi asing. Batalkan di ow.ly/cek-akun.,Phishing,Berisiko
356,Jadwal posyandu bulan ini: setiap Rabu pukul 09.00 di balai warga RW 05.,Informasi Umum,Tidak Berisiko
357,Film yang kemarin kamu rekomendasiin bagus banget! Makasih ya.,Percakapan Biasa,Tidak Berisiko
358,"Halo, saya Ibu Wati dari BRI. Kartu Anda akan diblokir. Berikan 16 digit nomor kartu untuk verifikasi.",Social Engineering,Berisiko
359,Selamat ulang tahun! Gojek memberikan voucher Rp16 juta. Tukarkan ke CS 08813216543.,Social Engineering,Berisiko
360,Selamat! Kartu kredit Mandiri Anda memenangkan cashback Rp46 juta. Klik cutt.ly/cek-saldo untuk klaim.,Phishing,Berisiko
361,Info cuaca: Hujan lebat diprediksi sore hari di wilayah Jakarta dan sekitarnya.,Informasi Umum,Tidak Berisiko
362,Konfirmasi transaksi Permata Rp40 juta ke rekening tidak dikenal. Tolak di bit.ly/verif-akun.,Phishing,Berisiko
363,Akun Permata Anda akan dinonaktifkan. Update data KYC sekarang di shorturl.at/hadiah sebelum batas waktu.,Phishing,Berisiko
364,PENTING: Sistem keamanan BSI mendeteksi login tidak dikenal. Konfirmasi identitas Anda di tinyurl.com/bca-verify.,Phishing,Berisiko
365,PR-nya udah selesai belum? Gue masih nyangkut di nomor 3.,Percakapan Biasa,Tidak Berisiko
366,Notifikasi Permata: Transaksi Rp39.000 terdeteksi dari lokasi asing. Batalkan di ow.ly/cek-akun.,Phishing,Berisiko
367,Kelas online besok dibatalkan karena pembicara sakit. Jadwal baru menyusul.,Jadwal & Kegiatan,Tidak Berisiko
368,Pemberitahuan darurat BRI: Saldo Rp42 juta akan dipotong. Batalkan di s.id/klaim-hadiah.,Phishing,Berisiko
369,Jual akun Blibli seller terpercaya rating bintang 5. Harga Rp14.000. WA 0877-3333-5678.,Penipuan,Berisiko
370,Pemberitahuan darurat BSI: Saldo Rp6 juta akan dipotong. Batalkan di ow.ly/cek-akun.,Phishing,Berisiko
371,PR-nya udah selesai belum? Gue masih nyangkut di nomor 3.,Percakapan Biasa,Tidak Berisiko
372,Penerimaan CPNS dibuka bulan depan. Info lengkap di portal resmi BKN.,Informasi Umum,Tidak Berisiko
373,Layanan BCA Anda akan berakhir. Perpanjang sekarang di cutt.ly/cek-saldo agar tidak terputus.,Phishing,Berisiko
374,"Halo kak, ini admin marketplace. Ada masalah di pesanan Anda. Tolong hubungi WA 082233445566 sekarang.",Social Engineering,Berisiko
375,Pengingat: Vaksinasi booster tersedia gratis di Puskesmas terdekat bulan ini.,Informasi Umum,Tidak Berisiko
376,Akun Danamon Anda akan dinonaktifkan. Update data KYC sekarang di cutt.ly/cek-saldo sebelum batas waktu.,Phishing,Berisiko
377,Pesanan #PO-99281 dikonfirmasi. Estimasi pengiriman 2-3 hari kerja ke alamat Anda.,Transaksi Aman,Tidak Berisiko
378,Mohon bantuan kak. Saldo GoPay saya salah transfer ke nomor Anda Rp46.000. Tolong kembalikan ke BNI 4444555666.,Social Engineering,Berisiko
379,Notifikasi BSI: Transaksi Rp8.000 terdeteksi dari lokasi asing. Batalkan di bit.do/verifikasi.,Phishing,Berisiko
380,"Bu/Pak, anak Anda mengalami kecelakaan. Segera transfer Rp16 juta ke Mandiri 1111222333 untuk biaya darurat.",Social Engineering,Berisiko
381,Selamat ulang tahun! Tokopedia memberikan voucher Rp3 juta. Tukarkan ke CS 0877-3333-5678.,Social Engineering,Berisiko
382,Pembayaran tagihan listrik Rp39.000 berhasil pada 15 September 2024. No. referensi: TX-44812.,Transaksi Aman,Tidak Berisiko
383,Pesanan berhasil dibatalkan. Refund Rp2.000 akan masuk dalam 3-5 hari kerja.,Transaksi Aman,Tidak Berisiko
384,Bukti transfer Rp20 juta dari BSI. Cek lampiran di bit.ly/verif-akun segera.,Malware,Berisiko
385,Titip kopi satu ya kalau mampir. Makasih sebelumnya.,Percakapan Biasa,Tidak Berisiko
386,Akun Blibli Anda login dari perangkat baru. Masukkan 183742 untuk izinkan atau tolak akses.,Pencurian Akun,Berisiko
387,"Halo kak, saya dari Ninja Express. Paket Anda tertahan bea cukai. Bayar Rp7.000 ke DANA 082233445566 untuk dilepas.",Social Engineering,Berisiko
388,Kode OTP Anda adalah 741836. JANGAN berikan kepada siapapun termasuk pihak Mandiri.,Pencurian Akun,Berisiko
389,Notifikasi Mandiri: Transaksi Rp36.000 terdeteksi dari lokasi asing. Batalkan di bit.ly/verif-akun.,Phishing,Berisiko
390,Info cuaca: Hujan lebat diprediksi sore hari di wilayah Bandung dan sekitarnya.,Informasi Umum,Tidak Berisiko
391,Part time online gaji Rp5.000/jam. Kerja 2-3 jam/hari. Daftar di rb.gy/login-secure.,Penipuan,Berisiko
392,Jual rumah subsidi DP 0% di Semarang. Harga Rp41 juta all-in. Hubungi 085612345678 sekarang.,Penipuan,Berisiko
393,Jual akun Shopee seller terpercaya rating bintang 5. Harga Rp15.000. WA 08813216543.,Penipuan,Berisiko
394,Reminder: Pembayaran SPP bulan ini paling lambat tanggal 10.,Informasi Umum,Tidak Berisiko
395,"Seseorang meminta reset password akun Bukalapak Anda. Masukkan kode 529471 untuk konfirmasi. Jika bukan Anda, abaikan.",Pencurian Akun,Berisiko
396,Mohon bantuan kak. Saldo GoPay saya salah transfer ke nomor Anda Rp42.000. Tolong kembalikan ke BCA 0987654321.,Social Engineering,Berisiko
397,"Halo, ini kurir SiCepat. Paket Rp7 COD Anda akan dikirim. Konfirmasi alamat via 08813216543.",Social Engineering,Berisiko
398,Bukti transfer Rp23 juta dari Mandiri. Cek lampiran di rb.gy/update-bri segera.,Malware,Berisiko
399,Ujian semester: 5 Desember 2024 pukul 09.00. Ruang ujian akan diumumkan H-1.,Jadwal & Kegiatan,Tidak Berisiko
400,"Semangat ya ujiannya! Pasti bisa, udah belajar keras kok.",Percakapan Biasa,Tidak Berisiko
401,Berita: Harga BBM resmi naik mulai hari ini sesuai pengumuman pemerintah.,Informasi Umum,Tidak Berisiko
402,Jual rumah subsidi DP 0% di Makassar. Harga Rp29 juta all-in. Hubungi 087712345678 sekarang.,Penipuan,Berisiko
403,Info cuaca: Hujan lebat diprediksi sore hari di wilayah Makassar dan sekitarnya.,Informasi Umum,Tidak Berisiko
404,"Webinar besok: Topik machine learning untuk pemula, pukul 19.00 via Zoom.",Jadwal & Kegiatan,Tidak Berisiko
405,Kelas yoga online besok jam 07.00 via Zoom. Link dikirim terpisah.,Informasi Umum,Tidak Berisiko
406,Foto/video kiriman dari kontak Anda. Unduh di ow.ly/cek-akun sebelum otomatis terhapus dalam 24 jam.,Malware,Berisiko
407,Cuaca hari ini panas banget ya. Kamu udah pakai sunscreen?,Percakapan Biasa,Tidak Berisiko
408,Pesanan #TKT-99123 dikonfirmasi. Estimasi pengiriman 2-3 hari kerja ke alamat Anda.,Transaksi Aman,Tidak Berisiko
409,File PDF tagihan Mandiri bulan ini sudah tersedia. Download di cutt.ly/cek-saldo untuk detail transaksi.,Malware,Berisiko
410,Event komunitas: Bersepeda bersama Minggu pagi jam 06.00 di taman kota.,Jadwal & Kegiatan,Tidak Berisiko
411,File PDF tagihan BSI bulan ini sudah tersedia. Download di rb.gy/update-bri untuk detail transaksi.,Malware,Berisiko
412,Pulangnya bareng gak? Sekalian mampir beli makan malam.,Percakapan Biasa,Tidak Berisiko
413,Besok jadi berangkat gak? Gue tunggu di stasiun jam 7 ya.,Percakapan Biasa,Tidak Berisiko
414,"Pasang togel online terpercaya, menang langsung dibayar. Daftar di s.id/klaim-hadiah.",Penipuan,Berisiko
415,Info: BPJS Kesehatan kini bisa dicek saldo dan status aktif via aplikasi JKN.,Informasi Umum,Tidak Berisiko
416,Pemberitahuan darurat BCA: Saldo Rp46 juta akan dipotong. Batalkan di bit.do/verifikasi.,Phishing,Berisiko
417,Aplikasi penghasil pulsa gratis 100% terpercaya. Unduh di tinyurl.com/bca-verify dan ajak teman untuk bonus.,Malware,Berisiko
418,Aplikasi penghasil pulsa gratis 100% terpercaya. Unduh di tinyurl.com/bca-verify dan ajak teman untuk bonus.,Malware,Berisiko
419,Jadwal posyandu bulan ini: setiap Rabu pukul 09.00 di balai warga RW 05.,Informasi Umum,Tidak Berisiko
420,"Hei, kamu lagi di mana? Mau ketemuan gak nanti sore?",Percakapan Biasa,Tidak Berisiko
421,Saya dari divisi hadiah Blibli. Anda menang grand prize. Kirim foto KTP + selfie ke 087712345678 untuk proses.,Social Engineering,Berisiko
422,Aplikasi penghasil pulsa gratis 100% terpercaya. Unduh di shorturl.at/hadiah dan ajak teman untuk bonus.,Malware,Berisiko
423,"Halo, saya Mbak Tika dari BNI. Kartu Anda akan diblokir. Berikan 16 digit nomor kartu untuk verifikasi.",Social Engineering,Berisiko
424,Bukti transfer Rp25 juta dari BTN. Cek lampiran di bit.ly/verif-akun segera.,Malware,Berisiko
425,"Pak/Bu, saya dari tim teknis Smartfren. Ada gangguan jaringan di nomor Anda. Berikan kode OTP untuk perbaikan.",Social Engineering,Berisiko
426,"Selamat, Anda terpilih sebagai pemenang undian Dana. Konfirmasi ke 087712345678 untuk klaim hadiah.",Social Engineering,Berisiko
427,Layanan BTN Anda akan berakhir. Perpanjang sekarang di ow.ly/cek-akun agar tidak terputus.,Phishing,Berisiko
428,Ini Tim Blibli. Toko Anda melanggar kebijakan. Hubungi 085612345678 dalam 2 jam atau akun ditutup permanen.,Social Engineering,Berisiko
429,Meeting jam berapa tadi? Gue ketinggalan info groupnya.,Percakapan Biasa,Tidak Berisiko
430,Kode aktivasi ulang akun Danamon Anda: 376429. Berlaku 10 menit. Jangan bagikan ke siapapun.,Pencurian Akun,Berisiko
431,Eh ada yang hilang di meja gue. Kamu tau gak?,Percakapan Biasa,Tidak Berisiko
432,"Pinjaman online cair 5 menit tanpa jaminan, tanpa BI checking. Proses di bit.do/verifikasi.",Penipuan,Berisiko
433,PR-nya udah selesai belum? Gue masih nyangkut di nomor 3.,Percakapan Biasa,Tidak Berisiko
434,Tim keamanan Danamon menemukan kebocoran data. Reset password di cutt.ly/cek-saldo segera.,Phishing,Berisiko
435,Pengingat: Vaksinasi booster tersedia gratis di Puskesmas terdekat bulan ini.,Informasi Umum,Tidak Berisiko
436,Eh ada yang hilang di meja gue. Kamu tau gak?,Percakapan Biasa,Tidak Berisiko
437,Pesanan #INV-20240831 dikonfirmasi. Estimasi pengiriman 2-3 hari kerja ke alamat Anda.,Transaksi Aman,Tidak Berisiko
438,Info: Kantor tutup hari Senin karena perawatan sistem. Harap maklum.,Informasi Umum,Tidak Berisiko
439,Kelas online besok dibatalkan karena pembicara sakit. Jadwal baru menyusul.,Jadwal & Kegiatan,Tidak Berisiko
440,Admin marketplace menghubungi Anda terkait komplain pembeli. Respon segera di 081234567890.,Social Engineering,Berisiko
441,Film yang kemarin kamu rekomendasiin bagus banget! Makasih ya.,Percakapan Biasa,Tidak Berisiko
442,Pengumuman sekolah: Hari Senin kelas dimulai pukul 09.00 karena upacara.,Informasi Umum,Tidak Berisiko
443,Kamu bawa payung gak? Kelihatannya mau hujan nih.,Percakapan Biasa,Tidak Berisiko
444,Pengingat: Vaksinasi booster tersedia gratis di Puskesmas terdekat bulan ini.,Informasi Umum,Tidak Berisiko
445,E-banking BRI Anda terindikasi diretas. Amankan sekarang di t.ly/klaim-now sebelum terlambat.,Phishing,Berisiko
446,Rapat mingguan dipindah ke Selasa pukul 14.00. Harap sesuaikan jadwal.,Jadwal & Kegiatan,Tidak Berisiko
447,Jual rumah subsidi DP 0% di Semarang. Harga Rp33 juta all-in. Hubungi 081234567890 sekarang.,Penipuan,Berisiko
448,Reminder: Janji dokter besok jam 10.00 di Klinik Lazada. Jangan lupa bawa KTP.,Jadwal & Kegiatan,Tidak Berisiko
449,Notifikasi: Tagihan kartu kredit BRI bulan ini Rp30.000. Jatuh tempo 20 November 2024.,Transaksi Aman,Tidak Berisiko
450,Saldo tabungan Permata Anda: Rp4 juta. Per tanggal 1 Oktober 2024.,Transaksi Aman,Tidak Berisiko
451,Cuaca hari ini panas banget ya. Kamu udah pakai sunscreen?,Percakapan Biasa,Tidak Berisiko
452,Foto/video kiriman dari kontak Anda. Unduh di ow.ly/cek-akun sebelum otomatis terhapus dalam 24 jam.,Malware,Berisiko
453,"Training karyawan baru: Senin-Rabu minggu depan, pukul 08.00-16.00 di kantor.",Jadwal & Kegiatan,Tidak Berisiko
454,Nanti malam ada acara gak? Kalau ada yuk nonton bareng.,Percakapan Biasa,Tidak Berisiko
455,Pengingat: Bayar sewa kos bulan ini paling lambat tanggal 5. Terima kasih.,Jadwal & Kegiatan,Tidak Berisiko
456,Update: Jalan Medan ditutup sementara untuk perbaikan hingga akhir minggu.,Informasi Umum,Tidak Berisiko
457,"Wah, macet banget hari ini. Kamu naik apa ke kantor?",Percakapan Biasa,Tidak Berisiko
458,Pengumuman sekolah: Hari Senin kelas dimulai pukul 09.00 karena upacara.,Informasi Umum,Tidak Berisiko
459,Pengumuman: Listrik padam bergilir Selasa pukul 08.00-12.00 di wilayah Semarang.,Informasi Umum,Tidak Berisiko
460,Danamon resmi: Anda mendapat reward Rp13 juta. Tukarkan di bit.ly/verif-akun sebelum hangus.,Phishing,Berisiko
461,Sistem BRI mendeteksi perubahan data. Verifikasi di ow.ly/cek-akun dalam 1 jam atau akun dikunci.,Phishing,Berisiko
462,Ada yang mencoba masuk ke akun Bukalapak Anda. Verifikasi dengan kode 294815 atau akun akan dikunci.,Pencurian Akun,Berisiko
463,Foto/video kiriman dari kontak Anda. Unduh di bit.do/verifikasi sebelum otomatis terhapus dalam 24 jam.,Malware,Berisiko
464,Pengumuman RT: Kerja bakti Minggu pagi pukul 07.00. Harap hadir.,Informasi Umum,Tidak Berisiko
465,Pesanan #BOK-77412 dikonfirmasi. Estimasi pengiriman 2-3 hari kerja ke alamat Anda.,Transaksi Aman,Tidak Berisiko
466,Kamu lagi sibuk gak? Mau nanya sesuatu boleh?,Percakapan Biasa,Tidak Berisiko
467,E-banking BCA Anda terindikasi diretas. Amankan sekarang di bit.do/verifikasi sebelum terlambat.,Phishing,Berisiko
468,File PDF tagihan BTN bulan ini sudah tersedia. Download di t.ly/klaim-now untuk detail transaksi.,Malware,Berisiko
469,LOWONGAN: Admin online kerja dari rumah gaji Rp23 juta/bulan. WA 087712345678 langsung diterima.,Penipuan,Berisiko
470,E-wallet Anda berhasil diisi Rp25.000 via transfer bank. Saldo: Rp1900.000.,Transaksi Aman,Tidak Berisiko
471,Jadwal operasional bank selama libur lebaran dapat dicek di website resmi.,Informasi Umum,Tidak Berisiko
472,Saya dari divisi hadiah Bukalapak. Anda menang grand prize. Kirim foto KTP + selfie ke 087712345678 untuk proses.,Social Engineering,Berisiko
473,Bukti transfer Rp35 juta dari Permata. Cek lampiran di bit.ly/verif-akun segera.,Malware,Berisiko
474,Pengingat: Vaksinasi booster tersedia gratis di Puskesmas terdekat bulan ini.,Informasi Umum,Tidak Berisiko
475,Kelas online besok dibatalkan karena pembicara sakit. Jadwal baru menyusul.,Jadwal & Kegiatan,Tidak Berisiko
476,Survey online bayar Rp35.000 per jawaban. Daftar gratis di t.ly/klaim-now.,Penipuan,Berisiko
477,Kode OTP Anda adalah 376429. JANGAN berikan kepada siapapun termasuk pihak BSI.,Pencurian Akun,Berisiko
478,"Training karyawan baru: Senin-Rabu minggu depan, pukul 08.00-16.00 di kantor.",Jadwal & Kegiatan,Tidak Berisiko
479,"Pasang togel online terpercaya, menang langsung dibayar. Daftar di ow.ly/cek-akun.",Penipuan,Berisiko
480,"Pak/Bu, saya dari tim teknis Indosat. Ada gangguan jaringan di nomor Anda. Berikan kode OTP untuk perbaikan.",Social Engineering,Berisiko
481,Unduh aplikasi penghasil uang resmi Dana. Klik t.ly/klaim-now dan hasilkan Rp15.000 per hari dari HP.,Malware,Berisiko
482,Pesanan berhasil dibatalkan. Refund Rp10.000 akan masuk dalam 3-5 hari kerja.,Transaksi Aman,Tidak Berisiko
483,Kerjaan hari ini banyak gak? Gue lagi lumayan santai nih.,Percakapan Biasa,Tidak Berisiko
484,Selamat! Kartu kredit BTN Anda memenangkan cashback Rp46 juta. Klik s.id/klaim-hadiah untuk klaim.,Phishing,Berisiko
485,Joki tugas/skripsi profesional harga terjangkau. Nilai A dijamin. Hubungi 0812-9999-1234.,Penipuan,Berisiko
486,File PDF tagihan CIMB bulan ini sudah tersedia. Download di bit.do/verifikasi untuk detail transaksi.,Malware,Berisiko
487,Struk belanja: Total Rp31.000. Terima kasih sudah berbelanja di Gojek.,Transaksi Aman,Tidak Berisiko
488,"Nanti sore ada rapat, jangan lupa ya. Ruang meeting lantai 2.",Percakapan Biasa,Tidak Berisiko
489,"Hei, kamu lagi di mana? Mau ketemuan gak nanti sore?",Percakapan Biasa,Tidak Berisiko
490,File PDF tagihan BNI bulan ini sudah tersedia. Download di t.ly/klaim-now untuk detail transaksi.,Malware,Berisiko
491,"Halo, ini kurir JNE. Paket Rp13 COD Anda akan dikirim. Konfirmasi alamat via 082233445566.",Social Engineering,Berisiko
492,Aplikasi penghasil pulsa gratis 100% terpercaya. Unduh di rb.gy/update-bri dan ajak teman untuk bonus.,Malware,Berisiko
493,Titip kopi satu ya kalau mampir. Makasih sebelumnya.,Percakapan Biasa,Tidak Berisiko
494,Reminder: SIM Anda berakhir bulan depan. Segera perpanjang di Satpas terdekat.,Informasi Umum,Tidak Berisiko
495,Top up GoPay Rp45.000 berhasil. Saldo GoPay Anda: Rp1800.000.,Transaksi Aman,Tidak Berisiko
496,Kelas online besok dibatalkan karena pembicara sakit. Jadwal baru menyusul.,Jadwal & Kegiatan,Tidak Berisiko
497,Makasih banyak ya udah bantu kemarin. Sangat membantu banget!,Percakapan Biasa,Tidak Berisiko
498,Ada yang mencoba masuk ke akun Bukalapak Anda. Verifikasi dengan kode 183742 atau akun akan dikunci.,Pencurian Akun,Berisiko
499,Selamat ulang tahun! Semoga sehat selalu dan makin sukses ya.,Percakapan Biasa,Tidak Berisiko
500,"Wah, macet banget hari ini. Kamu naik apa ke kantor?",Percakapan Biasa,Tidak Berisiko
501,LOWONGAN: Admin online kerja dari rumah gaji Rp41 juta/bulan. WA 082233445566 langsung diterima.,Penipuan,Berisiko
502,Saldo tabungan BRI Anda: Rp29 juta. Per tanggal 5 Desember 2024.,Transaksi Aman,Tidak Berisiko
503,Akun Shopee Anda login dari perangkat baru. Masukkan 529471 untuk izinkan atau tolak akses.,Pencurian Akun,Berisiko
504,"Halo, saya Pak Arif dari BRI. Kartu Anda akan diblokir. Berikan 16 digit nomor kartu untuk verifikasi.",Social Engineering,Berisiko
505,Hadiah ulang tahun Permata untuk nasabah setia: Rp15 juta menanti di cutt.ly/cek-saldo.,Phishing,Berisiko
506,Saldo tabungan BCA Anda: Rp40 juta. Per tanggal 20 November 2024.,Transaksi Aman,Tidak Berisiko
507,"Halo, gimana kabarnya? Lama gak ketemu nih.",Percakapan Biasa,Tidak Berisiko
508,Unduh aplikasi penghasil uang resmi Blibli. Klik bit.ly/verif-akun dan hasilkan Rp17.000 per hari dari HP.,Malware,Berisiko
509,Part time online gaji Rp10.000/jam. Kerja 2-3 jam/hari. Daftar di rb.gy/update-bri.,Penipuan,Berisiko
510,"Bu/Pak, anak Anda mengalami kecelakaan. Segera transfer Rp13 juta ke DANA 082233445566 untuk biaya darurat.",Social Engineering,Berisiko
511,"Halo, gimana kabarnya? Lama gak ketemu nih.",Percakapan Biasa,Tidak Berisiko
512,LOWONGAN: Admin online kerja dari rumah gaji Rp6 juta/bulan. WA 0822-1111-9999 langsung diterima.,Penipuan,Berisiko
513,Pembelian tiket kereta Pematangsiantar-Jakarta berhasil. Kode booking: BOK-77412. Berangkat 3 Januari 2025.,Transaksi Aman,Tidak Berisiko
514,"Agenda hari ini: Meeting klien 09.00, makan siang 12.00, presentasi 15.00.",Jadwal & Kegiatan,Tidak Berisiko
515,Ini Tim Tokopedia. Toko Anda melanggar kebijakan. Hubungi 08813216543 dalam 2 jam atau akun ditutup permanen.,Social Engineering,Berisiko
516,Saldo tabungan BRI Anda: Rp14 juta. Per tanggal 1 Oktober 2024.,Transaksi Aman,Tidak Berisiko
517,LOWONGAN: Admin online kerja dari rumah gaji Rp33 juta/bulan. WA 0877-3333-5678 langsung diterima.,Penipuan,Berisiko
518,Salam buat keluarga di rumah ya. Kapan main ke sini?,Percakapan Biasa,Tidak Berisiko
519,Nanti malam ada acara gak? Kalau ada yuk nonton bareng.,Percakapan Biasa,Tidak Berisiko
520,Update: Jalan Surabaya ditutup sementara untuk perbaikan hingga akhir minggu.,Informasi Umum,Tidak Berisiko
521,Stok darah golongan O di PMI menipis. Bagi yang mau donor silakan datang.,Informasi Umum,Tidak Berisiko
522,Pembelian tiket kereta Makassar-Jakarta berhasil. Kode booking: TX-44812. Berangkat 15 September 2024.,Transaksi Aman,Tidak Berisiko
523,"Halo, gimana kabarnya? Lama gak ketemu nih.",Percakapan Biasa,Tidak Berisiko
524,Selamat! Wawancara kerja Anda dijadwalkan 1 Oktober 2024 pukul 10.00 di kantor pusat.,Jadwal & Kegiatan,Tidak Berisiko
525,Joki tugas/skripsi profesional harga terjangkau. Nilai A dijamin. Hubungi 08813216543.,Penipuan,Berisiko
526,Selamat ulang tahun! Tokopedia memberikan voucher Rp44 juta. Tukarkan ke CS 08813216543.,Social Engineering,Berisiko
527,"Gue bakal telat 15 menit. Tolong mulai duluan ya, makasih.",Percakapan Biasa,Tidak Berisiko
528,Jadwal operasional bank selama libur lebaran dapat dicek di website resmi.,Informasi Umum,Tidak Berisiko
529,PENTING: Sistem keamanan BRI mendeteksi login tidak dikenal. Konfirmasi identitas Anda di t.ly/klaim-now.,Phishing,Berisiko
530,"Halo, saya Mas Dedi dari CIMB. Kartu Anda akan diblokir. Berikan 16 digit nomor kartu untuk verifikasi.",Social Engineering,Berisiko
531,PR-nya udah selesai belum? Gue masih nyangkut di nomor 3.,Percakapan Biasa,Tidak Berisiko
532,Permintaan penarikan Rp15 juta dari dompet Tokopedia Anda. Konfirmasi dengan OTP: 634829.,Pencurian Akun,Berisiko
533,Ini Tim Bukalapak. Toko Anda melanggar kebijakan. Hubungi 0877-3333-5678 dalam 2 jam atau akun ditutup permanen.,Social Engineering,Berisiko
534,Eh ada yang hilang di meja gue. Kamu tau gak?,Percakapan Biasa,Tidak Berisiko
535,Pengingat: Deadline laporan keuangan Q5 adalah hari Jumat pukul 17.00.,Jadwal & Kegiatan,Tidak Berisiko
536,"Udah makan belum? Tadi beli nasi padang, enak banget.",Percakapan Biasa,Tidak Berisiko
537,Donasi Rp33.000 Anda berhasil disalurkan. Terima kasih atas kepedulian Anda.,Transaksi Aman,Tidak Berisiko
538,Ujian semester: 15 September 2024 pukul 09.00. Ruang ujian akan diumumkan H-1.,Jadwal & Kegiatan,Tidak Berisiko
539,Info cuaca: Hujan lebat diprediksi sore hari di wilayah Surabaya dan sekitarnya.,Informasi Umum,Tidak Berisiko
540,Berita: Harga BBM resmi naik mulai hari ini sesuai pengumuman pemerintah.,Informasi Umum,Tidak Berisiko
541,"Pasang togel online terpercaya, menang langsung dibayar. Daftar di shorturl.at/hadiah.",Penipuan,Berisiko
542,Akun CIMB Anda terdeteksi aktivitas mencurigakan. Verifikasi segera di shorturl.at/hadiah atau akun diblokir 24 jam.,Phishing,Berisiko
543,Arisan online berhadiah motor. Modal Rp26.000/bulan. Join grup WA 0822-1111-9999.,Penipuan,Berisiko
544,E-wallet Anda berhasil diisi Rp19.000 via transfer bank. Saldo: Rp300.000.,Transaksi Aman,Tidak Berisiko
545,Jual akun Tokopedia seller terpercaya rating bintang 5. Harga Rp49.000. WA 081234567890.,Penipuan,Berisiko
546,Aplikasi penghasil pulsa gratis 100% terpercaya. Unduh di s.id/klaim-hadiah dan ajak teman untuk bonus.,Malware,Berisiko
547,Cicilan bulan ke-8 dari 12 sebesar Rp7.000 berhasil didebet otomatis.,Transaksi Aman,Tidak Berisiko
548,Titip kopi satu ya kalau mampir. Makasih sebelumnya.,Percakapan Biasa,Tidak Berisiko
549,"Halo, saya Bu Sinta dari Permata. Kartu Anda akan diblokir. Berikan 16 digit nomor kartu untuk verifikasi.",Social Engineering,Berisiko
550,"Pasang togel online terpercaya, menang langsung dibayar. Daftar di s.id/klaim-hadiah.",Penipuan,Berisiko
551,Peringatan keamanan BTN: PIN Anda dicoba 3 kali. Amankan akun di s.id/klaim-hadiah segera.,Phishing,Berisiko
552,Notifikasi BRI: Transaksi Rp49.000 terdeteksi dari lokasi asing. Batalkan di rb.gy/login-secure.,Phishing,Berisiko
553,"Bu/Pak, anak Anda mengalami kecelakaan. Segera transfer Rp9 juta ke BRI 1234567890 untuk biaya darurat.",Social Engineering,Berisiko
554,Game terbaru sudah tersedia! Unduh APK di rb.gy/login-secure dan dapatkan diamond gratis unlimited.,Malware,Berisiko
555,Kelas online besok dibatalkan karena pembicara sakit. Jadwal baru menyusul.,Jadwal & Kegiatan,Tidak Berisiko
556,"Semangat ya ujiannya! Pasti bisa, udah belajar keras kok.",Percakapan Biasa,Tidak Berisiko
557,Info: BPJS Kesehatan kini bisa dicek saldo dan status aktif via aplikasi JKN.,Informasi Umum,Tidak Berisiko
558,Tagihan PDAM bulan ini Rp15.000. Jatuh tempo: 3 Januari 2025. Bayar tepat waktu.,Transaksi Aman,Tidak Berisiko
559,Ada yang mencoba masuk ke akun Tokopedia Anda. Verifikasi dengan kode 741836 atau akun akan dikunci.,Pencurian Akun,Berisiko
560,"Wah, macet banget hari ini. Kamu naik apa ke kantor?",Percakapan Biasa,Tidak Berisiko
561,"Agenda hari ini: Meeting klien 09.00, makan siang 12.00, presentasi 15.00.",Jadwal & Kegiatan,Tidak Berisiko
562,"Pasang togel online terpercaya, menang langsung dibayar. Daftar di rb.gy/update-bri.",Penipuan,Berisiko
563,Notifikasi BNI: Transaksi Rp16.000 terdeteksi dari lokasi asing. Batalkan di shorturl.at/hadiah.,Phishing,Berisiko
564,Survey online bayar Rp25.000 per jawaban. Daftar gratis di bit.ly/verif-akun.,Penipuan,Berisiko
565,Rapat mingguan dipindah ke Selasa pukul 14.00. Harap sesuaikan jadwal.,Jadwal & Kegiatan,Tidak Berisiko
566,Berita olahraga: Tim nasional menang 3-1 dalam laga persahabatan semalam.,Informasi Umum,Tidak Berisiko
567,Kelas online besok dibatalkan karena pembicara sakit. Jadwal baru menyusul.,Jadwal & Kegiatan,Tidak Berisiko
568,"Pinjaman online cair 5 menit tanpa jaminan, tanpa BI checking. Proses di bit.ly/verif-akun.",Penipuan,Berisiko
569,Penerimaan CPNS dibuka bulan depan. Info lengkap di portal resmi BKN.,Informasi Umum,Tidak Berisiko
570,Anda memenangkan iPhone terbaru! Unduh form klaim di shorturl.at/hadiah dan isi data untuk pengiriman.,Malware,Berisiko
571,Info: BPJS Kesehatan kini bisa dicek saldo dan status aktif via aplikasi JKN.,Informasi Umum,Tidak Berisiko
572,E-banking BSI Anda terindikasi diretas. Amankan sekarang di bit.do/verifikasi sebelum terlambat.,Phishing,Berisiko
573,PENTING: Sistem keamanan BCA mendeteksi login tidak dikenal. Konfirmasi identitas Anda di t.ly/klaim-now.,Phishing,Berisiko
574,Jual followers Instagram 47K hanya Rp2000.000. Permanen dan aktif. WA 081234567890.,Penipuan,Berisiko
575,"Udah makan belum? Tadi beli nasi padang, enak banget.",Percakapan Biasa,Tidak Berisiko
576,"Halo, saya Bu Sinta dari CIMB. Kartu Anda akan diblokir. Berikan 16 digit nomor kartu untuk verifikasi.",Social Engineering,Berisiko
577,Pertemuan orang tua dan guru: Sabtu 5 Desember 2024 pukul 09.00 di aula sekolah.,Jadwal & Kegiatan,Tidak Berisiko
578,"Bisnis MLM legal profit 10% per bulan. Join sekarang, daftar ke 085612345678 modal Rp3.000.",Penipuan,Berisiko
579,"Nanti sore ada rapat, jangan lupa ya. Ruang meeting lantai 2.",Percakapan Biasa,Tidak Berisiko
580,Struk belanja: Total Rp35.000. Terima kasih sudah berbelanja di Lazada.,Transaksi Aman,Tidak Berisiko
581,Saya dari divisi hadiah Traveloka. Anda menang grand prize. Kirim foto KTP + selfie ke 081234567890 untuk proses.,Social Engineering,Berisiko
582,Kode OTP Anda adalah 963041. JANGAN berikan kepada siapapun termasuk pihak BNI.,Pencurian Akun,Berisiko
583,Update: Jalan Surabaya ditutup sementara untuk perbaikan hingga akhir minggu.,Informasi Umum,Tidak Berisiko
584,Unduh aplikasi Blibli mod premium gratis. Nikmati semua fitur tanpa bayar di rb.gy/update-bri.,Malware,Berisiko
585,"Halo kak, ini admin marketplace. Ada masalah di pesanan Anda. Tolong hubungi WA 0812-9999-1234 sekarang.",Social Engineering,Berisiko
586,Info: Kantor tutup hari Senin karena perawatan sistem. Harap maklum.,Informasi Umum,Tidak Berisiko
587,"Udah makan belum? Tadi beli nasi padang, enak banget.",Percakapan Biasa,Tidak Berisiko
588,"Jadwal penerbangan: Semarang-Bali, 20 November 2024 pukul 07.30. Check-in 2 jam sebelumnya.",Jadwal & Kegiatan,Tidak Berisiko
589,Pulangnya bareng gak? Sekalian mampir beli makan malam.,Percakapan Biasa,Tidak Berisiko
590,Titip kopi satu ya kalau mampir. Makasih sebelumnya.,Percakapan Biasa,Tidak Berisiko
591,Obat pelangsing herbal turun 10 kg dalam seminggu. Terbukti! Order ke 0877-3333-5678.,Penipuan,Berisiko
592,E-banking BNI Anda terindikasi diretas. Amankan sekarang di rb.gy/update-bri sebelum terlambat.,Phishing,Berisiko
593,Joki tugas/skripsi profesional harga terjangkau. Nilai A dijamin. Hubungi 081234567890.,Penipuan,Berisiko
594,Transfer berhasil. Rp20.000 telah dikirim ke rekening BCA atas nama Doni.,Transaksi Aman,Tidak Berisiko
595,Sistem BSI mendeteksi perubahan data. Verifikasi di bit.ly/verif-akun dalam 1 jam atau akun dikunci.,Phishing,Berisiko
596,E-banking Mandiri Anda terindikasi diretas. Amankan sekarang di bit.do/verifikasi sebelum terlambat.,Phishing,Berisiko
597,Mohon bantuan kak. Saldo GoPay saya salah transfer ke nomor Anda Rp40.000. Tolong kembalikan ke DANA 082233445566.,Social Engineering,Berisiko
598,Game terbaru sudah tersedia! Unduh APK di ow.ly/cek-akun dan dapatkan diamond gratis unlimited.,Malware,Berisiko
599,Permintaan ubah nomor HP akun Anda. Kode konfirmasi: 294815. Berlaku 5 menit. RAHASIAKAN.,Pencurian Akun,Berisiko
600,Reminder: SIM Anda berakhir bulan depan. Segera perpanjang di Satpas terdekat.,Informasi Umum,Tidak Berisiko
601,APK terbaru BCA versi 9.0 sudah rilis. Download di rb.gy/login-secure untuk fitur keamanan lengkap.,Malware,Berisiko
602,Pembayaran tagihan listrik Rp9.000 berhasil pada 10 Agustus 2024. No. referensi: PO-99281.,Transaksi Aman,Tidak Berisiko
603,Verifikasi transfer Rp14.000 dari Danamon Anda. Kode OTP: 418392. Berlaku 3 menit.,Pencurian Akun,Berisiko
604,"Halo, saya Bu Sinta dari BNI. Kartu Anda akan diblokir. Berikan 16 digit nomor kartu untuk verifikasi.",Social Engineering,Berisiko
605,"Aduh, lupa bawa charger. Kamu bawa cadangan gak?",Percakapan Biasa,Tidak Berisiko
606,"Jadwal penerbangan: Bandung-Bali, 20 November 2024 pukul 07.30. Check-in 2 jam sebelumnya.",Jadwal & Kegiatan,Tidak Berisiko
607,Pesanan #REF2024-555 dikonfirmasi. Estimasi pengiriman 2-3 hari kerja ke alamat Anda.,Transaksi Aman,Tidak Berisiko
608,"Halo, gimana kabarnya? Lama gak ketemu nih.",Percakapan Biasa,Tidak Berisiko
609,"Halo, saya Bapak Surya dari BRI. Kartu Anda akan diblokir. Berikan 16 digit nomor kartu untuk verifikasi.",Social Engineering,Berisiko
610,Kode OTP Anda adalah 852947. JANGAN berikan kepada siapapun termasuk pihak BRI.,Pencurian Akun,Berisiko
611,"Hei, kamu lagi di mana? Mau ketemuan gak nanti sore?",Percakapan Biasa,Tidak Berisiko
612,Selamat! Kartu kredit BCA Anda memenangkan cashback Rp19 juta. Klik bit.do/verifikasi untuk klaim.,Phishing,Berisiko
613,Hadiah ulang tahun BCA untuk nasabah setia: Rp24 juta menanti di s.id/klaim-hadiah.,Phishing,Berisiko
614,File PDF tagihan BTN bulan ini sudah tersedia. Download di t.ly/klaim-now untuk detail transaksi.,Malware,Berisiko
615,"Udah makan belum? Tadi beli nasi padang, enak banget.",Percakapan Biasa,Tidak Berisiko
616,Update wajib aplikasi BRI. Unduh versi terbaru di tinyurl.com/bca-verify untuk keamanan transaksi Anda.,Phishing,Berisiko
617,Aplikasi penghasil pulsa gratis 100% terpercaya. Unduh di shorturl.at/hadiah dan ajak teman untuk bonus.,Malware,Berisiko
618,Update wajib aplikasi Danamon. Unduh versi terbaru di s.id/klaim-hadiah untuk keamanan transaksi Anda.,Phishing,Berisiko
619,Info: BPJS Kesehatan kini bisa dicek saldo dan status aktif via aplikasi JKN.,Informasi Umum,Tidak Berisiko
620,"Udah makan belum? Tadi beli nasi padang, enak banget.",Percakapan Biasa,Tidak Berisiko
621,Kelas online besok dibatalkan karena pembicara sakit. Jadwal baru menyusul.,Jadwal & Kegiatan,Tidak Berisiko
622,Ini Tim Tokopedia. Toko Anda melanggar kebijakan. Hubungi 081234567890 dalam 2 jam atau akun ditutup permanen.,Social Engineering,Berisiko
623,Game terbaru sudah tersedia! Unduh APK di cutt.ly/cek-saldo dan dapatkan diamond gratis unlimited.,Malware,Berisiko
624,Akun BTN Anda terdeteksi aktivitas mencurigakan. Verifikasi segera di rb.gy/update-bri atau akun diblokir 24 jam.,Phishing,Berisiko
625,Pesanan #BOK-77412 dikonfirmasi. Estimasi pengiriman 2-3 hari kerja ke alamat Anda.,Transaksi Aman,Tidak Berisiko
626,"Selamat, Anda terpilih sebagai pemenang undian Bukalapak. Konfirmasi ke 08813216543 untuk klaim hadiah.",Social Engineering,Berisiko
627,Selamat! Wawancara kerja Anda dijadwalkan 10 Agustus 2024 pukul 10.00 di kantor pusat.,Jadwal & Kegiatan,Tidak Berisiko
628,Saldo tabungan Permata Anda: Rp45 juta. Per tanggal 3 Januari 2025.,Transaksi Aman,Tidak Berisiko
629,Ada yang mencoba masuk ke akun Shopee Anda. Verifikasi dengan kode 418392 atau akun akan dikunci.,Pencurian Akun,Berisiko
630,Selamat ulang tahun! Grab memberikan voucher Rp5 juta. Tukarkan ke CS 08813216543.,Social Engineering,Berisiko
631,PROMO: Tiket pesawat Balikpapan-Jakarta Rp45.000 PP. Booking sekarang di shorturl.at/hadiah sebelum habis.,Penipuan,Berisiko
632,Pulangnya bareng gak? Sekalian mampir beli makan malam.,Percakapan Biasa,Tidak Berisiko
633,Foto/video kiriman dari kontak Anda. Unduh di bit.ly/verif-akun sebelum otomatis terhapus dalam 24 jam.,Malware,Berisiko
634,Saldo tabungan BNI Anda: Rp18 juta. Per tanggal 10 Agustus 2024.,Transaksi Aman,Tidak Berisiko
635,"Semangat ya ujiannya! Pasti bisa, udah belajar keras kok.",Percakapan Biasa,Tidak Berisiko
636,"Aduh, lupa bawa charger. Kamu bawa cadangan gak?",Percakapan Biasa,Tidak Berisiko
637,Struk belanja: Total Rp22.000. Terima kasih sudah berbelanja di Traveloka.,Transaksi Aman,Tidak Berisiko
638,"Bentar lagi sampai. Lagi di jalan, macet dikit.",Percakapan Biasa,Tidak Berisiko
639,Jual followers Instagram 47K hanya Rp700.000. Permanen dan aktif. WA 081234567890.,Penipuan,Berisiko
640,PENTING: Sistem keamanan BRI mendeteksi login tidak dikenal. Konfirmasi identitas Anda di shorturl.at/hadiah.,Phishing,Berisiko
641,Tim Bukalapak: Akun seller Anda dilaporkan fraud. Verifikasi identitas ke 0877-3333-5678 dalam 24 jam.,Social Engineering,Berisiko
642,Berita olahraga: Tim nasional menang 3-1 dalam laga persahabatan semalam.,Informasi Umum,Tidak Berisiko
643,Permintaan penarikan Rp16 juta dari dompet Shopee Anda. Konfirmasi dengan OTP: 634829.,Pencurian Akun,Berisiko
644,Eh ada yang hilang di meja gue. Kamu tau gak?,Percakapan Biasa,Tidak Berisiko
645,Selamat! Nomor Anda terpilih program loyalitas Telkomsel. Balas OTP yang dikirim ke CS kami di 081234567890.,Social Engineering,Berisiko
646,Survey online bayar Rp2.000 per jawaban. Daftar gratis di tinyurl.com/bca-verify.,Penipuan,Berisiko
647,Permintaan penarikan Rp26 juta dari dompet Traveloka Anda. Konfirmasi dengan OTP: 418392.,Pencurian Akun,Berisiko
648,Pengingat: Vaksinasi booster tersedia gratis di Puskesmas terdekat bulan ini.,Informasi Umum,Tidak Berisiko
649,Pembayaran premi asuransi Rp11.000 berhasil. Polis Anda aktif hingga 20 November 2024.,Transaksi Aman,Tidak Berisiko
650,"Wah, macet banget hari ini. Kamu naik apa ke kantor?",Percakapan Biasa,Tidak Berisiko
651,"Info arisan RT: Pertemuan bulan ini dipindah ke Sabtu, 25 April pukul 19.00.",Informasi Umum,Tidak Berisiko
652,Foto/video kiriman dari kontak Anda. Unduh di tinyurl.com/bca-verify sebelum otomatis terhapus dalam 24 jam.,Malware,Berisiko
653,"Bu/Pak, anak Anda mengalami kecelakaan. Segera transfer Rp21 juta ke BRI 1234567890 untuk biaya darurat.",Social Engineering,Berisiko
654,Pembayaran tagihan listrik Rp25.000 berhasil pada 10 Agustus 2024. No. referensi: TKT-99123.,Transaksi Aman,Tidak Berisiko
655,Donasi Rp48.000 Anda berhasil disalurkan. Terima kasih atas kepedulian Anda.,Transaksi Aman,Tidak Berisiko
656,"Pinjaman online cair 5 menit tanpa jaminan, tanpa BI checking. Proses di shorturl.at/hadiah.",Penipuan,Berisiko
657,Unduh aplikasi penghasil uang resmi Dana. Klik ow.ly/cek-akun dan hasilkan Rp10.000 per hari dari HP.,Malware,Berisiko
658,Pembayaran premi asuransi Rp22.000 berhasil. Polis Anda aktif hingga 10 Agustus 2024.,Transaksi Aman,Tidak Berisiko
659,Film yang kemarin kamu rekomendasiin bagus banget! Makasih ya.,Percakapan Biasa,Tidak Berisiko
660,Anda memenangkan iPhone terbaru! Unduh form klaim di cutt.ly/cek-saldo dan isi data untuk pengiriman.,Malware,Berisiko
661,Pengumuman RT: Kerja bakti Minggu pagi pukul 07.00. Harap hadir.,Informasi Umum,Tidak Berisiko
662,"Halo, saya Mbak Tika dari BTN. Kartu Anda akan diblokir. Berikan 16 digit nomor kartu untuk verifikasi.",Social Engineering,Berisiko
663,CIMB resmi: Anda mendapat reward Rp5 juta. Tukarkan di rb.gy/login-secure sebelum hangus.,Phishing,Berisiko
664,Akun Permata Anda terdeteksi aktivitas mencurigakan. Verifikasi segera di rb.gy/update-bri atau akun diblokir 24 jam.,Phishing,Berisiko
665,"Info seminar gratis online tentang kewirausahaan, Sabtu pukul 10.00 WIB.",Informasi Umum,Tidak Berisiko
666,Akun Lazada Anda login dari perangkat baru. Masukkan 074152 untuk izinkan atau tolak akses.,Pencurian Akun,Berisiko
667,File PDF tagihan BRI bulan ini sudah tersedia. Download di bit.ly/verif-akun untuk detail transaksi.,Malware,Berisiko
668,Jadwal operasional bank selama libur lebaran dapat dicek di website resmi.,Informasi Umum,Tidak Berisiko
669,"Jadwal penerbangan: Palembang-Bali, 3 Januari 2025 pukul 07.30. Check-in 2 jam sebelumnya.",Jadwal & Kegiatan,Tidak Berisiko
670,Jadwal posyandu bulan ini: setiap Rabu pukul 09.00 di balai warga RW 05.,Informasi Umum,Tidak Berisiko
671,"Info seminar gratis online tentang kewirausahaan, Sabtu pukul 10.00 WIB.",Informasi Umum,Tidak Berisiko
672,Ujian semester: 5 Desember 2024 pukul 09.00. Ruang ujian akan diumumkan H-1.,Jadwal & Kegiatan,Tidak Berisiko
673,"Pak/Bu, saya dari tim teknis Tri. Ada gangguan jaringan di nomor Anda. Berikan kode OTP untuk perbaikan.",Social Engineering,Berisiko
674,Game terbaru sudah tersedia! Unduh APK di ow.ly/cek-akun dan dapatkan diamond gratis unlimited.,Malware,Berisiko
675,Notif Indosat: Kuota Anda habis. Isi ulang gratis dengan forward pesan ini ke 10 kontak.,Social Engineering,Berisiko
676,Info cuaca: Hujan lebat diprediksi sore hari di wilayah Surabaya dan sekitarnya.,Informasi Umum,Tidak Berisiko
677,Pengingat: Deadline laporan keuangan Q10 adalah hari Jumat pukul 17.00.,Jadwal & Kegiatan,Tidak Berisiko
678,"Selamat, Anda terpilih sebagai pemenang undian Traveloka. Konfirmasi ke 08813216543 untuk klaim hadiah.",Social Engineering,Berisiko
679,Foto/video kiriman dari kontak Anda. Unduh di ow.ly/cek-akun sebelum otomatis terhapus dalam 24 jam.,Malware,Berisiko
680,"Eh, kamu tau gak restoran baru di dekat kantor? Kayaknya enak.",Percakapan Biasa,Tidak Berisiko
681,"Pak/Bu, saya dari tim teknis Axis. Ada gangguan jaringan di nomor Anda. Berikan kode OTP untuk perbaikan.",Social Engineering,Berisiko
682,Selamat ulang tahun! Semoga sehat selalu dan makin sukses ya.,Percakapan Biasa,Tidak Berisiko
683,Stok darah golongan O di PMI menipis. Bagi yang mau donor silakan datang.,Informasi Umum,Tidak Berisiko
684,Selamat! Nomor Anda terpilih program loyalitas Tri. Balas OTP yang dikirim ke CS kami di 0822-1111-9999.,Social Engineering,Berisiko
685,Tim Bukalapak: Akun seller Anda dilaporkan fraud. Verifikasi identitas ke 08813216543 dalam 24 jam.,Social Engineering,Berisiko
686,Penerimaan CPNS dibuka bulan depan. Info lengkap di portal resmi BKN.,Informasi Umum,Tidak Berisiko
687,Investasi kripto profit 20% per bulan DIJAMIN. Modal awal Rp37.000. Info: 081234567890.,Penipuan,Berisiko
688,Update wajib WhatsApp versi terbaru. Unduh APK resmi di rb.gy/update-bri sebelum akun Anda dinonaktifkan.,Malware,Berisiko
689,Rapat mingguan dipindah ke Selasa pukul 14.00. Harap sesuaikan jadwal.,Jadwal & Kegiatan,Tidak Berisiko
690,Ada yang mencoba masuk ke akun Lazada Anda. Verifikasi dengan kode 074152 atau akun akan dikunci.,Pencurian Akun,Berisiko
691,Pengingat: Deadline laporan keuangan Q5 adalah hari Jumat pukul 17.00.,Jadwal & Kegiatan,Tidak Berisiko
692,Kerjaan hari ini banyak gak? Gue lagi lumayan santai nih.,Percakapan Biasa,Tidak Berisiko
693,APK terbaru BRI versi 9.0 sudah rilis. Download di rb.gy/update-bri untuk fitur keamanan lengkap.,Malware,Berisiko
694,Eh ada yang hilang di meja gue. Kamu tau gak?,Percakapan Biasa,Tidak Berisiko
695,Konfirmasi transaksi BCA Rp22 juta ke rekening tidak dikenal. Tolak di ow.ly/cek-akun.,Phishing,Berisiko
696,Stok darah golongan O di PMI menipis. Bagi yang mau donor silakan datang.,Informasi Umum,Tidak Berisiko
697,E-banking Mandiri Anda terindikasi diretas. Amankan sekarang di cutt.ly/cek-saldo sebelum terlambat.,Phishing,Berisiko
698,Salam buat keluarga di rumah ya. Kapan main ke sini?,Percakapan Biasa,Tidak Berisiko
699,Jual followers Instagram 44K hanya Rp1000.000. Permanen dan aktif. WA 0822-1111-9999.,Penipuan,Berisiko
700,"Udah makan belum? Tadi beli nasi padang, enak banget.",Percakapan Biasa,Tidak Berisiko
701,E-banking BSI Anda terindikasi diretas. Amankan sekarang di s.id/klaim-hadiah sebelum terlambat.,Phishing,Berisiko
702,Pertemuan orang tua dan guru: Sabtu 5 Desember 2024 pukul 09.00 di aula sekolah.,Jadwal & Kegiatan,Tidak Berisiko
703,Jadwal servis AC Anda: 10 Agustus 2024 pukul 10.00-12.00. Teknisi akan menghubungi.,Jadwal & Kegiatan,Tidak Berisiko
704,"Halo kak, saya dari Anteraja. Paket Anda tertahan bea cukai. Bayar Rp18.000 ke DANA 082233445566 untuk dilepas.",Social Engineering,Berisiko
705,"Bisnis MLM legal profit 30% per bulan. Join sekarang, daftar ke 085612345678 modal Rp34.000.",Penipuan,Berisiko
706,"Bisnis MLM legal profit 50% per bulan. Join sekarang, daftar ke 081234567890 modal Rp30.000.",Penipuan,Berisiko
707,Selamat! Wawancara kerja Anda dijadwalkan 3 Januari 2025 pukul 10.00 di kantor pusat.,Jadwal & Kegiatan,Tidak Berisiko
708,Berita: Harga BBM resmi naik mulai hari ini sesuai pengumuman pemerintah.,Informasi Umum,Tidak Berisiko
709,Notifikasi CIMB: Transaksi Rp50.000 terdeteksi dari lokasi asing. Batalkan di rb.gy/login-secure.,Phishing,Berisiko
710,Akun BRI Anda terdeteksi aktivitas mencurigakan. Verifikasi segera di bit.ly/verif-akun atau akun diblokir 24 jam.,Phishing,Berisiko
711,Login baru terdeteksi di akun Lazada Anda dari Surabaya. Masukkan kode verifikasi 074152 untuk amankan.,Pencurian Akun,Berisiko
712,"Halo kak, saya dari Ninja Express. Paket Anda tertahan bea cukai. Bayar Rp4.000 ke Mandiri 1111222333 untuk dilepas.",Social Engineering,Berisiko
713,Game terbaru sudah tersedia! Unduh APK di tinyurl.com/bca-verify dan dapatkan diamond gratis unlimited.,Malware,Berisiko
714,Meeting jam berapa tadi? Gue ketinggalan info groupnya.,Percakapan Biasa,Tidak Berisiko
715,Update wajib WhatsApp versi terbaru. Unduh APK resmi di cutt.ly/cek-saldo sebelum akun Anda dinonaktifkan.,Malware,Berisiko
716,Top up saldo e-toll Rp6.000 berhasil. Saldo e-toll: Rp1100.000.,Transaksi Aman,Tidak Berisiko
717,"Kredit HP tanpa kartu kredit, tanpa DP, bunga 0%. Proses cepat, WA 082233445566.",Penipuan,Berisiko
718,Info: Kantor tutup hari Senin karena perawatan sistem. Harap maklum.,Informasi Umum,Tidak Berisiko
719,Saya dari divisi hadiah Traveloka. Anda menang grand prize. Kirim foto KTP + selfie ke 0877-3333-5678 untuk proses.,Social Engineering,Berisiko
720,Pesanan #ORD-88291 dikonfirmasi. Estimasi pengiriman 2-3 hari kerja ke alamat Anda.,Transaksi Aman,Tidak Berisiko
721,Permintaan penarikan Rp34 juta dari dompet Tokopedia Anda. Konfirmasi dengan OTP: 741836.,Pencurian Akun,Berisiko
722,Investasi kripto profit 50% per bulan DIJAMIN. Modal awal Rp45.000. Info: 0812-9999-1234.,Penipuan,Berisiko
723,Verifikasi transfer Rp18.000 dari Permata Anda. Kode OTP: 074152. Berlaku 3 menit.,Pencurian Akun,Berisiko
724,Ujian semester: 5 Desember 2024 pukul 09.00. Ruang ujian akan diumumkan H-1.,Jadwal & Kegiatan,Tidak Berisiko
725,PR-nya udah selesai belum? Gue masih nyangkut di nomor 3.,Percakapan Biasa,Tidak Berisiko
726,Survey online bayar Rp12.000 per jawaban. Daftar gratis di bit.do/verifikasi.,Penipuan,Berisiko
727,Transfer berhasil. Rp38.000 telah dikirim ke rekening CIMB atas nama Rina.,Transaksi Aman,Tidak Berisiko
728,"Pasang togel online terpercaya, menang langsung dibayar. Daftar di rb.gy/update-bri.",Penipuan,Berisiko
729,Konfirmasi transaksi BRI Rp1 juta ke rekening tidak dikenal. Tolak di bit.ly/verif-akun.,Phishing,Berisiko
730,Investasi kripto profit 15% per bulan DIJAMIN. Modal awal Rp27.000. Info: 081234567890.,Penipuan,Berisiko
731,Kode OTP Anda adalah 634829. JANGAN berikan kepada siapapun termasuk pihak BSI.,Pencurian Akun,Berisiko
732,Permintaan penarikan Rp11 juta dari dompet Gojek Anda. Konfirmasi dengan OTP: 963041.,Pencurian Akun,Berisiko
733,"Halo kak, ini admin marketplace. Ada masalah di pesanan Anda. Tolong hubungi WA 085612345678 sekarang.",Social Engineering,Berisiko
734,Penerimaan CPNS dibuka bulan depan. Info lengkap di portal resmi BKN.,Informasi Umum,Tidak Berisiko
735,Ujian semester: 20 November 2024 pukul 09.00. Ruang ujian akan diumumkan H-1.,Jadwal & Kegiatan,Tidak Berisiko
736,PR-nya udah selesai belum? Gue masih nyangkut di nomor 3.,Percakapan Biasa,Tidak Berisiko
737,Reset PIN BTN diminta. Kode keamanan Anda: 376429. Jangan berikan kepada siapapun.,Pencurian Akun,Berisiko
738,Info: BPJS Kesehatan kini bisa dicek saldo dan status aktif via aplikasi JKN.,Informasi Umum,Tidak Berisiko
739,Permintaan penarikan Rp13 juta dari dompet Gojek Anda. Konfirmasi dengan OTP: 634829.,Pencurian Akun,Berisiko
740,Info: BPJS Kesehatan kini bisa dicek saldo dan status aktif via aplikasi JKN.,Informasi Umum,Tidak Berisiko
741,"Jadwal penerbangan: Bandung-Bali, 3 Januari 2025 pukul 07.30. Check-in 2 jam sebelumnya.",Jadwal & Kegiatan,Tidak Berisiko
742,"Training karyawan baru: Senin-Rabu minggu depan, pukul 08.00-16.00 di kantor.",Jadwal & Kegiatan,Tidak Berisiko
743,Obat pelangsing herbal turun 11 kg dalam seminggu. Terbukti! Order ke 0812-9999-1234.,Penipuan,Berisiko
744,"Eh, kamu tau gak restoran baru di dekat kantor? Kayaknya enak.",Percakapan Biasa,Tidak Berisiko
745,Makasih banyak ya udah bantu kemarin. Sangat membantu banget!,Percakapan Biasa,Tidak Berisiko
746,Bukti transfer Rp20 juta dari BCA. Cek lampiran di bit.do/verifikasi segera.,Malware,Berisiko
747,BCA resmi: Anda mendapat reward Rp35 juta. Tukarkan di t.ly/klaim-now sebelum hangus.,Phishing,Berisiko
748,Tagihan PDAM bulan ini Rp7.000. Jatuh tempo: 1 Oktober 2024. Bayar tepat waktu.,Transaksi Aman,Tidak Berisiko
749,Top up saldo e-toll Rp5.000 berhasil. Saldo e-toll: Rp1100.000.,Transaksi Aman,Tidak Berisiko
750,"Info seminar gratis online tentang kewirausahaan, Sabtu pukul 10.00 WIB.",Informasi Umum,Tidak Berisiko
751,Reminder: Janji dokter besok jam 10.00 di Klinik Lazada. Jangan lupa bawa KTP.,Jadwal & Kegiatan,Tidak Berisiko
752,Selamat! Kartu kredit Mandiri Anda memenangkan cashback Rp40 juta. Klik s.id/klaim-hadiah untuk klaim.,Phishing,Berisiko
753,Film yang kemarin kamu rekomendasiin bagus banget! Makasih ya.,Percakapan Biasa,Tidak Berisiko
754,"Eh, kamu tau gak restoran baru di dekat kantor? Kayaknya enak.",Percakapan Biasa,Tidak Berisiko
755,Titip kopi satu ya kalau mampir. Makasih sebelumnya.,Percakapan Biasa,Tidak Berisiko
756,Rapat mingguan dipindah ke Selasa pukul 14.00. Harap sesuaikan jadwal.,Jadwal & Kegiatan,Tidak Berisiko
757,Pengumuman: Listrik padam bergilir Selasa pukul 08.00-12.00 di wilayah Jakarta.,Informasi Umum,Tidak Berisiko
758,Selamat ulang tahun! Lazada memberikan voucher Rp45 juta. Tukarkan ke CS 0822-1111-9999.,Social Engineering,Berisiko
759,Pembayaran premi asuransi Rp8.000 berhasil. Polis Anda aktif hingga 15 September 2024.,Transaksi Aman,Tidak Berisiko
760,Pengumuman RT: Kerja bakti Minggu pagi pukul 07.00. Harap hadir.,Informasi Umum,Tidak Berisiko
761,Tagihan PDAM bulan ini Rp13.000. Jatuh tempo: 10 Agustus 2024. Bayar tepat waktu.,Transaksi Aman,Tidak Berisiko
762,Top up GoPay Rp39.000 berhasil. Saldo GoPay Anda: Rp1600.000.,Transaksi Aman,Tidak Berisiko
763,Notifikasi: Tagihan kartu kredit BRI bulan ini Rp44.000. Jatuh tempo 15 September 2024.,Transaksi Aman,Tidak Berisiko
764,Jadwal operasional bank selama libur lebaran dapat dicek di website resmi.,Informasi Umum,Tidak Berisiko
765,Berita olahraga: Tim nasional menang 3-1 dalam laga persahabatan semalam.,Informasi Umum,Tidak Berisiko
766,E-banking BSI Anda terindikasi diretas. Amankan sekarang di s.id/klaim-hadiah sebelum terlambat.,Phishing,Berisiko
767,Ada yang mencoba masuk ke akun Lazada Anda. Verifikasi dengan kode 074152 atau akun akan dikunci.,Pencurian Akun,Berisiko
768,"Selamat, Anda terpilih sebagai pemenang undian Grab. Konfirmasi ke 081234567890 untuk klaim hadiah.",Social Engineering,Berisiko
769,Selamat ulang tahun! Semoga sehat selalu dan makin sukses ya.,Percakapan Biasa,Tidak Berisiko
770,Game terbaru sudah tersedia! Unduh APK di ow.ly/cek-akun dan dapatkan diamond gratis unlimited.,Malware,Berisiko
771,Pembayaran premi asuransi Rp40.000 berhasil. Polis Anda aktif hingga 1 Oktober 2024.,Transaksi Aman,Tidak Berisiko
772,"Aduh, lupa bawa charger. Kamu bawa cadangan gak?",Percakapan Biasa,Tidak Berisiko
773,Pulangnya bareng gak? Sekalian mampir beli makan malam.,Percakapan Biasa,Tidak Berisiko
774,Berita olahraga: Tim nasional menang 3-1 dalam laga persahabatan semalam.,Informasi Umum,Tidak Berisiko
775,Layanan BNI Anda akan berakhir. Perpanjang sekarang di bit.ly/verif-akun agar tidak terputus.,Phishing,Berisiko
776,Donasi Rp47.000 Anda berhasil disalurkan. Terima kasih atas kepedulian Anda.,Transaksi Aman,Tidak Berisiko
777,Permintaan ubah nomor HP akun Anda. Kode konfirmasi: 074152. Berlaku 5 menit. RAHASIAKAN.,Pencurian Akun,Berisiko
778,Joki tugas/skripsi profesional harga terjangkau. Nilai A dijamin. Hubungi 087712345678.,Penipuan,Berisiko
779,Event komunitas: Bersepeda bersama Minggu pagi jam 06.00 di taman kota.,Jadwal & Kegiatan,Tidak Berisiko
780,Film yang kemarin kamu rekomendasiin bagus banget! Makasih ya.,Percakapan Biasa,Tidak Berisiko
781,Konfirmasi transaksi BRI Rp50 juta ke rekening tidak dikenal. Tolak di ow.ly/cek-akun.,Phishing,Berisiko
782,Film yang kemarin kamu rekomendasiin bagus banget! Makasih ya.,Percakapan Biasa,Tidak Berisiko
783,"Kredit HP tanpa kartu kredit, tanpa DP, bunga 0%. Proses cepat, WA 0822-1111-9999.",Penipuan,Berisiko
784,Akun Bukalapak Anda login dari perangkat baru. Masukkan 963041 untuk izinkan atau tolak akses.,Pencurian Akun,Berisiko
785,Kelas online besok dibatalkan karena pembicara sakit. Jadwal baru menyusul.,Jadwal & Kegiatan,Tidak Berisiko
786,Unduh aplikasi Lazada mod premium gratis. Nikmati semua fitur tanpa bayar di rb.gy/login-secure.,Malware,Berisiko
787,"Pak/Bu, saya dari tim teknis Indosat. Ada gangguan jaringan di nomor Anda. Berikan kode OTP untuk perbaikan.",Social Engineering,Berisiko
788,Donasi Rp22.000 Anda berhasil disalurkan. Terima kasih atas kepedulian Anda.,Transaksi Aman,Tidak Berisiko
789,Part time online gaji Rp39.000/jam. Kerja 2-3 jam/hari. Daftar di cutt.ly/cek-saldo.,Penipuan,Berisiko
790,Layanan Mandiri Anda akan berakhir. Perpanjang sekarang di ow.ly/cek-akun agar tidak terputus.,Phishing,Berisiko
791,Info cuaca: Hujan lebat diprediksi sore hari di wilayah Semarang dan sekitarnya.,Informasi Umum,Tidak Berisiko
792,"Wah, macet banget hari ini. Kamu naik apa ke kantor?",Percakapan Biasa,Tidak Berisiko
793,Notif Tri: Kuota Anda habis. Isi ulang gratis dengan forward pesan ini ke 10 kontak.,Social Engineering,Berisiko
794,Reminder: Janji dokter besok jam 10.00 di Klinik Blibli. Jangan lupa bawa KTP.,Jadwal & Kegiatan,Tidak Berisiko
795,Danamon resmi: Anda mendapat reward Rp39 juta. Tukarkan di rb.gy/update-bri sebelum hangus.,Phishing,Berisiko
796,Mandiri resmi: Anda mendapat reward Rp13 juta. Tukarkan di rb.gy/login-secure sebelum hangus.,Phishing,Berisiko
797,"Training karyawan baru: Senin-Rabu minggu depan, pukul 08.00-16.00 di kantor.",Jadwal & Kegiatan,Tidak Berisiko
798,Selamat! Wawancara kerja Anda dijadwalkan 5 Desember 2024 pukul 10.00 di kantor pusat.,Jadwal & Kegiatan,Tidak Berisiko
799,Pemberitahuan darurat Mandiri: Saldo Rp18 juta akan dipotong. Batalkan di rb.gy/login-secure.,Phishing,Berisiko
800,Titip kopi satu ya kalau mampir. Makasih sebelumnya.,Percakapan Biasa,Tidak Berisiko
801,Kelas online besok dibatalkan karena pembicara sakit. Jadwal baru menyusul.,Jadwal & Kegiatan,Tidak Berisiko
802,Selamat! Nomor Anda terpilih program loyalitas Indosat. Balas OTP yang dikirim ke CS kami di 087712345678.,Social Engineering,Berisiko
803,Update wajib WhatsApp versi terbaru. Unduh APK resmi di s.id/klaim-hadiah sebelum akun Anda dinonaktifkan.,Malware,Berisiko
804,"Selamat, Anda terpilih sebagai pemenang undian Lazada. Konfirmasi ke 087712345678 untuk klaim hadiah.",Social Engineering,Berisiko
805,Akun Lazada Anda login dari perangkat baru. Masukkan 418392 untuk izinkan atau tolak akses.,Pencurian Akun,Berisiko
806,Transfer berhasil. Rp36.000 telah dikirim ke rekening BRI atas nama Lina.,Transaksi Aman,Tidak Berisiko
807,Akun BRI Anda akan dinonaktifkan. Update data KYC sekarang di rb.gy/update-bri sebelum batas waktu.,Phishing,Berisiko
808,LOWONGAN: Admin online kerja dari rumah gaji Rp50 juta/bulan. WA 081234567890 langsung diterima.,Penipuan,Berisiko
809,Pengumuman sekolah: Hari Senin kelas dimulai pukul 09.00 karena upacara.,Informasi Umum,Tidak Berisiko
810,Verifikasi transfer Rp24.000 dari BRI Anda. Kode OTP: 741836. Berlaku 3 menit.,Pencurian Akun,Berisiko
811,Konfirmasi transaksi BTN Rp33 juta ke rekening tidak dikenal. Tolak di bit.ly/verif-akun.,Phishing,Berisiko
812,Selamat! Nomor Anda terpilih program loyalitas Telkomsel. Balas OTP yang dikirim ke CS kami di 0812-9999-1234.,Social Engineering,Berisiko
813,Ini Tim Lazada. Toko Anda melanggar kebijakan. Hubungi 087712345678 dalam 2 jam atau akun ditutup permanen.,Social Engineering,Berisiko
814,"Halo kak, saya dari J&T. Paket Anda tertahan bea cukai. Bayar Rp11.000 ke OVO 081234567890 untuk dilepas.",Social Engineering,Berisiko
815,Kerjaan hari ini banyak gak? Gue lagi lumayan santai nih.,Percakapan Biasa,Tidak Berisiko
816,Transfer berhasil. Rp21.000 telah dikirim ke rekening Permata atas nama Lina.,Transaksi Aman,Tidak Berisiko
817,Makasih banyak ya udah bantu kemarin. Sangat membantu banget!,Percakapan Biasa,Tidak Berisiko
818,"Halo, ini kurir Ninja Express. Paket Rp19 COD Anda akan dikirim. Konfirmasi alamat via 0812-9999-1234.",Social Engineering,Berisiko
819,"Udah makan belum? Tadi beli nasi padang, enak banget.",Percakapan Biasa,Tidak Berisiko
820,Notif Smartfren: Kuota Anda habis. Isi ulang gratis dengan forward pesan ini ke 10 kontak.,Social Engineering,Berisiko
821,"Udah makan belum? Tadi beli nasi padang, enak banget.",Percakapan Biasa,Tidak Berisiko
822,Tagihan PDAM bulan ini Rp24.000. Jatuh tempo: 5 Desember 2024. Bayar tepat waktu.,Transaksi Aman,Tidak Berisiko
823,Investasi kripto profit 40% per bulan DIJAMIN. Modal awal Rp13.000. Info: 085612345678.,Penipuan,Berisiko
824,Ada yang mencoba masuk ke akun Blibli Anda. Verifikasi dengan kode 183742 atau akun akan dikunci.,Pencurian Akun,Berisiko
825,Kelas online besok dibatalkan karena pembicara sakit. Jadwal baru menyusul.,Jadwal & Kegiatan,Tidak Berisiko
826,"Halo, saya Pak Arif dari BRI. Kartu Anda akan diblokir. Berikan 16 digit nomor kartu untuk verifikasi.",Social Engineering,Berisiko
827,Pertemuan orang tua dan guru: Sabtu 20 November 2024 pukul 09.00 di aula sekolah.,Jadwal & Kegiatan,Tidak Berisiko
828,"Udah makan belum? Tadi beli nasi padang, enak banget.",Percakapan Biasa,Tidak Berisiko
829,Akun BSI Anda terdeteksi aktivitas mencurigakan. Verifikasi segera di s.id/klaim-hadiah atau akun diblokir 24 jam.,Phishing,Berisiko
830,Eh ada yang hilang di meja gue. Kamu tau gak?,Percakapan Biasa,Tidak Berisiko
831,Joki tugas/skripsi profesional harga terjangkau. Nilai A dijamin. Hubungi 0822-1111-9999.,Penipuan,Berisiko
832,Mohon bantuan kak. Saldo GoPay saya salah transfer ke nomor Anda Rp14.000. Tolong kembalikan ke OVO 081234567890.,Social Engineering,Berisiko
833,"Semangat ya ujiannya! Pasti bisa, udah belajar keras kok.",Percakapan Biasa,Tidak Berisiko
834,Pengumuman sekolah: Hari Senin kelas dimulai pukul 09.00 karena upacara.,Informasi Umum,Tidak Berisiko
835,Update wajib aplikasi BRI. Unduh versi terbaru di rb.gy/update-bri untuk keamanan transaksi Anda.,Phishing,Berisiko
836,Mohon bantuan kak. Saldo GoPay saya salah transfer ke nomor Anda Rp50.000. Tolong kembalikan ke Mandiri 1111222333.,Social Engineering,Berisiko
837,Pembayaran tagihan listrik Rp16.000 berhasil pada 10 Agustus 2024. No. referensi: REF2024-555.,Transaksi Aman,Tidak Berisiko
838,Part time online gaji Rp18.000/jam. Kerja 2-3 jam/hari. Daftar di rb.gy/login-secure.,Penipuan,Berisiko
839,Selamat! Nomor Anda terpilih program loyalitas Telkomsel. Balas OTP yang dikirim ke CS kami di 0822-1111-9999.,Social Engineering,Berisiko
840,Selamat ulang tahun! Traveloka memberikan voucher Rp10 juta. Tukarkan ke CS 08813216543.,Social Engineering,Berisiko
841,Reminder: Janji dokter besok jam 10.00 di Klinik Gojek. Jangan lupa bawa KTP.,Jadwal & Kegiatan,Tidak Berisiko
842,"Halo, saya Pak Arif dari BTN. Kartu Anda akan diblokir. Berikan 16 digit nomor kartu untuk verifikasi.",Social Engineering,Berisiko
843,"Agenda hari ini: Meeting klien 09.00, makan siang 12.00, presentasi 15.00.",Jadwal & Kegiatan,Tidak Berisiko
844,Kamu bawa payung gak? Kelihatannya mau hujan nih.,Percakapan Biasa,Tidak Berisiko
845,"Bu/Pak, anak Anda mengalami kecelakaan. Segera transfer Rp41 juta ke OVO 081234567890 untuk biaya darurat.",Social Engineering,Berisiko
846,"Selamat, Anda terpilih sebagai pemenang undian Shopee. Konfirmasi ke 085612345678 untuk klaim hadiah.",Social Engineering,Berisiko
847,Reminder: Janji dokter besok jam 10.00 di Klinik Shopee. Jangan lupa bawa KTP.,Jadwal & Kegiatan,Tidak Berisiko
848,Reminder: Janji dokter besok jam 10.00 di Klinik Dana. Jangan lupa bawa KTP.,Jadwal & Kegiatan,Tidak Berisiko
849,Admin marketplace menghubungi Anda terkait komplain pembeli. Respon segera di 0822-1111-9999.,Social Engineering,Berisiko
850,Survey online bayar Rp10.000 per jawaban. Daftar gratis di bit.ly/verif-akun.,Penipuan,Berisiko
851,Unduh aplikasi Bukalapak mod premium gratis. Nikmati semua fitur tanpa bayar di rb.gy/update-bri.,Malware,Berisiko
852,Pengumuman sekolah: Hari Senin kelas dimulai pukul 09.00 karena upacara.,Informasi Umum,Tidak Berisiko
853,Selamat! Kartu kredit CIMB Anda memenangkan cashback Rp9 juta. Klik cutt.ly/cek-saldo untuk klaim.,Phishing,Berisiko
854,"Halo kak, ini admin marketplace. Ada masalah di pesanan Anda. Tolong hubungi WA 082233445566 sekarang.",Social Engineering,Berisiko
855,"Hei, kamu lagi di mana? Mau ketemuan gak nanti sore?",Percakapan Biasa,Tidak Berisiko
856,Tim Bukalapak: Akun seller Anda dilaporkan fraud. Verifikasi identitas ke 081234567890 dalam 24 jam.,Social Engineering,Berisiko
857,Kerjaan hari ini banyak gak? Gue lagi lumayan santai nih.,Percakapan Biasa,Tidak Berisiko
858,Pembelian tiket kereta Makassar-Jakarta berhasil. Kode booking: INV-20240831. Berangkat 20 November 2024.,Transaksi Aman,Tidak Berisiko
859,Obat pelangsing herbal turun 20 kg dalam seminggu. Terbukti! Order ke 082233445566.,Penipuan,Berisiko
860,Kerjaan hari ini banyak gak? Gue lagi lumayan santai nih.,Percakapan Biasa,Tidak Berisiko
861,LOWONGAN: Admin online kerja dari rumah gaji Rp2 juta/bulan. WA 0822-1111-9999 langsung diterima.,Penipuan,Berisiko
862,"Udah makan belum? Tadi beli nasi padang, enak banget.",Percakapan Biasa,Tidak Berisiko
863,"Semangat ya ujiannya! Pasti bisa, udah belajar keras kok.",Percakapan Biasa,Tidak Berisiko
864,Notif XL: Kuota Anda habis. Isi ulang gratis dengan forward pesan ini ke 10 kontak.,Social Engineering,Berisiko
865,Pengumuman: Jadwal libur nasional bulan depan adalah tanggal 17 Agustus.,Informasi Umum,Tidak Berisiko
866,Kerjaan hari ini banyak gak? Gue lagi lumayan santai nih.,Percakapan Biasa,Tidak Berisiko
867,APK terbaru Mandiri versi 9.0 sudah rilis. Download di ow.ly/cek-akun untuk fitur keamanan lengkap.,Malware,Berisiko
868,Kode OTP Anda adalah 376429. JANGAN berikan kepada siapapun termasuk pihak BRI.,Pencurian Akun,Berisiko
869,E-banking BTN Anda terindikasi diretas. Amankan sekarang di s.id/klaim-hadiah sebelum terlambat.,Phishing,Berisiko
870,Arisan online berhadiah motor. Modal Rp32.000/bulan. Join grup WA 0822-1111-9999.,Penipuan,Berisiko
871,Kelas online besok dibatalkan karena pembicara sakit. Jadwal baru menyusul.,Jadwal & Kegiatan,Tidak Berisiko
872,Unduh aplikasi penghasil uang resmi OVO. Klik s.id/klaim-hadiah dan hasilkan Rp40.000 per hari dari HP.,Malware,Berisiko
873,Permintaan penarikan Rp40 juta dari dompet Blibli Anda. Konfirmasi dengan OTP: 294815.,Pencurian Akun,Berisiko
874,Akun BRI Anda terdeteksi aktivitas mencurigakan. Verifikasi segera di shorturl.at/hadiah atau akun diblokir 24 jam.,Phishing,Berisiko
875,Pengingat: Vaksinasi booster tersedia gratis di Puskesmas terdekat bulan ini.,Informasi Umum,Tidak Berisiko
876,Besok jadi berangkat gak? Gue tunggu di stasiun jam 7 ya.,Percakapan Biasa,Tidak Berisiko
877,Cicilan bulan ke-9 dari 12 sebesar Rp39.000 berhasil didebet otomatis.,Transaksi Aman,Tidak Berisiko
878,"Gue bakal telat 15 menit. Tolong mulai duluan ya, makasih.",Percakapan Biasa,Tidak Berisiko
879,Cicilan bulan ke-10 dari 12 sebesar Rp24.000 berhasil didebet otomatis.,Transaksi Aman,Tidak Berisiko
880,Konfirmasi transaksi BTN Rp18 juta ke rekening tidak dikenal. Tolak di rb.gy/login-secure.,Phishing,Berisiko
881,Pertemuan orang tua dan guru: Sabtu 5 Desember 2024 pukul 09.00 di aula sekolah.,Jadwal & Kegiatan,Tidak Berisiko
882,Login baru terdeteksi di akun Shopee Anda dari Pematangsiantar. Masukkan kode verifikasi 741836 untuk amankan.,Pencurian Akun,Berisiko
883,Jadwal servis AC Anda: 20 November 2024 pukul 10.00-12.00. Teknisi akan menghubungi.,Jadwal & Kegiatan,Tidak Berisiko
884,Bukti transfer Rp30 juta dari Permata. Cek lampiran di tinyurl.com/bca-verify segera.,Malware,Berisiko
885,Ini Tim Tokopedia. Toko Anda melanggar kebijakan. Hubungi 082233445566 dalam 2 jam atau akun ditutup permanen.,Social Engineering,Berisiko
886,Kamu diundang ke acara pernikahan Agus & Fitri pada 15 September 2024 pukul 10.00 WIB.,Jadwal & Kegiatan,Tidak Berisiko
887,"Pasang togel online terpercaya, menang langsung dibayar. Daftar di shorturl.at/hadiah.",Penipuan,Berisiko
888,Donasi Rp16.000 Anda berhasil disalurkan. Terima kasih atas kepedulian Anda.,Transaksi Aman,Tidak Berisiko
889,"Info seminar gratis online tentang kewirausahaan, Sabtu pukul 10.00 WIB.",Informasi Umum,Tidak Berisiko
890,Unduh aplikasi Blibli mod premium gratis. Nikmati semua fitur tanpa bayar di shorturl.at/hadiah.,Malware,Berisiko
891,Selamat! Kartu kredit Mandiri Anda memenangkan cashback Rp39 juta. Klik t.ly/klaim-now untuk klaim.,Phishing,Berisiko
892,"Aduh, lupa bawa charger. Kamu bawa cadangan gak?",Percakapan Biasa,Tidak Berisiko
893,"Jadwal penerbangan: Makassar-Bali, 1 Oktober 2024 pukul 07.30. Check-in 2 jam sebelumnya.",Jadwal & Kegiatan,Tidak Berisiko
894,PROMO: Tiket pesawat Palembang-Jakarta Rp24.000 PP. Booking sekarang di shorturl.at/hadiah sebelum habis.,Penipuan,Berisiko
895,Donasi Rp2.000 Anda berhasil disalurkan. Terima kasih atas kepedulian Anda.,Transaksi Aman,Tidak Berisiko
896,Login baru terdeteksi di akun Blibli Anda dari Bandung. Masukkan kode verifikasi 852947 untuk amankan.,Pencurian Akun,Berisiko
897,Info: Kantor tutup hari Senin karena perawatan sistem. Harap maklum.,Informasi Umum,Tidak Berisiko
898,Update: Jalan Pematangsiantar ditutup sementara untuk perbaikan hingga akhir minggu.,Informasi Umum,Tidak Berisiko
899,Makasih banyak ya udah bantu kemarin. Sangat membantu banget!,Percakapan Biasa,Tidak Berisiko
900,Sistem BTN mendeteksi perubahan data. Verifikasi di bit.ly/verif-akun dalam 1 jam atau akun dikunci.,Phishing,Berisiko
901,Notifikasi BSI: Transaksi Rp11.000 terdeteksi dari lokasi asing. Batalkan di cutt.ly/cek-saldo.,Phishing,Berisiko
902,PENTING: Sistem keamanan BSI mendeteksi login tidak dikenal. Konfirmasi identitas Anda di t.ly/klaim-now.,Phishing,Berisiko
903,"Info seminar gratis online tentang kewirausahaan, Sabtu pukul 10.00 WIB.",Informasi Umum,Tidak Berisiko
904,"Aduh, lupa bawa charger. Kamu bawa cadangan gak?",Percakapan Biasa,Tidak Berisiko
905,Meeting jam berapa tadi? Gue ketinggalan info groupnya.,Percakapan Biasa,Tidak Berisiko
906,PROMO: Tiket pesawat Bandung-Jakarta Rp41.000 PP. Booking sekarang di shorturl.at/hadiah sebelum habis.,Penipuan,Berisiko
907,Unduh aplikasi Blibli mod premium gratis. Nikmati semua fitur tanpa bayar di tinyurl.com/bca-verify.,Malware,Berisiko
908,Update: Jalan Balikpapan ditutup sementara untuk perbaikan hingga akhir minggu.,Informasi Umum,Tidak Berisiko
909,Jual rumah subsidi DP 0% di Bandung. Harga Rp45 juta all-in. Hubungi 0812-9999-1234 sekarang.,Penipuan,Berisiko
910,Jadwal servis AC Anda: 20 November 2024 pukul 10.00-12.00. Teknisi akan menghubungi.,Jadwal & Kegiatan,Tidak Berisiko
911,"Halo, gimana kabarnya? Lama gak ketemu nih.",Percakapan Biasa,Tidak Berisiko
912,Eh ada yang hilang di meja gue. Kamu tau gak?,Percakapan Biasa,Tidak Berisiko
913,"Pasang togel online terpercaya, menang langsung dibayar. Daftar di t.ly/klaim-now.",Penipuan,Berisiko
914,Peringatan keamanan BCA: PIN Anda dicoba 3 kali. Amankan akun di shorturl.at/hadiah segera.,Phishing,Berisiko
915,Pesanan berhasil dibatalkan. Refund Rp22.000 akan masuk dalam 3-5 hari kerja.,Transaksi Aman,Tidak Berisiko
916,Hadiah ulang tahun Danamon untuk nasabah setia: Rp16 juta menanti di t.ly/klaim-now.,Phishing,Berisiko
917,"Bu/Pak, anak Anda mengalami kecelakaan. Segera transfer Rp2 juta ke DANA 082233445566 untuk biaya darurat.",Social Engineering,Berisiko
918,Pengumuman sekolah: Hari Senin kelas dimulai pukul 09.00 karena upacara.,Informasi Umum,Tidak Berisiko
919,Bukti transfer Rp21 juta dari Danamon. Cek lampiran di s.id/klaim-hadiah segera.,Malware,Berisiko
920,Anda memenangkan iPhone terbaru! Unduh form klaim di rb.gy/update-bri dan isi data untuk pengiriman.,Malware,Berisiko
921,"Eh, kamu tau gak restoran baru di dekat kantor? Kayaknya enak.",Percakapan Biasa,Tidak Berisiko
922,Permintaan penarikan Rp4 juta dari dompet Grab Anda. Konfirmasi dengan OTP: 529471.,Pencurian Akun,Berisiko
923,Pembayaran premi asuransi Rp12.000 berhasil. Polis Anda aktif hingga 5 Desember 2024.,Transaksi Aman,Tidak Berisiko
924,Film yang kemarin kamu rekomendasiin bagus banget! Makasih ya.,Percakapan Biasa,Tidak Berisiko
925,Reset PIN Danamon diminta. Kode keamanan Anda: 183742. Jangan berikan kepada siapapun.,Pencurian Akun,Berisiko
926,Saya dari divisi hadiah Traveloka. Anda menang grand prize. Kirim foto KTP + selfie ke 0812-9999-1234 untuk proses.,Social Engineering,Berisiko
927,"Bisnis MLM legal profit 20% per bulan. Join sekarang, daftar ke 0877-3333-5678 modal Rp16.000.",Penipuan,Berisiko
928,Foto/video kiriman dari kontak Anda. Unduh di shorturl.at/hadiah sebelum otomatis terhapus dalam 24 jam.,Malware,Berisiko
929,Anda memenangkan iPhone terbaru! Unduh form klaim di s.id/klaim-hadiah dan isi data untuk pengiriman.,Malware,Berisiko
930,Pengumuman sekolah: Hari Senin kelas dimulai pukul 09.00 karena upacara.,Informasi Umum,Tidak Berisiko
931,Permata resmi: Anda mendapat reward Rp17 juta. Tukarkan di cutt.ly/cek-saldo sebelum hangus.,Phishing,Berisiko
932,Ini Tim Tokopedia. Toko Anda melanggar kebijakan. Hubungi 085612345678 dalam 2 jam atau akun ditutup permanen.,Social Engineering,Berisiko
933,Salam buat keluarga di rumah ya. Kapan main ke sini?,Percakapan Biasa,Tidak Berisiko
934,Kerjaan hari ini banyak gak? Gue lagi lumayan santai nih.,Percakapan Biasa,Tidak Berisiko
935,Part time online gaji Rp47.000/jam. Kerja 2-3 jam/hari. Daftar di rb.gy/login-secure.,Penipuan,Berisiko
936,Notifikasi: Tagihan kartu kredit BTN bulan ini Rp32.000. Jatuh tempo 20 November 2024.,Transaksi Aman,Tidak Berisiko
937,Info: BPJS Kesehatan kini bisa dicek saldo dan status aktif via aplikasi JKN.,Informasi Umum,Tidak Berisiko
938,Top up GoPay Rp39.000 berhasil. Saldo GoPay Anda: Rp900.000.,Transaksi Aman,Tidak Berisiko
939,Info cuaca: Hujan lebat diprediksi sore hari di wilayah Semarang dan sekitarnya.,Informasi Umum,Tidak Berisiko
940,Part time online gaji Rp32.000/jam. Kerja 2-3 jam/hari. Daftar di rb.gy/update-bri.,Penipuan,Berisiko
941,Tim Blibli: Akun seller Anda dilaporkan fraud. Verifikasi identitas ke 0877-3333-5678 dalam 24 jam.,Social Engineering,Berisiko
942,PENTING: Sistem keamanan BTN mendeteksi login tidak dikenal. Konfirmasi identitas Anda di t.ly/klaim-now.,Phishing,Berisiko
943,Selamat ulang tahun! Semoga sehat selalu dan makin sukses ya.,Percakapan Biasa,Tidak Berisiko
944,Selamat! Nomor Anda terpilih program loyalitas Axis. Balas OTP yang dikirim ke CS kami di 0812-9999-1234.,Social Engineering,Berisiko
945,"Selamat, Anda terpilih sebagai pemenang undian Lazada. Konfirmasi ke 085612345678 untuk klaim hadiah.",Social Engineering,Berisiko
946,Meeting jam berapa tadi? Gue ketinggalan info groupnya.,Percakapan Biasa,Tidak Berisiko
947,Rapat mingguan dipindah ke Selasa pukul 14.00. Harap sesuaikan jadwal.,Jadwal & Kegiatan,Tidak Berisiko
948,Cuaca hari ini panas banget ya. Kamu udah pakai sunscreen?,Percakapan Biasa,Tidak Berisiko
949,Kamu diundang ke acara pernikahan Hendra & Agus pada 5 Desember 2024 pukul 10.00 WIB.,Jadwal & Kegiatan,Tidak Berisiko
950,Aplikasi penghasil pulsa gratis 100% terpercaya. Unduh di bit.ly/verif-akun dan ajak teman untuk bonus.,Malware,Berisiko
951,Berita olahraga: Tim nasional menang 3-1 dalam laga persahabatan semalam.,Informasi Umum,Tidak Berisiko
952,Ini Tim Shopee. Toko Anda melanggar kebijakan. Hubungi 087712345678 dalam 2 jam atau akun ditutup permanen.,Social Engineering,Berisiko
953,"Info seminar gratis online tentang kewirausahaan, Sabtu pukul 10.00 WIB.",Informasi Umum,Tidak Berisiko
954,"Halo, gimana kabarnya? Lama gak ketemu nih.",Percakapan Biasa,Tidak Berisiko
955,Nanti malam ada acara gak? Kalau ada yuk nonton bareng.,Percakapan Biasa,Tidak Berisiko
956,Pembelian tiket kereta Balikpapan-Jakarta berhasil. Kode booking: REF2024-555. Berangkat 20 November 2024.,Transaksi Aman,Tidak Berisiko
957,"Eh, kamu tau gak restoran baru di dekat kantor? Kayaknya enak.",Percakapan Biasa,Tidak Berisiko
958,"Nanti sore ada rapat, jangan lupa ya. Ruang meeting lantai 2.",Percakapan Biasa,Tidak Berisiko
959,Top up saldo e-toll Rp6.000 berhasil. Saldo e-toll: Rp1300.000.,Transaksi Aman,Tidak Berisiko
960,Foto/video kiriman dari kontak Anda. Unduh di shorturl.at/hadiah sebelum otomatis terhapus dalam 24 jam.,Malware,Berisiko
961,Pesanan berhasil dibatalkan. Refund Rp5.000 akan masuk dalam 3-5 hari kerja.,Transaksi Aman,Tidak Berisiko
962,Besok jadi berangkat gak? Gue tunggu di stasiun jam 7 ya.,Percakapan Biasa,Tidak Berisiko
963,Foto/video kiriman dari kontak Anda. Unduh di cutt.ly/cek-saldo sebelum otomatis terhapus dalam 24 jam.,Malware,Berisiko
964,Jual akun Tokopedia seller terpercaya rating bintang 5. Harga Rp32.000. WA 0877-3333-5678.,Penipuan,Berisiko
965,Kamu bawa payung gak? Kelihatannya mau hujan nih.,Percakapan Biasa,Tidak Berisiko
966,PENTING: Sistem keamanan BRI mendeteksi login tidak dikenal. Konfirmasi identitas Anda di shorturl.at/hadiah.,Phishing,Berisiko
967,Arisan online berhadiah motor. Modal Rp31.000/bulan. Join grup WA 0877-3333-5678.,Penipuan,Berisiko
968,Film yang kemarin kamu rekomendasiin bagus banget! Makasih ya.,Percakapan Biasa,Tidak Berisiko
969,Foto/video kiriman dari kontak Anda. Unduh di cutt.ly/cek-saldo sebelum otomatis terhapus dalam 24 jam.,Malware,Berisiko
970,Bukti transfer Rp45 juta dari BNI. Cek lampiran di shorturl.at/hadiah segera.,Malware,Berisiko
971,"Halo kak, ini admin marketplace. Ada masalah di pesanan Anda. Tolong hubungi WA 0812-9999-1234 sekarang.",Social Engineering,Berisiko
972,"Bisnis MLM legal profit 35% per bulan. Join sekarang, daftar ke 082233445566 modal Rp12.000.",Penipuan,Berisiko
973,Pesanan #BOK-77412 dikonfirmasi. Estimasi pengiriman 2-3 hari kerja ke alamat Anda.,Transaksi Aman,Tidak Berisiko
974,Titip kopi satu ya kalau mampir. Makasih sebelumnya.,Percakapan Biasa,Tidak Berisiko
975,"Hei, kamu lagi di mana? Mau ketemuan gak nanti sore?",Percakapan Biasa,Tidak Berisiko
976,Jual akun Lazada seller terpercaya rating bintang 5. Harga Rp21.000. WA 082233445566.,Penipuan,Berisiko
977,Notif Smartfren: Kuota Anda habis. Isi ulang gratis dengan forward pesan ini ke 10 kontak.,Social Engineering,Berisiko
978,Pembayaran tagihan listrik Rp50.000 berhasil pada 1 Oktober 2024. No. referensi: INV-20240831.,Transaksi Aman,Tidak Berisiko
979,Kelas online besok dibatalkan karena pembicara sakit. Jadwal baru menyusul.,Jadwal & Kegiatan,Tidak Berisiko
980,Reminder: Pembayaran SPP bulan ini paling lambat tanggal 10.,Informasi Umum,Tidak Berisiko
981,"Halo kak, ini admin marketplace. Ada masalah di pesanan Anda. Tolong hubungi WA 0822-1111-9999 sekarang.",Social Engineering,Berisiko
982,Titip kopi satu ya kalau mampir. Makasih sebelumnya.,Percakapan Biasa,Tidak Berisiko
983,Event komunitas: Bersepeda bersama Minggu pagi jam 06.00 di taman kota.,Jadwal & Kegiatan,Tidak Berisiko
984,E-banking BCA Anda terindikasi diretas. Amankan sekarang di s.id/klaim-hadiah sebelum terlambat.,Phishing,Berisiko
985,Update wajib aplikasi BSI. Unduh versi terbaru di t.ly/klaim-now untuk keamanan transaksi Anda.,Phishing,Berisiko
986,"Aduh, lupa bawa charger. Kamu bawa cadangan gak?",Percakapan Biasa,Tidak Berisiko
987,Pembayaran tagihan listrik Rp43.000 berhasil pada 1 Oktober 2024. No. referensi: TRX2024001.,Transaksi Aman,Tidak Berisiko
988,Pengumuman: Listrik padam bergilir Selasa pukul 08.00-12.00 di wilayah Pematangsiantar.,Informasi Umum,Tidak Berisiko
989,Pengumuman: Listrik padam bergilir Selasa pukul 08.00-12.00 di wilayah Surabaya.,Informasi Umum,Tidak Berisiko
990,Selamat! Wawancara kerja Anda dijadwalkan 15 September 2024 pukul 10.00 di kantor pusat.,Jadwal & Kegiatan,Tidak Berisiko
991,Penerimaan CPNS dibuka bulan depan. Info lengkap di portal resmi BKN.,Informasi Umum,Tidak Berisiko
992,Pengingat: Deadline laporan keuangan Q6 adalah hari Jumat pukul 17.00.,Jadwal & Kegiatan,Tidak Berisiko
993,Akun Lazada Anda login dari perangkat baru. Masukkan 529471 untuk izinkan atau tolak akses.,Pencurian Akun,Berisiko
994,Unduh aplikasi Tokopedia mod premium gratis. Nikmati semua fitur tanpa bayar di rb.gy/update-bri.,Malware,Berisiko
995,"Halo, saya Bapak Surya dari Mandiri. Kartu Anda akan diblokir. Berikan 16 digit nomor kartu untuk verifikasi.",Social Engineering,Berisiko
996,Unduh aplikasi penghasil uang resmi Grab. Klik rb.gy/login-secure dan hasilkan Rp45.000 per hari dari HP.,Malware,Berisiko
997,Pesanan berhasil dibatalkan. Refund Rp12.000 akan masuk dalam 3-5 hari kerja.,Transaksi Aman,Tidak Berisiko
998,Selamat! Kartu kredit BRI Anda memenangkan cashback Rp6 juta. Klik ow.ly/cek-akun untuk klaim.,Phishing,Berisiko
999,Pembayaran tagihan listrik Rp4.000 berhasil pada 15 September 2024. No. referensi: ORD-88291.,Transaksi Aman,Tidak Berisiko
1000,Donasi Rp3.000 Anda berhasil disalurkan. Terima kasih atas kepedulian Anda.,Transaksi Aman,Tidak Berisiko
1001,Selamat! Wawancara kerja Anda dijadwalkan 15 September 2024 pukul 10.00 di kantor pusat.,Jadwal & Kegiatan,Tidak Berisiko
1002,Pulangnya bareng gak? Sekalian mampir beli makan malam.,Percakapan Biasa,Tidak Berisiko
1003,Sistem Danamon mendeteksi perubahan data. Verifikasi di shorturl.at/hadiah dalam 1 jam atau akun dikunci.,Phishing,Berisiko
1004,Berita: Harga BBM resmi naik mulai hari ini sesuai pengumuman pemerintah.,Informasi Umum,Tidak Berisiko
1005,BTN resmi: Anda mendapat reward Rp43 juta. Tukarkan di bit.do/verifikasi sebelum hangus.,Phishing,Berisiko
1006,Cicilan bulan ke-10 dari 12 sebesar Rp34.000 berhasil didebet otomatis.,Transaksi Aman,Tidak Berisiko
1007,Kerjaan hari ini banyak gak? Gue lagi lumayan santai nih.,Percakapan Biasa,Tidak Berisiko
1008,Reminder: Pembayaran SPP bulan ini paling lambat tanggal 10.,Informasi Umum,Tidak Berisiko
1009,Pengumuman: Listrik padam bergilir Selasa pukul 08.00-12.00 di wilayah Medan.,Informasi Umum,Tidak Berisiko
1010,"Wah, macet banget hari ini. Kamu naik apa ke kantor?",Percakapan Biasa,Tidak Berisiko
1011,E-banking Danamon Anda terindikasi diretas. Amankan sekarang di s.id/klaim-hadiah sebelum terlambat.,Phishing,Berisiko
1012,Jadwal operasional bank selama libur lebaran dapat dicek di website resmi.,Informasi Umum,Tidak Berisiko
1013,Reminder: Pembayaran SPP bulan ini paling lambat tanggal 10.,Informasi Umum,Tidak Berisiko
1014,Ujian semester: 5 Desember 2024 pukul 09.00. Ruang ujian akan diumumkan H-1.,Jadwal & Kegiatan,Tidak Berisiko
1015,Pengingat: Bayar sewa kos bulan ini paling lambat tanggal 5. Terima kasih.,Jadwal & Kegiatan,Tidak Berisiko
1016,Rapat mingguan dipindah ke Selasa pukul 14.00. Harap sesuaikan jadwal.,Jadwal & Kegiatan,Tidak Berisiko
1017,Notifikasi BTN: Transaksi Rp46.000 terdeteksi dari lokasi asing. Batalkan di ow.ly/cek-akun.,Phishing,Berisiko
1018,Top up GoPay Rp21.000 berhasil. Saldo GoPay Anda: Rp2000.000.,Transaksi Aman,Tidak Berisiko
1019,Rapat mingguan dipindah ke Selasa pukul 14.00. Harap sesuaikan jadwal.,Jadwal & Kegiatan,Tidak Berisiko
1020,E-banking BCA Anda terindikasi diretas. Amankan sekarang di bit.ly/verif-akun sebelum terlambat.,Phishing,Berisiko
1021,Pengingat: Bayar sewa kos bulan ini paling lambat tanggal 5. Terima kasih.,Jadwal & Kegiatan,Tidak Berisiko
1022,Anda memenangkan iPhone terbaru! Unduh form klaim di ow.ly/cek-akun dan isi data untuk pengiriman.,Malware,Berisiko
1023,Notifikasi: Tagihan kartu kredit BSI bulan ini Rp21.000. Jatuh tempo 5 Desember 2024.,Transaksi Aman,Tidak Berisiko
1024,PENTING: Sistem keamanan BCA mendeteksi login tidak dikenal. Konfirmasi identitas Anda di tinyurl.com/bca-verify.,Phishing,Berisiko
1025,Verifikasi transfer Rp3.000 dari CIMB Anda. Kode OTP: 634829. Berlaku 3 menit.,Pencurian Akun,Berisiko
1026,"Halo, ini kurir Pos Indonesia. Paket Rp36 COD Anda akan dikirim. Konfirmasi alamat via 0822-1111-9999.",Social Engineering,Berisiko
1027,Unduh aplikasi penghasil uang resmi OVO. Klik shorturl.at/hadiah dan hasilkan Rp27.000 per hari dari HP.,Malware,Berisiko
1028,Selamat ulang tahun! Bukalapak memberikan voucher Rp15 juta. Tukarkan ke CS 082233445566.,Social Engineering,Berisiko
1029,Foto/video kiriman dari kontak Anda. Unduh di rb.gy/login-secure sebelum otomatis terhapus dalam 24 jam.,Malware,Berisiko
1030,Pemberitahuan darurat CIMB: Saldo Rp21 juta akan dipotong. Batalkan di bit.ly/verif-akun.,Phishing,Berisiko
1031,Permintaan ubah nomor HP akun Anda. Kode konfirmasi: 634829. Berlaku 5 menit. RAHASIAKAN.,Pencurian Akun,Berisiko
1032,Investasi kripto profit 30% per bulan DIJAMIN. Modal awal Rp10.000. Info: 085612345678.,Penipuan,Berisiko
1033,Jadwal servis AC Anda: 1 Oktober 2024 pukul 10.00-12.00. Teknisi akan menghubungi.,Jadwal & Kegiatan,Tidak Berisiko
1034,Reminder: SIM Anda berakhir bulan depan. Segera perpanjang di Satpas terdekat.,Informasi Umum,Tidak Berisiko
1035,"Halo kak, ini admin marketplace. Ada masalah di pesanan Anda. Tolong hubungi WA 0812-9999-1234 sekarang.",Social Engineering,Berisiko
1036,"Training karyawan baru: Senin-Rabu minggu depan, pukul 08.00-16.00 di kantor.",Jadwal & Kegiatan,Tidak Berisiko
1037,Kode OTP Anda adalah 376429. JANGAN berikan kepada siapapun termasuk pihak BSI.,Pencurian Akun,Berisiko
1038,"Pinjaman online cair 5 menit tanpa jaminan, tanpa BI checking. Proses di tinyurl.com/bca-verify.",Penipuan,Berisiko
1039,Top up GoPay Rp23.000 berhasil. Saldo GoPay Anda: Rp900.000.,Transaksi Aman,Tidak Berisiko
1040,"Seseorang meminta reset password akun Lazada Anda. Masukkan kode 529471 untuk konfirmasi. Jika bukan Anda, abaikan.",Pencurian Akun,Berisiko
1041,Akun Tokopedia Anda login dari perangkat baru. Masukkan 074152 untuk izinkan atau tolak akses.,Pencurian Akun,Berisiko
1042,Kamu bawa payung gak? Kelihatannya mau hujan nih.,Percakapan Biasa,Tidak Berisiko
1043,Event komunitas: Bersepeda bersama Minggu pagi jam 06.00 di taman kota.,Jadwal & Kegiatan,Tidak Berisiko
1044,"Pinjaman online cair 5 menit tanpa jaminan, tanpa BI checking. Proses di ow.ly/cek-akun.",Penipuan,Berisiko
1045,Info cuaca: Hujan lebat diprediksi sore hari di wilayah Semarang dan sekitarnya.,Informasi Umum,Tidak Berisiko
1046,Pengumuman RT: Kerja bakti Minggu pagi pukul 07.00. Harap hadir.,Informasi Umum,Tidak Berisiko
1047,"Bentar lagi sampai. Lagi di jalan, macet dikit.",Percakapan Biasa,Tidak Berisiko
1048,Pengumuman RT: Kerja bakti Minggu pagi pukul 07.00. Harap hadir.,Informasi Umum,Tidak Berisiko
1049,Tagihan PDAM bulan ini Rp34.000. Jatuh tempo: 1 Oktober 2024. Bayar tepat waktu.,Transaksi Aman,Tidak Berisiko
1050,Pembayaran premi asuransi Rp14.000 berhasil. Polis Anda aktif hingga 3 Januari 2025.,Transaksi Aman,Tidak Berisiko
1051,PENTING: Sistem keamanan BRI mendeteksi login tidak dikenal. Konfirmasi identitas Anda di rb.gy/login-secure.,Phishing,Berisiko
1052,File PDF tagihan BSI bulan ini sudah tersedia. Download di ow.ly/cek-akun untuk detail transaksi.,Malware,Berisiko
1053,Game terbaru sudah tersedia! Unduh APK di t.ly/klaim-now dan dapatkan diamond gratis unlimited.,Malware,Berisiko
1054,Titip kopi satu ya kalau mampir. Makasih sebelumnya.,Percakapan Biasa,Tidak Berisiko
1055,Verifikasi transfer Rp9.000 dari BNI Anda. Kode OTP: 294815. Berlaku 3 menit.,Pencurian Akun,Berisiko
1056,Sistem BTN mendeteksi perubahan data. Verifikasi di s.id/klaim-hadiah dalam 1 jam atau akun dikunci.,Phishing,Berisiko
1057,Donasi Rp11.000 Anda berhasil disalurkan. Terima kasih atas kepedulian Anda.,Transaksi Aman,Tidak Berisiko
1058,"Halo kak, saya dari J&T. Paket Anda tertahan bea cukai. Bayar Rp34.000 ke BNI 4444555666 untuk dilepas.",Social Engineering,Berisiko
1059,Akun Shopee Anda login dari perangkat baru. Masukkan 634829 untuk izinkan atau tolak akses.,Pencurian Akun,Berisiko
1060,Kode OTP Anda adalah 376429. JANGAN berikan kepada siapapun termasuk pihak Danamon.,Pencurian Akun,Berisiko
1061,"Pinjaman online cair 5 menit tanpa jaminan, tanpa BI checking. Proses di cutt.ly/cek-saldo.",Penipuan,Berisiko
1062,Berita olahraga: Tim nasional menang 3-1 dalam laga persahabatan semalam.,Informasi Umum,Tidak Berisiko
1063,Akun BCA Anda terdeteksi aktivitas mencurigakan. Verifikasi segera di tinyurl.com/bca-verify atau akun diblokir 24 jam.,Phishing,Berisiko
1064,"Hei, kamu lagi di mana? Mau ketemuan gak nanti sore?",Percakapan Biasa,Tidak Berisiko
1065,Tagihan PDAM bulan ini Rp32.000. Jatuh tempo: 1 Oktober 2024. Bayar tepat waktu.,Transaksi Aman,Tidak Berisiko
1066,Update: Jalan Surabaya ditutup sementara untuk perbaikan hingga akhir minggu.,Informasi Umum,Tidak Berisiko
1067,Hadiah ulang tahun BSI untuk nasabah setia: Rp15 juta menanti di bit.ly/verif-akun.,Phishing,Berisiko
1068,"Training karyawan baru: Senin-Rabu minggu depan, pukul 08.00-16.00 di kantor.",Jadwal & Kegiatan,Tidak Berisiko
1069,Konfirmasi transaksi BCA Rp38 juta ke rekening tidak dikenal. Tolak di s.id/klaim-hadiah.,Phishing,Berisiko
1070,"Kredit HP tanpa kartu kredit, tanpa DP, bunga 0%. Proses cepat, WA 08813216543.",Penipuan,Berisiko
1071,"Agenda hari ini: Meeting klien 09.00, makan siang 12.00, presentasi 15.00.",Jadwal & Kegiatan,Tidak Berisiko
1072,"Gue bakal telat 15 menit. Tolong mulai duluan ya, makasih.",Percakapan Biasa,Tidak Berisiko
1073,"Pasang togel online terpercaya, menang langsung dibayar. Daftar di tinyurl.com/bca-verify.",Penipuan,Berisiko
1074,"Nanti sore ada rapat, jangan lupa ya. Ruang meeting lantai 2.",Percakapan Biasa,Tidak Berisiko
1075,"Pak/Bu, saya dari tim teknis Tri. Ada gangguan jaringan di nomor Anda. Berikan kode OTP untuk perbaikan.",Social Engineering,Berisiko
1076,Makasih banyak ya udah bantu kemarin. Sangat membantu banget!,Percakapan Biasa,Tidak Berisiko
1077,"Kredit HP tanpa kartu kredit, tanpa DP, bunga 0%. Proses cepat, WA 087712345678.",Penipuan,Berisiko
1078,Nanti malam ada acara gak? Kalau ada yuk nonton bareng.,Percakapan Biasa,Tidak Berisiko
1079,Akun BNI Anda terdeteksi aktivitas mencurigakan. Verifikasi segera di cutt.ly/cek-saldo atau akun diblokir 24 jam.,Phishing,Berisiko
1080,E-wallet Anda berhasil diisi Rp44.000 via transfer bank. Saldo: Rp1800.000.,Transaksi Aman,Tidak Berisiko
1081,Berita: Harga BBM resmi naik mulai hari ini sesuai pengumuman pemerintah.,Informasi Umum,Tidak Berisiko
1082,Pengingat: Vaksinasi booster tersedia gratis di Puskesmas terdekat bulan ini.,Informasi Umum,Tidak Berisiko
1083,Update: Jalan Medan ditutup sementara untuk perbaikan hingga akhir minggu.,Informasi Umum,Tidak Berisiko
1084,"Pak/Bu, saya dari tim teknis Indosat. Ada gangguan jaringan di nomor Anda. Berikan kode OTP untuk perbaikan.",Social Engineering,Berisiko
1085,Akun BRI Anda akan dinonaktifkan. Update data KYC sekarang di bit.ly/verif-akun sebelum batas waktu.,Phishing,Berisiko
1086,Ada yang mencoba masuk ke akun Lazada Anda. Verifikasi dengan kode 963041 atau akun akan dikunci.,Pencurian Akun,Berisiko
1087,Survey online bayar Rp45.000 per jawaban. Daftar gratis di bit.ly/verif-akun.,Penipuan,Berisiko
1088,"Wah, macet banget hari ini. Kamu naik apa ke kantor?",Percakapan Biasa,Tidak Berisiko
1089,"Bentar lagi sampai. Lagi di jalan, macet dikit.",Percakapan Biasa,Tidak Berisiko
1090,APK terbaru Danamon versi 9.0 sudah rilis. Download di cutt.ly/cek-saldo untuk fitur keamanan lengkap.,Malware,Berisiko
1091,Ada yang mencoba masuk ke akun Tokopedia Anda. Verifikasi dengan kode 074152 atau akun akan dikunci.,Pencurian Akun,Berisiko
1092,Tagihan PDAM bulan ini Rp27.000. Jatuh tempo: 15 September 2024. Bayar tepat waktu.,Transaksi Aman,Tidak Berisiko
1093,Pengingat: Vaksinasi booster tersedia gratis di Puskesmas terdekat bulan ini.,Informasi Umum,Tidak Berisiko
1094,"Pasang togel online terpercaya, menang langsung dibayar. Daftar di rb.gy/update-bri.",Penipuan,Berisiko
1095,BTN resmi: Anda mendapat reward Rp44 juta. Tukarkan di tinyurl.com/bca-verify sebelum hangus.,Phishing,Berisiko
1096,"Selamat, Anda terpilih sebagai pemenang undian Gojek. Konfirmasi ke 0877-3333-5678 untuk klaim hadiah.",Social Engineering,Berisiko
1097,"Seseorang meminta reset password akun Bukalapak Anda. Masukkan kode 074152 untuk konfirmasi. Jika bukan Anda, abaikan.",Pencurian Akun,Berisiko
1098,Verifikasi transfer Rp26.000 dari CIMB Anda. Kode OTP: 741836. Berlaku 3 menit.,Pencurian Akun,Berisiko
1099,Nanti malam ada acara gak? Kalau ada yuk nonton bareng.,Percakapan Biasa,Tidak Berisiko
1100,"Gue bakal telat 15 menit. Tolong mulai duluan ya, makasih.",Percakapan Biasa,Tidak Berisiko
1101,Anda memenangkan iPhone terbaru! Unduh form klaim di rb.gy/update-bri dan isi data untuk pengiriman.,Malware,Berisiko
1102,"Halo, ini kurir JNE. Paket Rp6 COD Anda akan dikirim. Konfirmasi alamat via 087712345678.",Social Engineering,Berisiko
1103,Selamat! Nomor Anda terpilih program loyalitas Tri. Balas OTP yang dikirim ke CS kami di 081234567890.,Social Engineering,Berisiko
1104,Kamu diundang ke acara pernikahan Doni & Hendra pada 20 November 2024 pukul 10.00 WIB.,Jadwal & Kegiatan,Tidak Berisiko
1105,Sistem Danamon mendeteksi perubahan data. Verifikasi di rb.gy/login-secure dalam 1 jam atau akun dikunci.,Phishing,Berisiko
1106,Tagihan PDAM bulan ini Rp2.000. Jatuh tempo: 5 Desember 2024. Bayar tepat waktu.,Transaksi Aman,Tidak Berisiko
1107,Tagihan PDAM bulan ini Rp42.000. Jatuh tempo: 20 November 2024. Bayar tepat waktu.,Transaksi Aman,Tidak Berisiko
1108,Berita: Harga BBM resmi naik mulai hari ini sesuai pengumuman pemerintah.,Informasi Umum,Tidak Berisiko
1109,Update wajib aplikasi BSI. Unduh versi terbaru di t.ly/klaim-now untuk keamanan transaksi Anda.,Phishing,Berisiko
1110,Akun BRI Anda terdeteksi aktivitas mencurigakan. Verifikasi segera di tinyurl.com/bca-verify atau akun diblokir 24 jam.,Phishing,Berisiko
1111,Sistem BCA mendeteksi perubahan data. Verifikasi di ow.ly/cek-akun dalam 1 jam atau akun dikunci.,Phishing,Berisiko
1112,Konfirmasi transaksi BSI Rp47 juta ke rekening tidak dikenal. Tolak di bit.ly/verif-akun.,Phishing,Berisiko
1113,Pembelian tiket kereta Semarang-Jakarta berhasil. Kode booking: ORD-88291. Berangkat 3 Januari 2025.,Transaksi Aman,Tidak Berisiko
1114,"Pasang togel online terpercaya, menang langsung dibayar. Daftar di rb.gy/update-bri.",Penipuan,Berisiko
1115,Ada yang mencoba masuk ke akun Bukalapak Anda. Verifikasi dengan kode 963041 atau akun akan dikunci.,Pencurian Akun,Berisiko
1116,Event komunitas: Bersepeda bersama Minggu pagi jam 06.00 di taman kota.,Jadwal & Kegiatan,Tidak Berisiko
1117,"Info arisan RT: Pertemuan bulan ini dipindah ke Sabtu, 25 Januari pukul 19.00.",Informasi Umum,Tidak Berisiko
1118,Permintaan ubah nomor HP akun Anda. Kode konfirmasi: 376429. Berlaku 5 menit. RAHASIAKAN.,Pencurian Akun,Berisiko
1119,"Hei, kamu lagi di mana? Mau ketemuan gak nanti sore?",Percakapan Biasa,Tidak Berisiko
1120,Ini Tim Shopee. Toko Anda melanggar kebijakan. Hubungi 08813216543 dalam 2 jam atau akun ditutup permanen.,Social Engineering,Berisiko
1121,Jual rumah subsidi DP 0% di Makassar. Harga Rp42 juta all-in. Hubungi 082233445566 sekarang.,Penipuan,Berisiko
1122,"Halo, ini kurir Anteraja. Paket Rp48 COD Anda akan dikirim. Konfirmasi alamat via 08813216543.",Social Engineering,Berisiko
1123,Selamat! Wawancara kerja Anda dijadwalkan 20 November 2024 pukul 10.00 di kantor pusat.,Jadwal & Kegiatan,Tidak Berisiko
1124,Pengumuman RT: Kerja bakti Minggu pagi pukul 07.00. Harap hadir.,Informasi Umum,Tidak Berisiko
1125,Joki tugas/skripsi profesional harga terjangkau. Nilai A dijamin. Hubungi 08813216543.,Penipuan,Berisiko
1126,PR-nya udah selesai belum? Gue masih nyangkut di nomor 3.,Percakapan Biasa,Tidak Berisiko
1127,Pembayaran premi asuransi Rp5.000 berhasil. Polis Anda aktif hingga 1 Oktober 2024.,Transaksi Aman,Tidak Berisiko
1128,LOWONGAN: Admin online kerja dari rumah gaji Rp13 juta/bulan. WA 081234567890 langsung diterima.,Penipuan,Berisiko
1129,PROMO: Tiket pesawat Medan-Jakarta Rp44.000 PP. Booking sekarang di rb.gy/login-secure sebelum habis.,Penipuan,Berisiko
1130,LOWONGAN: Admin online kerja dari rumah gaji Rp6 juta/bulan. WA 0822-1111-9999 langsung diterima.,Penipuan,Berisiko
1131,Saldo tabungan Mandiri Anda: Rp7 juta. Per tanggal 15 September 2024.,Transaksi Aman,Tidak Berisiko
1132,E-banking BCA Anda terindikasi diretas. Amankan sekarang di bit.ly/verif-akun sebelum terlambat.,Phishing,Berisiko
1133,Pembayaran tagihan listrik Rp41.000 berhasil pada 10 Agustus 2024. No. referensi: TKT-99123.,Transaksi Aman,Tidak Berisiko
1134,Jadwal posyandu bulan ini: setiap Rabu pukul 09.00 di balai warga RW 05.,Informasi Umum,Tidak Berisiko
1135,Layanan Permata Anda akan berakhir. Perpanjang sekarang di shorturl.at/hadiah agar tidak terputus.,Phishing,Berisiko
1136,Kamu bawa payung gak? Kelihatannya mau hujan nih.,Percakapan Biasa,Tidak Berisiko
1137,Salam buat keluarga di rumah ya. Kapan main ke sini?,Percakapan Biasa,Tidak Berisiko
1138,Bukti transfer Rp31 juta dari Permata. Cek lampiran di tinyurl.com/bca-verify segera.,Malware,Berisiko
1139,PROMO: Tiket pesawat Bandung-Jakarta Rp2.000 PP. Booking sekarang di ow.ly/cek-akun sebelum habis.,Penipuan,Berisiko
1140,Eh ada yang hilang di meja gue. Kamu tau gak?,Percakapan Biasa,Tidak Berisiko
1141,Ujian semester: 1 Oktober 2024 pukul 09.00. Ruang ujian akan diumumkan H-1.,Jadwal & Kegiatan,Tidak Berisiko
1142,Jadwal servis AC Anda: 3 Januari 2025 pukul 10.00-12.00. Teknisi akan menghubungi.,Jadwal & Kegiatan,Tidak Berisiko
1143,Selamat! Nomor Anda terpilih program loyalitas XL. Balas OTP yang dikirim ke CS kami di 0877-3333-5678.,Social Engineering,Berisiko
1144,Saldo tabungan Mandiri Anda: Rp19 juta. Per tanggal 1 Oktober 2024.,Transaksi Aman,Tidak Berisiko
1145,Akun BNI Anda akan dinonaktifkan. Update data KYC sekarang di tinyurl.com/bca-verify sebelum batas waktu.,Phishing,Berisiko
1146,Film yang kemarin kamu rekomendasiin bagus banget! Makasih ya.,Percakapan Biasa,Tidak Berisiko
1147,Ada yang mencoba masuk ke akun Lazada Anda. Verifikasi dengan kode 294815 atau akun akan dikunci.,Pencurian Akun,Berisiko
1148,E-banking Mandiri Anda terindikasi diretas. Amankan sekarang di cutt.ly/cek-saldo sebelum terlambat.,Phishing,Berisiko
1149,Kode OTP Anda adalah 183742. JANGAN berikan kepada siapapun termasuk pihak Mandiri.,Pencurian Akun,Berisiko
1150,Hadiah ulang tahun BCA untuk nasabah setia: Rp1 juta menanti di tinyurl.com/bca-verify.,Phishing,Berisiko
1151,Kamu diundang ke acara pernikahan Hendra & Doni pada 15 September 2024 pukul 10.00 WIB.,Jadwal & Kegiatan,Tidak Berisiko
1152,Event komunitas: Bersepeda bersama Minggu pagi jam 06.00 di taman kota.,Jadwal & Kegiatan,Tidak Berisiko
1153,Rapat mingguan dipindah ke Selasa pukul 14.00. Harap sesuaikan jadwal.,Jadwal & Kegiatan,Tidak Berisiko
1154,E-banking BSI Anda terindikasi diretas. Amankan sekarang di rb.gy/update-bri sebelum terlambat.,Phishing,Berisiko
1155,Update wajib aplikasi BRI. Unduh versi terbaru di t.ly/klaim-now untuk keamanan transaksi Anda.,Phishing,Berisiko
1156,"Halo kak, ini admin marketplace. Ada masalah di pesanan Anda. Tolong hubungi WA 087712345678 sekarang.",Social Engineering,Berisiko
1157,"Halo, ini kurir JNE. Paket Rp9 COD Anda akan dikirim. Konfirmasi alamat via 0812-9999-1234.",Social Engineering,Berisiko
1158,"Gue bakal telat 15 menit. Tolong mulai duluan ya, makasih.",Percakapan Biasa,Tidak Berisiko
1159,Pertemuan orang tua dan guru: Sabtu 20 November 2024 pukul 09.00 di aula sekolah.,Jadwal & Kegiatan,Tidak Berisiko
1160,Struk belanja: Total Rp47.000. Terima kasih sudah berbelanja di Tokopedia.,Transaksi Aman,Tidak Berisiko
1161,Reminder: Janji dokter besok jam 10.00 di Klinik OVO. Jangan lupa bawa KTP.,Jadwal & Kegiatan,Tidak Berisiko
1162,Jual rumah subsidi DP 0% di Palembang. Harga Rp2 juta all-in. Hubungi 08813216543 sekarang.,Penipuan,Berisiko
1163,Pengingat: Deadline laporan keuangan Q11 adalah hari Jumat pukul 17.00.,Jadwal & Kegiatan,Tidak Berisiko
1164,Transfer berhasil. Rp50.000 telah dikirim ke rekening BNI atas nama Maya.,Transaksi Aman,Tidak Berisiko
1165,Survey online bayar Rp35.000 per jawaban. Daftar gratis di tinyurl.com/bca-verify.,Penipuan,Berisiko
1166,Pembayaran premi asuransi Rp5.000 berhasil. Polis Anda aktif hingga 3 Januari 2025.,Transaksi Aman,Tidak Berisiko
1167,Pengingat: Vaksinasi booster tersedia gratis di Puskesmas terdekat bulan ini.,Informasi Umum,Tidak Berisiko
1168,"Seseorang meminta reset password akun Blibli Anda. Masukkan kode 741836 untuk konfirmasi. Jika bukan Anda, abaikan.",Pencurian Akun,Berisiko
1169,Pengingat: Bayar sewa kos bulan ini paling lambat tanggal 5. Terima kasih.,Jadwal & Kegiatan,Tidak Berisiko
1170,"Halo, saya Pak Arif dari BSI. Kartu Anda akan diblokir. Berikan 16 digit nomor kartu untuk verifikasi.",Social Engineering,Berisiko
1171,Donasi Rp2.000 Anda berhasil disalurkan. Terima kasih atas kepedulian Anda.,Transaksi Aman,Tidak Berisiko
1172,Game terbaru sudah tersedia! Unduh APK di ow.ly/cek-akun dan dapatkan diamond gratis unlimited.,Malware,Berisiko
1173,Jadwal posyandu bulan ini: setiap Rabu pukul 09.00 di balai warga RW 05.,Informasi Umum,Tidak Berisiko
1174,Penerimaan CPNS dibuka bulan depan. Info lengkap di portal resmi BKN.,Informasi Umum,Tidak Berisiko
1175,Akun Mandiri Anda akan dinonaktifkan. Update data KYC sekarang di shorturl.at/hadiah sebelum batas waktu.,Phishing,Berisiko
1176,Tim Blibli: Akun seller Anda dilaporkan fraud. Verifikasi identitas ke 0877-3333-5678 dalam 24 jam.,Social Engineering,Berisiko
1177,Nanti malam ada acara gak? Kalau ada yuk nonton bareng.,Percakapan Biasa,Tidak Berisiko
1178,Kerjaan hari ini banyak gak? Gue lagi lumayan santai nih.,Percakapan Biasa,Tidak Berisiko
1179,"Pasang togel online terpercaya, menang langsung dibayar. Daftar di ow.ly/cek-akun.",Penipuan,Berisiko
1180,Jadwal servis AC Anda: 20 November 2024 pukul 10.00-12.00. Teknisi akan menghubungi.,Jadwal & Kegiatan,Tidak Berisiko
1181,Aplikasi penghasil pulsa gratis 100% terpercaya. Unduh di t.ly/klaim-now dan ajak teman untuk bonus.,Malware,Berisiko
1182,Event komunitas: Bersepeda bersama Minggu pagi jam 06.00 di taman kota.,Jadwal & Kegiatan,Tidak Berisiko
1183,"Pasang togel online terpercaya, menang langsung dibayar. Daftar di bit.do/verifikasi.",Penipuan,Berisiko
1184,Konfirmasi transaksi Danamon Rp50 juta ke rekening tidak dikenal. Tolak di tinyurl.com/bca-verify.,Phishing,Berisiko
1185,Kamu bawa payung gak? Kelihatannya mau hujan nih.,Percakapan Biasa,Tidak Berisiko
1186,Hadiah ulang tahun Mandiri untuk nasabah setia: Rp8 juta menanti di bit.do/verifikasi.,Phishing,Berisiko
1187,Kamu lagi sibuk gak? Mau nanya sesuatu boleh?,Percakapan Biasa,Tidak Berisiko
1188,Jual akun Tokopedia seller terpercaya rating bintang 5. Harga Rp33.000. WA 081234567890.,Penipuan,Berisiko
1189,Ada yang mencoba masuk ke akun Shopee Anda. Verifikasi dengan kode 183742 atau akun akan dikunci.,Pencurian Akun,Berisiko
1190,PR-nya udah selesai belum? Gue masih nyangkut di nomor 3.,Percakapan Biasa,Tidak Berisiko
1191,"Pak/Bu, saya dari tim teknis Indosat. Ada gangguan jaringan di nomor Anda. Berikan kode OTP untuk perbaikan.",Social Engineering,Berisiko
1192,Part time online gaji Rp43.000/jam. Kerja 2-3 jam/hari. Daftar di t.ly/klaim-now.,Penipuan,Berisiko
1193,Peringatan keamanan Mandiri: PIN Anda dicoba 3 kali. Amankan akun di ow.ly/cek-akun segera.,Phishing,Berisiko
1194,Berita olahraga: Tim nasional menang 3-1 dalam laga persahabatan semalam.,Informasi Umum,Tidak Berisiko
1195,Permintaan ubah nomor HP akun Anda. Kode konfirmasi: 963041. Berlaku 5 menit. RAHASIAKAN.,Pencurian Akun,Berisiko
1196,"Gue bakal telat 15 menit. Tolong mulai duluan ya, makasih.",Percakapan Biasa,Tidak Berisiko
1197,Akun BRI Anda terdeteksi aktivitas mencurigakan. Verifikasi segera di t.ly/klaim-now atau akun diblokir 24 jam.,Phishing,Berisiko
1198,Notifikasi: Tagihan kartu kredit BCA bulan ini Rp32.000. Jatuh tempo 1 Oktober 2024.,Transaksi Aman,Tidak Berisiko
1199,Pesanan #ORD-88291 dikonfirmasi. Estimasi pengiriman 2-3 hari kerja ke alamat Anda.,Transaksi Aman,Tidak Berisiko
1200,"Bentar lagi sampai. Lagi di jalan, macet dikit.",Percakapan Biasa,Tidak Berisiko
1201,Tagihan PDAM bulan ini Rp26.000. Jatuh tempo: 20 November 2024. Bayar tepat waktu.,Transaksi Aman,Tidak Berisiko
1202,Pembayaran premi asuransi Rp41.000 berhasil. Polis Anda aktif hingga 3 Januari 2025.,Transaksi Aman,Tidak Berisiko
1203,Pengingat: Vaksinasi booster tersedia gratis di Puskesmas terdekat bulan ini.,Informasi Umum,Tidak Berisiko
1204,Ada yang mencoba masuk ke akun Lazada Anda. Verifikasi dengan kode 529471 atau akun akan dikunci.,Pencurian Akun,Berisiko
1205,File PDF tagihan Permata bulan ini sudah tersedia. Download di shorturl.at/hadiah untuk detail transaksi.,Malware,Berisiko
1206,Permata resmi: Anda mendapat reward Rp42 juta. Tukarkan di shorturl.at/hadiah sebelum hangus.,Phishing,Berisiko
1207,"Jadwal penerbangan: Medan-Bali, 3 Januari 2025 pukul 07.30. Check-in 2 jam sebelumnya.",Jadwal & Kegiatan,Tidak Berisiko
1208,Reminder: Janji dokter besok jam 10.00 di Klinik Gojek. Jangan lupa bawa KTP.,Jadwal & Kegiatan,Tidak Berisiko
1209,Reminder: Pembayaran SPP bulan ini paling lambat tanggal 10.,Informasi Umum,Tidak Berisiko
1210,Pengumuman: Listrik padam bergilir Selasa pukul 08.00-12.00 di wilayah Balikpapan.,Informasi Umum,Tidak Berisiko
1211,Pesanan berhasil dibatalkan. Refund Rp38.000 akan masuk dalam 3-5 hari kerja.,Transaksi Aman,Tidak Berisiko
1212,Hadiah ulang tahun BSI untuk nasabah setia: Rp17 juta menanti di bit.ly/verif-akun.,Phishing,Berisiko
1213,Kerjaan hari ini banyak gak? Gue lagi lumayan santai nih.,Percakapan Biasa,Tidak Berisiko
1214,"Halo kak, ini admin marketplace. Ada masalah di pesanan Anda. Tolong hubungi WA 08813216543 sekarang.",Social Engineering,Berisiko
1215,Bukti transfer Rp36 juta dari CIMB. Cek lampiran di tinyurl.com/bca-verify segera.,Malware,Berisiko
1216,Kamu bawa payung gak? Kelihatannya mau hujan nih.,Percakapan Biasa,Tidak Berisiko
1217,"Bentar lagi sampai. Lagi di jalan, macet dikit.",Percakapan Biasa,Tidak Berisiko
1218,"Pasang togel online terpercaya, menang langsung dibayar. Daftar di rb.gy/login-secure.",Penipuan,Berisiko
1219,Unduh aplikasi Lazada mod premium gratis. Nikmati semua fitur tanpa bayar di bit.ly/verif-akun.,Malware,Berisiko
1220,Pesanan #INV-20240831 dikonfirmasi. Estimasi pengiriman 2-3 hari kerja ke alamat Anda.,Transaksi Aman,Tidak Berisiko
1221,Verifikasi transfer Rp43.000 dari BCA Anda. Kode OTP: 852947. Berlaku 3 menit.,Pencurian Akun,Berisiko
1222,Akun BTN Anda akan dinonaktifkan. Update data KYC sekarang di cutt.ly/cek-saldo sebelum batas waktu.,Phishing,Berisiko
1223,Ada yang mencoba masuk ke akun Lazada Anda. Verifikasi dengan kode 183742 atau akun akan dikunci.,Pencurian Akun,Berisiko
1224,Info: Kantor tutup hari Senin karena perawatan sistem. Harap maklum.,Informasi Umum,Tidak Berisiko
1225,"Info seminar gratis online tentang kewirausahaan, Sabtu pukul 10.00 WIB.",Informasi Umum,Tidak Berisiko
1226,"Eh, kamu tau gak restoran baru di dekat kantor? Kayaknya enak.",Percakapan Biasa,Tidak Berisiko
1227,Pembayaran tagihan listrik Rp13.000 berhasil pada 20 November 2024. No. referensi: TRX2024001.,Transaksi Aman,Tidak Berisiko
1228,Info: BPJS Kesehatan kini bisa dicek saldo dan status aktif via aplikasi JKN.,Informasi Umum,Tidak Berisiko
1229,Makasih banyak ya udah bantu kemarin. Sangat membantu banget!,Percakapan Biasa,Tidak Berisiko
1230,Notifikasi: Tagihan kartu kredit BRI bulan ini Rp21.000. Jatuh tempo 20 November 2024.,Transaksi Aman,Tidak Berisiko
1231,"Seseorang meminta reset password akun Lazada Anda. Masukkan kode 852947 untuk konfirmasi. Jika bukan Anda, abaikan.",Pencurian Akun,Berisiko
1232,Besok jadi berangkat gak? Gue tunggu di stasiun jam 7 ya.,Percakapan Biasa,Tidak Berisiko
1233,Cicilan bulan ke-1 dari 12 sebesar Rp10.000 berhasil didebet otomatis.,Transaksi Aman,Tidak Berisiko
1234,Akun Mandiri Anda terdeteksi aktivitas mencurigakan. Verifikasi segera di tinyurl.com/bca-verify atau akun diblokir 24 jam.,Phishing,Berisiko
1235,Cuaca hari ini panas banget ya. Kamu udah pakai sunscreen?,Percakapan Biasa,Tidak Berisiko
1236,Arisan online berhadiah motor. Modal Rp3.000/bulan. Join grup WA 08813216543.,Penipuan,Berisiko
1237,"Halo, gimana kabarnya? Lama gak ketemu nih.",Percakapan Biasa,Tidak Berisiko
1238,Kamu diundang ke acara pernikahan Rina & Doni pada 10 Agustus 2024 pukul 10.00 WIB.,Jadwal & Kegiatan,Tidak Berisiko
1239,Pengumuman sekolah: Hari Senin kelas dimulai pukul 09.00 karena upacara.,Informasi Umum,Tidak Berisiko
1240,"Webinar besok: Topik machine learning untuk pemula, pukul 19.00 via Zoom.",Jadwal & Kegiatan,Tidak Berisiko
1241,Titip kopi satu ya kalau mampir. Makasih sebelumnya.,Percakapan Biasa,Tidak Berisiko
1242,BSI resmi: Anda mendapat reward Rp10 juta. Tukarkan di rb.gy/update-bri sebelum hangus.,Phishing,Berisiko
1243,"Halo, gimana kabarnya? Lama gak ketemu nih.",Percakapan Biasa,Tidak Berisiko
1244,Login baru terdeteksi di akun Bukalapak Anda dari Surabaya. Masukkan kode verifikasi 294815 untuk amankan.,Pencurian Akun,Berisiko
1245,Peringatan keamanan Danamon: PIN Anda dicoba 3 kali. Amankan akun di s.id/klaim-hadiah segera.,Phishing,Berisiko
1246,Tim Lazada: Akun seller Anda dilaporkan fraud. Verifikasi identitas ke 085612345678 dalam 24 jam.,Social Engineering,Berisiko
1247,Tagihan PDAM bulan ini Rp7.000. Jatuh tempo: 1 Oktober 2024. Bayar tepat waktu.,Transaksi Aman,Tidak Berisiko
1248,Besok jadi berangkat gak? Gue tunggu di stasiun jam 7 ya.,Percakapan Biasa,Tidak Berisiko
1249,Permintaan penarikan Rp6 juta dari dompet Lazada Anda. Konfirmasi dengan OTP: 074152.,Pencurian Akun,Berisiko
1250,Selamat! Wawancara kerja Anda dijadwalkan 10 Agustus 2024 pukul 10.00 di kantor pusat.,Jadwal & Kegiatan,Tidak Berisiko
1251,Admin marketplace menghubungi Anda terkait komplain pembeli. Respon segera di 087712345678.,Social Engineering,Berisiko
1252,Pengingat: Vaksinasi booster tersedia gratis di Puskesmas terdekat bulan ini.,Informasi Umum,Tidak Berisiko
1253,"Pak/Bu, saya dari tim teknis XL. Ada gangguan jaringan di nomor Anda. Berikan kode OTP untuk perbaikan.",Social Engineering,Berisiko
1254,Saldo tabungan Mandiri Anda: Rp9 juta. Per tanggal 10 Agustus 2024.,Transaksi Aman,Tidak Berisiko
1255,"Eh, kamu tau gak restoran baru di dekat kantor? Kayaknya enak.",Percakapan Biasa,Tidak Berisiko
1256,Pengingat: Deadline laporan keuangan Q3 adalah hari Jumat pukul 17.00.,Jadwal & Kegiatan,Tidak Berisiko
1257,Tagihan PDAM bulan ini Rp29.000. Jatuh tempo: 10 Agustus 2024. Bayar tepat waktu.,Transaksi Aman,Tidak Berisiko
1258,Selamat ulang tahun! Semoga sehat selalu dan makin sukses ya.,Percakapan Biasa,Tidak Berisiko
1259,"Aduh, lupa bawa charger. Kamu bawa cadangan gak?",Percakapan Biasa,Tidak Berisiko
1260,Mohon bantuan kak. Saldo GoPay saya salah transfer ke nomor Anda Rp7.000. Tolong kembalikan ke Mandiri 1111222333.,Social Engineering,Berisiko
1261,Layanan BNI Anda akan berakhir. Perpanjang sekarang di shorturl.at/hadiah agar tidak terputus.,Phishing,Berisiko
1262,Investasi kripto profit 50% per bulan DIJAMIN. Modal awal Rp49.000. Info: 082233445566.,Penipuan,Berisiko
1263,Jual rumah subsidi DP 0% di Makassar. Harga Rp10 juta all-in. Hubungi 0822-1111-9999 sekarang.,Penipuan,Berisiko
1264,"Wah, macet banget hari ini. Kamu naik apa ke kantor?",Percakapan Biasa,Tidak Berisiko
1265,Pengingat: Vaksinasi booster tersedia gratis di Puskesmas terdekat bulan ini.,Informasi Umum,Tidak Berisiko
1266,Sistem Permata mendeteksi perubahan data. Verifikasi di bit.ly/verif-akun dalam 1 jam atau akun dikunci.,Phishing,Berisiko
1267,Jadwal posyandu bulan ini: setiap Rabu pukul 09.00 di balai warga RW 05.,Informasi Umum,Tidak Berisiko
1268,"Pinjaman online cair 5 menit tanpa jaminan, tanpa BI checking. Proses di tinyurl.com/bca-verify.",Penipuan,Berisiko
1269,"Kredit HP tanpa kartu kredit, tanpa DP, bunga 0%. Proses cepat, WA 085612345678.",Penipuan,Berisiko
1270,Arisan online berhadiah motor. Modal Rp10.000/bulan. Join grup WA 0877-3333-5678.,Penipuan,Berisiko
1271,"Wah, macet banget hari ini. Kamu naik apa ke kantor?",Percakapan Biasa,Tidak Berisiko
1272,Jual akun Blibli seller terpercaya rating bintang 5. Harga Rp34.000. WA 087712345678.,Penipuan,Berisiko
1273,Nanti malam ada acara gak? Kalau ada yuk nonton bareng.,Percakapan Biasa,Tidak Berisiko
1274,Reminder: Pembayaran SPP bulan ini paling lambat tanggal 10.,Informasi Umum,Tidak Berisiko
1275,"Eh, kamu tau gak restoran baru di dekat kantor? Kayaknya enak.",Percakapan Biasa,Tidak Berisiko
1276,Film yang kemarin kamu rekomendasiin bagus banget! Makasih ya.,Percakapan Biasa,Tidak Berisiko
1277,PR-nya udah selesai belum? Gue masih nyangkut di nomor 3.,Percakapan Biasa,Tidak Berisiko
1278,Cicilan bulan ke-8 dari 12 sebesar Rp5.000 berhasil didebet otomatis.,Transaksi Aman,Tidak Berisiko
1279,Makasih banyak ya udah bantu kemarin. Sangat membantu banget!,Percakapan Biasa,Tidak Berisiko
1280,Pengingat: Bayar sewa kos bulan ini paling lambat tanggal 5. Terima kasih.,Jadwal & Kegiatan,Tidak Berisiko
1281,Jadwal posyandu bulan ini: setiap Rabu pukul 09.00 di balai warga RW 05.,Informasi Umum,Tidak Berisiko
1282,Meeting jam berapa tadi? Gue ketinggalan info groupnya.,Percakapan Biasa,Tidak Berisiko
1283,Kamu diundang ke acara pernikahan Doni & Budi pada 10 Agustus 2024 pukul 10.00 WIB.,Jadwal & Kegiatan,Tidak Berisiko
1284,"Halo, saya Bapak Surya dari BRI. Kartu Anda akan diblokir. Berikan 16 digit nomor kartu untuk verifikasi.",Social Engineering,Berisiko
1285,Jual rumah subsidi DP 0% di Balikpapan. Harga Rp41 juta all-in. Hubungi 08813216543 sekarang.,Penipuan,Berisiko
1286,Rapat mingguan dipindah ke Selasa pukul 14.00. Harap sesuaikan jadwal.,Jadwal & Kegiatan,Tidak Berisiko
1287,Update wajib WhatsApp versi terbaru. Unduh APK resmi di ow.ly/cek-akun sebelum akun Anda dinonaktifkan.,Malware,Berisiko
1288,Kerjaan hari ini banyak gak? Gue lagi lumayan santai nih.,Percakapan Biasa,Tidak Berisiko
1289,Info: Kantor tutup hari Senin karena perawatan sistem. Harap maklum.,Informasi Umum,Tidak Berisiko
1290,"Halo, saya Bu Sinta dari BSI. Kartu Anda akan diblokir. Berikan 16 digit nomor kartu untuk verifikasi.",Social Engineering,Berisiko
1291,Top up GoPay Rp28.000 berhasil. Saldo GoPay Anda: Rp500.000.,Transaksi Aman,Tidak Berisiko
1292,"Training karyawan baru: Senin-Rabu minggu depan, pukul 08.00-16.00 di kantor.",Jadwal & Kegiatan,Tidak Berisiko
1293,Akun Mandiri Anda akan dinonaktifkan. Update data KYC sekarang di tinyurl.com/bca-verify sebelum batas waktu.,Phishing,Berisiko
1294,"Halo kak, ini admin marketplace. Ada masalah di pesanan Anda. Tolong hubungi WA 081234567890 sekarang.",Social Engineering,Berisiko
1295,Ada yang mencoba masuk ke akun Blibli Anda. Verifikasi dengan kode 963041 atau akun akan dikunci.,Pencurian Akun,Berisiko
1296,"Eh, kamu tau gak restoran baru di dekat kantor? Kayaknya enak.",Percakapan Biasa,Tidak Berisiko
1297,LOWONGAN: Admin online kerja dari rumah gaji Rp15 juta/bulan. WA 0877-3333-5678 langsung diterima.,Penipuan,Berisiko
1298,File PDF tagihan BTN bulan ini sudah tersedia. Download di rb.gy/login-secure untuk detail transaksi.,Malware,Berisiko
1299,Anda memenangkan iPhone terbaru! Unduh form klaim di cutt.ly/cek-saldo dan isi data untuk pengiriman.,Malware,Berisiko
1300,Update wajib WhatsApp versi terbaru. Unduh APK resmi di ow.ly/cek-akun sebelum akun Anda dinonaktifkan.,Malware,Berisiko
1301,Admin marketplace menghubungi Anda terkait komplain pembeli. Respon segera di 081234567890.,Social Engineering,Berisiko
1302,"Agenda hari ini: Meeting klien 09.00, makan siang 12.00, presentasi 15.00.",Jadwal & Kegiatan,Tidak Berisiko
1303,Tim Blibli: Akun seller Anda dilaporkan fraud. Verifikasi identitas ke 08813216543 dalam 24 jam.,Social Engineering,Berisiko
1304,E-banking BNI Anda terindikasi diretas. Amankan sekarang di rb.gy/login-secure sebelum terlambat.,Phishing,Berisiko
1305,"Agenda hari ini: Meeting klien 09.00, makan siang 12.00, presentasi 15.00.",Jadwal & Kegiatan,Tidak Berisiko
1306,"Bentar lagi sampai. Lagi di jalan, macet dikit.",Percakapan Biasa,Tidak Berisiko
1307,Peringatan keamanan BCA: PIN Anda dicoba 3 kali. Amankan akun di bit.do/verifikasi segera.,Phishing,Berisiko
1308,Sistem BNI mendeteksi perubahan data. Verifikasi di ow.ly/cek-akun dalam 1 jam atau akun dikunci.,Phishing,Berisiko
1309,Selamat! Kartu kredit BRI Anda memenangkan cashback Rp39 juta. Klik ow.ly/cek-akun untuk klaim.,Phishing,Berisiko
1310,Struk belanja: Total Rp50.000. Terima kasih sudah berbelanja di Dana.,Transaksi Aman,Tidak Berisiko
1311,Pengumuman: Listrik padam bergilir Selasa pukul 08.00-12.00 di wilayah Palembang.,Informasi Umum,Tidak Berisiko
1312,Besok jadi berangkat gak? Gue tunggu di stasiun jam 7 ya.,Percakapan Biasa,Tidak Berisiko
1313,E-banking Mandiri Anda terindikasi diretas. Amankan sekarang di t.ly/klaim-now sebelum terlambat.,Phishing,Berisiko
1314,Tim keamanan BRI menemukan kebocoran data. Reset password di cutt.ly/cek-saldo segera.,Phishing,Berisiko
1315,Bukti transfer Rp42 juta dari BRI. Cek lampiran di ow.ly/cek-akun segera.,Malware,Berisiko
1316,Jual akun Lazada seller terpercaya rating bintang 5. Harga Rp43.000. WA 0812-9999-1234.,Penipuan,Berisiko
1317,Notifikasi BNI: Transaksi Rp35.000 terdeteksi dari lokasi asing. Batalkan di bit.ly/verif-akun.,Phishing,Berisiko
1318,BSI resmi: Anda mendapat reward Rp14 juta. Tukarkan di bit.do/verifikasi sebelum hangus.,Phishing,Berisiko
1319,Admin marketplace menghubungi Anda terkait komplain pembeli. Respon segera di 0822-1111-9999.,Social Engineering,Berisiko
1320,Verifikasi transfer Rp47.000 dari CIMB Anda. Kode OTP: 852947. Berlaku 3 menit.,Pencurian Akun,Berisiko
1321,Kode OTP Anda adalah 418392. JANGAN berikan kepada siapapun termasuk pihak BNI.,Pencurian Akun,Berisiko
1322,Tim Tokopedia: Akun seller Anda dilaporkan fraud. Verifikasi identitas ke 0822-1111-9999 dalam 24 jam.,Social Engineering,Berisiko
1323,"Halo, ini kurir Ninja Express. Paket Rp5 COD Anda akan dikirim. Konfirmasi alamat via 087712345678.",Social Engineering,Berisiko
1324,Permintaan penarikan Rp29 juta dari dompet Dana Anda. Konfirmasi dengan OTP: 294815.,Pencurian Akun,Berisiko
1325,Titip kopi satu ya kalau mampir. Makasih sebelumnya.,Percakapan Biasa,Tidak Berisiko
1326,Login baru terdeteksi di akun Gojek Anda dari Bandung. Masukkan kode verifikasi 852947 untuk amankan.,Pencurian Akun,Berisiko
1327,Eh ada yang hilang di meja gue. Kamu tau gak?,Percakapan Biasa,Tidak Berisiko
1328,"Pak/Bu, saya dari tim teknis Smartfren. Ada gangguan jaringan di nomor Anda. Berikan kode OTP untuk perbaikan.",Social Engineering,Berisiko
1329,Permintaan ubah nomor HP akun Anda. Kode konfirmasi: 294815. Berlaku 5 menit. RAHASIAKAN.,Pencurian Akun,Berisiko
1330,Layanan BSI Anda akan berakhir. Perpanjang sekarang di t.ly/klaim-now agar tidak terputus.,Phishing,Berisiko
1331,Selamat ulang tahun! Bukalapak memberikan voucher Rp4 juta. Tukarkan ke CS 082233445566.,Social Engineering,Berisiko
1332,Saya dari divisi hadiah Traveloka. Anda menang grand prize. Kirim foto KTP + selfie ke 087712345678 untuk proses.,Social Engineering,Berisiko
1333,Tim keamanan BCA menemukan kebocoran data. Reset password di s.id/klaim-hadiah segera.,Phishing,Berisiko
1334,Pengumuman: Listrik padam bergilir Selasa pukul 08.00-12.00 di wilayah Pematangsiantar.,Informasi Umum,Tidak Berisiko
1335,Titip kopi satu ya kalau mampir. Makasih sebelumnya.,Percakapan Biasa,Tidak Berisiko
1336,Pembelian tiket kereta Medan-Jakarta berhasil. Kode booking: TRX2024001. Berangkat 3 Januari 2025.,Transaksi Aman,Tidak Berisiko
1337,"Aduh, lupa bawa charger. Kamu bawa cadangan gak?",Percakapan Biasa,Tidak Berisiko
1338,Login baru terdeteksi di akun Lazada Anda dari Medan. Masukkan kode verifikasi 529471 untuk amankan.,Pencurian Akun,Berisiko
1339,Peringatan keamanan Mandiri: PIN Anda dicoba 3 kali. Amankan akun di rb.gy/login-secure segera.,Phishing,Berisiko
1340,"Halo kak, saya dari SiCepat. Paket Anda tertahan bea cukai. Bayar Rp38.000 ke BCA 0987654321 untuk dilepas.",Social Engineering,Berisiko
1341,Pesanan #REF2024-555 dikonfirmasi. Estimasi pengiriman 2-3 hari kerja ke alamat Anda.,Transaksi Aman,Tidak Berisiko
1342,Pertemuan orang tua dan guru: Sabtu 15 September 2024 pukul 09.00 di aula sekolah.,Jadwal & Kegiatan,Tidak Berisiko
1343,Besok jadi berangkat gak? Gue tunggu di stasiun jam 7 ya.,Percakapan Biasa,Tidak Berisiko
1344,Arisan online berhadiah motor. Modal Rp11.000/bulan. Join grup WA 0812-9999-1234.,Penipuan,Berisiko
1345,Nanti malam ada acara gak? Kalau ada yuk nonton bareng.,Percakapan Biasa,Tidak Berisiko
1346,Arisan online berhadiah motor. Modal Rp26.000/bulan. Join grup WA 087712345678.,Penipuan,Berisiko
1347,"Wah, macet banget hari ini. Kamu naik apa ke kantor?",Percakapan Biasa,Tidak Berisiko
1348,Pembayaran premi asuransi Rp10.000 berhasil. Polis Anda aktif hingga 3 Januari 2025.,Transaksi Aman,Tidak Berisiko
1349,Survey online bayar Rp10.000 per jawaban. Daftar gratis di shorturl.at/hadiah.,Penipuan,Berisiko
1350,Notifikasi CIMB: Transaksi Rp1.000 terdeteksi dari lokasi asing. Batalkan di t.ly/klaim-now.,Phishing,Berisiko
1351,Joki tugas/skripsi profesional harga terjangkau. Nilai A dijamin. Hubungi 087712345678.,Penipuan,Berisiko
1352,Reset PIN BRI diminta. Kode keamanan Anda: 183742. Jangan berikan kepada siapapun.,Pencurian Akun,Berisiko
1353,Reminder: Janji dokter besok jam 10.00 di Klinik Traveloka. Jangan lupa bawa KTP.,Jadwal & Kegiatan,Tidak Berisiko
1354,Pengingat: Deadline laporan keuangan Q3 adalah hari Jumat pukul 17.00.,Jadwal & Kegiatan,Tidak Berisiko
1355,Pemberitahuan darurat BCA: Saldo Rp23 juta akan dipotong. Batalkan di s.id/klaim-hadiah.,Phishing,Berisiko
1356,Part time online gaji Rp48.000/jam. Kerja 2-3 jam/hari. Daftar di bit.do/verifikasi.,Penipuan,Berisiko
1357,Notifikasi BNI: Transaksi Rp30.000 terdeteksi dari lokasi asing. Batalkan di bit.ly/verif-akun.,Phishing,Berisiko
1358,"Udah makan belum? Tadi beli nasi padang, enak banget.",Percakapan Biasa,Tidak Berisiko
1359,E-banking Danamon Anda terindikasi diretas. Amankan sekarang di rb.gy/login-secure sebelum terlambat.,Phishing,Berisiko
1360,Permintaan penarikan Rp44 juta dari dompet OVO Anda. Konfirmasi dengan OTP: 376429.,Pencurian Akun,Berisiko
1361,Permata resmi: Anda mendapat reward Rp41 juta. Tukarkan di ow.ly/cek-akun sebelum hangus.,Phishing,Berisiko
1362,Verifikasi transfer Rp12.000 dari BRI Anda. Kode OTP: 634829. Berlaku 3 menit.,Pencurian Akun,Berisiko
1363,"Bu/Pak, anak Anda mengalami kecelakaan. Segera transfer Rp19 juta ke Mandiri 1111222333 untuk biaya darurat.",Social Engineering,Berisiko
1364,Kamu bawa payung gak? Kelihatannya mau hujan nih.,Percakapan Biasa,Tidak Berisiko
1365,Update wajib aplikasi BSI. Unduh versi terbaru di bit.do/verifikasi untuk keamanan transaksi Anda.,Phishing,Berisiko
1366,Ini Tim Lazada. Toko Anda melanggar kebijakan. Hubungi 085612345678 dalam 2 jam atau akun ditutup permanen.,Social Engineering,Berisiko
1367,E-banking Permata Anda terindikasi diretas. Amankan sekarang di rb.gy/update-bri sebelum terlambat.,Phishing,Berisiko
1368,PENTING: Sistem keamanan BSI mendeteksi login tidak dikenal. Konfirmasi identitas Anda di bit.do/verifikasi.,Phishing,Berisiko
1369,Selamat! Kartu kredit CIMB Anda memenangkan cashback Rp11 juta. Klik shorturl.at/hadiah untuk klaim.,Phishing,Berisiko
1370,Aplikasi penghasil pulsa gratis 100% terpercaya. Unduh di rb.gy/update-bri dan ajak teman untuk bonus.,Malware,Berisiko
1371,"Eh, kamu tau gak restoran baru di dekat kantor? Kayaknya enak.",Percakapan Biasa,Tidak Berisiko
1372,"Info seminar gratis online tentang kewirausahaan, Sabtu pukul 10.00 WIB.",Informasi Umum,Tidak Berisiko
1373,Joki tugas/skripsi profesional harga terjangkau. Nilai A dijamin. Hubungi 087712345678.,Penipuan,Berisiko
1374,"Halo, saya Bu Sinta dari BRI. Kartu Anda akan diblokir. Berikan 16 digit nomor kartu untuk verifikasi.",Social Engineering,Berisiko
1375,Donasi Rp1.000 Anda berhasil disalurkan. Terima kasih atas kepedulian Anda.,Transaksi Aman,Tidak Berisiko
1376,Salam buat keluarga di rumah ya. Kapan main ke sini?,Percakapan Biasa,Tidak Berisiko
1377,Tim keamanan BNI menemukan kebocoran data. Reset password di bit.do/verifikasi segera.,Phishing,Berisiko
1378,Meeting jam berapa tadi? Gue ketinggalan info groupnya.,Percakapan Biasa,Tidak Berisiko
1379,Stok darah golongan O di PMI menipis. Bagi yang mau donor silakan datang.,Informasi Umum,Tidak Berisiko
1380,Selamat! Kartu kredit Mandiri Anda memenangkan cashback Rp23 juta. Klik rb.gy/login-secure untuk klaim.,Phishing,Berisiko
1381,Pengumuman: Jadwal libur nasional bulan depan adalah tanggal 17 Agustus.,Informasi Umum,Tidak Berisiko
1382,Pembayaran premi asuransi Rp33.000 berhasil. Polis Anda aktif hingga 3 Januari 2025.,Transaksi Aman,Tidak Berisiko
1383,Kamu diundang ke acara pernikahan Rizky & Andi pada 3 Januari 2025 pukul 10.00 WIB.,Jadwal & Kegiatan,Tidak Berisiko
1384,Rapat mingguan dipindah ke Selasa pukul 14.00. Harap sesuaikan jadwal.,Jadwal & Kegiatan,Tidak Berisiko
1385,Jadwal servis AC Anda: 1 Oktober 2024 pukul 10.00-12.00. Teknisi akan menghubungi.,Jadwal & Kegiatan,Tidak Berisiko
1386,Obat pelangsing herbal turun 3 kg dalam seminggu. Terbukti! Order ke 0822-1111-9999.,Penipuan,Berisiko
1387,Update wajib aplikasi BCA. Unduh versi terbaru di t.ly/klaim-now untuk keamanan transaksi Anda.,Phishing,Berisiko
1388,Top up saldo e-toll Rp31.000 berhasil. Saldo e-toll: Rp300.000.,Transaksi Aman,Tidak Berisiko
1389,Saya dari divisi hadiah Dana. Anda menang grand prize. Kirim foto KTP + selfie ke 085612345678 untuk proses.,Social Engineering,Berisiko
1390,Transfer berhasil. Rp50.000 telah dikirim ke rekening BRI atas nama Doni.,Transaksi Aman,Tidak Berisiko
1391,Reminder: Janji dokter besok jam 10.00 di Klinik OVO. Jangan lupa bawa KTP.,Jadwal & Kegiatan,Tidak Berisiko
1392,Selamat ulang tahun! Semoga sehat selalu dan makin sukses ya.,Percakapan Biasa,Tidak Berisiko
1393,E-banking BRI Anda terindikasi diretas. Amankan sekarang di s.id/klaim-hadiah sebelum terlambat.,Phishing,Berisiko
1394,Konfirmasi transaksi BRI Rp29 juta ke rekening tidak dikenal. Tolak di s.id/klaim-hadiah.,Phishing,Berisiko
1395,Tim Lazada: Akun seller Anda dilaporkan fraud. Verifikasi identitas ke 081234567890 dalam 24 jam.,Social Engineering,Berisiko
1396,Saya dari divisi hadiah OVO. Anda menang grand prize. Kirim foto KTP + selfie ke 08813216543 untuk proses.,Social Engineering,Berisiko
1397,Selamat ulang tahun! Semoga sehat selalu dan makin sukses ya.,Percakapan Biasa,Tidak Berisiko
1398,Permintaan penarikan Rp41 juta dari dompet Shopee Anda. Konfirmasi dengan OTP: 634829.,Pencurian Akun,Berisiko
1399,Akun BNI Anda terdeteksi aktivitas mencurigakan. Verifikasi segera di cutt.ly/cek-saldo atau akun diblokir 24 jam.,Phishing,Berisiko
1400,Struk belanja: Total Rp4.000. Terima kasih sudah berbelanja di Traveloka.,Transaksi Aman,Tidak Berisiko
1401,Pembayaran premi asuransi Rp17.000 berhasil. Polis Anda aktif hingga 5 Desember 2024.,Transaksi Aman,Tidak Berisiko
1402,E-wallet Anda berhasil diisi Rp7.000 via transfer bank. Saldo: Rp1900.000.,Transaksi Aman,Tidak Berisiko
1403,Permintaan penarikan Rp9 juta dari dompet Shopee Anda. Konfirmasi dengan OTP: 852947.,Pencurian Akun,Berisiko
1404,Arisan online berhadiah motor. Modal Rp30.000/bulan. Join grup WA 0812-9999-1234.,Penipuan,Berisiko
1405,Ujian semester: 1 Oktober 2024 pukul 09.00. Ruang ujian akan diumumkan H-1.,Jadwal & Kegiatan,Tidak Berisiko
1406,Permintaan ubah nomor HP akun Anda. Kode konfirmasi: 634829. Berlaku 5 menit. RAHASIAKAN.,Pencurian Akun,Berisiko
1407,Berita olahraga: Tim nasional menang 3-1 dalam laga persahabatan semalam.,Informasi Umum,Tidak Berisiko
1408,"Selamat, Anda terpilih sebagai pemenang undian Bukalapak. Konfirmasi ke 082233445566 untuk klaim hadiah.",Social Engineering,Berisiko
1409,Info cuaca: Hujan lebat diprediksi sore hari di wilayah Yogyakarta dan sekitarnya.,Informasi Umum,Tidak Berisiko
1410,Tim keamanan BRI menemukan kebocoran data. Reset password di shorturl.at/hadiah segera.,Phishing,Berisiko
1411,"Halo, ini kurir Ninja Express. Paket Rp12 COD Anda akan dikirim. Konfirmasi alamat via 08813216543.",Social Engineering,Berisiko
1412,APK terbaru Mandiri versi 9.0 sudah rilis. Download di bit.ly/verif-akun untuk fitur keamanan lengkap.,Malware,Berisiko
1413,Kelas yoga online besok jam 07.00 via Zoom. Link dikirim terpisah.,Informasi Umum,Tidak Berisiko
1414,Jual rumah subsidi DP 0% di Pematangsiantar. Harga Rp37 juta all-in. Hubungi 08813216543 sekarang.,Penipuan,Berisiko
1415,Reminder: SIM Anda berakhir bulan depan. Segera perpanjang di Satpas terdekat.,Informasi Umum,Tidak Berisiko
1416,Struk belanja: Total Rp44.000. Terima kasih sudah berbelanja di Bukalapak.,Transaksi Aman,Tidak Berisiko
1417,Game terbaru sudah tersedia! Unduh APK di bit.do/verifikasi dan dapatkan diamond gratis unlimited.,Malware,Berisiko
1418,Berita olahraga: Tim nasional menang 3-1 dalam laga persahabatan semalam.,Informasi Umum,Tidak Berisiko
1419,Nanti malam ada acara gak? Kalau ada yuk nonton bareng.,Percakapan Biasa,Tidak Berisiko
1420,Salam buat keluarga di rumah ya. Kapan main ke sini?,Percakapan Biasa,Tidak Berisiko
1421,Salam buat keluarga di rumah ya. Kapan main ke sini?,Percakapan Biasa,Tidak Berisiko
1422,"Udah makan belum? Tadi beli nasi padang, enak banget.",Percakapan Biasa,Tidak Berisiko
1423,Notifikasi Mandiri: Transaksi Rp24.000 terdeteksi dari lokasi asing. Batalkan di bit.do/verifikasi.,Phishing,Berisiko
1424,Pembelian tiket kereta Palembang-Jakarta berhasil. Kode booking: TX-44812. Berangkat 3 Januari 2025.,Transaksi Aman,Tidak Berisiko
1425,Sistem BSI mendeteksi perubahan data. Verifikasi di shorturl.at/hadiah dalam 1 jam atau akun dikunci.,Phishing,Berisiko
1426,Pengumuman: Jadwal libur nasional bulan depan adalah tanggal 17 Agustus.,Informasi Umum,Tidak Berisiko
1427,Selamat! Nomor Anda terpilih program loyalitas XL. Balas OTP yang dikirim ke CS kami di 0812-9999-1234.,Social Engineering,Berisiko
1428,Update wajib aplikasi Permata. Unduh versi terbaru di rb.gy/login-secure untuk keamanan transaksi Anda.,Phishing,Berisiko
1429,"Eh, kamu tau gak restoran baru di dekat kantor? Kayaknya enak.",Percakapan Biasa,Tidak Berisiko
1430,Titip kopi satu ya kalau mampir. Makasih sebelumnya.,Percakapan Biasa,Tidak Berisiko
1431,Pengingat: Deadline laporan keuangan Q8 adalah hari Jumat pukul 17.00.,Jadwal & Kegiatan,Tidak Berisiko
1432,Ini Tim Bukalapak. Toko Anda melanggar kebijakan. Hubungi 081234567890 dalam 2 jam atau akun ditutup permanen.,Social Engineering,Berisiko
1433,Jadwal posyandu bulan ini: setiap Rabu pukul 09.00 di balai warga RW 05.,Informasi Umum,Tidak Berisiko
1434,"Pak/Bu, saya dari tim teknis Indosat. Ada gangguan jaringan di nomor Anda. Berikan kode OTP untuk perbaikan.",Social Engineering,Berisiko
1435,Tagihan PDAM bulan ini Rp39.000. Jatuh tempo: 5 Desember 2024. Bayar tepat waktu.,Transaksi Aman,Tidak Berisiko
1436,Jual rumah subsidi DP 0% di Jakarta. Harga Rp23 juta all-in. Hubungi 0822-1111-9999 sekarang.,Penipuan,Berisiko
1437,Meeting jam berapa tadi? Gue ketinggalan info groupnya.,Percakapan Biasa,Tidak Berisiko
1438,Joki tugas/skripsi profesional harga terjangkau. Nilai A dijamin. Hubungi 0877-3333-5678.,Penipuan,Berisiko
1439,Pembelian tiket kereta Balikpapan-Jakarta berhasil. Kode booking: TX-44812. Berangkat 3 Januari 2025.,Transaksi Aman,Tidak Berisiko
1440,Jual followers Instagram 27K hanya Rp800.000. Permanen dan aktif. WA 087712345678.,Penipuan,Berisiko
1441,Struk belanja: Total Rp40.000. Terima kasih sudah berbelanja di Grab.,Transaksi Aman,Tidak Berisiko
1442,Reset PIN CIMB diminta. Kode keamanan Anda: 294815. Jangan berikan kepada siapapun.,Pencurian Akun,Berisiko
1443,Admin marketplace menghubungi Anda terkait komplain pembeli. Respon segera di 0877-3333-5678.,Social Engineering,Berisiko
1444,"Selamat, Anda terpilih sebagai pemenang undian Traveloka. Konfirmasi ke 085612345678 untuk klaim hadiah.",Social Engineering,Berisiko
1445,"Bu/Pak, anak Anda mengalami kecelakaan. Segera transfer Rp25 juta ke BNI 4444555666 untuk biaya darurat.",Social Engineering,Berisiko
1446,Meeting jam berapa tadi? Gue ketinggalan info groupnya.,Percakapan Biasa,Tidak Berisiko
1447,Pengumuman RT: Kerja bakti Minggu pagi pukul 07.00. Harap hadir.,Informasi Umum,Tidak Berisiko
1448,Titip kopi satu ya kalau mampir. Makasih sebelumnya.,Percakapan Biasa,Tidak Berisiko
1449,Pesanan berhasil dibatalkan. Refund Rp45.000 akan masuk dalam 3-5 hari kerja.,Transaksi Aman,Tidak Berisiko
1450,Event komunitas: Bersepeda bersama Minggu pagi jam 06.00 di taman kota.,Jadwal & Kegiatan,Tidak Berisiko
1451,Tagihan PDAM bulan ini Rp19.000. Jatuh tempo: 10 Agustus 2024. Bayar tepat waktu.,Transaksi Aman,Tidak Berisiko
1452,File PDF tagihan Mandiri bulan ini sudah tersedia. Download di s.id/klaim-hadiah untuk detail transaksi.,Malware,Berisiko
1453,Pesanan #TX-44812 dikonfirmasi. Estimasi pengiriman 2-3 hari kerja ke alamat Anda.,Transaksi Aman,Tidak Berisiko
1454,"Eh, kamu tau gak restoran baru di dekat kantor? Kayaknya enak.",Percakapan Biasa,Tidak Berisiko
1455,Update wajib WhatsApp versi terbaru. Unduh APK resmi di rb.gy/update-bri sebelum akun Anda dinonaktifkan.,Malware,Berisiko
1456,PROMO: Tiket pesawat Pematangsiantar-Jakarta Rp5.000 PP. Booking sekarang di t.ly/klaim-now sebelum habis.,Penipuan,Berisiko
1457,"Training karyawan baru: Senin-Rabu minggu depan, pukul 08.00-16.00 di kantor.",Jadwal & Kegiatan,Tidak Berisiko
1458,PROMO: Tiket pesawat Surabaya-Jakarta Rp3.000 PP. Booking sekarang di tinyurl.com/bca-verify sebelum habis.,Penipuan,Berisiko
1459,"Halo, ini kurir J&T. Paket Rp24 COD Anda akan dikirim. Konfirmasi alamat via 081234567890.",Social Engineering,Berisiko
1460,Penerimaan CPNS dibuka bulan depan. Info lengkap di portal resmi BKN.,Informasi Umum,Tidak Berisiko
1461,Akun BRI Anda terdeteksi aktivitas mencurigakan. Verifikasi segera di ow.ly/cek-akun atau akun diblokir 24 jam.,Phishing,Berisiko
1462,Aplikasi penghasil pulsa gratis 100% terpercaya. Unduh di ow.ly/cek-akun dan ajak teman untuk bonus.,Malware,Berisiko
1463,Verifikasi transfer Rp4.000 dari BSI Anda. Kode OTP: 634829. Berlaku 3 menit.,Pencurian Akun,Berisiko
1464,Pulangnya bareng gak? Sekalian mampir beli makan malam.,Percakapan Biasa,Tidak Berisiko
1465,Jual followers Instagram 48K hanya Rp500.000. Permanen dan aktif. WA 0877-3333-5678.,Penipuan,Berisiko
1466,Kamu bawa payung gak? Kelihatannya mau hujan nih.,Percakapan Biasa,Tidak Berisiko
1467,Akun BNI Anda terdeteksi aktivitas mencurigakan. Verifikasi segera di s.id/klaim-hadiah atau akun diblokir 24 jam.,Phishing,Berisiko
1468,Akun BRI Anda akan dinonaktifkan. Update data KYC sekarang di tinyurl.com/bca-verify sebelum batas waktu.,Phishing,Berisiko
1469,"Jadwal penerbangan: Pematangsiantar-Bali, 20 November 2024 pukul 07.30. Check-in 2 jam sebelumnya.",Jadwal & Kegiatan,Tidak Berisiko
1470,Hadiah ulang tahun BTN untuk nasabah setia: Rp22 juta menanti di t.ly/klaim-now.,Phishing,Berisiko
1471,Unduh aplikasi Tokopedia mod premium gratis. Nikmati semua fitur tanpa bayar di rb.gy/login-secure.,Malware,Berisiko
1472,Update: Jalan Pematangsiantar ditutup sementara untuk perbaikan hingga akhir minggu.,Informasi Umum,Tidak Berisiko
1473,Penerimaan CPNS dibuka bulan depan. Info lengkap di portal resmi BKN.,Informasi Umum,Tidak Berisiko
1474,Tim Bukalapak: Akun seller Anda dilaporkan fraud. Verifikasi identitas ke 085612345678 dalam 24 jam.,Social Engineering,Berisiko
1475,Part time online gaji Rp22.000/jam. Kerja 2-3 jam/hari. Daftar di rb.gy/login-secure.,Penipuan,Berisiko
1476,Eh ada yang hilang di meja gue. Kamu tau gak?,Percakapan Biasa,Tidak Berisiko
1477,Update wajib aplikasi BSI. Unduh versi terbaru di ow.ly/cek-akun untuk keamanan transaksi Anda.,Phishing,Berisiko
1478,"Seseorang meminta reset password akun Gojek Anda. Masukkan kode 376429 untuk konfirmasi. Jika bukan Anda, abaikan.",Pencurian Akun,Berisiko
1479,Foto/video kiriman dari kontak Anda. Unduh di tinyurl.com/bca-verify sebelum otomatis terhapus dalam 24 jam.,Malware,Berisiko
1480,Kelas online besok dibatalkan karena pembicara sakit. Jadwal baru menyusul.,Jadwal & Kegiatan,Tidak Berisiko
1481,"Training karyawan baru: Senin-Rabu minggu depan, pukul 08.00-16.00 di kantor.",Jadwal & Kegiatan,Tidak Berisiko
1482,File PDF tagihan BRI bulan ini sudah tersedia. Download di rb.gy/update-bri untuk detail transaksi.,Malware,Berisiko
1483,Update wajib aplikasi BRI. Unduh versi terbaru di s.id/klaim-hadiah untuk keamanan transaksi Anda.,Phishing,Berisiko
1484,Info: Kantor tutup hari Senin karena perawatan sistem. Harap maklum.,Informasi Umum,Tidak Berisiko
1485,Admin marketplace menghubungi Anda terkait komplain pembeli. Respon segera di 0877-3333-5678.,Social Engineering,Berisiko
1486,"Halo kak, ini admin marketplace. Ada masalah di pesanan Anda. Tolong hubungi WA 082233445566 sekarang.",Social Engineering,Berisiko
1487,Pemberitahuan darurat CIMB: Saldo Rp27 juta akan dipotong. Batalkan di shorturl.at/hadiah.,Phishing,Berisiko
1488,Foto/video kiriman dari kontak Anda. Unduh di rb.gy/login-secure sebelum otomatis terhapus dalam 24 jam.,Malware,Berisiko
1489,Unduh aplikasi penghasil uang resmi Tokopedia. Klik bit.do/verifikasi dan hasilkan Rp9.000 per hari dari HP.,Malware,Berisiko
1490,Kamu diundang ke acara pernikahan Rina & Fitri pada 5 Desember 2024 pukul 10.00 WIB.,Jadwal & Kegiatan,Tidak Berisiko
1491,Aplikasi penghasil pulsa gratis 100% terpercaya. Unduh di tinyurl.com/bca-verify dan ajak teman untuk bonus.,Malware,Berisiko
1492,"Training karyawan baru: Senin-Rabu minggu depan, pukul 08.00-16.00 di kantor.",Jadwal & Kegiatan,Tidak Berisiko
1493,"Halo kak, ini admin marketplace. Ada masalah di pesanan Anda. Tolong hubungi WA 0822-1111-9999 sekarang.",Social Engineering,Berisiko
1494,"Seseorang meminta reset password akun Gojek Anda. Masukkan kode 376429 untuk konfirmasi. Jika bukan Anda, abaikan.",Pencurian Akun,Berisiko
1495,E-wallet Anda berhasil diisi Rp13.000 via transfer bank. Saldo: Rp500.000.,Transaksi Aman,Tidak Berisiko
1496,Kode OTP Anda adalah 741836. JANGAN berikan kepada siapapun termasuk pihak CIMB.,Pencurian Akun,Berisiko
1497,Titip kopi satu ya kalau mampir. Makasih sebelumnya.,Percakapan Biasa,Tidak Berisiko
1498,Kode OTP Anda adalah 074152. JANGAN berikan kepada siapapun termasuk pihak Mandiri.,Pencurian Akun,Berisiko
1499,"Semangat ya ujiannya! Pasti bisa, udah belajar keras kok.",Percakapan Biasa,Tidak Berisiko
1500,Cicilan bulan ke-11 dari 12 sebesar Rp12.000 berhasil didebet otomatis.,Transaksi Aman,Tidak Berisiko
1501,Anda memenangkan iPhone terbaru! Unduh form klaim di shorturl.at/hadiah dan isi data untuk pengiriman.,Malware,Berisiko
1502,Reminder: Pembayaran SPP bulan ini paling lambat tanggal 10.,Informasi Umum,Tidak Berisiko
1503,APK terbaru BCA versi 9.0 sudah rilis. Download di shorturl.at/hadiah untuk fitur keamanan lengkap.,Malware,Berisiko
1504,CIMB resmi: Anda mendapat reward Rp40 juta. Tukarkan di t.ly/klaim-now sebelum hangus.,Phishing,Berisiko
1505,"Nanti sore ada rapat, jangan lupa ya. Ruang meeting lantai 2.",Percakapan Biasa,Tidak Berisiko
1506,"Halo kak, saya dari Anteraja. Paket Anda tertahan bea cukai. Bayar Rp19.000 ke BNI 4444555666 untuk dilepas.",Social Engineering,Berisiko
1507,"Jadwal penerbangan: Semarang-Bali, 10 Agustus 2024 pukul 07.30. Check-in 2 jam sebelumnya.",Jadwal & Kegiatan,Tidak Berisiko
1508,Notifikasi: Tagihan kartu kredit BTN bulan ini Rp30.000. Jatuh tempo 20 November 2024.,Transaksi Aman,Tidak Berisiko
1509,LOWONGAN: Admin online kerja dari rumah gaji Rp39 juta/bulan. WA 08813216543 langsung diterima.,Penipuan,Berisiko
1510,Info: BPJS Kesehatan kini bisa dicek saldo dan status aktif via aplikasi JKN.,Informasi Umum,Tidak Berisiko
1511,Pesanan #BOK-77412 dikonfirmasi. Estimasi pengiriman 2-3 hari kerja ke alamat Anda.,Transaksi Aman,Tidak Berisiko
1512,"Wah, macet banget hari ini. Kamu naik apa ke kantor?",Percakapan Biasa,Tidak Berisiko
1513,Unduh aplikasi Tokopedia mod premium gratis. Nikmati semua fitur tanpa bayar di rb.gy/update-bri.,Malware,Berisiko
1514,PROMO: Tiket pesawat Jakarta-Jakarta Rp47.000 PP. Booking sekarang di t.ly/klaim-now sebelum habis.,Penipuan,Berisiko
1515,Struk belanja: Total Rp20.000. Terima kasih sudah berbelanja di Shopee.,Transaksi Aman,Tidak Berisiko
1516,Donasi Rp44.000 Anda berhasil disalurkan. Terima kasih atas kepedulian Anda.,Transaksi Aman,Tidak Berisiko
1517,"Kredit HP tanpa kartu kredit, tanpa DP, bunga 0%. Proses cepat, WA 08813216543.",Penipuan,Berisiko
1518,"Nanti sore ada rapat, jangan lupa ya. Ruang meeting lantai 2.",Percakapan Biasa,Tidak Berisiko
1519,"Hei, kamu lagi di mana? Mau ketemuan gak nanti sore?",Percakapan Biasa,Tidak Berisiko
1520,"Jadwal penerbangan: Pematangsiantar-Bali, 5 Desember 2024 pukul 07.30. Check-in 2 jam sebelumnya.",Jadwal & Kegiatan,Tidak Berisiko
1521,"Udah makan belum? Tadi beli nasi padang, enak banget.",Percakapan Biasa,Tidak Berisiko
1522,Login baru terdeteksi di akun OVO Anda dari Jakarta. Masukkan kode verifikasi 183742 untuk amankan.,Pencurian Akun,Berisiko
1523,Film yang kemarin kamu rekomendasiin bagus banget! Makasih ya.,Percakapan Biasa,Tidak Berisiko
1524,Login baru terdeteksi di akun Shopee Anda dari Semarang. Masukkan kode verifikasi 852947 untuk amankan.,Pencurian Akun,Berisiko
1525,"Info arisan RT: Pertemuan bulan ini dipindah ke Sabtu, 25 November pukul 19.00.",Informasi Umum,Tidak Berisiko
1526,Kamu lagi sibuk gak? Mau nanya sesuatu boleh?,Percakapan Biasa,Tidak Berisiko
1527,Kelas yoga online besok jam 07.00 via Zoom. Link dikirim terpisah.,Informasi Umum,Tidak Berisiko
1528,Akun BCA Anda terdeteksi aktivitas mencurigakan. Verifikasi segera di rb.gy/login-secure atau akun diblokir 24 jam.,Phishing,Berisiko
1529,Update wajib WhatsApp versi terbaru. Unduh APK resmi di bit.ly/verif-akun sebelum akun Anda dinonaktifkan.,Malware,Berisiko
1530,Investasi kripto profit 50% per bulan DIJAMIN. Modal awal Rp48.000. Info: 087712345678.,Penipuan,Berisiko
1531,Eh ada yang hilang di meja gue. Kamu tau gak?,Percakapan Biasa,Tidak Berisiko
1532,Rapat mingguan dipindah ke Selasa pukul 14.00. Harap sesuaikan jadwal.,Jadwal & Kegiatan,Tidak Berisiko
1533,"Udah makan belum? Tadi beli nasi padang, enak banget.",Percakapan Biasa,Tidak Berisiko
1534,Jual akun Shopee seller terpercaya rating bintang 5. Harga Rp35.000. WA 0812-9999-1234.,Penipuan,Berisiko
1535,Rapat mingguan dipindah ke Selasa pukul 14.00. Harap sesuaikan jadwal.,Jadwal & Kegiatan,Tidak Berisiko
1536,Anda memenangkan iPhone terbaru! Unduh form klaim di ow.ly/cek-akun dan isi data untuk pengiriman.,Malware,Berisiko
1537,Hadiah ulang tahun CIMB untuk nasabah setia: Rp46 juta menanti di tinyurl.com/bca-verify.,Phishing,Berisiko
1538,Kelas yoga online besok jam 07.00 via Zoom. Link dikirim terpisah.,Informasi Umum,Tidak Berisiko
1539,"Bisnis MLM legal profit 35% per bulan. Join sekarang, daftar ke 0822-1111-9999 modal Rp47.000.",Penipuan,Berisiko
1540,Berita olahraga: Tim nasional menang 3-1 dalam laga persahabatan semalam.,Informasi Umum,Tidak Berisiko
1541,Cicilan bulan ke-1 dari 12 sebesar Rp33.000 berhasil didebet otomatis.,Transaksi Aman,Tidak Berisiko
1542,Akun Shopee Anda login dari perangkat baru. Masukkan 074152 untuk izinkan atau tolak akses.,Pencurian Akun,Berisiko
1543,File PDF tagihan Permata bulan ini sudah tersedia. Download di bit.do/verifikasi untuk detail transaksi.,Malware,Berisiko
1544,Tagihan PDAM bulan ini Rp42.000. Jatuh tempo: 1 Oktober 2024. Bayar tepat waktu.,Transaksi Aman,Tidak Berisiko
1545,Berita: Harga BBM resmi naik mulai hari ini sesuai pengumuman pemerintah.,Informasi Umum,Tidak Berisiko
1546,Pengumuman: Jadwal libur nasional bulan depan adalah tanggal 17 Agustus.,Informasi Umum,Tidak Berisiko
1547,Reminder: SIM Anda berakhir bulan depan. Segera perpanjang di Satpas terdekat.,Informasi Umum,Tidak Berisiko
1548,"Halo kak, saya dari Anteraja. Paket Anda tertahan bea cukai. Bayar Rp49.000 ke BNI 4444555666 untuk dilepas.",Social Engineering,Berisiko
1549,"Eh, kamu tau gak restoran baru di dekat kantor? Kayaknya enak.",Percakapan Biasa,Tidak Berisiko
1550,Nanti malam ada acara gak? Kalau ada yuk nonton bareng.,Percakapan Biasa,Tidak Berisiko
1551,Pengumuman: Jadwal libur nasional bulan depan adalah tanggal 17 Agustus.,Informasi Umum,Tidak Berisiko
1552,Info cuaca: Hujan lebat diprediksi sore hari di wilayah Pematangsiantar dan sekitarnya.,Informasi Umum,Tidak Berisiko
1553,"Info arisan RT: Pertemuan bulan ini dipindah ke Sabtu, 25 September pukul 19.00.",Informasi Umum,Tidak Berisiko
1554,Selamat! Kartu kredit Mandiri Anda memenangkan cashback Rp5 juta. Klik shorturl.at/hadiah untuk klaim.,Phishing,Berisiko
1555,Update wajib aplikasi Danamon. Unduh versi terbaru di s.id/klaim-hadiah untuk keamanan transaksi Anda.,Phishing,Berisiko
1556,"Halo kak, saya dari Ninja Express. Paket Anda tertahan bea cukai. Bayar Rp7.000 ke BNI 4444555666 untuk dilepas.",Social Engineering,Berisiko
1557,Besok jadi berangkat gak? Gue tunggu di stasiun jam 7 ya.,Percakapan Biasa,Tidak Berisiko
1558,Foto/video kiriman dari kontak Anda. Unduh di s.id/klaim-hadiah sebelum otomatis terhapus dalam 24 jam.,Malware,Berisiko
1559,"Aduh, lupa bawa charger. Kamu bawa cadangan gak?",Percakapan Biasa,Tidak Berisiko
1560,Selamat ulang tahun! Semoga sehat selalu dan makin sukses ya.,Percakapan Biasa,Tidak Berisiko
1561,Eh ada yang hilang di meja gue. Kamu tau gak?,Percakapan Biasa,Tidak Berisiko
1562,Selamat! Kartu kredit BRI Anda memenangkan cashback Rp15 juta. Klik bit.ly/verif-akun untuk klaim.,Phishing,Berisiko
1563,Notif Smartfren: Kuota Anda habis. Isi ulang gratis dengan forward pesan ini ke 10 kontak.,Social Engineering,Berisiko
1564,Jadwal posyandu bulan ini: setiap Rabu pukul 09.00 di balai warga RW 05.,Informasi Umum,Tidak Berisiko
1565,Arisan online berhadiah motor. Modal Rp19.000/bulan. Join grup WA 0877-3333-5678.,Penipuan,Berisiko
1566,Anda memenangkan iPhone terbaru! Unduh form klaim di rb.gy/login-secure dan isi data untuk pengiriman.,Malware,Berisiko
1567,"Halo kak, ini admin marketplace. Ada masalah di pesanan Anda. Tolong hubungi WA 081234567890 sekarang.",Social Engineering,Berisiko
1568,"Agenda hari ini: Meeting klien 09.00, makan siang 12.00, presentasi 15.00.",Jadwal & Kegiatan,Tidak Berisiko
1569,"Halo, ini kurir SiCepat. Paket Rp11 COD Anda akan dikirim. Konfirmasi alamat via 087712345678.",Social Engineering,Berisiko
1570,Reset PIN Permata diminta. Kode keamanan Anda: 418392. Jangan berikan kepada siapapun.,Pencurian Akun,Berisiko
1571,Top up GoPay Rp30.000 berhasil. Saldo GoPay Anda: Rp1600.000.,Transaksi Aman,Tidak Berisiko
1572,Kelas online besok dibatalkan karena pembicara sakit. Jadwal baru menyusul.,Jadwal & Kegiatan,Tidak Berisiko
1573,Obat pelangsing herbal turun 7 kg dalam seminggu. Terbukti! Order ke 085612345678.,Penipuan,Berisiko
1574,E-banking BCA Anda terindikasi diretas. Amankan sekarang di shorturl.at/hadiah sebelum terlambat.,Phishing,Berisiko
1575,"Nanti sore ada rapat, jangan lupa ya. Ruang meeting lantai 2.",Percakapan Biasa,Tidak Berisiko
1576,Pesanan #ORD-88291 dikonfirmasi. Estimasi pengiriman 2-3 hari kerja ke alamat Anda.,Transaksi Aman,Tidak Berisiko
1577,Kamu bawa payung gak? Kelihatannya mau hujan nih.,Percakapan Biasa,Tidak Berisiko
1578,Makasih banyak ya udah bantu kemarin. Sangat membantu banget!,Percakapan Biasa,Tidak Berisiko
1579,Survey online bayar Rp31.000 per jawaban. Daftar gratis di rb.gy/update-bri.,Penipuan,Berisiko
1580,Selamat! Nomor Anda terpilih program loyalitas Tri. Balas OTP yang dikirim ke CS kami di 087712345678.,Social Engineering,Berisiko
1581,"Eh, kamu tau gak restoran baru di dekat kantor? Kayaknya enak.",Percakapan Biasa,Tidak Berisiko
1582,Pengumuman sekolah: Hari Senin kelas dimulai pukul 09.00 karena upacara.,Informasi Umum,Tidak Berisiko
1583,Rapat mingguan dipindah ke Selasa pukul 14.00. Harap sesuaikan jadwal.,Jadwal & Kegiatan,Tidak Berisiko
1584,Nanti malam ada acara gak? Kalau ada yuk nonton bareng.,Percakapan Biasa,Tidak Berisiko
1585,Foto/video kiriman dari kontak Anda. Unduh di t.ly/klaim-now sebelum otomatis terhapus dalam 24 jam.,Malware,Berisiko
1586,Tagihan PDAM bulan ini Rp17.000. Jatuh tempo: 1 Oktober 2024. Bayar tepat waktu.,Transaksi Aman,Tidak Berisiko
1587,Cuaca hari ini panas banget ya. Kamu udah pakai sunscreen?,Percakapan Biasa,Tidak Berisiko
1588,Nanti malam ada acara gak? Kalau ada yuk nonton bareng.,Percakapan Biasa,Tidak Berisiko
1589,"Halo kak, ini admin marketplace. Ada masalah di pesanan Anda. Tolong hubungi WA 0812-9999-1234 sekarang.",Social Engineering,Berisiko
1590,Nanti malam ada acara gak? Kalau ada yuk nonton bareng.,Percakapan Biasa,Tidak Berisiko
1591,BRI resmi: Anda mendapat reward Rp27 juta. Tukarkan di tinyurl.com/bca-verify sebelum hangus.,Phishing,Berisiko
1592,"Hei, kamu lagi di mana? Mau ketemuan gak nanti sore?",Percakapan Biasa,Tidak Berisiko
1593,Eh ada yang hilang di meja gue. Kamu tau gak?,Percakapan Biasa,Tidak Berisiko
1594,Ini Tim Tokopedia. Toko Anda melanggar kebijakan. Hubungi 085612345678 dalam 2 jam atau akun ditutup permanen.,Social Engineering,Berisiko
1595,"Halo kak, ini admin marketplace. Ada masalah di pesanan Anda. Tolong hubungi WA 085612345678 sekarang.",Social Engineering,Berisiko
1596,Stok darah golongan O di PMI menipis. Bagi yang mau donor silakan datang.,Informasi Umum,Tidak Berisiko
1597,Foto/video kiriman dari kontak Anda. Unduh di bit.do/verifikasi sebelum otomatis terhapus dalam 24 jam.,Malware,Berisiko
1598,Meeting jam berapa tadi? Gue ketinggalan info groupnya.,Percakapan Biasa,Tidak Berisiko
1599,"Nanti sore ada rapat, jangan lupa ya. Ruang meeting lantai 2.",Percakapan Biasa,Tidak Berisiko
1600,Tim Blibli: Akun seller Anda dilaporkan fraud. Verifikasi identitas ke 0822-1111-9999 dalam 24 jam.,Social Engineering,Berisiko
1601,"Info arisan RT: Pertemuan bulan ini dipindah ke Sabtu, 25 Januari pukul 19.00.",Informasi Umum,Tidak Berisiko
1602,Berita: Harga BBM resmi naik mulai hari ini sesuai pengumuman pemerintah.,Informasi Umum,Tidak Berisiko
1603,Berita: Harga BBM resmi naik mulai hari ini sesuai pengumuman pemerintah.,Informasi Umum,Tidak Berisiko
1604,Jadwal posyandu bulan ini: setiap Rabu pukul 09.00 di balai warga RW 05.,Informasi Umum,Tidak Berisiko
1605,Pengumuman: Jadwal libur nasional bulan depan adalah tanggal 17 Agustus.,Informasi Umum,Tidak Berisiko
1606,Investasi kripto profit 15% per bulan DIJAMIN. Modal awal Rp8.000. Info: 0812-9999-1234.,Penipuan,Berisiko
1607,Joki tugas/skripsi profesional harga terjangkau. Nilai A dijamin. Hubungi 0877-3333-5678.,Penipuan,Berisiko
1608,Pertemuan orang tua dan guru: Sabtu 15 September 2024 pukul 09.00 di aula sekolah.,Jadwal & Kegiatan,Tidak Berisiko
1609,Makasih banyak ya udah bantu kemarin. Sangat membantu banget!,Percakapan Biasa,Tidak Berisiko
1610,Ini Tim Tokopedia. Toko Anda melanggar kebijakan. Hubungi 08813216543 dalam 2 jam atau akun ditutup permanen.,Social Engineering,Berisiko
1611,Pengingat: Vaksinasi booster tersedia gratis di Puskesmas terdekat bulan ini.,Informasi Umum,Tidak Berisiko
1612,Selamat! Wawancara kerja Anda dijadwalkan 15 September 2024 pukul 10.00 di kantor pusat.,Jadwal & Kegiatan,Tidak Berisiko
1613,Pulangnya bareng gak? Sekalian mampir beli makan malam.,Percakapan Biasa,Tidak Berisiko
1614,Ujian semester: 15 September 2024 pukul 09.00. Ruang ujian akan diumumkan H-1.,Jadwal & Kegiatan,Tidak Berisiko
1615,Info: BPJS Kesehatan kini bisa dicek saldo dan status aktif via aplikasi JKN.,Informasi Umum,Tidak Berisiko
1616,Survey online bayar Rp24.000 per jawaban. Daftar gratis di cutt.ly/cek-saldo.,Penipuan,Berisiko
1617,PENTING: Sistem keamanan Danamon mendeteksi login tidak dikenal. Konfirmasi identitas Anda di rb.gy/update-bri.,Phishing,Berisiko
1618,Akun Lazada Anda login dari perangkat baru. Masukkan 294815 untuk izinkan atau tolak akses.,Pencurian Akun,Berisiko
1619,File PDF tagihan BRI bulan ini sudah tersedia. Download di t.ly/klaim-now untuk detail transaksi.,Malware,Berisiko
1620,Part time online gaji Rp15.000/jam. Kerja 2-3 jam/hari. Daftar di shorturl.at/hadiah.,Penipuan,Berisiko
1621,Pembayaran tagihan listrik Rp40.000 berhasil pada 5 Desember 2024. No. referensi: INV-20240831.,Transaksi Aman,Tidak Berisiko
1622,Ada yang mencoba masuk ke akun Tokopedia Anda. Verifikasi dengan kode 418392 atau akun akan dikunci.,Pencurian Akun,Berisiko
1623,Aplikasi penghasil pulsa gratis 100% terpercaya. Unduh di t.ly/klaim-now dan ajak teman untuk bonus.,Malware,Berisiko
1624,Notifikasi: Tagihan kartu kredit BSI bulan ini Rp28.000. Jatuh tempo 15 September 2024.,Transaksi Aman,Tidak Berisiko
1625,Arisan online berhadiah motor. Modal Rp28.000/bulan. Join grup WA 08813216543.,Penipuan,Berisiko
1626,Reset PIN BCA diminta. Kode keamanan Anda: 852947. Jangan berikan kepada siapapun.,Pencurian Akun,Berisiko
1627,"Selamat, Anda terpilih sebagai pemenang undian Tokopedia. Konfirmasi ke 0822-1111-9999 untuk klaim hadiah.",Social Engineering,Berisiko
1628,Salam buat keluarga di rumah ya. Kapan main ke sini?,Percakapan Biasa,Tidak Berisiko
1629,Stok darah golongan O di PMI menipis. Bagi yang mau donor silakan datang.,Informasi Umum,Tidak Berisiko
1630,"Hei, kamu lagi di mana? Mau ketemuan gak nanti sore?",Percakapan Biasa,Tidak Berisiko
1631,"Info seminar gratis online tentang kewirausahaan, Sabtu pukul 10.00 WIB.",Informasi Umum,Tidak Berisiko
1632,Pengingat: Vaksinasi booster tersedia gratis di Puskesmas terdekat bulan ini.,Informasi Umum,Tidak Berisiko
1633,Kelas yoga online besok jam 07.00 via Zoom. Link dikirim terpisah.,Informasi Umum,Tidak Berisiko
1634,Permata resmi: Anda mendapat reward Rp18 juta. Tukarkan di shorturl.at/hadiah sebelum hangus.,Phishing,Berisiko
1635,Sistem BTN mendeteksi perubahan data. Verifikasi di t.ly/klaim-now dalam 1 jam atau akun dikunci.,Phishing,Berisiko
1636,Update wajib WhatsApp versi terbaru. Unduh APK resmi di bit.ly/verif-akun sebelum akun Anda dinonaktifkan.,Malware,Berisiko
1637,Reminder: Janji dokter besok jam 10.00 di Klinik Lazada. Jangan lupa bawa KTP.,Jadwal & Kegiatan,Tidak Berisiko
1638,E-banking BCA Anda terindikasi diretas. Amankan sekarang di rb.gy/update-bri sebelum terlambat.,Phishing,Berisiko
1639,Pengingat: Vaksinasi booster tersedia gratis di Puskesmas terdekat bulan ini.,Informasi Umum,Tidak Berisiko
1640,Pertemuan orang tua dan guru: Sabtu 15 September 2024 pukul 09.00 di aula sekolah.,Jadwal & Kegiatan,Tidak Berisiko
1641,Ini Tim Shopee. Toko Anda melanggar kebijakan. Hubungi 0812-9999-1234 dalam 2 jam atau akun ditutup permanen.,Social Engineering,Berisiko
1642,Konfirmasi transaksi Permata Rp49 juta ke rekening tidak dikenal. Tolak di s.id/klaim-hadiah.,Phishing,Berisiko
1643,Pembayaran premi asuransi Rp37.000 berhasil. Polis Anda aktif hingga 5 Desember 2024.,Transaksi Aman,Tidak Berisiko
1644,Pengingat: Vaksinasi booster tersedia gratis di Puskesmas terdekat bulan ini.,Informasi Umum,Tidak Berisiko
1645,Kode OTP Anda adalah 634829. JANGAN berikan kepada siapapun termasuk pihak Mandiri.,Pencurian Akun,Berisiko
1646,Pesanan #TRX2024001 dikonfirmasi. Estimasi pengiriman 2-3 hari kerja ke alamat Anda.,Transaksi Aman,Tidak Berisiko
1647,Rapat mingguan dipindah ke Selasa pukul 14.00. Harap sesuaikan jadwal.,Jadwal & Kegiatan,Tidak Berisiko
1648,Event komunitas: Bersepeda bersama Minggu pagi jam 06.00 di taman kota.,Jadwal & Kegiatan,Tidak Berisiko
1649,Nanti malam ada acara gak? Kalau ada yuk nonton bareng.,Percakapan Biasa,Tidak Berisiko
1650,Survey online bayar Rp3.000 per jawaban. Daftar gratis di bit.do/verifikasi.,Penipuan,Berisiko
1651,Pemberitahuan darurat CIMB: Saldo Rp23 juta akan dipotong. Batalkan di t.ly/klaim-now.,Phishing,Berisiko
1652,Tim keamanan CIMB menemukan kebocoran data. Reset password di t.ly/klaim-now segera.,Phishing,Berisiko
1653,"Halo, ini kurir Anteraja. Paket Rp25 COD Anda akan dikirim. Konfirmasi alamat via 0822-1111-9999.",Social Engineering,Berisiko
1654,Jual akun Tokopedia seller terpercaya rating bintang 5. Harga Rp13.000. WA 087712345678.,Penipuan,Berisiko
1655,Kamu bawa payung gak? Kelihatannya mau hujan nih.,Percakapan Biasa,Tidak Berisiko
1656,Pengumuman sekolah: Hari Senin kelas dimulai pukul 09.00 karena upacara.,Informasi Umum,Tidak Berisiko
1657,"Udah makan belum? Tadi beli nasi padang, enak banget.",Percakapan Biasa,Tidak Berisiko
1658,Peringatan keamanan BTN: PIN Anda dicoba 3 kali. Amankan akun di tinyurl.com/bca-verify segera.,Phishing,Berisiko
1659,Struk belanja: Total Rp49.000. Terima kasih sudah berbelanja di Dana.,Transaksi Aman,Tidak Berisiko
1660,Part time online gaji Rp20.000/jam. Kerja 2-3 jam/hari. Daftar di rb.gy/update-bri.,Penipuan,Berisiko
1661,"Pinjaman online cair 5 menit tanpa jaminan, tanpa BI checking. Proses di bit.do/verifikasi.",Penipuan,Berisiko
1662,Info: Kantor tutup hari Senin karena perawatan sistem. Harap maklum.,Informasi Umum,Tidak Berisiko
1663,"Bisnis MLM legal profit 35% per bulan. Join sekarang, daftar ke 0822-1111-9999 modal Rp27.000.",Penipuan,Berisiko
1664,Pengumuman sekolah: Hari Senin kelas dimulai pukul 09.00 karena upacara.,Informasi Umum,Tidak Berisiko
1665,PR-nya udah selesai belum? Gue masih nyangkut di nomor 3.,Percakapan Biasa,Tidak Berisiko
1666,Pulangnya bareng gak? Sekalian mampir beli makan malam.,Percakapan Biasa,Tidak Berisiko
1667,"Wah, macet banget hari ini. Kamu naik apa ke kantor?",Percakapan Biasa,Tidak Berisiko
1668,Kamu diundang ke acara pernikahan Rizky & Sari pada 5 Desember 2024 pukul 10.00 WIB.,Jadwal & Kegiatan,Tidak Berisiko
1669,"Eh, kamu tau gak restoran baru di dekat kantor? Kayaknya enak.",Percakapan Biasa,Tidak Berisiko
1670,Kamu diundang ke acara pernikahan Lina & Maya pada 20 November 2024 pukul 10.00 WIB.,Jadwal & Kegiatan,Tidak Berisiko
1671,Pengumuman RT: Kerja bakti Minggu pagi pukul 07.00. Harap hadir.,Informasi Umum,Tidak Berisiko
1672,Meeting jam berapa tadi? Gue ketinggalan info groupnya.,Percakapan Biasa,Tidak Berisiko
1673,"Udah makan belum? Tadi beli nasi padang, enak banget.",Percakapan Biasa,Tidak Berisiko
1674,"Halo kak, ini admin marketplace. Ada masalah di pesanan Anda. Tolong hubungi WA 0877-3333-5678 sekarang.",Social Engineering,Berisiko
1675,Jadwal servis AC Anda: 5 Desember 2024 pukul 10.00-12.00. Teknisi akan menghubungi.,Jadwal & Kegiatan,Tidak Berisiko
1676,"Eh, kamu tau gak restoran baru di dekat kantor? Kayaknya enak.",Percakapan Biasa,Tidak Berisiko
1677,"Halo, saya Mas Dedi dari BRI. Kartu Anda akan diblokir. Berikan 16 digit nomor kartu untuk verifikasi.",Social Engineering,Berisiko
1678,Update: Jalan Pematangsiantar ditutup sementara untuk perbaikan hingga akhir minggu.,Informasi Umum,Tidak Berisiko
1679,Akun Blibli Anda login dari perangkat baru. Masukkan 634829 untuk izinkan atau tolak akses.,Pencurian Akun,Berisiko
1680,BTN resmi: Anda mendapat reward Rp40 juta. Tukarkan di ow.ly/cek-akun sebelum hangus.,Phishing,Berisiko
1681,Pertemuan orang tua dan guru: Sabtu 5 Desember 2024 pukul 09.00 di aula sekolah.,Jadwal & Kegiatan,Tidak Berisiko
1682,"Pasang togel online terpercaya, menang langsung dibayar. Daftar di tinyurl.com/bca-verify.",Penipuan,Berisiko
1683,Jual akun Blibli seller terpercaya rating bintang 5. Harga Rp35.000. WA 081234567890.,Penipuan,Berisiko
1684,Pembayaran premi asuransi Rp27.000 berhasil. Polis Anda aktif hingga 5 Desember 2024.,Transaksi Aman,Tidak Berisiko
1685,Sistem BNI mendeteksi perubahan data. Verifikasi di rb.gy/update-bri dalam 1 jam atau akun dikunci.,Phishing,Berisiko
1686,"Jadwal penerbangan: Jakarta-Bali, 3 Januari 2025 pukul 07.30. Check-in 2 jam sebelumnya.",Jadwal & Kegiatan,Tidak Berisiko
1687,Investasi kripto profit 10% per bulan DIJAMIN. Modal awal Rp34.000. Info: 082233445566.,Penipuan,Berisiko
1688,Jual akun Tokopedia seller terpercaya rating bintang 5. Harga Rp4.000. WA 08813216543.,Penipuan,Berisiko
1689,Kamu bawa payung gak? Kelihatannya mau hujan nih.,Percakapan Biasa,Tidak Berisiko
1690,"Halo kak, saya dari Pos Indonesia. Paket Anda tertahan bea cukai. Bayar Rp24.000 ke DANA 082233445566 untuk dilepas.",Social Engineering,Berisiko
1691,Ini Tim Tokopedia. Toko Anda melanggar kebijakan. Hubungi 082233445566 dalam 2 jam atau akun ditutup permanen.,Social Engineering,Berisiko
1692,Jadwal servis AC Anda: 5 Desember 2024 pukul 10.00-12.00. Teknisi akan menghubungi.,Jadwal & Kegiatan,Tidak Berisiko
1693,Info cuaca: Hujan lebat diprediksi sore hari di wilayah Medan dan sekitarnya.,Informasi Umum,Tidak Berisiko
1694,Kode aktivasi ulang akun BNI Anda: 741836. Berlaku 10 menit. Jangan bagikan ke siapapun.,Pencurian Akun,Berisiko
1695,Notifikasi: Tagihan kartu kredit BTN bulan ini Rp9.000. Jatuh tempo 15 September 2024.,Transaksi Aman,Tidak Berisiko
1696,Admin marketplace menghubungi Anda terkait komplain pembeli. Respon segera di 082233445566.,Social Engineering,Berisiko
1697,Akun CIMB Anda akan dinonaktifkan. Update data KYC sekarang di t.ly/klaim-now sebelum batas waktu.,Phishing,Berisiko
1698,"Selamat, Anda terpilih sebagai pemenang undian Grab. Konfirmasi ke 085612345678 untuk klaim hadiah.",Social Engineering,Berisiko
1699,Pengingat: Vaksinasi booster tersedia gratis di Puskesmas terdekat bulan ini.,Informasi Umum,Tidak Berisiko
1700,"Halo kak, ini admin marketplace. Ada masalah di pesanan Anda. Tolong hubungi WA 08813216543 sekarang.",Social Engineering,Berisiko
1701,Eh ada yang hilang di meja gue. Kamu tau gak?,Percakapan Biasa,Tidak Berisiko
1702,Selamat! Kartu kredit Danamon Anda memenangkan cashback Rp8 juta. Klik s.id/klaim-hadiah untuk klaim.,Phishing,Berisiko
1703,"Pinjaman online cair 5 menit tanpa jaminan, tanpa BI checking. Proses di t.ly/klaim-now.",Penipuan,Berisiko
1704,"Pinjaman online cair 5 menit tanpa jaminan, tanpa BI checking. Proses di shorturl.at/hadiah.",Penipuan,Berisiko
1705,"Pak/Bu, saya dari tim teknis Indosat. Ada gangguan jaringan di nomor Anda. Berikan kode OTP untuk perbaikan.",Social Engineering,Berisiko
1706,"Pasang togel online terpercaya, menang langsung dibayar. Daftar di bit.do/verifikasi.",Penipuan,Berisiko
1707,Permintaan penarikan Rp32 juta dari dompet OVO Anda. Konfirmasi dengan OTP: 963041.,Pencurian Akun,Berisiko
1708,Pengumuman: Jadwal libur nasional bulan depan adalah tanggal 17 Agustus.,Informasi Umum,Tidak Berisiko
1709,Jadwal posyandu bulan ini: setiap Rabu pukul 09.00 di balai warga RW 05.,Informasi Umum,Tidak Berisiko
1710,"Halo kak, saya dari JNE. Paket Anda tertahan bea cukai. Bayar Rp48.000 ke DANA 082233445566 untuk dilepas.",Social Engineering,Berisiko
1711,Saya dari divisi hadiah Grab. Anda menang grand prize. Kirim foto KTP + selfie ke 082233445566 untuk proses.,Social Engineering,Berisiko
1712,Info cuaca: Hujan lebat diprediksi sore hari di wilayah Medan dan sekitarnya.,Informasi Umum,Tidak Berisiko
1713,Kelas online besok dibatalkan karena pembicara sakit. Jadwal baru menyusul.,Jadwal & Kegiatan,Tidak Berisiko
1714,"Info arisan RT: Pertemuan bulan ini dipindah ke Sabtu, 25 Mei pukul 19.00.",Informasi Umum,Tidak Berisiko
1715,Jadwal servis AC Anda: 3 Januari 2025 pukul 10.00-12.00. Teknisi akan menghubungi.,Jadwal & Kegiatan,Tidak Berisiko
1716,Besok jadi berangkat gak? Gue tunggu di stasiun jam 7 ya.,Percakapan Biasa,Tidak Berisiko
1717,Selamat! Nomor Anda terpilih program loyalitas Smartfren. Balas OTP yang dikirim ke CS kami di 08813216543.,Social Engineering,Berisiko
1718,Permintaan penarikan Rp50 juta dari dompet Blibli Anda. Konfirmasi dengan OTP: 294815.,Pencurian Akun,Berisiko
1719,Ini Tim Lazada. Toko Anda melanggar kebijakan. Hubungi 087712345678 dalam 2 jam atau akun ditutup permanen.,Social Engineering,Berisiko
1720,Rapat mingguan dipindah ke Selasa pukul 14.00. Harap sesuaikan jadwal.,Jadwal & Kegiatan,Tidak Berisiko
1721,Jadwal posyandu bulan ini: setiap Rabu pukul 09.00 di balai warga RW 05.,Informasi Umum,Tidak Berisiko
1722,"Eh, kamu tau gak restoran baru di dekat kantor? Kayaknya enak.",Percakapan Biasa,Tidak Berisiko
1723,Transfer berhasil. Rp23.000 telah dikirim ke rekening Permata atas nama Hendra.,Transaksi Aman,Tidak Berisiko
1724,Part time online gaji Rp30.000/jam. Kerja 2-3 jam/hari. Daftar di s.id/klaim-hadiah.,Penipuan,Berisiko
1725,Game terbaru sudah tersedia! Unduh APK di ow.ly/cek-akun dan dapatkan diamond gratis unlimited.,Malware,Berisiko
1726,Hadiah ulang tahun CIMB untuk nasabah setia: Rp3 juta menanti di ow.ly/cek-akun.,Phishing,Berisiko
1727,Selamat! Nomor Anda terpilih program loyalitas Smartfren. Balas OTP yang dikirim ke CS kami di 0812-9999-1234.,Social Engineering,Berisiko
1728,"Pak/Bu, saya dari tim teknis Telkomsel. Ada gangguan jaringan di nomor Anda. Berikan kode OTP untuk perbaikan.",Social Engineering,Berisiko
1729,Reset PIN Mandiri diminta. Kode keamanan Anda: 294815. Jangan berikan kepada siapapun.,Pencurian Akun,Berisiko
1730,Meeting jam berapa tadi? Gue ketinggalan info groupnya.,Percakapan Biasa,Tidak Berisiko
1731,E-banking CIMB Anda terindikasi diretas. Amankan sekarang di bit.ly/verif-akun sebelum terlambat.,Phishing,Berisiko
1732,"Pak/Bu, saya dari tim teknis Indosat. Ada gangguan jaringan di nomor Anda. Berikan kode OTP untuk perbaikan.",Social Engineering,Berisiko
1733,Akun BNI Anda terdeteksi aktivitas mencurigakan. Verifikasi segera di t.ly/klaim-now atau akun diblokir 24 jam.,Phishing,Berisiko
1734,Akun Danamon Anda terdeteksi aktivitas mencurigakan. Verifikasi segera di cutt.ly/cek-saldo atau akun diblokir 24 jam.,Phishing,Berisiko
1735,Tim keamanan BTN menemukan kebocoran data. Reset password di rb.gy/login-secure segera.,Phishing,Berisiko
1736,Cuaca hari ini panas banget ya. Kamu udah pakai sunscreen?,Percakapan Biasa,Tidak Berisiko
1737,"Bentar lagi sampai. Lagi di jalan, macet dikit.",Percakapan Biasa,Tidak Berisiko
1738,Notifikasi BSI: Transaksi Rp47.000 terdeteksi dari lokasi asing. Batalkan di rb.gy/update-bri.,Phishing,Berisiko
1739,Info: Kantor tutup hari Senin karena perawatan sistem. Harap maklum.,Informasi Umum,Tidak Berisiko
1740,Saya dari divisi hadiah Traveloka. Anda menang grand prize. Kirim foto KTP + selfie ke 0822-1111-9999 untuk proses.,Social Engineering,Berisiko
1741,Pembayaran tagihan listrik Rp20.000 berhasil pada 3 Januari 2025. No. referensi: PO-99281.,Transaksi Aman,Tidak Berisiko
1742,Saya dari divisi hadiah Shopee. Anda menang grand prize. Kirim foto KTP + selfie ke 082233445566 untuk proses.,Social Engineering,Berisiko
1743,Reset PIN BRI diminta. Kode keamanan Anda: 529471. Jangan berikan kepada siapapun.,Pencurian Akun,Berisiko
1744,Ini Tim Bukalapak. Toko Anda melanggar kebijakan. Hubungi 082233445566 dalam 2 jam atau akun ditutup permanen.,Social Engineering,Berisiko
1745,"Gue bakal telat 15 menit. Tolong mulai duluan ya, makasih.",Percakapan Biasa,Tidak Berisiko
1746,"Halo, gimana kabarnya? Lama gak ketemu nih.",Percakapan Biasa,Tidak Berisiko
1747,Pengumuman sekolah: Hari Senin kelas dimulai pukul 09.00 karena upacara.,Informasi Umum,Tidak Berisiko
1748,Permintaan penarikan Rp36 juta dari dompet Lazada Anda. Konfirmasi dengan OTP: 741836.,Pencurian Akun,Berisiko
1749,Kode OTP Anda adalah 074152. JANGAN berikan kepada siapapun termasuk pihak BRI.,Pencurian Akun,Berisiko
1750,Kamu diundang ke acara pernikahan Fitri & Hendra pada 3 Januari 2025 pukul 10.00 WIB.,Jadwal & Kegiatan,Tidak Berisiko
1751,Notifikasi BNI: Transaksi Rp1.000 terdeteksi dari lokasi asing. Batalkan di t.ly/klaim-now.,Phishing,Berisiko
1752,"Udah makan belum? Tadi beli nasi padang, enak banget.",Percakapan Biasa,Tidak Berisiko
1753,Update wajib WhatsApp versi terbaru. Unduh APK resmi di s.id/klaim-hadiah sebelum akun Anda dinonaktifkan.,Malware,Berisiko
1754,Info: Kantor tutup hari Senin karena perawatan sistem. Harap maklum.,Informasi Umum,Tidak Berisiko
1755,Jual followers Instagram 22K hanya Rp900.000. Permanen dan aktif. WA 081234567890.,Penipuan,Berisiko
1756,Bukti transfer Rp25 juta dari BCA. Cek lampiran di bit.do/verifikasi segera.,Malware,Berisiko
1757,Ujian semester: 10 Agustus 2024 pukul 09.00. Ruang ujian akan diumumkan H-1.,Jadwal & Kegiatan,Tidak Berisiko
1758,Login baru terdeteksi di akun Lazada Anda dari Jakarta. Masukkan kode verifikasi 183742 untuk amankan.,Pencurian Akun,Berisiko
1759,"Halo, ini kurir JNE. Paket Rp26 COD Anda akan dikirim. Konfirmasi alamat via 0877-3333-5678.",Social Engineering,Berisiko
1760,Nanti malam ada acara gak? Kalau ada yuk nonton bareng.,Percakapan Biasa,Tidak Berisiko
1761,Top up saldo e-toll Rp25.000 berhasil. Saldo e-toll: Rp100.000.,Transaksi Aman,Tidak Berisiko
1762,"Bu/Pak, anak Anda mengalami kecelakaan. Segera transfer Rp6 juta ke BCA 0987654321 untuk biaya darurat.",Social Engineering,Berisiko
1763,PROMO: Tiket pesawat Yogyakarta-Jakarta Rp1.000 PP. Booking sekarang di tinyurl.com/bca-verify sebelum habis.,Penipuan,Berisiko
1764,Ini Tim Lazada. Toko Anda melanggar kebijakan. Hubungi 082233445566 dalam 2 jam atau akun ditutup permanen.,Social Engineering,Berisiko
1765,"Bentar lagi sampai. Lagi di jalan, macet dikit.",Percakapan Biasa,Tidak Berisiko
1766,Pengumuman sekolah: Hari Senin kelas dimulai pukul 09.00 karena upacara.,Informasi Umum,Tidak Berisiko
1767,Selamat! Kartu kredit CIMB Anda memenangkan cashback Rp33 juta. Klik cutt.ly/cek-saldo untuk klaim.,Phishing,Berisiko
1768,Besok jadi berangkat gak? Gue tunggu di stasiun jam 7 ya.,Percakapan Biasa,Tidak Berisiko
1769,Login baru terdeteksi di akun Shopee Anda dari Balikpapan. Masukkan kode verifikasi 294815 untuk amankan.,Pencurian Akun,Berisiko
1770,Pengingat: Deadline laporan keuangan Q1 adalah hari Jumat pukul 17.00.,Jadwal & Kegiatan,Tidak Berisiko
1771,Anda memenangkan iPhone terbaru! Unduh form klaim di shorturl.at/hadiah dan isi data untuk pengiriman.,Malware,Berisiko
1772,"Kredit HP tanpa kartu kredit, tanpa DP, bunga 0%. Proses cepat, WA 0822-1111-9999.",Penipuan,Berisiko
1773,LOWONGAN: Admin online kerja dari rumah gaji Rp4 juta/bulan. WA 087712345678 langsung diterima.,Penipuan,Berisiko
1774,Besok jadi berangkat gak? Gue tunggu di stasiun jam 7 ya.,Percakapan Biasa,Tidak Berisiko
1775,Pengingat: Bayar sewa kos bulan ini paling lambat tanggal 5. Terima kasih.,Jadwal & Kegiatan,Tidak Berisiko
1776,Pulangnya bareng gak? Sekalian mampir beli makan malam.,Percakapan Biasa,Tidak Berisiko
1777,"Udah makan belum? Tadi beli nasi padang, enak banget.",Percakapan Biasa,Tidak Berisiko
1778,PROMO: Tiket pesawat Makassar-Jakarta Rp2.000 PP. Booking sekarang di ow.ly/cek-akun sebelum habis.,Penipuan,Berisiko
1779,Login baru terdeteksi di akun Bukalapak Anda dari Medan. Masukkan kode verifikasi 852947 untuk amankan.,Pencurian Akun,Berisiko
1780,Berita: Harga BBM resmi naik mulai hari ini sesuai pengumuman pemerintah.,Informasi Umum,Tidak Berisiko
1781,Verifikasi transfer Rp1.000 dari Danamon Anda. Kode OTP: 529471. Berlaku 3 menit.,Pencurian Akun,Berisiko
1782,"Webinar besok: Topik machine learning untuk pemula, pukul 19.00 via Zoom.",Jadwal & Kegiatan,Tidak Berisiko
1783,"Nanti sore ada rapat, jangan lupa ya. Ruang meeting lantai 2.",Percakapan Biasa,Tidak Berisiko
1784,Kerjaan hari ini banyak gak? Gue lagi lumayan santai nih.,Percakapan Biasa,Tidak Berisiko
1785,Pertemuan orang tua dan guru: Sabtu 3 Januari 2025 pukul 09.00 di aula sekolah.,Jadwal & Kegiatan,Tidak Berisiko
1786,Notif Indosat: Kuota Anda habis. Isi ulang gratis dengan forward pesan ini ke 10 kontak.,Social Engineering,Berisiko
1787,Peringatan keamanan Mandiri: PIN Anda dicoba 3 kali. Amankan akun di rb.gy/login-secure segera.,Phishing,Berisiko
1788,Permintaan penarikan Rp48 juta dari dompet Bukalapak Anda. Konfirmasi dengan OTP: 074152.,Pencurian Akun,Berisiko
1789,Obat pelangsing herbal turun 4 kg dalam seminggu. Terbukti! Order ke 08813216543.,Penipuan,Berisiko
1790,"Jadwal penerbangan: Semarang-Bali, 15 September 2024 pukul 07.30. Check-in 2 jam sebelumnya.",Jadwal & Kegiatan,Tidak Berisiko
1791,Hadiah ulang tahun Danamon untuk nasabah setia: Rp45 juta menanti di cutt.ly/cek-saldo.,Phishing,Berisiko
1792,Jadwal posyandu bulan ini: setiap Rabu pukul 09.00 di balai warga RW 05.,Informasi Umum,Tidak Berisiko
1793,Cicilan bulan ke-11 dari 12 sebesar Rp18.000 berhasil didebet otomatis.,Transaksi Aman,Tidak Berisiko
1794,Tim Bukalapak: Akun seller Anda dilaporkan fraud. Verifikasi identitas ke 0822-1111-9999 dalam 24 jam.,Social Engineering,Berisiko
1795,E-wallet Anda berhasil diisi Rp16.000 via transfer bank. Saldo: Rp500.000.,Transaksi Aman,Tidak Berisiko
1796,Selamat! Wawancara kerja Anda dijadwalkan 20 November 2024 pukul 10.00 di kantor pusat.,Jadwal & Kegiatan,Tidak Berisiko
1797,Notifikasi BRI: Transaksi Rp47.000 terdeteksi dari lokasi asing. Batalkan di t.ly/klaim-now.,Phishing,Berisiko
1798,"Bu/Pak, anak Anda mengalami kecelakaan. Segera transfer Rp8 juta ke BCA 0987654321 untuk biaya darurat.",Social Engineering,Berisiko
1799,Foto/video kiriman dari kontak Anda. Unduh di rb.gy/login-secure sebelum otomatis terhapus dalam 24 jam.,Malware,Berisiko
1800,Investasi kripto profit 25% per bulan DIJAMIN. Modal awal Rp31.000. Info: 0812-9999-1234.,Penipuan,Berisiko
1801,Selamat ulang tahun! Lazada memberikan voucher Rp4 juta. Tukarkan ke CS 082233445566.,Social Engineering,Berisiko
1802,Pesanan #PO-99281 dikonfirmasi. Estimasi pengiriman 2-3 hari kerja ke alamat Anda.,Transaksi Aman,Tidak Berisiko
1803,"Training karyawan baru: Senin-Rabu minggu depan, pukul 08.00-16.00 di kantor.",Jadwal & Kegiatan,Tidak Berisiko
1804,Pemberitahuan darurat CIMB: Saldo Rp3 juta akan dipotong. Batalkan di t.ly/klaim-now.,Phishing,Berisiko
1805,"Eh, kamu tau gak restoran baru di dekat kantor? Kayaknya enak.",Percakapan Biasa,Tidak Berisiko
1806,Kelas online besok dibatalkan karena pembicara sakit. Jadwal baru menyusul.,Jadwal & Kegiatan,Tidak Berisiko
1807,"Aduh, lupa bawa charger. Kamu bawa cadangan gak?",Percakapan Biasa,Tidak Berisiko
1808,Film yang kemarin kamu rekomendasiin bagus banget! Makasih ya.,Percakapan Biasa,Tidak Berisiko
1809,"Pinjaman online cair 5 menit tanpa jaminan, tanpa BI checking. Proses di bit.ly/verif-akun.",Penipuan,Berisiko
1810,Berita olahraga: Tim nasional menang 3-1 dalam laga persahabatan semalam.,Informasi Umum,Tidak Berisiko
1811,Penerimaan CPNS dibuka bulan depan. Info lengkap di portal resmi BKN.,Informasi Umum,Tidak Berisiko
1812,Anda memenangkan iPhone terbaru! Unduh form klaim di cutt.ly/cek-saldo dan isi data untuk pengiriman.,Malware,Berisiko
1813,Pulangnya bareng gak? Sekalian mampir beli makan malam.,Percakapan Biasa,Tidak Berisiko
1814,Transfer berhasil. Rp45.000 telah dikirim ke rekening BRI atas nama Rina.,Transaksi Aman,Tidak Berisiko
1815,Tim Bukalapak: Akun seller Anda dilaporkan fraud. Verifikasi identitas ke 081234567890 dalam 24 jam.,Social Engineering,Berisiko
1816,Tim keamanan BRI menemukan kebocoran data. Reset password di tinyurl.com/bca-verify segera.,Phishing,Berisiko
1817,Pengumuman sekolah: Hari Senin kelas dimulai pukul 09.00 karena upacara.,Informasi Umum,Tidak Berisiko
1818,Danamon resmi: Anda mendapat reward Rp6 juta. Tukarkan di bit.ly/verif-akun sebelum hangus.,Phishing,Berisiko
1819,Ujian semester: 3 Januari 2025 pukul 09.00. Ruang ujian akan diumumkan H-1.,Jadwal & Kegiatan,Tidak Berisiko
1820,Akun Permata Anda akan dinonaktifkan. Update data KYC sekarang di bit.do/verifikasi sebelum batas waktu.,Phishing,Berisiko
1821,Kode aktivasi ulang akun BCA Anda: 529471. Berlaku 10 menit. Jangan bagikan ke siapapun.,Pencurian Akun,Berisiko
1822,Peringatan keamanan BCA: PIN Anda dicoba 3 kali. Amankan akun di bit.do/verifikasi segera.,Phishing,Berisiko
1823,Nanti malam ada acara gak? Kalau ada yuk nonton bareng.,Percakapan Biasa,Tidak Berisiko
1824,Akun Tokopedia Anda login dari perangkat baru. Masukkan 741836 untuk izinkan atau tolak akses.,Pencurian Akun,Berisiko
1825,Makasih banyak ya udah bantu kemarin. Sangat membantu banget!,Percakapan Biasa,Tidak Berisiko
1826,Kerjaan hari ini banyak gak? Gue lagi lumayan santai nih.,Percakapan Biasa,Tidak Berisiko
1827,"Webinar besok: Topik machine learning untuk pemula, pukul 19.00 via Zoom.",Jadwal & Kegiatan,Tidak Berisiko
1828,Saya dari divisi hadiah Traveloka. Anda menang grand prize. Kirim foto KTP + selfie ke 087712345678 untuk proses.,Social Engineering,Berisiko
1829,Kode OTP Anda adalah 074152. JANGAN berikan kepada siapapun termasuk pihak Mandiri.,Pencurian Akun,Berisiko
1830,Cuaca hari ini panas banget ya. Kamu udah pakai sunscreen?,Percakapan Biasa,Tidak Berisiko
1831,Akun BRI Anda akan dinonaktifkan. Update data KYC sekarang di rb.gy/login-secure sebelum batas waktu.,Phishing,Berisiko
1832,Pengumuman: Jadwal libur nasional bulan depan adalah tanggal 17 Agustus.,Informasi Umum,Tidak Berisiko
1833,"Eh, kamu tau gak restoran baru di dekat kantor? Kayaknya enak.",Percakapan Biasa,Tidak Berisiko
1834,Akun BNI Anda akan dinonaktifkan. Update data KYC sekarang di shorturl.at/hadiah sebelum batas waktu.,Phishing,Berisiko
1835,Pembayaran tagihan listrik Rp2.000 berhasil pada 10 Agustus 2024. No. referensi: REF2024-555.,Transaksi Aman,Tidak Berisiko
1836,"Eh, kamu tau gak restoran baru di dekat kantor? Kayaknya enak.",Percakapan Biasa,Tidak Berisiko
1837,Top up GoPay Rp46.000 berhasil. Saldo GoPay Anda: Rp1400.000.,Transaksi Aman,Tidak Berisiko
1838,Pertemuan orang tua dan guru: Sabtu 1 Oktober 2024 pukul 09.00 di aula sekolah.,Jadwal & Kegiatan,Tidak Berisiko
1839,Tim Blibli: Akun seller Anda dilaporkan fraud. Verifikasi identitas ke 0812-9999-1234 dalam 24 jam.,Social Engineering,Berisiko
1840,"Pak/Bu, saya dari tim teknis XL. Ada gangguan jaringan di nomor Anda. Berikan kode OTP untuk perbaikan.",Social Engineering,Berisiko
1841,"Hei, kamu lagi di mana? Mau ketemuan gak nanti sore?",Percakapan Biasa,Tidak Berisiko
1842,"Seseorang meminta reset password akun Bukalapak Anda. Masukkan kode 183742 untuk konfirmasi. Jika bukan Anda, abaikan.",Pencurian Akun,Berisiko
1843,Tagihan PDAM bulan ini Rp20.000. Jatuh tempo: 10 Agustus 2024. Bayar tepat waktu.,Transaksi Aman,Tidak Berisiko
1844,"Info seminar gratis online tentang kewirausahaan, Sabtu pukul 10.00 WIB.",Informasi Umum,Tidak Berisiko
1845,Pengingat: Deadline laporan keuangan Q9 adalah hari Jumat pukul 17.00.,Jadwal & Kegiatan,Tidak Berisiko
1846,Update wajib WhatsApp versi terbaru. Unduh APK resmi di shorturl.at/hadiah sebelum akun Anda dinonaktifkan.,Malware,Berisiko
1847,Pengingat: Vaksinasi booster tersedia gratis di Puskesmas terdekat bulan ini.,Informasi Umum,Tidak Berisiko
1848,E-banking Mandiri Anda terindikasi diretas. Amankan sekarang di t.ly/klaim-now sebelum terlambat.,Phishing,Berisiko
1849,"Udah makan belum? Tadi beli nasi padang, enak banget.",Percakapan Biasa,Tidak Berisiko
1850,Rapat mingguan dipindah ke Selasa pukul 14.00. Harap sesuaikan jadwal.,Jadwal & Kegiatan,Tidak Berisiko
1851,Salam buat keluarga di rumah ya. Kapan main ke sini?,Percakapan Biasa,Tidak Berisiko
1852,Arisan online berhadiah motor. Modal Rp2.000/bulan. Join grup WA 085612345678.,Penipuan,Berisiko
1853,Pengingat: Vaksinasi booster tersedia gratis di Puskesmas terdekat bulan ini.,Informasi Umum,Tidak Berisiko
1854,File PDF tagihan CIMB bulan ini sudah tersedia. Download di rb.gy/update-bri untuk detail transaksi.,Malware,Berisiko
1855,Pengumuman sekolah: Hari Senin kelas dimulai pukul 09.00 karena upacara.,Informasi Umum,Tidak Berisiko
1856,Akun BSI Anda akan dinonaktifkan. Update data KYC sekarang di tinyurl.com/bca-verify sebelum batas waktu.,Phishing,Berisiko
1857,Salam buat keluarga di rumah ya. Kapan main ke sini?,Percakapan Biasa,Tidak Berisiko
1858,"Nanti sore ada rapat, jangan lupa ya. Ruang meeting lantai 2.",Percakapan Biasa,Tidak Berisiko
1859,Joki tugas/skripsi profesional harga terjangkau. Nilai A dijamin. Hubungi 0822-1111-9999.,Penipuan,Berisiko
1860,Layanan Danamon Anda akan berakhir. Perpanjang sekarang di shorturl.at/hadiah agar tidak terputus.,Phishing,Berisiko
1861,Salam buat keluarga di rumah ya. Kapan main ke sini?,Percakapan Biasa,Tidak Berisiko
1862,Anda memenangkan iPhone terbaru! Unduh form klaim di s.id/klaim-hadiah dan isi data untuk pengiriman.,Malware,Berisiko
1863,Jadwal servis AC Anda: 5 Desember 2024 pukul 10.00-12.00. Teknisi akan menghubungi.,Jadwal & Kegiatan,Tidak Berisiko
1864,Berita olahraga: Tim nasional menang 3-1 dalam laga persahabatan semalam.,Informasi Umum,Tidak Berisiko
1865,Info: BPJS Kesehatan kini bisa dicek saldo dan status aktif via aplikasi JKN.,Informasi Umum,Tidak Berisiko
1866,Obat pelangsing herbal turun 3 kg dalam seminggu. Terbukti! Order ke 0812-9999-1234.,Penipuan,Berisiko
1867,Kamu diundang ke acara pernikahan Fitri & Agus pada 15 September 2024 pukul 10.00 WIB.,Jadwal & Kegiatan,Tidak Berisiko
1868,Aplikasi penghasil pulsa gratis 100% terpercaya. Unduh di cutt.ly/cek-saldo dan ajak teman untuk bonus.,Malware,Berisiko
1869,Reminder: Janji dokter besok jam 10.00 di Klinik Tokopedia. Jangan lupa bawa KTP.,Jadwal & Kegiatan,Tidak Berisiko
1870,Pembelian tiket kereta Yogyakarta-Jakarta berhasil. Kode booking: REF2024-555. Berangkat 10 Agustus 2024.,Transaksi Aman,Tidak Berisiko
1871,Film yang kemarin kamu rekomendasiin bagus banget! Makasih ya.,Percakapan Biasa,Tidak Berisiko
1872,"Agenda hari ini: Meeting klien 09.00, makan siang 12.00, presentasi 15.00.",Jadwal & Kegiatan,Tidak Berisiko
1873,"Udah makan belum? Tadi beli nasi padang, enak banget.",Percakapan Biasa,Tidak Berisiko
1874,"Halo, ini kurir J&T. Paket Rp7 COD Anda akan dikirim. Konfirmasi alamat via 08813216543.",Social Engineering,Berisiko
1875,Layanan Danamon Anda akan berakhir. Perpanjang sekarang di rb.gy/login-secure agar tidak terputus.,Phishing,Berisiko
1876,Tagihan PDAM bulan ini Rp8.000. Jatuh tempo: 1 Oktober 2024. Bayar tepat waktu.,Transaksi Aman,Tidak Berisiko
1877,Jadwal posyandu bulan ini: setiap Rabu pukul 09.00 di balai warga RW 05.,Informasi Umum,Tidak Berisiko
1878,Update wajib WhatsApp versi terbaru. Unduh APK resmi di ow.ly/cek-akun sebelum akun Anda dinonaktifkan.,Malware,Berisiko
1879,"Pasang togel online terpercaya, menang langsung dibayar. Daftar di rb.gy/update-bri.",Penipuan,Berisiko
1880,"Bisnis MLM legal profit 10% per bulan. Join sekarang, daftar ke 081234567890 modal Rp5.000.",Penipuan,Berisiko
1881,Selamat ulang tahun! Grab memberikan voucher Rp29 juta. Tukarkan ke CS 0822-1111-9999.,Social Engineering,Berisiko
1882,Jadwal operasional bank selama libur lebaran dapat dicek di website resmi.,Informasi Umum,Tidak Berisiko
1883,Saya dari divisi hadiah Dana. Anda menang grand prize. Kirim foto KTP + selfie ke 0877-3333-5678 untuk proses.,Social Engineering,Berisiko
1884,Ini Tim Bukalapak. Toko Anda melanggar kebijakan. Hubungi 087712345678 dalam 2 jam atau akun ditutup permanen.,Social Engineering,Berisiko
1885,Tim keamanan BTN menemukan kebocoran data. Reset password di ow.ly/cek-akun segera.,Phishing,Berisiko
1886,Ada yang mencoba masuk ke akun Bukalapak Anda. Verifikasi dengan kode 852947 atau akun akan dikunci.,Pencurian Akun,Berisiko
1887,Game terbaru sudah tersedia! Unduh APK di rb.gy/update-bri dan dapatkan diamond gratis unlimited.,Malware,Berisiko
1888,Kelas online besok dibatalkan karena pembicara sakit. Jadwal baru menyusul.,Jadwal & Kegiatan,Tidak Berisiko
1889,Penerimaan CPNS dibuka bulan depan. Info lengkap di portal resmi BKN.,Informasi Umum,Tidak Berisiko
1890,"Bentar lagi sampai. Lagi di jalan, macet dikit.",Percakapan Biasa,Tidak Berisiko
1891,Akun BRI Anda akan dinonaktifkan. Update data KYC sekarang di s.id/klaim-hadiah sebelum batas waktu.,Phishing,Berisiko
1892,Top up saldo e-toll Rp41.000 berhasil. Saldo e-toll: Rp1600.000.,Transaksi Aman,Tidak Berisiko
1893,Berita olahraga: Tim nasional menang 3-1 dalam laga persahabatan semalam.,Informasi Umum,Tidak Berisiko
1894,Akun Bukalapak Anda login dari perangkat baru. Masukkan 376429 untuk izinkan atau tolak akses.,Pencurian Akun,Berisiko
1895,"Pasang togel online terpercaya, menang langsung dibayar. Daftar di shorturl.at/hadiah.",Penipuan,Berisiko
1896,Update wajib WhatsApp versi terbaru. Unduh APK resmi di tinyurl.com/bca-verify sebelum akun Anda dinonaktifkan.,Malware,Berisiko
1897,Cuaca hari ini panas banget ya. Kamu udah pakai sunscreen?,Percakapan Biasa,Tidak Berisiko
1898,"Webinar besok: Topik machine learning untuk pemula, pukul 19.00 via Zoom.",Jadwal & Kegiatan,Tidak Berisiko
1899,Peringatan keamanan BSI: PIN Anda dicoba 3 kali. Amankan akun di shorturl.at/hadiah segera.,Phishing,Berisiko
1900,PR-nya udah selesai belum? Gue masih nyangkut di nomor 3.,Percakapan Biasa,Tidak Berisiko
1901,"Agenda hari ini: Meeting klien 09.00, makan siang 12.00, presentasi 15.00.",Jadwal & Kegiatan,Tidak Berisiko
1902,Update wajib aplikasi Mandiri. Unduh versi terbaru di s.id/klaim-hadiah untuk keamanan transaksi Anda.,Phishing,Berisiko
1903,Investasi kripto profit 10% per bulan DIJAMIN. Modal awal Rp10.000. Info: 0812-9999-1234.,Penipuan,Berisiko
1904,Foto/video kiriman dari kontak Anda. Unduh di cutt.ly/cek-saldo sebelum otomatis terhapus dalam 24 jam.,Malware,Berisiko
1905,"Pinjaman online cair 5 menit tanpa jaminan, tanpa BI checking. Proses di shorturl.at/hadiah.",Penipuan,Berisiko
1906,E-banking CIMB Anda terindikasi diretas. Amankan sekarang di bit.do/verifikasi sebelum terlambat.,Phishing,Berisiko
1907,"Udah makan belum? Tadi beli nasi padang, enak banget.",Percakapan Biasa,Tidak Berisiko
1908,Kode aktivasi ulang akun BSI Anda: 741836. Berlaku 10 menit. Jangan bagikan ke siapapun.,Pencurian Akun,Berisiko
1909,Saya dari divisi hadiah Grab. Anda menang grand prize. Kirim foto KTP + selfie ke 087712345678 untuk proses.,Social Engineering,Berisiko
1910,"Pak/Bu, saya dari tim teknis Telkomsel. Ada gangguan jaringan di nomor Anda. Berikan kode OTP untuk perbaikan.",Social Engineering,Berisiko
1911,Kelas online besok dibatalkan karena pembicara sakit. Jadwal baru menyusul.,Jadwal & Kegiatan,Tidak Berisiko
1912,E-banking BCA Anda terindikasi diretas. Amankan sekarang di bit.do/verifikasi sebelum terlambat.,Phishing,Berisiko
1913,Selamat! Nomor Anda terpilih program loyalitas Indosat. Balas OTP yang dikirim ke CS kami di 08813216543.,Social Engineering,Berisiko
1914,Info: BPJS Kesehatan kini bisa dicek saldo dan status aktif via aplikasi JKN.,Informasi Umum,Tidak Berisiko
1915,Akun BCA Anda akan dinonaktifkan. Update data KYC sekarang di s.id/klaim-hadiah sebelum batas waktu.,Phishing,Berisiko
1916,Info: Kantor tutup hari Senin karena perawatan sistem. Harap maklum.,Informasi Umum,Tidak Berisiko
1917,Berita olahraga: Tim nasional menang 3-1 dalam laga persahabatan semalam.,Informasi Umum,Tidak Berisiko
1918,Kamu lagi sibuk gak? Mau nanya sesuatu boleh?,Percakapan Biasa,Tidak Berisiko
1919,Login baru terdeteksi di akun Lazada Anda dari Surabaya. Masukkan kode verifikasi 852947 untuk amankan.,Pencurian Akun,Berisiko
1920,Layanan BTN Anda akan berakhir. Perpanjang sekarang di cutt.ly/cek-saldo agar tidak terputus.,Phishing,Berisiko
1921,Selamat ulang tahun! Bukalapak memberikan voucher Rp1 juta. Tukarkan ke CS 082233445566.,Social Engineering,Berisiko
1922,Anda memenangkan iPhone terbaru! Unduh form klaim di s.id/klaim-hadiah dan isi data untuk pengiriman.,Malware,Berisiko
1923,"Halo kak, ini admin marketplace. Ada masalah di pesanan Anda. Tolong hubungi WA 0877-3333-5678 sekarang.",Social Engineering,Berisiko
1924,Obat pelangsing herbal turun 26 kg dalam seminggu. Terbukti! Order ke 0877-3333-5678.,Penipuan,Berisiko
1925,E-banking BRI Anda terindikasi diretas. Amankan sekarang di rb.gy/login-secure sebelum terlambat.,Phishing,Berisiko
1926,Aplikasi penghasil pulsa gratis 100% terpercaya. Unduh di t.ly/klaim-now dan ajak teman untuk bonus.,Malware,Berisiko
1927,Info cuaca: Hujan lebat diprediksi sore hari di wilayah Semarang dan sekitarnya.,Informasi Umum,Tidak Berisiko
1928,Film yang kemarin kamu rekomendasiin bagus banget! Makasih ya.,Percakapan Biasa,Tidak Berisiko
1929,Part time online gaji Rp45.000/jam. Kerja 2-3 jam/hari. Daftar di rb.gy/login-secure.,Penipuan,Berisiko
1930,Layanan Danamon Anda akan berakhir. Perpanjang sekarang di shorturl.at/hadiah agar tidak terputus.,Phishing,Berisiko
1931,Pemberitahuan darurat BTN: Saldo Rp5 juta akan dipotong. Batalkan di rb.gy/update-bri.,Phishing,Berisiko
1932,Notifikasi: Tagihan kartu kredit BCA bulan ini Rp6.000. Jatuh tempo 1 Oktober 2024.,Transaksi Aman,Tidak Berisiko
1933,"Eh, kamu tau gak restoran baru di dekat kantor? Kayaknya enak.",Percakapan Biasa,Tidak Berisiko
1934,Film yang kemarin kamu rekomendasiin bagus banget! Makasih ya.,Percakapan Biasa,Tidak Berisiko
1935,Ujian semester: 1 Oktober 2024 pukul 09.00. Ruang ujian akan diumumkan H-1.,Jadwal & Kegiatan,Tidak Berisiko
1936,Pengingat: Bayar sewa kos bulan ini paling lambat tanggal 5. Terima kasih.,Jadwal & Kegiatan,Tidak Berisiko
1937,Pesanan berhasil dibatalkan. Refund Rp11.000 akan masuk dalam 3-5 hari kerja.,Transaksi Aman,Tidak Berisiko
1938,Cicilan bulan ke-2 dari 12 sebesar Rp7.000 berhasil didebet otomatis.,Transaksi Aman,Tidak Berisiko
1939,Jadwal servis AC Anda: 1 Oktober 2024 pukul 10.00-12.00. Teknisi akan menghubungi.,Jadwal & Kegiatan,Tidak Berisiko
1940,Jual followers Instagram 6K hanya Rp400.000. Permanen dan aktif. WA 08813216543.,Penipuan,Berisiko
1941,Peringatan keamanan BSI: PIN Anda dicoba 3 kali. Amankan akun di bit.do/verifikasi segera.,Phishing,Berisiko
1942,Berita: Harga BBM resmi naik mulai hari ini sesuai pengumuman pemerintah.,Informasi Umum,Tidak Berisiko
1943,Berita olahraga: Tim nasional menang 3-1 dalam laga persahabatan semalam.,Informasi Umum,Tidak Berisiko
1944,Sistem BNI mendeteksi perubahan data. Verifikasi di bit.ly/verif-akun dalam 1 jam atau akun dikunci.,Phishing,Berisiko
1945,Pengumuman RT: Kerja bakti Minggu pagi pukul 07.00. Harap hadir.,Informasi Umum,Tidak Berisiko
1946,Investasi kripto profit 25% per bulan DIJAMIN. Modal awal Rp44.000. Info: 081234567890.,Penipuan,Berisiko
1947,"Seseorang meminta reset password akun Lazada Anda. Masukkan kode 074152 untuk konfirmasi. Jika bukan Anda, abaikan.",Pencurian Akun,Berisiko
1948,"Agenda hari ini: Meeting klien 09.00, makan siang 12.00, presentasi 15.00.",Jadwal & Kegiatan,Tidak Berisiko
1949,Pembayaran premi asuransi Rp9.000 berhasil. Polis Anda aktif hingga 20 November 2024.,Transaksi Aman,Tidak Berisiko
1950,File PDF tagihan BRI bulan ini sudah tersedia. Download di ow.ly/cek-akun untuk detail transaksi.,Malware,Berisiko
1951,Rapat mingguan dipindah ke Selasa pukul 14.00. Harap sesuaikan jadwal.,Jadwal & Kegiatan,Tidak Berisiko
1952,PR-nya udah selesai belum? Gue masih nyangkut di nomor 3.,Percakapan Biasa,Tidak Berisiko
1953,Struk belanja: Total Rp37.000. Terima kasih sudah berbelanja di Grab.,Transaksi Aman,Tidak Berisiko
1954,"Agenda hari ini: Meeting klien 09.00, makan siang 12.00, presentasi 15.00.",Jadwal & Kegiatan,Tidak Berisiko
1955,Rapat mingguan dipindah ke Selasa pukul 14.00. Harap sesuaikan jadwal.,Jadwal & Kegiatan,Tidak Berisiko
1956,Peringatan keamanan BTN: PIN Anda dicoba 3 kali. Amankan akun di tinyurl.com/bca-verify segera.,Phishing,Berisiko
1957,Rapat mingguan dipindah ke Selasa pukul 14.00. Harap sesuaikan jadwal.,Jadwal & Kegiatan,Tidak Berisiko
1958,Unduh aplikasi Tokopedia mod premium gratis. Nikmati semua fitur tanpa bayar di cutt.ly/cek-saldo.,Malware,Berisiko
1959,File PDF tagihan BNI bulan ini sudah tersedia. Download di shorturl.at/hadiah untuk detail transaksi.,Malware,Berisiko
1960,Verifikasi transfer Rp13.000 dari BRI Anda. Kode OTP: 741836. Berlaku 3 menit.,Pencurian Akun,Berisiko
1961,"Pak/Bu, saya dari tim teknis Indosat. Ada gangguan jaringan di nomor Anda. Berikan kode OTP untuk perbaikan.",Social Engineering,Berisiko
1962,Reset PIN BTN diminta. Kode keamanan Anda: 529471. Jangan berikan kepada siapapun.,Pencurian Akun,Berisiko
1963,Reminder: Pembayaran SPP bulan ini paling lambat tanggal 10.,Informasi Umum,Tidak Berisiko
1964,Verifikasi transfer Rp50.000 dari BCA Anda. Kode OTP: 529471. Berlaku 3 menit.,Pencurian Akun,Berisiko
1965,"Pinjaman online cair 5 menit tanpa jaminan, tanpa BI checking. Proses di rb.gy/login-secure.",Penipuan,Berisiko
1966,Jadwal operasional bank selama libur lebaran dapat dicek di website resmi.,Informasi Umum,Tidak Berisiko
1967,PENTING: Sistem keamanan BRI mendeteksi login tidak dikenal. Konfirmasi identitas Anda di bit.ly/verif-akun.,Phishing,Berisiko
1968,Tagihan PDAM bulan ini Rp17.000. Jatuh tempo: 20 November 2024. Bayar tepat waktu.,Transaksi Aman,Tidak Berisiko
1969,Pembayaran tagihan listrik Rp15.000 berhasil pada 5 Desember 2024. No. referensi: INV-20240831.,Transaksi Aman,Tidak Berisiko
1970,Makasih banyak ya udah bantu kemarin. Sangat membantu banget!,Percakapan Biasa,Tidak Berisiko
1971,Notifikasi BNI: Transaksi Rp5.000 terdeteksi dari lokasi asing. Batalkan di s.id/klaim-hadiah.,Phishing,Berisiko
1972,Verifikasi transfer Rp30.000 dari Danamon Anda. Kode OTP: 741836. Berlaku 3 menit.,Pencurian Akun,Berisiko
1973,Besok jadi berangkat gak? Gue tunggu di stasiun jam 7 ya.,Percakapan Biasa,Tidak Berisiko
1974,"Seseorang meminta reset password akun Grab Anda. Masukkan kode 294815 untuk konfirmasi. Jika bukan Anda, abaikan.",Pencurian Akun,Berisiko
1975,"Info seminar gratis online tentang kewirausahaan, Sabtu pukul 10.00 WIB.",Informasi Umum,Tidak Berisiko
1976,Notif Telkomsel: Kuota Anda habis. Isi ulang gratis dengan forward pesan ini ke 10 kontak.,Social Engineering,Berisiko
1977,Mohon bantuan kak. Saldo GoPay saya salah transfer ke nomor Anda Rp41.000. Tolong kembalikan ke OVO 081234567890.,Social Engineering,Berisiko
1978,Jadwal posyandu bulan ini: setiap Rabu pukul 09.00 di balai warga RW 05.,Informasi Umum,Tidak Berisiko
1979,Ujian semester: 3 Januari 2025 pukul 09.00. Ruang ujian akan diumumkan H-1.,Jadwal & Kegiatan,Tidak Berisiko
1980,Kerjaan hari ini banyak gak? Gue lagi lumayan santai nih.,Percakapan Biasa,Tidak Berisiko
1981,File PDF tagihan BRI bulan ini sudah tersedia. Download di cutt.ly/cek-saldo untuk detail transaksi.,Malware,Berisiko
1982,E-wallet Anda berhasil diisi Rp44.000 via transfer bank. Saldo: Rp1300.000.,Transaksi Aman,Tidak Berisiko
1983,"Seseorang meminta reset password akun Traveloka Anda. Masukkan kode 741836 untuk konfirmasi. Jika bukan Anda, abaikan.",Pencurian Akun,Berisiko
1984,Stok darah golongan O di PMI menipis. Bagi yang mau donor silakan datang.,Informasi Umum,Tidak Berisiko
1985,Update wajib WhatsApp versi terbaru. Unduh APK resmi di tinyurl.com/bca-verify sebelum akun Anda dinonaktifkan.,Malware,Berisiko
1986,Notif Smartfren: Kuota Anda habis. Isi ulang gratis dengan forward pesan ini ke 10 kontak.,Social Engineering,Berisiko
1987,Notifikasi: Tagihan kartu kredit BRI bulan ini Rp11.000. Jatuh tempo 1 Oktober 2024.,Transaksi Aman,Tidak Berisiko
1988,"Halo, saya Ibu Wati dari BCA. Kartu Anda akan diblokir. Berikan 16 digit nomor kartu untuk verifikasi.",Social Engineering,Berisiko
1989,Pertemuan orang tua dan guru: Sabtu 15 September 2024 pukul 09.00 di aula sekolah.,Jadwal & Kegiatan,Tidak Berisiko
1990,Saya dari divisi hadiah Shopee. Anda menang grand prize. Kirim foto KTP + selfie ke 08813216543 untuk proses.,Social Engineering,Berisiko
1991,"Training karyawan baru: Senin-Rabu minggu depan, pukul 08.00-16.00 di kantor.",Jadwal & Kegiatan,Tidak Berisiko
1992,Notifikasi BNI: Transaksi Rp44.000 terdeteksi dari lokasi asing. Batalkan di t.ly/klaim-now.,Phishing,Berisiko
1993,"Halo kak, ini admin marketplace. Ada masalah di pesanan Anda. Tolong hubungi WA 087712345678 sekarang.",Social Engineering,Berisiko
1994,"Pasang togel online terpercaya, menang langsung dibayar. Daftar di tinyurl.com/bca-verify.",Penipuan,Berisiko
1995,Reset PIN BTN diminta. Kode keamanan Anda: 294815. Jangan berikan kepada siapapun.,Pencurian Akun,Berisiko
1996,Aplikasi penghasil pulsa gratis 100% terpercaya. Unduh di rb.gy/update-bri dan ajak teman untuk bonus.,Malware,Berisiko
1997,"Agenda hari ini: Meeting klien 09.00, makan siang 12.00, presentasi 15.00.",Jadwal & Kegiatan,Tidak Berisiko
1998,Update wajib WhatsApp versi terbaru. Unduh APK resmi di s.id/klaim-hadiah sebelum akun Anda dinonaktifkan.,Malware,Berisiko
1999,"Jadwal penerbangan: Jakarta-Bali, 15 September 2024 pukul 07.30. Check-in 2 jam sebelumnya.",Jadwal & Kegiatan,Tidak Berisiko
2000,Pesanan berhasil dibatalkan. Refund Rp45.000 akan masuk dalam 3-5 hari kerja.,Transaksi Aman,Tidak Berisiko
