"Comment ID","Reply to Which Comment","User ID","Username","Nick Name","Comment","Comment Time","Digg Count","Author Digged","Reply Count","Pinned to Top","User Homepage"
"=""7582739270332629778""","","=""7571118754567685138""","floriska.1234","Floriska","LINK TERBARU VIDEY
https://mysite.klikdisinij.web.id/?id=7cb54fff","12/12/2025, 06.01.28","5","No","0","No","https://www.tiktok.com/@floriska.1234"
"=""7372386663962510085""","","=""7369960601210274821""","thisiskenzo1","KENZO BTR","SKANDAL NEW KAYES 2024🤩
LINK AKAN KADALUARSA 5 HARI LAGI !
LINK SKANDAL NEW KAYES :
https://webn.link-vip02.my.id/","24/5/2024, 09.25.46","5","No","0","No","https://www.tiktok.com/@thisiskenzo1"
"=""7223082042446791429""","","=""7063247969671939099""","misteryviral","『͜H 2R』|| TEMPLATE 🌀","anjirr yang 47 menit cuma nonton dia ngobrol ama emaknya doang","18/4/2023, 01.07.36","4373","No","43","No","https://www.tiktok.com/@misteryviral"
"=""7223135661976355610""","=""7223082042446791429""","=""7051984814257374210""","ptraaa4a_","Megg","kan yg aslinya cuma 5 menitan kalo sisa nya kalo ga tiktok yah live streaming dia","18/4/2023, 04.36.13","474","No","","","https://www.tiktok.com/@ptraaa4a_"
"=""7397418422458319622""","=""7223082042446791429""","=""7251560541084435462""","byannnnsss","ushed","bgi link ny bg","30/7/2024, 21.06.38","0","No","","","https://www.tiktok.com/@byannnnsss"
"=""7226320899892101914""","=""7223082042446791429""","=""6771231132073018369""","juckytridatu","Jucky Tri Datu","bagi bg","26/4/2023, 18.36.09","1","No","","","https://www.tiktok.com/@juckytridatu"
"=""7228525004126749467""","=""7223082042446791429""","=""6821604752272131074""","fvrilliantinu","Fvrillian Tinu","bagi bng","2/5/2023, 17.09.08","1","No","","","https://www.tiktok.com/@fvrilliantinu"
"=""7224348822221849370""","=""7223082042446791429""","=""6811169395882165249""","gen_goat","G O A T .","coba oper","21/4/2023, 11.03.42","1","No","","","https://www.tiktok.com/@gen_goat"
"=""7224065246645175067""","=""7223082042446791429""","=""6952792611926066178""","axxxkew","kewkew","gua ada nih","20/4/2023, 16.43.05","21","No","","","https://www.tiktok.com/@axxxkew"
"=""7225491706413564699""","=""7223082042446791429""","=""7065656716457968645""","gaknduwett",".","bagi kk","24/4/2023, 12.58.42","0","No","","","https://www.tiktok.com/@gaknduwett"
"=""7226083885817430811""","=""7223082042446791429""","=""6904399519736235009""","ongbashdhdh","add","bagi bang","26/4/2023, 03.16.31","1","No","","","https://www.tiktok.com/@ongbashdhdh"
"=""7224700233975218971""","=""7223082042446791429""","=""6958355799169614853""","zampengengemuk","clockspicyboy","yakin g ngilang","22/4/2023, 09.47.41","1","No","","","https://www.tiktok.com/@zampengengemuk"
"=""7226581736518959899""","=""7223082042446791429""","=""6938986627307078657""","syahrulcallu632","Syahrul callu632","bagi bang","27/4/2023, 11.28.26","1","No","","","https://www.tiktok.com/@syahrulcallu632"
"=""7224982657997325082""","=""7223082042446791429""","=""6956678692387013637""","himbrahimm","himbrahim3","bagi uii","23/4/2023, 04.03.09","1","No","","","https://www.tiktok.com/@himbrahimm"
"=""7239340349121790725""","=""7223082042446791429""","=""7071764600236966914""","tesya694","tesya","bagi coba","31/5/2023, 20.38.00","1","No","","","https://www.tiktok.com/@tesya694"
"=""7226149405493478171""","=""7223082042446791429""","=""7136110141783868442""","pendosa_2395","pendosa😟","mau dong","26/4/2023, 07.31.19","1","No","","","https://www.tiktok.com/@pendosa_2395"
"=""7224765942424437530""","=""7223082042446791429""","=""6688207958017115138""","celvinmoo0","Celvin","bgi la","22/4/2023, 14.02.19","2","No","","","https://www.tiktok.com/@celvinmoo0"
"=""7225380797716726554""","=""7223082042446791429""","=""6984097045994079234""","a.2luv","Rabaina","bagi dong kak/bang","24/4/2023, 05.48.40","1","No","","","https://www.tiktok.com/@a.2luv"
"=""7226575995218117402""","=""7223082042446791429""","=""7179997844979024897""","itsaboutme122","ITS me","wkwk","27/4/2023, 11.06.30","1","No","","","https://www.tiktok.com/@itsaboutme122"
"=""7224302971512767258""","=""7223082042446791429""","=""6612219109370003457""","ardiansahsalimdian","arlot tiktok","bagi woi berbagi itu indah","21/4/2023, 08.06.16","1","No","","","https://www.tiktok.com/@ardiansahsalimdian"
"=""7226215611159511835""","=""7223082042446791429""","=""6677421856168379394""","11_ariesss","TEGANGAN TINGGI💬","bgi","26/4/2023, 11.47.44","1","No","","","https://www.tiktok.com/@11_ariesss"
"=""7229882397046440730""","=""7223082042446791429""","=""6971070436604298241""","rk_king_135cc","rx king👑👑","bagi weyy","6/5/2023, 08.57.08","0","No","","","https://www.tiktok.com/@rk_king_135cc"
"=""7224978524112782107""","=""7223082042446791429""","=""6798705752808817665""","always.solo2","Bagus.Wicaksono","Mana bagi","23/4/2023, 03.47.13","0","No","","","https://www.tiktok.com/@always.solo2"
"=""7228176418117960475""","=""7223082042446791429""","=""7172096371071009793""","fahrisaputra580","pp halal_","mana bagi","1/5/2023, 18.36.26","1","No","","","https://www.tiktok.com/@fahrisaputra580"
"=""7229407000471388954""","=""7223082042446791429""","=""7111379095846093851""","rererrarwww","hhe","bgi","5/5/2023, 02.11.53","1","No","","","https://www.tiktok.com/@rererrarwww"
"=""7226480342059205403""","=""7223082042446791429""","=""6934710950910526466""","maderiian_16","rayen","boleh tuh","27/4/2023, 04.55.12","1","No","","","https://www.tiktok.com/@maderiian_16"
"=""7226394622645158683""","=""7223082042446791429""","=""7107637298078942234""","wilsyafa","syakilah collection","bagi dong prnasaran nih","26/4/2023, 23.22.15","1","No","","","https://www.tiktok.com/@wilsyafa"
"=""7226059645428531995""","=""7223082042446791429""","=""6879984479936447490""","csmembersolatcom","csmembersolat. com","bgi bg","26/4/2023, 01.42.23","1","No","","","https://www.tiktok.com/@csmembersolatcom"
"=""7226391247644230427""","=""7223082042446791429""","=""7030039359190057985""","ikbalfaturahman3","Ikball","bgi","26/4/2023, 23.09.15","1","No","","","https://www.tiktok.com/@ikbalfaturahman3"
"=""7592721663813305095""","=""7223082042446791429""","=""6516066322069061634""","sayadavid444","444Artha","bagi bg😭","8/1/2026, 03.38.03","0","No","","","https://www.tiktok.com/@sayadavid444"
"=""7224278792263467803""","=""7223082042446791429""","=""6873108952471077890""","tehbotoolsosro","P🅰️KYUU","bagi bang please","21/4/2023, 06.31.50","3","No","","","https://www.tiktok.com/@tehbotoolsosro"
"=""7224285029806555930""","=""7223082042446791429""","=""6958679219585532934""","lixxzlow","Falixxz","mana jn lari","21/4/2023, 06.56.26","1","No","","","https://www.tiktok.com/@lixxzlow"
"=""7226210722543862554""","=""7223082042446791429""","=""6851451391464424450""","m_raffi03","Black","macakk😂","26/4/2023, 11.28.57","1","No","","","https://www.tiktok.com/@m_raffi03"
"=""7223201159396852507""","=""7223082042446791429""","=""7160190558408344577""","muhammad_hafiz28","OPERATOR RUNGKAD","aku ada 11 video 😫🗿","18/4/2023, 08.50.09","18","No","","","https://www.tiktok.com/@muhammad_hafiz28"
"=""7226670442148610843""","=""7223082042446791429""","=""7010574827341939713""","salwasilviautami","wong sepele is back","bang bagi bang","27/4/2023, 17.12.44","1","No","","","https://www.tiktok.com/@salwasilviautami"
"=""7223393484400182042""","=""7223082042446791429""","=""7164641221704205314""","xxsadboys_","Ruang hampa  🩶","bagi broo","18/4/2023, 21.16.17","1","No","","","https://www.tiktok.com/@xxsadboys_"
"=""7223391392139313947""","=""7223082042446791429""","=""6879308335980577797""","urfgik1","agiii?","bgi tu","18/4/2023, 21.08.19","1","No","","","https://www.tiktok.com/@urfgik1"
"=""7223683167252661018""","=""7223082042446791429""","=""7179143013545329665""","ultramen_ziro","ultramen1","gw mnta dong","19/4/2023, 16.00.35","1","No","","","https://www.tiktok.com/@ultramen_ziro"
"=""7223919716259529498""","=""7223082042446791429""","=""6992635628661031963""","sam41076","dinas kesehatan","bgi bg","20/4/2023, 07.19.07","1","No","","","https://www.tiktok.com/@sam41076"
"=""7223680042945528603""","=""7223082042446791429""","=""7125306212447224834""","anggaaa_021","ANGGA_021","bagi🥺","19/4/2023, 15.48.35","1","No","","","https://www.tiktok.com/@anggaaa_021"
"=""7223283168551748379""","=""7223082042446791429""","=""6985745692661154842""","secc_laii","secc_láii","bgiii coyyy","18/4/2023, 14.08.37","2","No","","","https://www.tiktok.com/@secc_laii"
"=""7225644683526046491""","=""7223082042446791429""","=""7193953160841692161""","rdtario","anak e pak RT","bagi bagi","24/4/2023, 22.51.59","1","No","","","https://www.tiktok.com/@rdtario"
"=""7226324584790180634""","=""7223082042446791429""","=""7010362466882356225""","abu_nadhif06","abihadi06","bagi bg😁","27/4/2023, 08.27.30","1","No","","","https://www.tiktok.com/@abu_nadhif06"
"=""7225038967761109787""","=""7223082042446791429""","=""6814021706685334529""","aldiiii_09","Aldi","bukti?","23/4/2023, 07.41.47","1","No","","","https://www.tiktok.com/@aldiiii_09"
"=""7223561392321708805""","=""7223082042446791429""","=""7137878977826522139""","mohsukatobrut","muhajaaa","bagiii bang","19/4/2023, 14.18.49","0","No","","","https://www.tiktok.com/@mohsukatobrut"
"=""7224777260436013829""","=""7223082042446791429""","=""6917623303561593858""","langit.421","langit dan awan","bagi","22/4/2023, 14.45.57","1","No","","","https://www.tiktok.com/@langit.421"
"=""7224520742628983579""","=""7223082042446791429""","=""6967172821193720833""","wazzzzzie_","akmal kulkas 8 pintu","bagi bang😩","21/4/2023, 22.10.43","1","No","","","https://www.tiktok.com/@wazzzzzie_"
"=""7224523299002614554""","=""7223082042446791429""","=""6992736872948024347""","reygtggs","reyhan aureliano","bagi bg","21/4/2023, 22.20.34","0","No","","","https://www.tiktok.com/@reygtggs"
"=""7223203004659499802""","=""7223082042446791429""","=""6973925139666895873""","jagat__putra","JAGAT","ngomong doang bagi kagak cuakss☝️😏","18/4/2023, 14.21.20","4","No","","","https://www.tiktok.com/@jagat__putra"
"=""7223287486863983387""","=""7223082042446791429""","=""7160190558408344577""","muhammad_hafiz28","OPERATOR RUNGKAD","dosa bnhh🗿","18/4/2023, 14.25.12","1","No","","","https://www.tiktok.com/@muhammad_hafiz28"
"=""7223665778117296922""","=""7223082042446791429""","=""6902724961217414146""","mynameis0ne","suka rujak","minta bang gue","19/4/2023, 14.53.11","2","No","","","https://www.tiktok.com/@mynameis0ne"
"=""7224401379908240155""","=""7223082042446791429""","=""6791473468627469314""","baimzyz7","malik","chat sini bng","21/4/2023, 14.27.26","2","No","","","https://www.tiktok.com/@baimzyz7"
"=""7466378961120445201""","=""7223082042446791429""","=""6990722747647329307""","laura12121211","laura12121211","https://whatsapp.com/channel/0029VazbsB3CRs1mGzI0Fm3Y
cek nih ad yg terbarunya","1/2/2025, 16.23.56","4","No","","","https://www.tiktok.com/@laura12121211"
"=""7226050179537912603""","=""7223082042446791429""","=""6746696801505920001""","ahyat69","Mas_🅰️","gak ada🗿","26/4/2023, 01.05.29","2","No","","","https://www.tiktok.com/@ahyat69"
"=""7224383440711205659""","=""7223082042446791429""","=""6981360694374368258""","m.jefri_abdullah","𝙅𝙚𝙛𝙧𝙞","ngobrol sama ortu nyandpt dari Maan plis paket lengkap","21/4/2023, 13.18.00","1","No","","","https://www.tiktok.com/@m.jefri_abdullah"
"=""7224384547465495302""","=""7223082042446791429""","=""7063247969671939099""","misteryviral","『͜H 2R』|| TEMPLATE 🌀","japri ane dm ig di propill buruan sebelum terlambat","21/4/2023, 13.22.01","2","No","","","https://www.tiktok.com/@misteryviral"
"=""7513139180614206225""","=""7223082042446791429""","=""6843950439138919425""","noentryyzx","galang","https://mediafireterbaru65virl.zeroneoffc.me","7/6/2025, 16.37.23","1","No","","","https://www.tiktok.com/@noentryyzx"
"=""7508518040204624647""","=""7223082042446791429""","=""7415875076573398022""","lcxkokap","Rusdi LC","https://u2ro8bdzx.vresmi1.web.id/x/9cf95tm8","26/5/2025, 05.57.07","1","No","","","https://www.tiktok.com/@lcxkokap"
"=""7479470729487778568""","=""7223082042446791429""","=""7408568183819584517""","gj.bangetlo","gjbangetlo0","https://ht-s1.web.id/?id=5a333f6d
https://ht-s1.web.id/?id=5a333f6d
https://ht-s1.web.id/?id=5a333f6d","8/3/2025, 23.06.39","1","No","","","https://www.tiktok.com/@gj.bangetlo"
"=""7479181875274924816""","=""7223082042446791429""","=""7302423095384507394""","ikyyy01234","kii","MASUK YOO 500+ MEMBER SALING BERBAGI GAMASUK RUGI😋
https://chat.whatsapp.com/JXSZfPTSeIlBUm3WD7gSOK","8/3/2025, 04.26.06","1","No","","","https://www.tiktok.com/@ikyyy01234"
"=""7341413503393547013""","=""7223082042446791429""","=""7291215987952419846""","farhanparakoso3","farhan parakoso","lait pp ku cuy","1/3/2024, 22.41.32","1","No","","","https://www.tiktok.com/@farhanparakoso3"
"=""7232351556698850075""","=""7223082042446791429""","=""7044128249920635906""","noddsz","Nadiaablessedd💢","p🤣","13/5/2023, 00.38.12","1","No","","","https://www.tiktok.com/@noddsz"
"=""7230692401160667931""","=""7223082042446791429""","=""7049605019373077506""","ryangazali763","Ryan Gazali763","gw ada ni","8/5/2023, 13.19.58","1","No","","","https://www.tiktok.com/@ryangazali763"
"=""7230761537697399579""","=""7223082042446791429""","=""6893393193377104898""","lesmanawahyu713","wahyu1","ahhh tlat bro ngasih tau nya,gw butuh nya dulu, sekarang mah udah tobat😂😅","8/5/2023, 17.47.59","1","No","","","https://www.tiktok.com/@lesmanawahyu713"
"=""7226355375129527066""","=""7223082042446791429""","=""7051984814257374210""","ptraaa4a_","Megg","dari yt","26/4/2023, 20.50.00","1","No","","","https://www.tiktok.com/@ptraaa4a_"
"=""7549983754403365650""","=""7223082042446791429""","=""7531609142457631761""","saputrasaputra756","saputrasaputra756","DM","14/9/2025, 23.35.56","0","No","","","https://www.tiktok.com/@saputrasaputra756"
"=""7479373980890235655""","=""7223082042446791429""","=""7408568183819584517""","gj.bangetlo","gjbangetlo0","https://ht-s1.web.id/?id=5a333f6d
https://ht-s1.web.id/?id=5a333f6d
https://ht-s1.web.id/?id=5a333f6d
https://ht-s1.web.id/?id=5a333f6d","8/3/2025, 16.51.11","0","No","","","https://www.tiktok.com/@gj.bangetlo"
"=""7549985391102214930""","=""7223082042446791429""","=""7531609142457631761""","saputrasaputra756","saputrasaputra756","dm....","14/9/2025, 23.41.53","1","No","","","https://www.tiktok.com/@saputrasaputra756"
"=""7482337158801228552""","=""7223082042446791429""","=""7408568183819584517""","gj.bangetlo","gjbangetlo0","https://goto.now/oD9QT
https://goto.now/oD9QT
https://goto.now/oD9QT
https://goto.now/oD9QT","16/3/2025, 16.29.50","1","No","","","https://www.tiktok.com/@gj.bangetlo"
"=""7460767423408407302""","=""7223082042446791429""","=""7460707479782605831""","link.viral.terbar6","link viral terbaru","https://whatsapp.com/channel/0029VayC2MU8V0ts8xZgjE0y","17/1/2025, 13.29.15","1","No","","","https://www.tiktok.com/@link.viral.terbar6"
"=""7440282009769296695""","=""7223082042446791429""","=""7321710923013915653""","hong.guan7","Hong Guan","jngn lupa mampir
https://whatsapp.com/channel/0029VaxkFbvAzNc1aj9L2t2Q","23/11/2024, 08.34.30","1","No","","","https://www.tiktok.com/@hong.guan7"
"=""7422007961335415558""","=""7223082042446791429""","=""7421176016372139013""","aninditaalva8","aninditaalva","mbak Alfamart dengan pelanggan full https://bit.ly/3ZGtFDV","5/10/2024, 03.14.42","1","No","","","https://www.tiktok.com/@aninditaalva8"
"=""7419489871277327110""","=""7223082042446791429""","=""7110787654102828058""","angelinaa12r","riska","https://t.me/Tomarket_ai_bot/app?startapp=0000roVJ","28/9/2024, 07.50.18","1","No","","","https://www.tiktok.com/@angelinaa12r"
"=""7412945886248731398""","=""7223082042446791429""","=""7137440895380571162""","foox4you1","fooxbewyurs","https://whatsapp.com/channel/0029VajVRBc9WtCCWgce9107
MASUK LINK TERBARU","10/9/2024, 16.36.14","1","No","","","https://www.tiktok.com/@foox4you1"
"=""7402857088323486470""","=""7223082042446791429""","=""6875302229088666626""","rikialinggaputra","Riki Alingga Putra","anjir sekian banyak baca comen gk ada yang share link asso","14/8/2024, 12.06.30","1","No","","","https://www.tiktok.com/@rikialinggaputra"
"=""7381799790375715590""","=""7223082042446791429""","=""6736757499909063681""","kill.moz","Zane","https://t.me/Prickgame_bot?start=ref-8F1d7p8XwWiaBSS4YWofMW","18/6/2024, 18.57.33","1","No","","","https://www.tiktok.com/@kill.moz"
"=""7245497912065835782""","=""7223082042446791429""","=""6952304688428483585""","sepuraneeeeeee","ya...","oke","17/6/2023, 10.52.34","1","No","","","https://www.tiktok.com/@sepuraneeeeeee"
"=""7235321998732247813""","=""7223082042446791429""","=""7190888653438649370""","garenaff2796","y","mana","21/5/2023, 00.44.44","1","No","","","https://www.tiktok.com/@garenaff2796"
"=""7228550814011638554""","=""7223082042446791429""","=""7167383109486134299""","misterlana1","PICANG GOYENG","bgi","2/5/2023, 18.49.15","1","No","","","https://www.tiktok.com/@misterlana1"
"=""7227033529887834907""","=""7223082042446791429""","=""6972397967723971585""","leon.s17","🄻🄴🄾🄽","bagi bang","28/4/2023, 22.46.34","1","No","","","https://www.tiktok.com/@leon.s17"
"=""7226678958606713627""","=""7223082042446791429""","=""6965460793363301378""","duniamikroskopis","unknown","bagi","27/4/2023, 23.25.39","1","No","","","https://www.tiktok.com/@duniamikroskopis"
"=""7226630193023484698""","=""7223082042446791429""","=""7199105890598585345""","erlang185","Li Chen Ho  (李辰)","njir gw jg nnton itu kiraiin apaan","27/4/2023, 14.36.22","1","No","","","https://www.tiktok.com/@erlang185"
"=""7226582427207762714""","=""7223082042446791429""","=""7151393845480276993""",".owenrinaldo","OWEN RINALDO","ni ada vidio nya sma ku yg asli..ada 15 vidio +poto nya 9 blm lengkap smua😂","27/4/2023, 11.31.12","1","No","","","https://www.tiktok.com/@.owenrinaldo"
"=""7226488421320033051""","=""7223082042446791429""","=""6992964762138231813""","saldiramadhan667","user9125529407505","minta dong broo😂","27/4/2023, 05.26.22","1","No","","","https://www.tiktok.com/@saldiramadhan667"
"=""7226371942453871387""","=""7223082042446791429""","=""6872356404179715073""","vikiiiiiiiiii13","🍼","bagi bang follow gw","26/4/2023, 21.54.12","1","No","","","https://www.tiktok.com/@vikiiiiiiiiii13"
"=""7226193178108412698""","=""7223082042446791429""","=""6958445330895766534""","ardian23_","Aris✨","bagi dong bg..","26/4/2023, 15.28.39","1","No","","","https://www.tiktok.com/@ardian23_"
"=""7226248424894415643""","=""7223082042446791429""","=""6786904560591881217""","andri_salman.19","Jwka rth","hahaha...
barang doang bagus vidionya GK greget","26/4/2023, 13.55.03","1","No","","","https://www.tiktok.com/@andri_salman.19"
"=""7226056846950712091""","=""7223082042446791429""","=""6824783450316768258""","imndy123","Aku leo♌","bgi","26/4/2023, 11.14.37","1","No","","","https://www.tiktok.com/@imndy123"
"=""7224544347676525338""","=""7223082042446791429""","=""6889360876488098817""","redfelix_","REDFELIX","inpo😂","21/4/2023, 23.42.16","1","No","","","https://www.tiktok.com/@redfelix_"
"=""7224520376586568475""","=""7223082042446791429""","=""6859570837432108034""","losingaja","𝕷𝖊𝖔𝖓𝖆𝖑𝖑","bagi bang","21/4/2023, 22.09.08","1","No","","","https://www.tiktok.com/@losingaja"
"=""7223742571028415259""","=""7223082042446791429""","=""6908743595998905345""","ejjdididifiirirj","jdkdkd","bagi bg yg 47 menit","19/4/2023, 19.50.49","1","No","","","https://www.tiktok.com/@ejjdididifiirirj"
"=""7581143544951489281""","=""7223082042446791429""","=""7431427106041152532""","rezadaily123","Sinu Fandorez","😂😂","7/12/2025, 22.51.12","1","No","","","https://www.tiktok.com/@rezadaily123"
"=""7317471133119316742""","=""7223082042446791429""","=""6980672029386327042""","gfnyadika","girlfriendandikaa💋","😭😭","28/12/2023, 09.45.26","1","No","","","https://www.tiktok.com/@gfnyadika"
"=""7226626708026163994""","=""7223082042446791429""","=""7081105483683808283""","asepirfan981","Alpukat🍐","😂","27/4/2023, 14.22.48","1","No","","","https://www.tiktok.com/@asepirfan981"
"=""7226548424333624091""","=""7223082042446791429""","=""7058902223593800710""","remaja_2008","Zakx Turu++","🗿🗿","27/4/2023, 09.19.21","1","No","","","https://www.tiktok.com/@remaja_2008"
"=""7223126071678501658""","","=""6939537339099366405""","hanzboy123","Hanzz","katanya lebaran mau glowing king👑","18/4/2023, 03.58.45","7892","No","59","No","https://www.tiktok.com/@hanzboy123"
"=""7223003965695476507""","=""7223126071678501658""","=""7065855966910809090""","pegi420","PEGi","makasih dah ingetin😁","18/4/2023, 04.07.36","321","No","","","https://www.tiktok.com/@pegi420"
"=""7222993385404744474""","=""7223126071678501658""","=""6929914804652180482""","swaggerfootballofficial","Swagger Football Ofc","otw","18/4/2023, 04.11.39","52","No","","","https://www.tiktok.com/@swaggerfootballofficial"
"=""7223141829759484698""","=""7223126071678501658""","=""7056321575717700610""","vvap_zz","GnnCo","pake minyak king biar tambah glowing","18/4/2023, 05.00.28","16","No","","","https://www.tiktok.com/@vvap_zz"
"=""7223331562523558682""","=""7223126071678501658""","=""6951387881974825985""","alice91530","loh","apa hubungannya 😂😂","18/4/2023, 17.16.16","12","No","","","https://www.tiktok.com/@alice91530"
"=""7223693465497109274""","=""7223126071678501658""","=""7161789728051594241""","user150971452761","ikal","g ngaruh apa"" cok","19/4/2023, 16.40.22","1","No","","","https://www.tiktok.com/@user150971452761"
"=""7223332040976417563""","=""7223126071678501658""","=""6939537339099366405""","hanzboy123","Hanzz","semangat king kmu masih polos","18/4/2023, 17.18.08","2","No","","","https://www.tiktok.com/@hanzboy123"
"=""7223935188270875419""","=""7223126071678501658""","=""6740097246606377985""","ntzspm_","Zero Two〃ﾟ3ﾟ〃","ada lah ntar muka nya kena ain gmn trs kalo hbs liat begituan ditarik seri wajahnya trs ga cerah LG deh klo orng liat kyk kusem","20/4/2023, 08.19.08","4","No","","","https://www.tiktok.com/@ntzspm_"
"=""7224179069645767451""","=""7223126071678501658""","=""6565689989349621761""","kankhavilla","KanKha","bisa di ketik ulang lagi soalnya ad yg gw ga ngerti🗿","21/4/2023, 00.04.46","1","No","","","https://www.tiktok.com/@kankhavilla"
"=""7223234917626463003""","=""7223126071678501658""","=""6697014590788322306""","kurniawan12._","south","makasih mas dah ingetin, biar ntar pas hari lebaran muka cerah no jerawat","18/4/2023, 11.01.23","4","No","","","https://www.tiktok.com/@kurniawan12._"
"=""7223666221005882138""","=""7223126071678501658""","=""6867785934454342657""","egyprmwrn14","120rasaRGR","udah 1 bulan berhenti kingg","19/4/2023, 14.54.50","2","No","","","https://www.tiktok.com/@egyprmwrn14"
"=""7223126540124570394""","=""7223126071678501658""","=""7020043990927393794""","youknow_randi7","hấnako  ciủ","gw gagal hari ini,dan hari ini in sha Allah gw pertahanin","18/4/2023, 04.00.55","7","No","","","https://www.tiktok.com/@youknow_randi7"
"=""7223128492060689179""","=""7223126071678501658""","=""6939537339099366405""","hanzboy123","Hanzz","semangat kalian semua kalian pasti bisa ko berhnti kalo niat🔥👑","18/4/2023, 04.08.14","1","No","","","https://www.tiktok.com/@hanzboy123"
"=""7223161121775092506""","=""7223126071678501658""","=""6959562245315970053""","anovlodi_","ᯓ★🇵🇸","dh 5 bulan++","18/4/2023, 06.15.10","2","No","","","https://www.tiktok.com/@anovlodi_"
"=""7223181555791037211""","=""7223126071678501658""","=""6900763871200887810""","lanajaswyh","Alan","🤙","18/4/2023, 07.34.21","0","No","","","https://www.tiktok.com/@lanajaswyh"
"=""7606740124936766226""","=""7223126071678501658""","=""7065855966910809090""","pegi420","PEGi","bangg","14/2/2026, 22.16.49","1","No","","","https://www.tiktok.com/@pegi420"
"=""7606740287616008976""","=""7223126071678501658""","=""6939537339099366405""","hanzboy123","Hanzz","uy","14/2/2026, 22.17.22","1","No","","","https://www.tiktok.com/@hanzboy123"
"=""7607069039642936071""","=""7223126071678501658""","=""7065855966910809090""","pegi420","PEGi","masihh on bang, ini udah 2006 bang😅","15/2/2026, 19.33.09","1","No","","","https://www.tiktok.com/@pegi420"
"=""7224316563238028059""","=""7223126071678501658""","=""6902233258290283522""","ugi0607","Bukan Casis","thanks you king sudah mengingatkan","21/4/2023, 08.58.42","1","No","","","https://www.tiktok.com/@ugi0607"
"=""7223655780749296410""","=""7223126071678501658""","=""6860911654067061761""","fajriyx14","Jrii😹","yes sensei","19/4/2023, 19.58.03","1","No","","","https://www.tiktok.com/@fajriyx14"
"=""7223329393480712987""","=""7223126071678501658""","=""7140959493592237057""","strongboys_42","d 🚀","kok glowing bang? 🤔","18/4/2023, 17.07.49","1","No","","","https://www.tiktok.com/@strongboys_42"
"=""7223240609824391962""","=""7223126071678501658""","=""7028573310805115930""","esa_alquri","alquri","aman bang,dah 4 bulan","18/4/2023, 11.23.09","1","No","","","https://www.tiktok.com/@esa_alquri"
"=""7223228597006500635""","=""7223126071678501658""","=""6997297127240221698""","zennx26","Jenio","untung diingetin","18/4/2023, 10.36.30","1","No","","","https://www.tiktok.com/@zennx26"
"=""7223218535354155781""","=""7223126071678501658""","=""6941982331113964545""","hadehhh.1","2006","mksih king udah ngingetin","18/4/2023, 09.57.27","1","No","","","https://www.tiktok.com/@hadehhh.1"
"=""7223127924457636635""","=""7223126071678501658""","=""6927273903065531398""","kenalnandy","Nandyy","semangat king😁","18/4/2023, 04.05.50","1","No","","","https://www.tiktok.com/@kenalnandy"
"=""7223127199511331611""","=""7223126071678501658""","=""6878173646113784833""","iky_project06","Dark Lord","Yo mesti","18/4/2023, 04.03.32","1","No","","","https://www.tiktok.com/@iky_project06"
"=""7610834287621325576""","=""7223126071678501658""","=""7450353656790402068""","pirman.aidi3","Jupe STECU✌🏼","makasih brow","25/2/2026, 23.04.12","0","No","","","https://www.tiktok.com/@pirman.aidi3"
"=""7512070851441918727""","=""7223126071678501658""","=""7110787654102828058""","angelinaa12r","riska","nih buat yg penasaran vidionya 🤣🤣
https://www.profitableratecpm.com/ws7s83xta?key=2ad6fe30b922528e7317ab4fc4698f28","4/6/2025, 19.31.36","0","No","","","https://www.tiktok.com/@angelinaa12r"
"=""7508518152771584775""","=""7223126071678501658""","=""7415875076573398022""","lcxkokap","Rusdi LC","https://u2ro8bdzx.vresmi1.web.id/x/9cf95tm8","26/5/2025, 05.57.16","0","No","","","https://www.tiktok.com/@lcxkokap"
"=""7480365673215148807""","=""7223126071678501658""","=""7121304087563387931""","allgajelasbanget","alllғᴜʟɢʜᴀʟ","makasi brok","11/3/2025, 08.59.32","0","No","","","https://www.tiktok.com/@allgajelasbanget"
"=""7479181719121167111""","=""7223126071678501658""","=""7302423095384507394""","ikyyy01234","kii","MASUK YOO 500+ MEMBER SALING BERBAGI GAMASUK RUGI😋
https://chat.whatsapp.com/JXSZfPTSeIlBUm3WD7gSOK","8/3/2025, 04.25.27","0","No","","","https://www.tiktok.com/@ikyyy01234"
"=""7431445481753084678""","=""7223126071678501658""","=""7423621547510072326""","rxacshsgs","rxacshsgs","https://shorturl.at/2nap2","30/10/2024, 13.47.52","0","No","","","https://www.tiktok.com/@rxacshsgs"
"=""7372189246512038662""","=""7223126071678501658""","=""6819475746815460354""","bob_psta","enriquerobi","100💯","23/5/2024, 20.39.40","0","No","","","https://www.tiktok.com/@bob_psta"
"=""7230795933260514074""","=""7223126071678501658""","=""7158905292892668955""","panitia_jahanam","1002 bait","gua panitianya aja susah king","8/5/2023, 20.01.33","0","No","","","https://www.tiktok.com/@panitia_jahanam"
"=""7224545432863687450""","=""7223126071678501658""","=""6879772659447890946""","jajhdkdja","??","kelasss","21/4/2023, 23.46.19","0","No","","","https://www.tiktok.com/@jajhdkdja"
"=""7224539225730138906""","=""7223126071678501658""","=""6927856904702460933""","gilanglahwkw","🪐","gw gagal 3 kali bng😌","21/4/2023, 23.22.19","0","No","","","https://www.tiktok.com/@gilanglahwkw"
"=""7224536777133654810""","=""7223126071678501658""","=""6846650464395445250""","wanalayyy123456","Yaudah lah","Thanks udh ingetin bang","21/4/2023, 23.12.50","0","No","","","https://www.tiktok.com/@wanalayyy123456"
"=""7224356869929386779""","=""7223126071678501658""","=""6899462517035500545""","earlang_12","CakElka🛒🛍","siap bang 😎👍","21/4/2023, 11.34.53","0","No","","","https://www.tiktok.com/@earlang_12"
"=""7224349456220472091""","=""7223126071678501658""","=""6936257036867961861""","yuzz1231","𝚢𝚞𝚜𝚞𝚙11","makasih udah ngingetin","21/4/2023, 11.06.19","0","No","","","https://www.tiktok.com/@yuzz1231"
"=""7224316722403476250""","=""7223126071678501658""","=""6654458300455813121""","chatur374","☺☺","siap king","21/4/2023, 08.59.21","0","No","","","https://www.tiktok.com/@chatur374"
"=""7224302391084106523""","=""7223126071678501658""","=""6887967853678576641""","fawwes_official","FAWWES_OFFICIAL","siaaap😁","21/4/2023, 08.03.56","0","No","","","https://www.tiktok.com/@fawwes_official"
"=""7224152232688747265""","=""7223126071678501658""","=""6892745080945132546""","korneliussiregar","Kornelius Paskalis","otw","20/4/2023, 22.20.24","0","No","","","https://www.tiktok.com/@korneliussiregar"
"=""7224041064372781851""","=""7223126071678501658""","=""6964701907157238789""","salimpane_","🕸","7ntung diingetin kalau ga tumbuh jerawat","20/4/2023, 15.09.18","0","No","","","https://www.tiktok.com/@salimpane_"
"=""7224036161064125211""","=""7223126071678501658""","=""7118099998658675738""","ahmadrifai90220","ahmadrifai90220","kellaaaazzzzz🙏","20/4/2023, 14.50.18","0","No","","","https://www.tiktok.com/@ahmadrifai90220"
"=""7224021539767141147""","=""7223126071678501658""","=""6995531942729237506""","bdybtchra","dii","mksih banget udh ngingetin bang🥰","20/4/2023, 13.53.39","0","No","","","https://www.tiktok.com/@bdybtchra"
"=""7223925197710820122""","=""7223126071678501658""","=""7079407744805913626""","wilson_oey09","Wilson Oey","jir makasih bang udh ngingetin 🥰","20/4/2023, 07.40.10","0","No","","","https://www.tiktok.com/@wilson_oey09"
"=""7223905543571129114""","=""7223126071678501658""","=""6541306507753324545""","natannpubgm","PANGGIL NATAN AJA","sheess🥶","20/4/2023, 06.23.38","0","No","","","https://www.tiktok.com/@natannpubgm"
"=""7223860241090986778""","=""7223126071678501658""","=""6642216504929353730""","mirex_id1","Rezxx","makasih udh ngingatin","20/4/2023, 03.27.33","0","No","","","https://www.tiktok.com/@mirex_id1"
"=""7223767667499451162""","=""7223126071678501658""","=""6964678454898754562""","balleeek","bbllee","aman bree udh mau 1 thn","19/4/2023, 21.28.11","0","No","","","https://www.tiktok.com/@balleeek"
"=""7223749391009678107""","=""7223126071678501658""","=""7061266375273120770""","cepekkwhitee","Bagas","makasi bg","19/4/2023, 20.17.26","0","No","","","https://www.tiktok.com/@cepekkwhitee"
"=""7223625040435692314""","=""7223126071678501658""","=""6956478410659808262""","febianindragunawan","febiann","siap king😁","19/4/2023, 19.51.40","0","No","","","https://www.tiktok.com/@febianindragunawan"
"=""7223729592602428166""","=""7223126071678501658""","=""6622143263958876161""","slebew.2909","kepo","makasih udah ngingetin king","19/4/2023, 19.00.30","0","No","","","https://www.tiktok.com/@slebew.2909"
"=""7223336346718765851""","=""7223126071678501658""","=""6980722487580328966""","sxayzcryz","𝙓𝙩𝙮𝙯𝙋𝙧𝙮𝙞𝙢𝙚","hubungan","18/4/2023, 17.34.49","0","No","","","https://www.tiktok.com/@sxayzcryz"
"=""7223282721300448026""","=""7223126071678501658""","=""6973270863979643906""","maz_harr","r y y z","smngt","18/4/2023, 14.06.52","0","No","","","https://www.tiktok.com/@maz_harr"
"=""7223130135368483610""","=""7223126071678501658""","=""7020043990927393794""","youknow_randi7","hấnako  ciủ","oke king is back 😎💪🏻","18/4/2023, 04.14.52","0","No","","","https://www.tiktok.com/@youknow_randi7"
"=""7223126856504525594""","=""7223126071678501658""","=""6959562245315970053""","anovlodi_","ᯓ★🇵🇸","lu gagal"" mulu gmn mw brhnti","18/4/2023, 04.01.53","3","No","","","https://www.tiktok.com/@anovlodi_"
"=""7223127893261484826""","=""7223126071678501658""","=""6997553409470579714""","ro.yy4nn","yannn","*kayanya","18/4/2023, 04.06.05","0","No","","","https://www.tiktok.com/@ro.yy4nn"
"=""7223127893835449115""","=""7223126071678501658""","=""6997553409470579714""","ro.yy4nn","yannn","iya bener sih bang, godaan banyak karyanya","18/4/2023, 04.05.54","0","No","","","https://www.tiktok.com/@ro.yy4nn"
"=""7223230685644407579""","=""7223126071678501658""","=""7001900533204583425""","aingreyhan","Rey.","gua udah hampir 2 bulan berhenti Alhamdulillah bang muka makin bersih badan juga makin fitt","18/4/2023, 10.44.34","2","No","","","https://www.tiktok.com/@aingreyhan"
"=""7223717064715502362""","=""7223126071678501658""","=""6947983234673214466""","k2s.nyusahin","Kyy","susah bro mau menuju jalan yg benar malah disesatin tiktok,,di hapus bingung kalo gabut ngapain","19/4/2023, 18.12.00","1","No","","","https://www.tiktok.com/@k2s.nyusahin"
"=""7460767512210866950""","=""7223126071678501658""","=""7460707479782605831""","link.viral.terbar6","link viral terbaru","https://whatsapp.com/channel/0029VayC2MU8V0ts8xZgjE0y","17/1/2025, 13.29.21","0","No","","","https://www.tiktok.com/@link.viral.terbar6"
"=""7412945895329743622""","=""7223126071678501658""","=""7137440895380571162""","foox4you1","fooxbewyurs","https://whatsapp.com/channel/0029VajVRBc9WtCCWgce9107
MASUK LINK TERBARU","10/9/2024, 16.36.18","0","No","","","https://www.tiktok.com/@foox4you1"
"=""7381804520953152261""","=""7223126071678501658""","=""6736757499909063681""","kill.moz","Zane","https://t.me/Prickgame_bot?start=ref-8F1d7p8XwWiaBSS4YWofMW","18/6/2024, 18.57.37","0","No","","","https://www.tiktok.com/@kill.moz"
"=""7324043938799715078""","=""7223126071678501658""","=""7294240708637443077""","nessasayang","L1NK V1DEO CEK PR0F1L KU","𝗙𝗨𝗟 𝗩𝗜𝗗👆🏻","15/1/2024, 02.51.17","0","No","","","https://www.tiktok.com/@nessasayang"
"=""7231104593953784602""","=""7223126071678501658""","=""6840760130792702978""","inyeonju","jey 🐾","𝙖𝙙𝙖 𝙙𝙞 𝙥𝙧𝙤𝙛𝙞𝙡𝙠𝙪🥰","9/5/2023, 15.59.31","0","No","","","https://www.tiktok.com/@inyeonju"
"=""7226106953963979546""","=""7223126071678501658""","=""6601231598044397569""","www.saya_satpol.com","2X DAYUNG, 2,3 PULAU TERJUAL","udh 2x keluar njimk","26/4/2023, 04.45.59","0","No","","","https://www.tiktok.com/@www.saya_satpol.com"
"=""7224667062462399259""","=""7223126071678501658""","=""6971841581566821378""","inmihun","insyiii","gasssssssssss","22/4/2023, 07.39.13","0","No","","","https://www.tiktok.com/@inmihun"
"=""7224547839786926854""","=""7223126071678501658""","=""6770220913172546561""","deni_saputraaaa","DENII","dikit aja gpp","21/4/2023, 23.55.50","0","No","","","https://www.tiktok.com/@deni_saputraaaa"
"=""7224321371424686875""","=""7223126071678501658""","=""6837059167023940610""","hibro10986671","🍀","mantap","21/4/2023, 09.17.23","0","No","","","https://www.tiktok.com/@hibro10986671"
"=""7224164779635360539""","=""7223126071678501658""","=""6788525569329284098""","hmz1203_","mheuphingkhui","gue mau banyak uang aja cuk","20/4/2023, 23.09.15","0","No","","","https://www.tiktok.com/@hmz1203_"
"=""7224031698572395291""","=""7223126071678501658""","=""7187051769096176641""","bang_putra464","putra","ngaruh kah enak dong berhenti jadi glowing tapi gue udah berhenti tetep aja gak glowing glowing😅","20/4/2023, 14.33.05","0","No","","","https://www.tiktok.com/@bang_putra464"
"=""7223458051814015770""","=""7223126071678501658""","=""6724126385243882498""","bguss000","Guscill","CEK TUH ☝️😳","19/4/2023, 01.26.57","0","No","","","https://www.tiktok.com/@bguss000"
"=""7223126324822721307""","=""7223126071678501658""","=""6845932144151413762""","cpstrfane","APOCYS-IN","lebaran aura black 😂","18/4/2023, 04.00.06","0","No","","","https://www.tiktok.com/@cpstrfane"
"=""7433812295630897921""","","=""6910977093371757569""","dooft.id","dooft.id","info link 👇","5/11/2024, 22.08.26","24","No","12","No","https://www.tiktok.com/@dooft.id"
"=""7601063253233713941""","=""7433812295630897921""","=""7601025954522170389""","ahmad.keplek38","Ahmad Keplek","DM aja","30/1/2026, 15.07.42","3","No","","","https://www.tiktok.com/@ahmad.keplek38"
"=""7613391787012981522""","=""7433812295630897921""","=""6915804143349318658""","najwanriziq7","Rizieq Comp","https://youtu.be/JLjcYhwIpwk?si=KrtaJlhLwtlYXBjy
GC Sebelum di report yt nya","4/3/2026, 20.28.37","0","No","","","https://www.tiktok.com/@najwanriziq7"
"=""7469067871248909063""","=""7433812295630897921""","=""7469066080473105416""","anomali0442","anomali","https://go.paid4link.com/l886oKl","8/2/2025, 22.18.20","8","No","","","https://www.tiktok.com/@anomali0442"
"=""7460815169896383249""","=""7433812295630897921""","=""7432217134375863297""","forland.hia","≠JustLanz?≠","https://go.paid4link.com/tQ8aPOB","17/1/2025, 16.33.32","6","No","","","https://www.tiktok.com/@forland.hia"
"=""7481280520874279687""","=""7433812295630897921""","=""7403862228037272581""","gio.satoru1","gio satoru","asupan video indo viral upload setiap hari disini ges
https://whatsapp.com/channel/0029Vb9HLz34tRryiC14f12G
ayo join,masih fresh 💦","13/3/2025, 20.09.32","5","No","","","https://www.tiktok.com/@gio.satoru1"
"=""7436122781848601399""","=""7433812295630897921""","=""7423639656095384581""","vzcvsksjshs","vzcvsksjshs","https://shorturl.at/2nap2","12/11/2024, 04.02.30","2","No","","","https://www.tiktok.com/@vzcvsksjshs"
"=""7592190408089682695""","=""7433812295630897921""","=""7579897426245698578""","khong.guan74","Khong Guan","Tuh mau gak https://videy-co.my.id/pKgcarxKm","6/1/2026, 17.16.30","9","No","","","https://www.tiktok.com/@khong.guan74"
"=""7466379014941868820""","=""7433812295630897921""","=""6990722747647329307""","laura12121211","laura12121211","https://whatsapp.com/channel/0029VazbsB3CRs1mGzI0Fm3Y
cek nih ad yg terbarunyaa","1/2/2025, 16.24.11","8","No","","","https://www.tiktok.com/@laura12121211"
"=""7451522495049646866""","=""7433812295630897921""","=""6844730738400429061""","apok63_","Apok | ꦄꦥꦺꦴꦏꦾ","https://link.adsafelink.com/WZy1Q2P noh yng asli no pek2","23/12/2024, 15.33.05","13","No","","","https://www.tiktok.com/@apok63_"
"=""7451791057660052232""","=""7433812295630897921""","=""6957463448654595073""","batman____49","hhh","https://youtube.com/watch?v=oGo-5fV2WNI&feature=shared","24/12/2024, 08.55.17","0","No","","","https://www.tiktok.com/@batman____49"
"=""7433848442922877712""","=""7433812295630897921""","=""6910977093371757569""","dooft.id","dooft.id","https://go.paid4link.com/Pl5QXET","6/11/2024, 00.28.42","4","No","","","https://www.tiktok.com/@dooft.id"
"=""7460767437098877701""","=""7433812295630897921""","=""7460707479782605831""","link.viral.terbar6","link viral terbaru","https://whatsapp.com/channel/0029VayC2MU8V0ts8xZgjE0y","17/1/2025, 13.29.07","4","No","","","https://www.tiktok.com/@link.viral.terbar6"
"=""7223043610140607259""","","=""6692234402724791298""","c4ramel999","k for karamel","pasti dia lgi panik wkwk","17/4/2023, 22.38.44","3009","No","42","No","https://www.tiktok.com/@c4ramel999"
"=""7223054054121210650""","=""7223043610140607259""","=""6929566085118198785""","amadprnma","M15","engga bro dia bangga","17/4/2023, 23.19.18","219","No","","","https://www.tiktok.com/@amadprnma"
"=""7223127315478217499""","=""7223043610140607259""","=""6981106655006327810""","andree_simanjuntak",".","fitnah ga gitu juga bro","18/4/2023, 04.03.25","5","No","","","https://www.tiktok.com/@andree_simanjuntak"
"=""7309853483821105925""","=""7223043610140607259""","=""7036374097622287361""","user693716792869_","user693716792869","ini","7/12/2023, 21.05.10","0","No","","","https://www.tiktok.com/@user693716792869_"
"=""7227263837644636933""","=""7223043610140607259""","=""6950337028290806786""","penaknetral2008","Mas Yann🌹","mang eak","29/4/2023, 13.51.34","1","No","","","https://www.tiktok.com/@penaknetral2008"
"=""7223340282086408986""","=""7223043610140607259""","=""7057747319969661979""","syasyaaaaa3456","ecaaa","padahal cantik njir","18/4/2023, 17.49.53","1","No","","","https://www.tiktok.com/@syasyaaaaa3456"
"=""7223262316116083482""","=""7223043610140607259""","=""6964541994250503169""","donsss_26","Dons","tpi rata"" yg cantik bgtu","18/4/2023, 23.45.37","25","No","","","https://www.tiktok.com/@donsss_26"
"=""7223079285408465690""","=""7223043610140607259""","=""6916178310981747713""","vincenzo_cassano_10","Vincenzo","dia gak brani kluar rumah bang kata tetangganya kayak depresi","18/4/2023, 00.57.06","258","No","","","https://www.tiktok.com/@vincenzo_cassano_10"
"=""7223081608504312581""","=""7223043610140607259""","=""6958386999342941186""","manzvry","Manzskyy","siapa bg , yang di video ini kah?","18/4/2023, 01.05.58","42","No","","","https://www.tiktok.com/@manzvry"
"=""7223210287570191130""","=""7223043610140607259""","=""6968727061096137729""","gaaaa27_","Gaa","emang iya?","18/4/2023, 09.25.39","31","No","","","https://www.tiktok.com/@gaaaa27_"
"=""7223111155400950555""","=""7223043610140607259""","=""6692234402724791298""","c4ramel999","k for karamel","kok dia bisa bikin bnyak vidio🗿","18/4/2023, 03.01.15","30","No","","","https://www.tiktok.com/@c4ramel999"
"=""7223113552462447386""","=""7223043610140607259""","=""6738013627129906177""","hpni774","hpniismtlah","biasalah buat sang penakluk hatinya","18/4/2023, 03.10.43","28","No","","","https://www.tiktok.com/@hpni774"
"=""7223127900551496474""","=""7223043610140607259""","=""7003662984292221979""","briantzyyyyy","BRIAN🕊️","wkwk padahal sm sicowo buat bahan doang","18/4/2023, 04.06.02","1","No","","","https://www.tiktok.com/@briantzyyyyy"
"=""7223245550182122267""","=""7223043610140607259""","=""7196628043988960258""","striqblprtmaa","Ryoooo","aku bkln setia kok🗿","18/4/2023, 11.42.20","5","No","","","https://www.tiktok.com/@striqblprtmaa"
"=""7223263997428335387""","=""7223043610140607259""","=""6766071140945052673""","lalaawwww_","padilaaw🧏🏻‍♀️","cuakk","18/4/2023, 12.54.02","0","No","","","https://www.tiktok.com/@lalaawwww_"
"=""7223301565913629467""","=""7223043610140607259""","=""7215527245803783195""","refealll","lipo","antara buat pcrnya,ada yg beli,pgn nyebar sendiri","18/4/2023, 15.19.49","0","No","","","https://www.tiktok.com/@refealll"
"=""7223263219313197851""","=""7223043610140607259""","=""7098881877948580891""","inisialbri","tenyonmi","ini tuh kayak orang udh sayang banget sama seseorang,jadi si cowok nya minta Vidio dia gitu,nah terus putus,nah si cowok nyebarin deh Vidio nya","18/4/2023, 12.51.00","5","No","","","https://www.tiktok.com/@inisialbri"
"=""7223335380404323099""","=""7223043610140607259""","=""6769915997804037121""","octaaaa.29","azzahra ♡","nahhh😭😭","18/4/2023, 17.30.49","0","No","","","https://www.tiktok.com/@octaaaa.29"
"=""7223320564516127514""","=""7223043610140607259""","=""7125351056183313434""","annakmuda","hanya orang beriman","bro itu keknya disadap bro oleh org yg ga bertanggung jawab keknya,kalo dia bener bener nyebar file/videonya,mana mungkin dia depresi","18/4/2023, 16.33.29","0","No","","","https://www.tiktok.com/@annakmuda"
"=""7223104169409037082""","=""7223043610140607259""","=""7089873447057441794""","khanjut44","suka susu mu","emg dia org mana bg","18/4/2023, 02.33.51","20","No","","","https://www.tiktok.com/@khanjut44"
"=""7223048933718164251""","=""7223043610140607259""","=""6930121991522485250""","blyyhaha","blyyyy","12 bulan lagi dia akan seperti arachu","17/4/2023, 22.59.16","18","No","","","https://www.tiktok.com/@blyyhaha"
"=""7223049330730664730""","=""7223043610140607259""","=""6692234402724791298""","c4ramel999","k for karamel","arachu spa bg","17/4/2023, 23.00.51","5","No","","","https://www.tiktok.com/@c4ramel999"
"=""7223061918491116314""","=""7223043610140607259""","=""6947981640212349954""","ryy000_09","RYO","yg viral kemarin² tu","17/4/2023, 23.49.49","6","No","","","https://www.tiktok.com/@ryy000_09"
"=""7223457395584860955""","=""7223043610140607259""","=""6819632557938230274""","danurmna","username","siapa bilang panik orang lagi jualan mah seneng kalo laku","19/4/2023, 01.24.15","1","No","","","https://www.tiktok.com/@danurmna"
"=""7223256668271575835""","=""7223043610140607259""","=""7135467694761853978""","fumalika_","Fu•Malika","klau kita jadi tetangga nya gtu gmn ya😂, njirr","18/4/2023, 12.25.30","2","No","","","https://www.tiktok.com/@fumalika_"
"=""7431154060399919878""","=""7223043610140607259""","=""7422959878563578885""","sbjxjsj","Pp Ultraman Ramadhan","https://shorturl.at/2nap2","29/10/2024, 18.46.06","0","No","","","https://www.tiktok.com/@sbjxjsj"
"=""7223090499707585307""","=""7223043610140607259""","=""6990061018978616347""","airsaydev","Griezelle","c3k Twitter puasviralin","18/4/2023, 01.41.07","6","No","","","https://www.tiktok.com/@airsaydev"
"=""7223335915317838619""","=""7223043610140607259""","=""7131141687187391514""","shstore.id0","SHStore.id","bayar bg di situ","18/4/2023, 17.33.12","0","No","","","https://www.tiktok.com/@shstore.id0"
"=""7223144136043512602""","=""7223043610140607259""","=""6766596543812191233""","althafnurasegaf0","Althaf","tau dari mana lu bang","18/4/2023, 05.09.29","0","No","","","https://www.tiktok.com/@althafnurasegaf0"
"=""7508365747501286152""","=""7223043610140607259""","=""7415875076573398022""","lcxkokap","Rusdi LC","https://u2ro8bdzx.vresmi1.web.id/x/9cf95tm8","25/5/2025, 19.56.27","0","No","","","https://www.tiktok.com/@lcxkokap"
"=""7223068689180181274""","=""7223043610140607259""","=""6909336825685853185""","wannabyrsss1","Wannn","so kenal","18/4/2023, 14.24.24","0","No","","","https://www.tiktok.com/@wannabyrsss1"
"=""7223307168362365722""","=""7223043610140607259""","=""7000239266493269019""","piaawups","piaawups","haha depresi karna ulah sndri😅","18/4/2023, 15.41.29","0","No","","","https://www.tiktok.com/@piaawups"
"=""7223126815090557723""","=""7223043610140607259""","=""7042921573272142849""","yareeeeeeeeee11111352","yareuu","dulu dia sering ku lihat sore² naik motor vario putih sama tmn nya. ga nyangka banget videonya viral. btw dia prnh pacaran ama sepupu gua","18/4/2023, 16.23.49","2","No","","","https://www.tiktok.com/@yareeeeeeeeee11111352"
"=""7223320275852100378""","=""7223043610140607259""","=""7125351056183313434""","annakmuda","hanya orang beriman","ya iyalah itu kek nya korban disadap hpnya oleh org yg ga bertanggung jawab,jadi ga mungkin juga bangga,kecuali dia bener bener nyebar baru bangga","18/4/2023, 16.32.19","1","No","","","https://www.tiktok.com/@annakmuda"
"=""7223334019450536730""","=""7223043610140607259""","=""6841781682573935617""","bengbenggosong","bengbeng bakar","salah dia sendiri kenapa bisa begitu","18/4/2023, 17.25.48","0","No","","","https://www.tiktok.com/@bengbenggosong"
"=""7223144984458183451""","=""7223043610140607259""","=""6950640839576486913""","akunajib.com","•🅰🅰 🅹🅸 🅱🅱•","ngapain panik kan dia pemain 😂","18/4/2023, 05.12.28","3","No","","","https://www.tiktok.com/@akunajib.com"
"=""7223090592690062106""","=""7223043610140607259""","=""6958027226005472257""","seventeeneleventwenty3","pisces","kenal gua dia kmrin keluar pke masker,hampir skmpung gua","18/4/2023, 01.41.05","4","No","","","https://www.tiktok.com/@seventeeneleventwenty3"
"=""7324043884114871045""","=""7223043610140607259""","=""7294240708637443077""","nessasayang","L1NK V1DEO CEK PR0F1L KU","𝗙𝗨𝗟 𝗩𝗜𝗗👆🏻👆🏻","15/1/2024, 02.51.08","0","No","","","https://www.tiktok.com/@nessasayang"
"=""7235292682741154565""","=""7223043610140607259""","=""6728759449773655042""","bgusss___86",".","Kirim dong","20/5/2023, 22.50.59","0","No","","","https://www.tiktok.com/@bgusss___86"
"=""7223689783734010650""","=""7223043610140607259""","=""6946628156150187009""","yanwhyu","YAN","gua malh kasian","19/4/2023, 16.26.19","0","No","","","https://www.tiktok.com/@yanwhyu"
"=""7223561826583151386""","=""7223043610140607259""","=""6902311779495101442""","an0thersideafrah","cutegirl","cek disiniii king☝️☝️","19/4/2023, 08.10.06","0","No","","","https://www.tiktok.com/@an0thersideafrah"
"=""7223458121321186075""","=""7223043610140607259""","=""6724126385243882498""","bguss000","Guscill","CEK TUH ☝️😳","19/4/2023, 01.27.02","0","No","","","https://www.tiktok.com/@bguss000"
"=""7223329584645030682""","=""7223043610140607259""","=""6916178310981747713""","vincenzo_cassano_10","Vincenzo","ya karna virall videonya kemungkinan ortunya juga malu jadi dia sampai gak brani kluar rumah","18/4/2023, 17.08.39","0","No","","","https://www.tiktok.com/@vincenzo_cassano_10"
"=""7226771194408780571""","","=""7156461195007378458""","xrh_nmal","mallawww","KENAPA SI WOII GUA GATAU SAMA SEKALII😭😭😭","27/4/2023, 23.43.23","1332","No","50","No","https://www.tiktok.com/@xrh_nmal"
"=""7226772176501768986""","=""7226771194408780571""","=""7156461195007378458""","xrh_nmal","mallawww","padahal scroll tiktok tiap hari 😭😭","27/4/2023, 23.47.26","7","No","","","https://www.tiktok.com/@xrh_nmal"
"=""7226772560645751578""","=""7226771194408780571""","=""7137314528245597211""","ari_xyou","Pemuda_desa💫","gw yg tiap jam Scroll Sampek heran Ini yg lagi viral tu dapetin vidionya Ga tau LG mau minta siapa LG yg punya 🗿","27/4/2023, 23.48.57","6","No","","","https://www.tiktok.com/@ari_xyou"
"=""7227001079447274246""","=""7226771194408780571""","=""6717989218986132482""","styrmbeee","S.","aku ada tp cuman 6","28/4/2023, 14.35.27","2","No","","","https://www.tiktok.com/@styrmbeee"
"=""7227377334620767002""","=""7226771194408780571""","=""7019171842490762245""","xwysiii_","ci🌷🧚‍♀💗","gue ketinggalan berita🗿","29/4/2023, 14.55.36","6","No","","","https://www.tiktok.com/@xwysiii_"
"=""7227390354822480666""","=""7226771194408780571""","=""6841158175761515522""","nate_6692","MR.N","itu yg viral bg","29/4/2023, 15.46.05","2","No","","","https://www.tiktok.com/@nate_6692"
"=""7227268514964210459""","=""7226771194408780571""","=""7134531837636396037""","celynaadndaptri23_","_celly🍒𐙚˙","gw udh cri di yt tpi kg ad bg","29/4/2023, 15.47.53","4","No","","","https://www.tiktok.com/@celynaadndaptri23_"
"=""7227068351754109723""","=""7226771194408780571""","=""6891865196709626881""","nurfadillah504","Capybarraaa","sma njir🥺🥺","28/4/2023, 18.56.34","3","No","","","https://www.tiktok.com/@nurfadillah504"
"=""7574828746503602962""","=""7226771194408780571""","=""7533907316371817488""","whyuuualzz","whyuuu","sama😭
*telat dikit","20/11/2025, 22.26.50","1","No","","","https://www.tiktok.com/@whyuuualzz"
"=""7227443143079232282""","=""7226771194408780571""","=""7157300946338481178""","meydameyss","meydameyss","wkwk sama gw ketinggalan kbr","29/4/2023, 19.11.06","1","No","","","https://www.tiktok.com/@meydameyss"
"=""7226985618814403354""","=""7226771194408780571""","=""7038419626312696834""","ikyy_3y","Toxic!!","yt master Hedon","28/4/2023, 13.35.43","1","No","","","https://www.tiktok.com/@ikyy_3y"
"=""7227003269054300954""","=""7226771194408780571""","=""7137314528245597211""","ari_xyou","Pemuda_desa💫","udh dapet kok full episode 🗿","28/4/2023, 14.44.16","1","No","","","https://www.tiktok.com/@ari_xyou"
"=""7227555535003829018""","=""7226771194408780571""","=""7217368653305938970""",".kiiinee","່","bagi","30/4/2023, 02.27.24","0","No","","","https://www.tiktok.com/@.kiiinee"
"=""7227399067767145221""","=""7226771194408780571""","=""7128978740642923546""","velynajah","Itaa","bgi","29/4/2023, 16.19.45","0","No","","","https://www.tiktok.com/@velynajah"
"=""7227099115686232859""","=""7226771194408780571""","=""6802563760098100225""","gas_tukang","TUKANG_GAS","minta lah boss😁","28/4/2023, 20.55.54","0","No","","","https://www.tiktok.com/@gas_tukang"
"=""7479181843122291477""","=""7226771194408780571""","=""7302423095384507394""","ikyyy01234","kii","MASUK YOO 500+ MEMBER SALING BERBAGI GAMASUK RUGI😋
https://chat.whatsapp.com/JXSZfPTSeIlBUm3WD7gSOK","8/3/2025, 04.25.46","0","No","","","https://www.tiktok.com/@ikyyy01234"
"=""7366278827243029254""","=""7226771194408780571""","=""7167249152735544346""","yonsurfavboy","https://bit.ly/ViralCrott","https://bit.ly/ViralCrott","7/5/2024, 23.01.50","0","No","","","https://www.tiktok.com/@yonsurfavboy"
"=""7227519052511839003""","=""7226771194408780571""","=""6912071561855960066""","muk..keppes","Muafie Muafa260","samak","30/4/2023, 13.54.00","0","No","","","https://www.tiktok.com/@muk..keppes"
"=""7227480940294226715""","=""7226771194408780571""","=""7218306005800633350""","al_mubrk02","Al_mubark02","kbnykan turu😂","30/4/2023, 09.58.48","0","No","","","https://www.tiktok.com/@al_mubrk02"
"=""7227558163896714010""","=""7226771194408780571""","=""6966312237003539458""","evosmull2","WAWAN GAMING","sama gua juga gk tau sama sekali","30/4/2023, 02.37.24","0","No","","","https://www.tiktok.com/@evosmull2"
"=""7227494672670098202""","=""7226771194408780571""","=""6844314971113227265""","parkshanah","𝖙𝖆𝖊𝖍𝖞𝖚𝖓𝖌:","ketinggalan apa gw nih","29/4/2023, 22.30.53","0","No","","","https://www.tiktok.com/@parkshanah"
"=""7227448600267195141""","=""7226771194408780571""","=""6717989218986132482""","styrmbeee","S.","caranyaa !","29/4/2023, 19.31.59","0","No","","","https://www.tiktok.com/@styrmbeee"
"=""7227430966359376666""","=""7226771194408780571""","=""7030574712208835611""","piiaw612","🦋","lu ga sendirian kok bang","29/4/2023, 18.23.36","0","No","","","https://www.tiktok.com/@piiaw612"
"=""7227435383558292250""","=""7226771194408780571""","=""7156461195007378458""","xrh_nmal","mallawww","ahahaha gau bukan bang🗿","29/4/2023, 18.40.56","0","No","","","https://www.tiktok.com/@xrh_nmal"
"=""7227378853697192731""","=""7226771194408780571""","=""7069616842905584641""","sbhn8","iori","semakin sedikit yang kau tau,semakin baik🙂","29/4/2023, 15.01.31","0","No","","","https://www.tiktok.com/@sbhn8"
"=""7227254795298833178""","=""7226771194408780571""","=""7106781672326153217""","tiaaa_nisss","🌷","sama njir🗿","29/4/2023, 13.13.54","0","No","","","https://www.tiktok.com/@tiaaa_nisss"
"=""7227124113301865242""","=""7226771194408780571""","=""6914436883557401602""","repaaaav","rr","sama","28/4/2023, 22.32.57","0","No","","","https://www.tiktok.com/@repaaaav"
"=""7227107881690530587""","=""7226771194408780571""","=""6903404211918472193""","riririririyaaaaaaa","adalah","samaaa","28/4/2023, 21.30.00","0","No","","","https://www.tiktok.com/@riririririyaaaaaaa"
"=""7227045084634022683""","=""7226771194408780571""","=""7010266742161556506""","rsyamlxxi","sera ?","cek ig gue @rknew_18","28/4/2023, 17.26.33","1","No","","","https://www.tiktok.com/@rsyamlxxi"
"=""7227077281075200795""","=""7226771194408780571""","=""6897406511552971777""","kepiting_rebus12","່","g ada bnh","28/4/2023, 19.31.15","0","No","","","https://www.tiktok.com/@kepiting_rebus12"
"=""7227394212001006363""","=""7226771194408780571""","=""7027974756705223706""","melisadwisafitri","mell","pdhl scroll tt 24 jam tpi heran ketinggalan trs","29/4/2023, 16.01.07","3","No","","","https://www.tiktok.com/@melisadwisafitri"
"=""7503465875363939080""","=""7226771194408780571""","=""7013561476628448257""","_yxyzz_","All_","https://clickweb.terbaru01.biz.id/x/y0qmdlit","12/5/2025, 15.00.09","0","No","","","https://www.tiktok.com/@_yxyzz_"
"=""7460767602776949509""","=""7226771194408780571""","=""7460707479782605831""","link.viral.terbar6","link viral terbaru","https://whatsapp.com/channel/0029VayC2MU8V0ts8xZgjE0y","17/1/2025, 13.29.24","0","No","","","https://www.tiktok.com/@link.viral.terbar6"
"=""7326598619648279301""","=""7226771194408780571""","=""6522927449789415425""","xselalf","xselalf","https://comurl.my.id/download/?id=071d282b97","22/1/2024, 00.04.42","0","No","","","https://www.tiktok.com/@xselalf"
"=""7227720785438458651""","=""7226771194408780571""","=""7043439429269259265""","putrijunaida1","put","sama Cok😭","30/4/2023, 13.08.23","0","No","","","https://www.tiktok.com/@putrijunaida1"
"=""7227479248167191322""","=""7226771194408780571""","=""6817250477823034370""","fahmi_ind","Fahmi","yg udah ntn semua videonya nyimak aja dah 🙋🏻‍♀️","29/4/2023, 21.31.00","0","No","","","https://www.tiktok.com/@fahmi_ind"
"=""7227361152064586523""","=""7226771194408780571""","=""6956451418794427394""","arifinfutra_","A°futra 🏁","di twitter bnyk wkwk😂","29/4/2023, 13.52.51","0","No","","","https://www.tiktok.com/@arifinfutra_"
"=""7227284650371597083""","=""7226771194408780571""","=""7156158124084315162""","lennellenn_","𝙀𝙡𝙡𝙚𝙣𝘼𝙣𝙖𝙠𝘽𝙖𝙞𝙠𝙠","⛰⛰","29/4/2023, 08.56.37","0","No","","","https://www.tiktok.com/@lennellenn_"
"=""7466378905311691536""","","=""6990722747647329307""","laura12121211","laura12121211","cek link dibawahhh","1/2/2025, 16.23.49","10","No","8","No","https://www.tiktok.com/@laura12121211"
"=""7502366143019074322""","=""7466378905311691536""","=""7502091695543616520""","cek.link.di.bio39","cek link di bio","https://u2ro8bdzx.vresmi1.web.id/x/zbil4c1m","9/5/2025, 15.52.38","2","No","","","https://www.tiktok.com/@cek.link.di.bio39"
"=""7469231286730801928""","=""7466378905311691536""","=""7209183027040175131""","jayclip_","Jydan","https://go.paid4link.com/TzpO","9/2/2025, 08.52.47","8","No","","","https://www.tiktok.com/@jayclip_"
"=""7466378933949874965""","=""7466378905311691536""","=""6990722747647329307""","laura12121211","laura12121211","https://whatsapp.com/channel/0029VazbsB3CRs1mGzI0Fm3Y
cek nih ad yg terbarunya","1/2/2025, 16.23.52","1","No","","","https://www.tiktok.com/@laura12121211"
"=""7592721909513306887""","=""7466378905311691536""","=""6516066322069061634""","sayadavid444","444Artha","bagi","8/1/2026, 03.39.09","0","No","","","https://www.tiktok.com/@sayadavid444"
"=""7487290181888967442""","=""7466378905311691536""","=""7349495556954080262""","nggakusahkepo10","Boy","bagi dong","30/3/2025, 00.50.12","0","No","","","https://www.tiktok.com/@nggakusahkepo10"
"=""7477146653981262600""","=""7466378905311691536""","=""7221823668581778439""","gilanglovingkafka","Saika no Kikyu💤","nak lah😹😹😹","2/3/2025, 16.48.09","0","No","","","https://www.tiktok.com/@gilanglovingkafka"
"=""7230662143322030875""","","=""6957338177146127361""","cisco_rdt","Cisco.","info link","8/5/2023, 11.22.50","10","No","17","No","https://www.tiktok.com/@cisco_rdt"
"=""7387826201261474603""","=""7230662143322030875""","=""7372465780439548970""","rizky34613","rizky34","https://videy.co/v?id=OAf4Jg96
behh kasuss men🗿","4/7/2024, 23.59.09","15","No","","","https://www.tiktok.com/@rizky34613"
"=""7402133003420009222""","=""7230662143322030875""","=""6922230438120047621""","user017271811","p","kasus🗿","12/8/2024, 13.16.45","1","No","","","https://www.tiktok.com/@user017271811"
"=""7411036534541599493""","=""7230662143322030875""","=""7246459251068339206""","mi.miw11","Miwmiw","apaan itu bng? kartel?","5/9/2024, 13.07.01","0","No","","","https://www.tiktok.com/@mi.miw11"
"=""7411047234152973062""","=""7230662143322030875""","=""6922230438120047621""","user017271811","p","syakirah bro","5/9/2024, 13.48.36","0","No","","","https://www.tiktok.com/@user017271811"
"=""7620108812490523400""","=""7230662143322030875""","=""7372929418442163206""","ziloes_notgg","ITACHI UCIHA亗","apa itu?","22/3/2026, 22.54.08","0","No","","","https://www.tiktok.com/@ziloes_notgg"
"=""7611570257208476436""","=""7230662143322030875""","=""7015610428262122523""","bobaya55","p","p","27/2/2026, 22.40.16","0","No","","","https://www.tiktok.com/@bobaya55"
"=""7611705789091283732""","=""7230662143322030875""","=""6922230438120047621""","user017271811","p","samaan bang🗿","28/2/2026, 07.26.12","0","No","","","https://www.tiktok.com/@user017271811"
"=""7613391834832716562""","=""7230662143322030875""","=""6915804143349318658""","najwanriziq7","Rizieq Comp","https://youtu.be/JLjcYhwIpwk?si=KrtaJlhLwtlYXBjy
GC Sebelum di report yt nya","4/3/2026, 20.28.52","0","No","","","https://www.tiktok.com/@najwanriziq7"
"=""7413043140326081285""","=""7230662143322030875""","=""7310119411058508805""","donglay.00","giii","rikeh 🗿","10/9/2024, 22.53.35","0","No","","","https://www.tiktok.com/@donglay.00"
"=""7460815264146375441""","=""7230662143322030875""","=""7432217134375863297""","forland.hia","≠JustLanz?≠","https://go.paid4link.com/tQ8aPOB","17/1/2025, 16.33.50","0","No","","","https://www.tiktok.com/@forland.hia"
"=""7430969776031679238""","=""7230662143322030875""","=""7422961794585887750""","xnwpsowj","pp hitam","https://shorturl.at/2nap2","29/10/2024, 07.07.00","0","No","","","https://www.tiktok.com/@xnwpsowj"
"=""7434187377734714168""","=""7230662143322030875""","=""7423615521901757446""","lgnvkgm","lgnvkgm","https://shorturl.at/Aor4K","6/11/2024, 22.54.45","0","No","","","https://www.tiktok.com/@lgnvkgm"
"=""7331368979360383749""","=""7230662143322030875""","=""7083716248500470810""","fatoni_aziz","فتوني","https://linx.cc/ib91BWqq","3/2/2024, 20.36.18","21","No","","","https://www.tiktok.com/@fatoni_aziz"
"=""7460639463908737810""","=""7230662143322030875""","=""7438057108534953016""","halwyx","Halywixz","https://whatsapp.com/channel/0029Vay0apKJZg49rZz1OF33
Masuk update setiap hari","17/1/2025, 05.12.29","1","No","","","https://www.tiktok.com/@halwyx"
"=""7440282010315195192""","=""7230662143322030875""","=""7321710923013915653""","hong.guan7","Hong Guan","jngn lupa mampir
https://whatsapp.com/channel/0029VaxkFbvAzNc1aj9L2t2Q","23/11/2024, 08.34.35","0","No","","","https://www.tiktok.com/@hong.guan7"
"=""7385736942460175109""","=""7230662143322030875""","=""6773561236603192322""","guardmard","GuardMard","https://t.me/hamsTer_kombat_bot/start?startapp=kentId2077455113","29/6/2024, 08.51.46","0","No","","","https://www.tiktok.com/@guardmard"
"=""7370308816301736712""","=""7230662143322030875""","=""6820688272780755970""","alnosay","Not Rizz","https://sfl.gl/7LIOy","18/5/2024, 19.02.35","2","No","","","https://www.tiktok.com/@alnosay"
"=""7226816626838504219""","","=""6924148084533085186""","frandika207","fran_v2","aku ada 13 vidio laee","28/4/2023, 02.40.02","48","No","41","No","https://www.tiktok.com/@frandika207"
"=""7227118712355455771""","=""7226816626838504219""","=""7136204678627853318""","ameliaaa._10","ameliaaaaa","berbagi itu indah","29/4/2023, 09.58.24","9","No","","","https://www.tiktok.com/@ameliaaa._10"
"=""7227575984128049928""","=""7226816626838504219""","=""7058561064334787585""","sewa_elf_tanahmerah","Mad selor🇮🇩🇰🇷","kok aku cuma punya 8 ya","30/4/2023, 03.47.27","3","No","","","https://www.tiktok.com/@sewa_elf_tanahmerah"
"=""7227586664230945562""","=""7226816626838504219""","=""6924148084533085186""","frandika207","fran_v2","gk bahaya ta","30/4/2023, 04.28.18","1","No","","","https://www.tiktok.com/@frandika207"
"=""7519723223668376338""","=""7226816626838504219""","=""6966511995912061953""","bangriccy","Brama Prasetyo","bagi bro","25/6/2025, 10.26.48","1","No","","","https://www.tiktok.com/@bangriccy"
"=""7227818520520049435""","=""7226816626838504219""","=""7012081915406730266""","hafidz_terrr","𝙎𝙄𝙏𝙀𝙍𝙍𝙍𝙍𝙍𝙍𝙍𝙍𝙍","inpo nya","30/4/2023, 19.27.40","1","No","","","https://www.tiktok.com/@hafidz_terrr"
"=""7227122569912140570""","=""7226816626838504219""","=""6958974254126810113""","prassaputra1902","yoo","dpet mn bg","28/4/2023, 22.27.05","1","No","","","https://www.tiktok.com/@prassaputra1902"
"=""7490690509331055366""","=""7226816626838504219""","=""7387818170055574533""","lizzies60","sayang","bagi bang","8/4/2025, 04.45.22","0","No","","","https://www.tiktok.com/@lizzies60"
"=""7479181892760126228""","=""7226816626838504219""","=""7302423095384507394""","ikyyy01234","kii","MASUK YOO 500+ MEMBER SALING BERBAGI GAMASUK RUGI😋
https://chat.whatsapp.com/JXSZfPTSeIlBUm3WD7gSOK","8/3/2025, 04.25.56","0","No","","","https://www.tiktok.com/@ikyyy01234"
"=""7227508981501068058""","=""7226816626838504219""","=""6780697020845458433""","mbahgampeng6","▂▃▄▅▆▇█▓▒░ Aloηg░▒▓█▇▆▅▄▃","bagi lah","29/4/2023, 23.26.38","2","No","","","https://www.tiktok.com/@mbahgampeng6"
"=""7227509461626585883""","=""7226816626838504219""","=""6924148084533085186""","frandika207","fran_v2","gk bahaya ta😅","29/4/2023, 23.28.23","0","No","","","https://www.tiktok.com/@frandika207"
"=""7377718489652069126""","=""7226816626838504219""","=""6602869662940708865""","glitteryskiess","jeje in here🩰🫧","mau juga kepo dulu gadapat😭","7/6/2024, 18.16.00","0","No","","","https://www.tiktok.com/@glitteryskiess"
"=""7227744529117233946""","=""7226816626838504219""","=""7093502887313343490""","mhd_dzrayy","MHD_dzrayy","bg bagi bg...berbagi itu indah","30/4/2023, 14.40.37","0","No","","","https://www.tiktok.com/@mhd_dzrayy"
"=""7227476551263240966""","=""7226816626838504219""","=""7155867656226636827""","mhdmirdadspane","mhd Mirdad s pane","bagi laee","29/4/2023, 23.35.18","1","No","","","https://www.tiktok.com/@mhdmirdadspane"
"=""7227511417862701850""","=""7226816626838504219""","=""6924148084533085186""","frandika207","fran_v2","unang laee","29/4/2023, 23.35.58","0","No","","","https://www.tiktok.com/@frandika207"
"=""7227394481765925659""","=""7226816626838504219""","=""7034149607818920987""","segogorengruwet","ruwet","nama akun?","29/4/2023, 16.02.06","0","No","","","https://www.tiktok.com/@segogorengruwet"
"=""7227509781560083226""","=""7226816626838504219""","=""6780697020845458433""","mbahgampeng6","▂▃▄▅▆▇█▓▒░ Aloηg░▒▓█▇▆▅▄▃","ura bro","29/4/2023, 23.29.40","0","No","","","https://www.tiktok.com/@mbahgampeng6"
"=""7460767527549190917""","=""7226816626838504219""","=""7460707479782605831""","link.viral.terbar6","link viral terbaru","https://whatsapp.com/channel/0029VayC2MU8V0ts8xZgjE0y","17/1/2025, 13.29.35","1","No","","","https://www.tiktok.com/@link.viral.terbar6"
"=""7227019048545977114""","=""7226816626838504219""","=""7047057483769136133""","dindalianaputri0","777","bagi bng☺️","28/4/2023, 21.48.03","1","No","","","https://www.tiktok.com/@dindalianaputri0"
"=""7227122746001621786""","=""7226816626838504219""","=""6924148084533085186""","frandika207","fran_v2","dari twitter banyak cill","28/4/2023, 22.27.48","1","No","","","https://www.tiktok.com/@frandika207"
"=""7226867604105970459""","=""7226816626838504219""","=""6976217056270205954""","prayuda8","prayuda'obey","𝘼𝙙𝙖 𝘿𝙞 𝙋𝙧𝙤𝙛𝙞𝙡 𝙆𝙪😁😏","28/4/2023, 05.58.00","1","No","","","https://www.tiktok.com/@prayuda8"
"=""7324043882957751046""","=""7226816626838504219""","=""7294240708637443077""","nessasayang","L1NK V1DEO CEK PR0F1L KU","𝗙𝗨𝗟 𝗩𝗜𝗗👆🏻","15/1/2024, 02.51.11","0","No","","","https://www.tiktok.com/@nessasayang"
"=""7227764456855044890""","=""7226816626838504219""","=""7000371183686878210""","adisandi133","Adi Sandi133","mnta dong ka","30/4/2023, 15.57.47","0","No","","","https://www.tiktok.com/@adisandi133"
"=""7227717226902815514""","=""7226816626838504219""","=""7202852007470892034""","ciiiayin","çàrölîñë","bgi","30/4/2023, 12.54.40","0","No","","","https://www.tiktok.com/@ciiiayin"
"=""7227496430150222618""","=""7226816626838504219""","=""6916350039740777474""","muna.83__","sang bintang","bgi","30/4/2023, 09.04.03","0","No","","","https://www.tiktok.com/@muna.83__"
"=""7227496605557261083""","=""7226816626838504219""","=""7190318972902278145""","budyy_hth","tampan","bagi Jo lae agah","29/4/2023, 22.38.34","0","No","","","https://www.tiktok.com/@budyy_hth"
"=""7227428270660010778""","=""7226816626838504219""","=""7207039954773705729""","zyanz_gank",".","🤨🤨🤨🤨🤨🗿🤨🤨bagi hehehe 😅","29/4/2023, 18.13.19","0","No","","","https://www.tiktok.com/@zyanz_gank"
"=""7227392118502048518""","=""7226816626838504219""","=""6761637750820717569""","baru.belajarbro","MOHD ANAQI09- NUR ALFARIZKIA25","Share”cok","29/4/2023, 15.52.48","0","No","","","https://www.tiktok.com/@baru.belajarbro"
"=""7227382248357364506""","=""7226816626838504219""","=""7091033390690944006""","perintiss_01","balepe","bagi donk brow","29/4/2023, 15.14.40","0","No","","","https://www.tiktok.com/@perintiss_01"
"=""7227139496999224090""","=""7226816626838504219""","=""6819002354067801090""","rapioooo","rapiii","bagiii broo","29/4/2023, 13.55.44","0","No","","","https://www.tiktok.com/@rapioooo"
"=""7227353114432258822""","=""7226816626838504219""","=""7215794529969226759""","hendihend","handi","bagi bangg","29/4/2023, 13.21.29","0","No","","","https://www.tiktok.com/@hendihend"
"=""7227328492802507547""","=""7226816626838504219""","=""6799044538507510786""","qheziel","Qheziel","100k bang","29/4/2023, 11.46.21","0","No","","","https://www.tiktok.com/@qheziel"
"=""7227325095903167259""","=""7226816626838504219""","=""6961385866754229250""","rrpazz","ecaa suka galau😋😋","bagi bgg","29/4/2023, 11.33.26","0","No","","","https://www.tiktok.com/@rrpazz"
"=""7227108665940017947""","=""7226816626838504219""","=""6971021734590645249""","alhafihz13","alhafihz","bagi dong bang","29/4/2023, 07.44.25","0","No","","","https://www.tiktok.com/@alhafihz13"
"=""7227208690461442843""","=""7226816626838504219""","=""7083677866375300122""","uni_anis130409","anis","bgi co","29/4/2023, 04.01.27","0","No","","","https://www.tiktok.com/@uni_anis130409"
"=""7227138470392005402""","=""7226816626838504219""","=""7185148383512757249""","nando.29_","fernando_sihombing","bagi laeeku","28/4/2023, 23.28.39","0","No","","","https://www.tiktok.com/@nando.29_"
"=""7227129711866938117""","=""7226816626838504219""","=""6736155989839823874""","dommmminic1","domm","bg bagi si","28/4/2023, 22.54.28","0","No","","","https://www.tiktok.com/@dommmminic1"
"=""7227129003835999003""","=""7226816626838504219""","=""6749494500843881473""","amriadi144","bang Jhon","bagi bg","28/4/2023, 22.52.03","0","No","","","https://www.tiktok.com/@amriadi144"
"=""7226853441577255707""","=""7226816626838504219""","=""7022610169087558658""",".indomarett","indomaret","yang bener nya cuma 5 menitan., sisanya apaan lah 10 15 detik 🗿","28/4/2023, 05.02.54","0","No","","","https://www.tiktok.com/@.indomarett"
"=""7226871180371723035""","=""7226816626838504219""","=""6929863433014215681""","opor_ayam11","ja_doel","bagi lur","28/4/2023, 06.12.05","0","No","","","https://www.tiktok.com/@opor_ayam11"
"=""7226822600729887493""","=""7226816626838504219""","=""6880608349378905089""","ariidew2","AriiDew","mnta bro","28/4/2023, 03.02.48","0","No","","","https://www.tiktok.com/@ariidew2"
"=""7226817347839329051""","=""7226816626838504219""","=""7032376136344831003""","nonabelummandi","nonadisinii","ingfokan kirim","28/4/2023, 02.42.42","0","No","","","https://www.tiktok.com/@nonabelummandi"
"=""7451791135997248263""","=""7226816626838504219""","=""6957463448654595073""","batman____49","hhh","https://youtube.com/watch?v=oGo-5fV2WNI&feature=shared","24/12/2024, 08.55.35","1","No","","","https://www.tiktok.com/@batman____49"
"=""7469216784852468496""","","=""7468718149936989201""","aywww069","aywww","link full👇","9/2/2025, 07.56.21","5","No","3","No","https://www.tiktok.com/@aywww069"
"=""7472729069815218960""","=""7469216784852468496""","=""6894158129945953286""","ikyyy_hmm12","Ƭ͢ɴ々ɪᴋʏʏʏ","bagi lagi","18/2/2025, 19.05.47","0","No","","","https://www.tiktok.com/@ikyyy_hmm12"
"=""7549989511716389640""","=""7469216784852468496""","=""7531609142457631761""","saputrasaputra756","saputrasaputra756","dm","14/9/2025, 23.57.46","0","No","","","https://www.tiktok.com/@saputrasaputra756"
"=""7469216751928296208""","=""7469216784852468496""","=""7468718149936989201""","aywww069","aywww","https://go.paid4link.com/FibbfU","9/2/2025, 07.56.25","40","No","","","https://www.tiktok.com/@aywww069"
"=""7222903918581531418""","","=""7037037620895597570""","mukaburik_","mukaburik_","Bagilah bang, gua lebih butuh itu dari pada THR bang sumpah🙂","17/4/2023, 13.36.39","376","No","41","No","https://www.tiktok.com/@mukaburik_"
"=""7222984252941681435""","=""7222903918581531418""","=""6886841535641568258""","ridhosaputra237","ridho🐍","lupakan tujuan mu king","17/4/2023, 18.48.19","193","No","","","https://www.tiktok.com/@ridhosaputra237"
"=""7226934990801879834""","=""7222903918581531418""","=""6726469780150191106""","d2_eee","D2eee","😂😂😂","28/4/2023, 10.19.36","0","No","","","https://www.tiktok.com/@d2_eee"
"=""7226076124244722458""","=""7222903918581531418""","=""7199639829796406278""","parell1509","Farell","intinya yg tertutup belum tentu tau tujuan yg benar 😁","26/4/2023, 02.46.18","0","No","","","https://www.tiktok.com/@parell1509"
"=""7228016025441354522""","=""7222903918581531418""","=""6955768004601562113""","iknaasjjjh","naaa","bgi bg","1/5/2023, 08.14.20","0","No","","","https://www.tiktok.com/@iknaasjjjh"
"=""7228160771850109722""","=""7222903918581531418""","=""7100042005426193409""","xfy_ima06","Crylax⚡","minta dong","1/5/2023, 17.35.45","0","No","","","https://www.tiktok.com/@xfy_ima06"
"=""7228174984345797403""","=""7222903918581531418""","=""6817773691628831746""","indonesiapalestina8","ᗷᗩᏆᏞᏆ ᕼᝪᏃᕼᑌᗩᑎᏀ","nggak takut dibalas Allah kak?","1/5/2023, 18.30.53","0","No","","","https://www.tiktok.com/@indonesiapalestina8"
"=""7228511273099985691""","=""7222903918581531418""","=""6910509698388132865""","ifarahy","kepo","ayo berbagi
udah sy follow","2/5/2023, 16.16.01","0","No","","","https://www.tiktok.com/@ifarahy"
"=""7231912266421027610""","=""7222903918581531418""","=""7185362660685300738""","rizkyramadhan110502","Papi Disti✨","janji jngn jadi bhn kluar Msuk kamar mandi king🙏","11/5/2023, 20.13.27","0","No","","","https://www.tiktok.com/@rizkyramadhan110502"
"=""7232351489359250202""","=""7222903918581531418""","=""7044128249920635906""","noddsz","Nadiaablessedd💢","🤣🤣","13/5/2023, 00.37.52","0","No","","","https://www.tiktok.com/@noddsz"
"=""7228510679970857755""","=""7222903918581531418""","=""6950688010376086529""","sendiselfian","Senn☘️","bang minta bang","2/5/2023, 16.13.36","0","No","","","https://www.tiktok.com/@sendiselfian"
"=""7236322256842375941""","=""7222903918581531418""","=""6958407494382437382""","rivaldi000005","Rivaldi","aku blom liat video,y sama skli","23/5/2023, 17.26.19","0","No","","","https://www.tiktok.com/@rivaldi000005"
"=""7226185714969772827""","=""7222903918581531418""","=""6814772582295847937""","syahril541","Syahril","bgi lah aku penasaran ni","26/4/2023, 09.51.51","1","No","","","https://www.tiktok.com/@syahril541"
"=""7228942753254261531""","=""7222903918581531418""","=""6870279567249851394""","paktutuu","panak lasan ne","bagii lewat wa bng","4/5/2023, 11.03.53","1","No","","","https://www.tiktok.com/@paktutuu"
"=""7394054607088141062""","=""7222903918581531418""","=""7088592037351621658""","zkyy.nnk","Notdann`","bagi dong bng😭","21/7/2024, 18.48.32","0","No","","","https://www.tiktok.com/@zkyy.nnk"
"=""7483390524549956372""","=""7222903918581531418""","=""7110035912369783834""","kangdemonzz","kang demonzz","bagi lah minn","19/3/2025, 12.37.35","0","No","","","https://www.tiktok.com/@kangdemonzz"
"=""7226796924190802714""","=""7222903918581531418""","=""7188158306253685762""","wwwanfa","anfa","bagi bang","28/4/2023, 01.23.20","0","No","","","https://www.tiktok.com/@wwwanfa"
"=""7333733552620782342""","=""7222903918581531418""","=""7083716248500470810""","fatoni_aziz","فتوني","https://linx.cc/4Y4t","10/2/2024, 05.32.06","0","No","","","https://www.tiktok.com/@fatoni_aziz"
"=""7235484174098088709""","=""7222903918581531418""","=""6873676033209844737""","jojomodesad_","JOJO🥀","bagi bang","21/5/2023, 11.14.07","0","No","","","https://www.tiktok.com/@jojomodesad_"
"=""7223104245150319387""","=""7222903918581531418""","=""7089873447057441794""","khanjut44","suka susu mu","d twitter bnyak bg","18/4/2023, 02.34.27","4","No","","","https://www.tiktok.com/@khanjut44"
"=""7226385402117997338""","=""7222903918581531418""","=""6981708110243218434""","cahelek251","AntY RUNGKAD 🇮🇩.","g punya Twitter bang","26/4/2023, 22.46.28","0","No","","","https://www.tiktok.com/@cahelek251"
"=""7226672781278249754""","=""7222903918581531418""","=""6868011150790067201""","irianto_80","Anto Anto","apa akunnya bang di tweter","27/4/2023, 17.21.46","1","No","","","https://www.tiktok.com/@irianto_80"
"=""7466379045278909205""","=""7222903918581531418""","=""6990722747647329307""","laura12121211","laura12121211","https://whatsapp.com/channel/0029VazbsB3CRs1mGzI0Fm3Y
cek nih ad yg terbarunyaa","1/2/2025, 16.24.14","1","No","","","https://www.tiktok.com/@laura12121211"
"=""7226768397521732378""","=""7222903918581531418""","=""7055313510763299867""","nikenaryunim","amandaa76","di yandx banyak 😂","27/4/2023, 23.32.39","1","No","","","https://www.tiktok.com/@nikenaryunim"
"=""7223743730401329947""","=""7222903918581531418""","=""6998770028397888539""","conan.009____","Conan09","gua banyakkk","19/4/2023, 19.55.19","1","No","","","https://www.tiktok.com/@conan.009____"
"=""7549987069804774152""","=""7222903918581531418""","=""7531609142457631761""","saputrasaputra756","saputrasaputra756","dm","14/9/2025, 23.47.25","0","No","","","https://www.tiktok.com/@saputrasaputra756"
"=""7479181847173333777""","=""7222903918581531418""","=""7302423095384507394""","ikyyy01234","kii","MASUK YOO 500+ MEMBER SALING BERBAGI GAMASUK RUGI😋
https://chat.whatsapp.com/JXSZfPTSeIlBUm3WD7gSOK","8/3/2025, 04.26.00","0","No","","","https://www.tiktok.com/@ikyyy01234"
"=""7332848668611953414""","=""7222903918581531418""","=""7083716248500470810""","fatoni_aziz","فتوني","https://linx.cc/S34p7X","7/2/2024, 20.18.08","0","No","","","https://www.tiktok.com/@fatoni_aziz"
"=""7228008700979987226""","=""7222903918581531418""","=""6964080648844198914""","priyad1putra",".","9 Vidio 5 foto ada di mari✋🏼","1/5/2023, 07.46.14","0","No","","","https://www.tiktok.com/@priyad1putra"
"=""7228075188721402651""","=""7222903918581531418""","=""7037037620895597570""","mukaburik_","mukaburik_","mana bng","1/5/2023, 12.03.57","0","No","","","https://www.tiktok.com/@mukaburik_"
"=""7227802135949607707""","=""7222903918581531418""","=""6960750755919004677""","meng_mop",".","jangan""gara""vidio itu nambah thr bg😂","1/5/2023, 06.55.45","0","No","","","https://www.tiktok.com/@meng_mop"
"=""7226883922314707738""","=""7222903918581531418""","=""7084718862017315842""","yahmangandikitoraa_","Mangan_Durung?","waduh ketinggalan jaman kah?","28/4/2023, 07.01.41","0","No","","","https://www.tiktok.com/@yahmangandikitoraa_"
"=""7226945389487588123""","=""7222903918581531418""","=""7037037620895597570""","mukaburik_","mukaburik_","iya gess😅","28/4/2023, 10.59.52","0","No","","","https://www.tiktok.com/@mukaburik_"
"=""7226230405073666842""","=""7222903918581531418""","=""6926082351450293250""","yogisudiarto","M.D GORRY","cari di TERABOX bro😁","26/4/2023, 12.45.05","0","No","","","https://www.tiktok.com/@yogisudiarto"
"=""7226383199211242267""","=""7222903918581531418""","=""7037037620895597570""","mukaburik_","mukaburik_","ok bro😅","26/4/2023, 22.37.59","0","No","","","https://www.tiktok.com/@mukaburik_"
"=""7224028338644386587""","=""7222903918581531418""","=""7058619278044742682""","andregz808","AndrEe 友Jual Sate Kutu","whehehee gw ad 😍😂","20/4/2023, 14.19.44","0","No","","","https://www.tiktok.com/@andregz808"
"=""7223174207898059546""","=""7222903918581531418""","=""6786189572265198594""","pqolb","jarqs","tobat bro","18/4/2023, 07.05.48","0","No","","","https://www.tiktok.com/@pqolb"
"=""7223228000795853595""","=""7222903918581531418""","=""7090485690128221211""","ridhoprasetya_01","RIDHO","bulan puasa aja lu gini in😂tobat cuy di pikir""lagi kek nya udh kelewat","18/4/2023, 10.34.27","1","No","","","https://www.tiktok.com/@ridhoprasetya_01"
"=""7451522631356678920""","=""7222903918581531418""","=""6844730738400429061""","apok63_","Apok | ꦄꦥꦺꦴꦏꦾ","https://link.adsafelink.com/WZy1Q2P nih bang no pek2 😋","23/12/2024, 15.33.39","0","No","","","https://www.tiktok.com/@apok63_"
"=""7381798968806933253""","=""7222903918581531418""","=""6736757499909063681""","kill.moz","Zane","https://t.me/Prickgame_bot?start=ref-8F1d7p8XwWiaBSS4YWofMW","18/6/2024, 18.57.41","0","No","","","https://www.tiktok.com/@kill.moz"
"=""7232159334951633690""","=""7222903918581531418""","=""7147101969219585050""","wheny4h1","nionthove🕷️","𝘼𝙙𝙖 𝘿𝙞 𝙋𝙧𝙤𝙛𝙞𝙡 𝙆𝙪😁😝😝","12/5/2023, 12.12.28","0","No","","","https://www.tiktok.com/@wheny4h1"
"=""7227323771953447707""","=""7222903918581531418""","=""7133505175579345947""","sepan..cau01","ABANG salz","CEK DI MISTER HEDON","29/4/2023, 11.28.00","0","No","","","https://www.tiktok.com/@sepan..cau01"
"=""7226883847530775322""","=""7222903918581531418""","=""6895752635723285505""","vaii21.0","duasatu04","Sudahla bro,biasa aja dia wkwk klo selera lo tinggi","28/4/2023, 07.01.29","0","No","","","https://www.tiktok.com/@vaii21.0"
"=""7226764704227230491""","=""7222903918581531418""","=""6794763389484565505""","pujie_asnawati","￶￶￶","heleh,pura pura gk tau,youtobe banyak","27/4/2023, 23.18.18","0","No","","","https://www.tiktok.com/@pujie_asnawati"
"=""7226705401155699482""","=""7222903918581531418""","=""7052834378430940162""","agak_l4en","Call me Rumy","maksa amat lu ngab..anjj😁😁😁","27/4/2023, 19.28.11","0","No","","","https://www.tiktok.com/@agak_l4en"
"=""7226061332654768922""","=""7222903918581531418""","=""7089873447057441794""","khanjut44","suka susu mu","tulis aja syakirah nanti muncul banyak","26/4/2023, 01.49.00","0","No","","","https://www.tiktok.com/@khanjut44"
"=""7223965151120032539""","=""7222903918581531418""","=""7054027451312456730""","dahl..h","~いたら-ZALLL Ganz","mahkota mu ketinggalan king 🩲🗿👍","20/4/2023, 10.15.07","0","No","","","https://www.tiktok.com/@dahl..h"
"=""7223209100145083141""","=""7222903918581531418""","=""6718663917038437377""","evrythinguareee","riyo","lah banyak itu di tweet sm tele","18/4/2023, 09.20.44","0","No","","","https://www.tiktok.com/@evrythinguareee"
"=""7333003675541193478""","=""7222903918581531418""","=""6809079193222251522""","ciimmmsss","Ciiimmsss","@vidioviralss","8/2/2024, 06.19.39","0","No","","","https://www.tiktok.com/@ciimmmsss"
"=""7223684228206002971""","","=""6961025004411241477""","rildash11008","alamak","ada nih 9 video😂","19/4/2023, 16.04.48","6","No","14","No","https://www.tiktok.com/@rildash11008"
"=""7455167608661656321""","=""7223684228206002971""","=""7419872381465904134""","abayy1331","abayy","bagi","2/1/2025, 11.18.03","0","No","","","https://www.tiktok.com/@abayy1331"
"=""7223497118572725018""","=""7223684228206002971""","=""7188000169497379866""","usermbrip1ia0x","user21763984803","bgi bg","19/4/2023, 16.21.34","0","No","","","https://www.tiktok.com/@usermbrip1ia0x"
"=""7223694755652207386""","=""7223684228206002971""","=""6961025004411241477""","rildash11008","alamak","chat","19/4/2023, 16.45.21","1","No","","","https://www.tiktok.com/@rildash11008"
"=""7454830597443044101""","=""7223684228206002971""","=""7382204441317442566""","arlenzzz_",".","bagiiii🗿🗿🗿","1/1/2025, 13.30.43","0","No","","","https://www.tiktok.com/@arlenzzz_"
"=""7447934274684601096""","=""7223684228206002971""","=""6908668367080817666""","bagijalan","roys_philips","bagi dong","13/12/2024, 23.28.58","0","No","","","https://www.tiktok.com/@bagijalan"
"=""7223702427278197530""","=""7223684228206002971""","=""6961025004411241477""","rildash11008","alamak","mantap ka🥰","19/4/2023, 17.15.20","0","No","","","https://www.tiktok.com/@rildash11008"
"=""7223721239481926427""","=""7223684228206002971""","=""6692025298395563009""","_daffakayra","D A P O N G🪽","bgi bg","19/4/2023, 18.28.02","1","No","","","https://www.tiktok.com/@_daffakayra"
"=""7223757804245713690""","=""7223684228206002971""","=""7019207303284163585""","plen9err","Pann","ini phising ya adik adik","19/4/2023, 20.49.59","0","No","","","https://www.tiktok.com/@plen9err"
"=""7223724663313187611""","=""7223684228206002971""","=""6959415266201011201""","egooalf2","𝗲𝗮𝗹𝗳𝗷𝗿_","bagi brother","19/4/2023, 18.41.23","0","No","","","https://www.tiktok.com/@egooalf2"
"=""7223718388387906330""","=""7223684228206002971""","=""7211529134195377154""","apaasiyayaa","yayy","bgi","19/4/2023, 18.17.07","0","No","","","https://www.tiktok.com/@apaasiyayaa"
"=""7223688533025243930""","=""7223684228206002971""","=""7131752928939066370""","monkydnika","mrbeast","bagi bng","19/4/2023, 16.21.23","0","No","","","https://www.tiktok.com/@monkydnika"
"=""7223688366151418651""","=""7223684228206002971""","=""7108327047893828609""","liyu_080128","່","bagi lah bang","19/4/2023, 16.20.53","0","No","","","https://www.tiktok.com/@liyu_080128"
"=""7223685168976298778""","=""7223684228206002971""","=""6889609207626105857""","eskrimpotong","erlangga77","bagi bang🗿","19/4/2023, 16.08.32","0","No","","","https://www.tiktok.com/@eskrimpotong"
"=""7460767646427448070""","=""7223684228206002971""","=""7460707479782605831""","link.viral.terbar6","link viral terbaru","https://whatsapp.com/channel/0029VayC2MU8V0ts8xZgjE0y","17/1/2025, 13.29.48","0","No","","","https://www.tiktok.com/@link.viral.terbar6"
"=""7223698792033780507""","","=""6798043620286645250""","phnx9_","🪄","16 vid
13 foto🗿","19/4/2023, 17.01.16","5","No","4","No","https://www.tiktok.com/@phnx9_"
"=""7223699263514362650""","=""7223698792033780507""","=""6919832559871656962""","miftah.arif","arip. oficial","inpo link bng","19/4/2023, 17.02.55","2","No","","","https://www.tiktok.com/@miftah.arif"
"=""7223699230132880155""","=""7223698792033780507""","=""7044065086781277211""","kucing_ptistel","dad","ada kali bang 🗿","19/4/2023, 17.02.59","1","No","","","https://www.tiktok.com/@kucing_ptistel"
"=""7623920325759075079""","=""7223698792033780507""","=""7496535625995682834""","kiiiiiiiiiiii94","whoss kyy","bgi bg","2/4/2026, 05.24.48","0","No","","","https://www.tiktok.com/@kiiiiiiiiiiii94"
"=""7223705673405055770""","=""7223698792033780507""","=""6832581770203481089""","user6545175855802230","່","inpo link nya bang","19/4/2023, 17.27.44","1","No","","","https://www.tiktok.com/@user6545175855802230"
"=""7229405352637367066""","","=""6917124101358273537""","acim_y","@acim","12 video di galery itupun lebih dr cukup utk sehari hari😂😂","5/5/2023, 02.05.22","7","No","14","No","https://www.tiktok.com/@acim_y"
"=""7508841653755986695""","=""7229405352637367066""","=""7507126108320695303""","pp_idul_adha166","pp idul adha 2025","bgi","27/5/2025, 02.40.46","1","No","","","https://www.tiktok.com/@pp_idul_adha166"
"=""7246624054244918021""","=""7229405352637367066""","=""7244543799309091845""","akunbot4749","cuaks","bagi bang","20/6/2023, 11.42.42","0","No","","","https://www.tiktok.com/@akunbot4749"
"=""7549990741906653970""","=""7229405352637367066""","=""7531609142457631761""","saputrasaputra756","saputrasaputra756","dm","15/9/2025, 00.03.03","0","No","","","https://www.tiktok.com/@saputrasaputra756"
"=""7478308482270266118""","=""7229405352637367066""","=""7194422291907085338""","paing16991","Paing","bagi bang barter ama bu guru salsa","5/3/2025, 19.56.41","0","No","","","https://www.tiktok.com/@paing16991"
"=""7478308925814194962""","=""7229405352637367066""","=""6917124101358273537""","acim_y","@acim","sudah habis bang tehapus😂","5/3/2025, 19.58.15","0","No","","","https://www.tiktok.com/@acim_y"
"=""7478366363326268215""","=""7229405352637367066""","=""7194422291907085338""","paing16991","Paing","lingya bagi bang","5/3/2025, 23.41.21","0","No","","","https://www.tiktok.com/@paing16991"
"=""7478341786990035767""","=""7229405352637367066""","=""7194422291907085338""","paing16991","Paing","bagi link nya bang","5/3/2025, 22.05.53","0","No","","","https://www.tiktok.com/@paing16991"
"=""7230438716635480859""","=""7229405352637367066""","=""6630272336351576065""","gus_topuro","EL_Ramdan","bagi bang","8/5/2023, 09.16.58","0","No","","","https://www.tiktok.com/@gus_topuro"
"=""7230451024595043099""","=""7229405352637367066""","=""6951496188822799362""","_rams.putra","ratnaseftiyani","bagi bang","7/5/2023, 21.43.11","0","No","","","https://www.tiktok.com/@_rams.putra"
"=""7229684585734685466""","=""7229405352637367066""","=""6737801310035821569""","nflalvrtta","Alvaretta","Bagi","5/5/2023, 20.09.01","0","No","","","https://www.tiktok.com/@nflalvrtta"
"=""7229415820638569242""","=""7229405352637367066""","=""6842224176213459970""","febblackk",".","bgi bg","5/5/2023, 02.45.58","0","No","","","https://www.tiktok.com/@febblackk"
"=""7586245297606869767""","=""7229405352637367066""","=""6507794010362118146""","tokoanehtapilaku","Toko Aneh Tapi Laku ✨","baru juga DM 😁","21/12/2025, 16.46.31","0","No","","","https://www.tiktok.com/@tokoanehtapilaku"
"=""7483390613220918036""","=""7229405352637367066""","=""7110035912369783834""","kangdemonzz","kang demonzz","oper dong bang","19/3/2025, 12.37.54","0","No","","","https://www.tiktok.com/@kangdemonzz"
"=""7229595500793643802""","=""7229405352637367066""","=""6551539301958746114""","unyilhidayat","Unyil Hidayat","bagi dong bg","5/5/2023, 14.23.24","0","No","","","https://www.tiktok.com/@unyilhidayat"
"=""7225215477450572571""","","=""7131194946044642305""","publicviral_1","DI TELEGRAM➡️@BEST_INDO1","mampir yuks👆","23/4/2023, 19.06.35","1525","No","4","No","https://www.tiktok.com/@publicviral_1"
"=""7225549024894894875""","=""7225215477450572571""","=""6802520609764836353""","cplsss__","A","Gk ad","24/4/2023, 16.41.01","0","No","","","https://www.tiktok.com/@cplsss__"
"=""7225479576050582298""","=""7225215477450572571""","=""7110113575956235265""","rianstt","gemini♊️","lu dmna mna anjir","24/4/2023, 12.11.44","0","No","","","https://www.tiktok.com/@rianstt"
"=""7225992307715441434""","=""7225215477450572571""","=""6796622815476958209""","riaapia_","R","Ga lah di lo bayar anying","25/4/2023, 21.21.03","0","No","","","https://www.tiktok.com/@riaapia_"
"=""7415676107616092934""","=""7225215477450572571""","=""6887627497028371458""","priaberkarisma23","N4NN","😂","18/9/2024, 01.10.52","0","No","","","https://www.tiktok.com/@priaberkarisma23"
"=""7223168062744101658""","","=""7008456644397188122""","notsuperyyah","yyah? ap cb","tidak tergoda","18/4/2023, 06.42.07","822","No","23","No","https://www.tiktok.com/@notsuperyyah"
"=""7223050719925338906""","=""7223168062744101658""","=""6845965349687690246""","user0184681920",".","lu keren bro","18/4/2023, 10.35.16","52","No","","","https://www.tiktok.com/@user0184681920"
"=""7362845771924882182""","=""7223168062744101658""","=""6845965349687690246""","user0184681920",".","@sopan busettt ternyata sa perna dalami syakirah sedalam itu😭😭😭","28/4/2024, 17.01.14","0","No","","","https://www.tiktok.com/@user0184681920"
"=""7362870640032793350""","=""7223168062744101658""","=""6708648289917469698""","pin02_0","pin02_0","epuhh komen mu sa geli😭","28/4/2024, 17.58.48","0","No","","","https://www.tiktok.com/@pin02_0"
"=""7466379073648935700""","=""7223168062744101658""","=""6990722747647329307""","laura12121211","laura12121211","https://whatsapp.com/channel/0029VazbsB3CRs1mGzI0Fm3Y
cek nih ad yg terbarunyaa","1/2/2025, 16.24.21","3","No","","","https://www.tiktok.com/@laura12121211"
"=""7223207594759947034""","=""7223168062744101658""","=""6878702122541122561""","nskyyyyy1","Nskyy1","sama🤣🤣","18/4/2023, 09.15.17","3","No","","","https://www.tiktok.com/@nskyyyyy1"
"=""7223313801264939802""","=""7223168062744101658""","=""7072227075797042177""","budesgn","user87377812169","yoii","18/4/2023, 16.07.22","1","No","","","https://www.tiktok.com/@budesgn"
"=""7632353324163760914""","=""7223168062744101658""","=""7118483040477529089""","m_iqbal_ashari","M Iqbal Ashari","Bagusan punya si vell😁","24/4/2026, 22.49.06","0","No","","","https://www.tiktok.com/@m_iqbal_ashari"
"=""7434184947512017720""","=""7223168062744101658""","=""7423615521901757446""","lgnvkgm","lgnvkgm","https://shorturl.at/Aor4K","6/11/2024, 22.54.54","0","No","","","https://www.tiktok.com/@lgnvkgm"
"=""7377720182238003973""","=""7223168062744101658""","=""6602869662940708865""","glitteryskiess","jeje in here🩰🫧","mau kepo juga dulu ga dpt😭","7/6/2024, 18.22.29","0","No","","","https://www.tiktok.com/@glitteryskiess"
"=""7226987432994423578""","=""7223168062744101658""","=""7073366000939811866""","ceyintahkamyuh_","manusia","keren 👍🏿","28/4/2023, 13.42.49","0","No","","","https://www.tiktok.com/@ceyintahkamyuh_"
"=""7224365406289429253""","=""7223168062744101658""","=""7031458776842732570""","iskandariskanda3465","R","bagus bg","21/4/2023, 12.07.45","0","No","","","https://www.tiktok.com/@iskandariskanda3465"
"=""7223864475811889925""","=""7223168062744101658""","=""6900172365789217794""","_velpet","velpet","dodolovers satu ini keren 👑","20/4/2023, 03.44.03","0","No","","","https://www.tiktok.com/@_velpet"
"=""7223579561740944154""","=""7223168062744101658""","=""7008456644397188122""","notsuperyyah","yyah? ap cb","lu klo g percaya gpp bg","19/4/2023, 09.18.58","0","No","","","https://www.tiktok.com/@notsuperyyah"
"=""7223327503195407131""","=""7223168062744101658""","=""6945759708452013057""","akbaralqsr","akbar","nga tergoda soalnya udh punya vd nya","18/4/2023, 17.00.19","0","No","","","https://www.tiktok.com/@akbaralqsr"
"=""7223307190932063002""","=""7223168062744101658""","=""7000239266493269019""","piaawups","piaawups","nice","18/4/2023, 15.41.37","0","No","","","https://www.tiktok.com/@piaawups"
"=""7223169584710681370""","=""7223168062744101658""","=""6808311762615288834""","nawnanawa","nananaww𓍯𓂃","mahkota 👑 ny king","18/4/2023, 06.48.07","0","No","","","https://www.tiktok.com/@nawnanawa"
"=""7324043905833206534""","=""7223168062744101658""","=""7294240708637443077""","nessasayang","L1NK V1DEO CEK PR0F1L KU","𝗙𝗨𝗟 𝗩𝗜𝗗👆🏻👆🏻","15/1/2024, 02.51.14","0","No","","","https://www.tiktok.com/@nessasayang"
"=""7223561876097041179""","=""7223168062744101658""","=""6902311779495101442""","an0thersideafrah","cutegirl","cek disiniii king☝️☝️","19/4/2023, 08.10.10","0","No","","","https://www.tiktok.com/@an0thersideafrah"
"=""7223352014238778139""","=""7223168062744101658""","=""6914099580976759809""","ryyzwn_","That's Wannn.","kelass kingg mahkota mu sedang di cuci","18/4/2023, 18.35.27","0","No","","","https://www.tiktok.com/@ryyzwn_"
"=""7223329029926404891""","=""7223168062744101658""","=""6855673778556453889""","yanneverdiee","y4nn","Karna b ajah","18/4/2023, 17.06.15","0","No","","","https://www.tiktok.com/@yanneverdiee"
"=""7223183591295009562""","=""7223168062744101658""","=""6937462526246962178""","assss2048","⠀ ⠀ ⠀ ⠀ ⠀ ⠀","bagi bro","18/4/2023, 07.42.19","0","No","","","https://www.tiktok.com/@assss2048"
"=""7230307906276623131""","=""7223168062744101658""","=""7072227075797042177""","budesgn","user87377812169","🗿","7/5/2023, 12.28.08","1","No","","","https://www.tiktok.com/@budesgn"
"=""7223304640367969050""","=""7223168062744101658""","=""6963855883067737090""","palll588","PAL","😎😎😎😎😎😎😎","18/4/2023, 15.31.43","1","No","","","https://www.tiktok.com/@palll588"
"=""7235941700139746054""","","=""6960272314992067586""","kohapat","kohapat","info link","22/5/2023, 18.55.06","11","No","8","No","https://www.tiktok.com/@kohapat"
"=""7476961769954706177""","=""7235941700139746054""","=""7476916728652612609""","21xfourxx","21xfour","https://go.paid4link.com/jnhXq8","2/3/2025, 04.51.06","1","No","","","https://www.tiktok.com/@21xfourxx"
"=""7481280589782565650""","=""7235941700139746054""","=""7403862228037272581""","gio.satoru1","gio satoru","asupan video indo viral upload setiap hari disini ges
https://whatsapp.com/channel/0029Vb9HLz34tRryiC14f12G
ayo join,masih fresh 💦","13/3/2025, 20.09.49","2","No","","","https://www.tiktok.com/@gio.satoru1"
"=""7505763964300313352""","=""7235941700139746054""","=""6957180625909711878""","rfzx26","Regifzx_","https://bicolink.com/MC16Cit7","18/5/2025, 19.37.49","1","No","","","https://www.tiktok.com/@rfzx26"
"=""7434182130938938168""","=""7235941700139746054""","=""7423615521901757446""","lgnvkgm","lgnvkgm","https://shorturl.at/Aor4K","6/11/2024, 22.54.42","0","No","","","https://www.tiktok.com/@lgnvkgm"
"=""7468959241747923732""","=""7235941700139746054""","=""6952433683202606081""","sn47","Y A N⚡","https://whatsapp.com/channel/0029Vb53T98DeONBrPn5v23Q","8/2/2025, 15.16.43","0","No","","","https://www.tiktok.com/@sn47"
"=""7460767564425364230""","=""7235941700139746054""","=""7460707479782605831""","link.viral.terbar6","link viral terbaru","https://whatsapp.com/channel/0029VayC2MU8V0ts8xZgjE0y","17/1/2025, 13.29.42","0","No","","","https://www.tiktok.com/@link.viral.terbar6"
"=""7432017370501366535""","=""7235941700139746054""","=""6869607466985260033""","symrhhh","lvyumrh","melayu paling latest 🔥
https://tinyurl.com/melayusedap","1/11/2024, 02.03.18","0","No","","","https://www.tiktok.com/@symrhhh"
"=""7370308770977088263""","=""7235941700139746054""","=""6820688272780755970""","alnosay","Not Rizz","https://sfl.gl/7LIOy","18/5/2024, 19.02.20","1","No","","","https://www.tiktok.com/@alnosay"
"=""7222782784771228421""","","=""6958795208373781509""","dgxnnfj","OCOBOT","full album bro😁","17/4/2023, 12.32.41","3","No","7","No","https://www.tiktok.com/@dgxnnfj"
"=""7223066374201262875""","=""7222782784771228421""","=""6820271120651830273""","mbg5hari","mbgbergizi","bagi bang","18/4/2023, 00.07.21","0","No","","","https://www.tiktok.com/@mbg5hari"
"=""7550110369873216274""","=""7222782784771228421""","=""7531609142457631761""","saputrasaputra756","saputrasaputra756","dm","15/9/2025, 07.49.32","0","No","","","https://www.tiktok.com/@saputrasaputra756"
"=""7224018849392231194""","=""7222782784771228421""","=""7096426419019203586""","gtrstory98","GTR 98","cek bang","20/4/2023, 13.42.57","0","No","","","https://www.tiktok.com/@gtrstory98"
"=""7586245442317828882""","=""7222782784771228421""","=""6507794010362118146""","tokoanehtapilaku","Toko Aneh Tapi Laku ✨","bagi dongg","21/12/2025, 16.46.58","0","No","","","https://www.tiktok.com/@tokoanehtapilaku"
"=""7225312628980499227""","=""7222782784771228421""","=""7146552099357819905""","ryuzetsu17","R y u Z e t s u 揮","bagi","24/4/2023, 01.23.30","0","No","","","https://www.tiktok.com/@ryuzetsu17"
"=""7223082202706297626""","=""7222782784771228421""","=""6866609807856600066""","rikooooo_60","rikoardysyh","bagi bang","18/4/2023, 01.08.28","0","No","","","https://www.tiktok.com/@rikooooo_60"
"=""7223054077515744027""","=""7222782784771228421""","=""7108771681807664134""","m.alipah","lipah","Sabi laa","17/4/2023, 23.19.15","0","No","","","https://www.tiktok.com/@m.alipah"
"=""7480141493258568466""","","=""7220906208822084634""","ketualema","🦁 ketua Leman 🦁","saluran viral disini 👇","10/3/2025, 18.29.38","3","No","5","No","https://www.tiktok.com/@ketualema"
"=""7485463274739008263""","=""7480141493258568466""","=""7425140424245347333""","secondrizz1",".","https://whatsapp.com/channel/0029VbAj8oAEwEjuQSyn1a1T
jangan lupa join viral new","25/3/2025, 02.40.59","0","No","","","https://www.tiktok.com/@secondrizz1"
"=""7481280326955565831""","=""7480141493258568466""","=""7403862228037272581""","gio.satoru1","gio satoru","asupan video indo viral upload setiap hari disini ges
https://whatsapp.com/channel/0029Vb9HLz34tRryiC14f12G
ayo join,masih fresh 💦","13/3/2025, 20.08.50","0","No","","","https://www.tiktok.com/@gio.satoru1"
"=""7482337180086846215""","=""7480141493258568466""","=""7408568183819584517""","gj.bangetlo","gjbangetlo0","https://goto.now/oD9QT
https://goto.now/oD9QT
https://goto.now/oD9QT
https://goto.now/oD9QT","16/3/2025, 16.29.54","0","No","","","https://www.tiktok.com/@gj.bangetlo"
"=""7480141511961068295""","=""7480141493258568466""","=""7220906208822084634""","ketualema","🦁 ketua Leman 🦁","https://whatsapp.com/channel/0029Vb8Vbeh2P59k9MZsns09","10/3/2025, 18.29.42","0","No","","","https://www.tiktok.com/@ketualema"
"=""7485779898754974471""","=""7480141493258568466""","=""7277048475405075457""","nayya_12367","Nayya_🎀🤏❤","https://whatsapp.com/channel/0029Vb64mX4BvvsXmcR5W43y","25/3/2025, 23.09.30","2","No","","","https://www.tiktok.com/@nayya_12367"
"=""7229986665082995482""","","=""7210280040667235355""","hanzzsunda_16","fiizzz.","dah liat untung nya vifio syakirah ini","6/5/2023, 15.41.19","35","No","12","No","https://www.tiktok.com/@hanzzsunda_16"
"=""7341405773998457605""","=""7229986665082995482""","=""7291215987952419846""","farhanparakoso3","farhan parakoso","liat pp ku bang cepet","1/3/2024, 22.41.27","4","No","","","https://www.tiktok.com/@farhanparakoso3"
"=""7230100399095808795""","=""7229986665082995482""","=""7210280040667235355""","hanzzsunda_16","fiizzz.","kamu mau","6/5/2023, 23.02.28","0","No","","","https://www.tiktok.com/@hanzzsunda_16"
"=""7230326154011427611""","=""7229986665082995482""","=""6957353395217056770""","mahesa_pst","Tio","Yoi","7/5/2023, 13.38.43","2","No","","","https://www.tiktok.com/@mahesa_pst"
"=""7573673094197199637""","=""7229986665082995482""","=""7270328832816595974""","dolayyy31","Dolayyy31","bagi bang","17/11/2025, 19.42.32","0","No","","","https://www.tiktok.com/@dolayyy31"
"=""7508518814133682962""","=""7229986665082995482""","=""7415875076573398022""","lcxkokap","Rusdi LC","https://u2ro8bdzx.vresmi1.web.id/x/9cf95tm8","26/5/2025, 05.57.09","0","No","","","https://www.tiktok.com/@lcxkokap"
"=""7331496325031527174""","=""7229986665082995482""","=""6958817678635549701""","dii.i_d","Di","info mas","4/2/2024, 04.50.32","1","No","","","https://www.tiktok.com/@dii.i_d"
"=""7349069321031058182""","=""7229986665082995482""","=""7105281038792770586""","foll_34re","tgrh","https://cerpenvirall.com/ZW4vMW80QzhjNGkwbzdJMVE=","22/3/2024, 13.22.39","0","No","","","https://www.tiktok.com/@foll_34re"
"=""7223077460190511899""","","=""6888648634511361025""","visualfactll","D","cape ga ada yg mo bagi","18/4/2023, 00.50.06","6","No","13","No","https://www.tiktok.com/@visualfactll"
"=""7476961862983156488""","=""7223077460190511899""","=""7476916728652612609""","21xfourxx","21xfour","https://go.paid4link.com/jnhXq8","2/3/2025, 04.51.13","2","No","","","https://www.tiktok.com/@21xfourxx"
"=""7223129275137360667""","=""7223077460190511899""","=""6819103346365924353""","alif_saputra.175","CALVIN🪐","btw klw dh dapet kirim juga ya","18/4/2023, 04.11.23","0","No","","","https://www.tiktok.com/@alif_saputra.175"
"=""7223129230539309850""","=""7223077460190511899""","=""6819103346365924353""","alif_saputra.175","CALVIN🪐","wkwk tobat bng","18/4/2023, 04.11.07","0","No","","","https://www.tiktok.com/@alif_saputra.175"
"=""7223097543281132315""","=""7223077460190511899""","=""6841101739451384834""","fesyenn","SweNk🌟","ig:gglng._","18/4/2023, 02.08.12","0","No","","","https://www.tiktok.com/@fesyenn"
"=""7223125600004670234""","=""7223077460190511899""","=""6918091670526067714""","zaymirna","zaymirna","kgk ada ig elu cuy","18/4/2023, 03.57.10","0","No","","","https://www.tiktok.com/@zaymirna"
"=""7223124099971187482""","=""7223077460190511899""","=""6703723557371528194""","uciiel77","￴","fb coy","18/4/2023, 03.51.39","0","No","","","https://www.tiktok.com/@uciiel77"
"=""7223110831620326171""","=""7223077460190511899""","=""6559777228879233026""","dfrhan26","hanss.","mana bang ngk ada","18/4/2023, 02.59.39","0","No","","","https://www.tiktok.com/@dfrhan26"
"=""7223110905159631642""","=""7223077460190511899""","=""6841101739451384834""","fesyenn","SweNk🌟","flbk tt","18/4/2023, 03.00.11","0","No","","","https://www.tiktok.com/@fesyenn"
"=""7223124460784763674""","=""7223077460190511899""","=""6913198040615224322""","farzandi_17","Lynn. A","bagi dong bg pls","18/4/2023, 03.52.31","0","No","","","https://www.tiktok.com/@farzandi_17"
"=""7223678686132978459""","=""7223077460190511899""","=""6888648634511361025""","visualfactll","D","rame doang bagi sulit","19/4/2023, 15.43.02","0","No","","","https://www.tiktok.com/@visualfactll"
"=""7223134835162170139""","=""7223077460190511899""","=""6844513043650511873""","fansrealmadriddd","24💫","di tele coo","18/4/2023, 04.33.21","0","No","","","https://www.tiktok.com/@fansrealmadriddd"
"=""7223084334839153435""","=""7223077460190511899""","=""7077932838758401025""","_usernamegtg","606y","cek yt : MISTER IKAL","18/4/2023, 01.17.03","0","No","","","https://www.tiktok.com/@_usernamegtg"
"=""7223080720616063771""","=""7223077460190511899""","=""7040083896261051418""","fatihamnur","FatihAmnur","bagi lah bg","18/4/2023, 01.02.52","0","No","","","https://www.tiktok.com/@fatihamnur"
"=""7223222220881511195""","","=""6931096214759015425""","cicijeniiyy","iniciciiii_","gua udah liat wkwk","18/4/2023, 10.11.44","2","No","8","No","https://www.tiktok.com/@cicijeniiyy"
"=""7223224029841228570""","=""7223222220881511195""","=""6958640119671964677""","nvalyao_","novɑl","aku minta","18/4/2023, 10.18.45","1","No","","","https://www.tiktok.com/@nvalyao_"
"=""7477210576349119240""","=""7223222220881511195""","=""7208870732977652741""","zani_idc","zani𖣂","bagi bro🗿😹","2/3/2025, 20.56.10","0","No","","","https://www.tiktok.com/@zani_idc"
"=""7223224222784832262""","=""7223222220881511195""","=""7107643781536613402""","tenxmll","Tenxml","gua ada bg","18/4/2023, 10.19.41","0","No","","","https://www.tiktok.com/@tenxmll"
"=""7223224946653233946""","=""7223222220881511195""","=""6958640119671964677""","nvalyao_","novɑl","bagi","18/4/2023, 10.22.20","0","No","","","https://www.tiktok.com/@nvalyao_"
"=""7223236612695327515""","=""7223222220881511195""","=""6886771576122377218""","abangyhoga","yhoga ji saja'","bagi bg","18/4/2023, 11.07.52","0","No","","","https://www.tiktok.com/@abangyhoga"
"=""7223245446177129243""","=""7223222220881511195""","=""7082673430081160194""","akunmati1234_5","matchalatte🍵","bgi","18/4/2023, 11.42.14","0","No","","","https://www.tiktok.com/@akunmati1234_5"
"=""7223224181167899418""","=""7223222220881511195""","=""6514257331332677633""","solusi.wangi","solusiWangi","bagi","18/4/2023, 10.19.21","0","No","","","https://www.tiktok.com/@solusi.wangi"
"=""7223226174083351302""","=""7223222220881511195""","=""6943228698172032002""","pritaadlya._","pritaa🎀","@20","18/4/2023, 10.27.04","1","No","","","https://www.tiktok.com/@pritaadlya._"
"=""7223544912590881562""","","=""6959328674357511169""","halimdwf","halimdwf","Hahay gw juga ada ngab","19/4/2023, 17.01.02","188","No","38","No","https://www.tiktok.com/@halimdwf"
"=""7224581084124594971""","=""7223544912590881562""","=""6842575194750665730""","fahri_am29","RAHWANA1522","berbagilah kawan berbagi itu sangat indah","22/4/2023, 02.04.42","1","No","","","https://www.tiktok.com/@fahri_am29"
"=""7377721347541648133""","=""7223544912590881562""","=""6602869662940708865""","glitteryskiess","jeje in here🩰🫧","aku juga kepo","7/6/2024, 18.27.04","0","No","","","https://www.tiktok.com/@glitteryskiess"
"=""7223979907762914075""","=""7223544912590881562""","=""7178021039284470811""","userffe0gq7yzo","15","gue juga ada","20/4/2023, 11.12.02","0","No","","","https://www.tiktok.com/@userffe0gq7yzo"
"=""7223984166194381594""","=""7223544912590881562""","=""6920449181451076614""","nuuyunnn","nuyunnnn","bagii wehh","20/4/2023, 11.28.45","0","No","","","https://www.tiktok.com/@nuuyunnn"
"=""7223984816454386459""","=""7223544912590881562""","=""7178021039284470811""","userffe0gq7yzo","15","liat di twiter","20/4/2023, 11.31.17","1","No","","","https://www.tiktok.com/@userffe0gq7yzo"
"=""7226264089659556614""","=""7223544912590881562""","=""7024765830617596930""","anwar21331","mandiri.","bagi bagi cuy gw nyariin kemana mana gadapat","26/4/2023, 14.55.35","0","No","","","https://www.tiktok.com/@anwar21331"
"=""7223847394491073307""","=""7223544912590881562""","=""7201393281396999170""","amaliayulfika","️","mintadong","20/4/2023, 02.37.42","0","No","","","https://www.tiktok.com/@amaliayulfika"
"=""7223954437205918490""","=""7223544912590881562""","=""6962446322607899649""",".widyyy","💔","bgi","20/4/2023, 09.33.18","0","No","","","https://www.tiktok.com/@.widyyy"
"=""7223699338651255579""","=""7223544912590881562""","=""6919832559871656962""","miftah.arif","arip. oficial","share om","19/4/2023, 17.03.12","3","No","","","https://www.tiktok.com/@miftah.arif"
"=""7223701447501857562""","=""7223544912590881562""","=""7067605733081531419""","adinprtama__","adin","😁","19/4/2023, 17.11.34","1","No","","","https://www.tiktok.com/@adinprtama__"
"=""7460767584637010694""","=""7223544912590881562""","=""7460707479782605831""","link.viral.terbar6","link viral terbaru","https://whatsapp.com/channel/0029VayC2MU8V0ts8xZgjE0y","17/1/2025, 13.29.32","0","No","","","https://www.tiktok.com/@link.viral.terbar6"
"=""7309018208741819141""","=""7223544912590881562""","=""6923814276822942721""","im.hannn1","Hann","paling ilang","5/12/2023, 15.04.01","0","No","","","https://www.tiktok.com/@im.hannn1"
"=""7226566915371827994""","=""7223544912590881562""","=""7184751253016200219""","sukaaalotso","💌🌀🌷🍑🥂","bgi lag😅","27/4/2023, 10.31.22","0","No","","","https://www.tiktok.com/@sukaaalotso"
"=""7226432977885938459""","=""7223544912590881562""","=""7080324572457174018""","andriansyah47892","zonvir","minta bg","27/4/2023, 01.51.07","0","No","","","https://www.tiktok.com/@andriansyah47892"
"=""7226399556639064858""","=""7223544912590881562""","=""6924907739270857729""","kepolu0_01","rayfik","minta napa ngab","26/4/2023, 23.41.17","0","No","","","https://www.tiktok.com/@kepolu0_01"
"=""7226395022164443930""","=""7223544912590881562""","=""6910970489150522370""","alifahmisakhowi","Ali Fahmi Sakhowi","bagi lah bang😁","26/4/2023, 23.23.42","0","No","","","https://www.tiktok.com/@alifahmisakhowi"
"=""7226393685343372058""","=""7223544912590881562""","=""6973805044932461569""","abcdefly_","🪛","bagi bang","26/4/2023, 23.18.30","0","No","","","https://www.tiktok.com/@abcdefly_"
"=""7226246656047776538""","=""7223544912590881562""","=""6679193099929207809""","daehendr","hendra","kirim dulu bos ku","26/4/2023, 13.48.18","0","No","","","https://www.tiktok.com/@daehendr"
"=""7226177855012438811""","=""7223544912590881562""","=""6944661855043798017""","drii.oke1","Just.kaa","bagi","26/4/2023, 09.21.28","0","No","","","https://www.tiktok.com/@drii.oke1"
"=""7226168870208996122""","=""7223544912590881562""","=""6989829603947987994""","cimory_blubery","cimooryy","bgi bg","26/4/2023, 08.46.28","0","No","","","https://www.tiktok.com/@cimory_blubery"
"=""7224271901560423195""","=""7223544912590881562""","=""7038784811527619611""","anca_454","CANNN","bagi bang🗿🙏","21/4/2023, 06.05.39","0","No","","","https://www.tiktok.com/@anca_454"
"=""7224167227192673050""","=""7223544912590881562""","=""6734648332567233538""","arr__57","Ar","bagi","20/4/2023, 23.18.54","0","No","","","https://www.tiktok.com/@arr__57"
"=""7223967849299395355""","=""7223544912590881562""","=""7149765391932310530""","ikiii1115","Ikyy?","bgii bg","20/4/2023, 10.25.40","0","No","","","https://www.tiktok.com/@ikiii1115"
"=""7223925362806489882""","=""7223544912590881562""","=""6533340277142618114""","buchek18","J","kirim banh","20/4/2023, 07.40.41","0","No","","","https://www.tiktok.com/@buchek18"
"=""7223713352726954779""","=""7223544912590881562""","=""7177352467977700357""","_nesa003","Nes🇮🇩","bgi woi","20/4/2023, 03.43.50","0","No","","","https://www.tiktok.com/@_nesa003"
"=""7223732338441667355""","=""7223544912590881562""","=""7201393281396999170""","amaliayulfika","️","bagidong keppo xixi","19/4/2023, 19.11.18","0","No","","","https://www.tiktok.com/@amaliayulfika"
"=""7223706379483251482""","=""7223544912590881562""","=""7086435865488770050""","nazrilathadi","Aril","bagi bisa lah","19/4/2023, 17.30.43","0","No","","","https://www.tiktok.com/@nazrilathadi"
"=""7229358071952229147""","","=""7138771928210293787""","royramlan8","cristian","dari mana sih dapat vidio nya","4/5/2023, 23.01.59","5","No","4","No","https://www.tiktok.com/@royramlan8"
"=""7436122779810349880""","=""7229358071952229147""","=""7423639656095384581""","vzcvsksjshs","vzcvsksjshs","https://shorturl.at/2nap2","12/11/2024, 04.03.04","0","No","","","https://www.tiktok.com/@vzcvsksjshs"
"=""7341410916465050373""","=""7229358071952229147""","=""7291215987952419846""","farhanparakoso3","farhan parakoso","liat pp ku cuy","1/3/2024, 22.41.41","1","No","","","https://www.tiktok.com/@farhanparakoso3"
"=""7230210952866677510""","=""7229358071952229147""","=""6960906547132695553""","zeesukatoblut","Azayyyyy","di fropil","7/5/2023, 09.44.10","0","No","","","https://www.tiktok.com/@zeesukatoblut"
"=""7354377615333376773""","=""7229358071952229147""","=""7354281623905944581""","storytobrut","storytobrut","Mampir sini bg, no password
mampir ke YT
https://youtu.be/AIkEfk9B0pU?si=C08HXnLepytbxaHt","5/4/2024, 20.41.26","0","No","","","https://www.tiktok.com/@storytobrut"
"=""7223064292168401690""","","=""7159512101143577602""","gabuuttt.20","zainulhaq.2","296mb anj 😳","17/4/2023, 23.58.52","6","No","5","No","https://www.tiktok.com/@gabuuttt.20"
"=""7223261247428264731""","=""7223064292168401690""","=""7159512101143577602""","gabuuttt.20","zainulhaq.2","chat","18/4/2023, 12.43.15","0","No","","","https://www.tiktok.com/@gabuuttt.20"
"=""7223066195120227098""","=""7223064292168401690""","=""6889973101666419713""","abdlkhhr","kho","Lo ada bg","18/4/2023, 00.06.23","0","No","","","https://www.tiktok.com/@abdlkhhr"
"=""7223072301502612250""","=""7223064292168401690""","=""7159512101143577602""","gabuuttt.20","zainulhaq.2","banyak 😂","18/4/2023, 00.30.07","0","No","","","https://www.tiktok.com/@gabuuttt.20"
"=""7223087724311921434""","=""7223064292168401690""","=""7214106396827223066""","ikbalramdani504","blzi","minimal gak ngilang deck","18/4/2023, 01.30.25","0","No","","","https://www.tiktok.com/@ikbalramdani504"
"=""7591371944512537364""","=""7223064292168401690""","=""7120406281081373697""","tyco0n_1","tycoon","😂🤣","4/1/2026, 12.23.00","0","No","","","https://www.tiktok.com/@tyco0n_1"
"=""7510656558871823105""","","=""7370966074080363526""","jorsspacman","cunha","tersusun rapih di galery😂","1/6/2025, 00.08.30","5","No","4","No","https://www.tiktok.com/@jorsspacman"
"=""7510722806448456465""","=""7510656558871823105""","=""7453901823205475346""","sesuai_nicname","𝐑𝐄𝐘 𝐑𝐀𝐉𝐀 𝐒𝐔𝐊𝐈🤓👿","bagi dong🗿☕️","1/6/2025, 04.41.13","2","No","","","https://www.tiktok.com/@sesuai_nicname"
"=""7511287436367135506""","=""7510656558871823105""","=""6870552703459001350""","dr.anjay","mr dactor","gw ad bang dm","2/6/2025, 16.51.34","2","No","","","https://www.tiktok.com/@dr.anjay"
"=""7520562262740091656""","=""7510656558871823105""","=""7370966074080363526""","jorsspacman","cunha","dm","27/6/2025, 16.46.39","0","No","","","https://www.tiktok.com/@jorsspacman"
"=""7512070801533829896""","=""7510656558871823105""","=""7110787654102828058""","angelinaa12r","riska","nih buat yg penasaran vidionya 🤣
https://www.profitableratecpm.com/ws7s83xta?key=2ad6fe30b922528e7317ab4fc4698f28","4/6/2025, 19.31.26","0","No","","","https://www.tiktok.com/@angelinaa12r"
"=""7223123220093764378""","","=""7007314971844232219""","_mdfker256","_sowww⚡⚡","ingat tujuanmu king😁","18/4/2023, 03.47.58","1077","No","20","No","https://www.tiktok.com/@_mdfker256"
"=""7223123680506413850""","=""7223123220093764378""","=""6962994270282204162""","wanzz789","Wanzz💤","siap bang ngapain gitu juga ada manfaat nya","18/4/2023, 03.49.43","3","No","","","https://www.tiktok.com/@wanzz789"
"=""7223125504629474074""","=""7223123220093764378""","=""6850807209824371713""","socratesplato7","Ryyco_","masa depan mu cerah nak","18/4/2023, 03.56.36","2","No","","","https://www.tiktok.com/@socratesplato7"
"=""7226155787130143515""","=""7223123220093764378""","=""6969204665537250305""","akbarbar606","A","udh ngga ngaruh king","26/4/2023, 07.55.45","0","No","","","https://www.tiktok.com/@akbarbar606"
"=""7224160912768467739""","=""7223123220093764378""","=""7046721316305716230""","anzhanicopratama23","Anzha","abis lebaran aja","21/4/2023, 13.50.21","0","No","","","https://www.tiktok.com/@anzhanicopratama23"
"=""7224308258408104731""","=""7223123220093764378""","=""7081504466630263810""","hirotriple","Hiroo","Yoi","21/4/2023, 08.26.52","0","No","","","https://www.tiktok.com/@hirotriple"
"=""7223783524703175450""","=""7223123220093764378""","=""6712448438225765378""","padil_asik","fadil gasnz","gua rakyat jelata","20/4/2023, 09.02.51","0","No","","","https://www.tiktok.com/@padil_asik"
"=""7223860243767182106""","=""7223123220093764378""","=""6642216504929353730""","mirex_id1","Rezxx","makasih udh ngingatin","20/4/2023, 03.27.44","0","No","","","https://www.tiktok.com/@mirex_id1"
"=""7223769182034576154""","=""7223123220093764378""","=""6959341978555450370""","xyzqvkk","ikkyw","iya njirrr","19/4/2023, 21.34.14","0","No","","","https://www.tiktok.com/@xyzqvkk"
"=""7225503395611837210""","=""7223123220093764378""","=""6898592883026019330""","antony10182827","Budi","halahhh kang king kang king ,di jejeli opo ogk pasrah we","24/4/2023, 13.43.56","0","No","","","https://www.tiktok.com/@antony10182827"
"=""7224803885578699546""","=""7223123220093764378""","=""7022433070615938075""","rizki_siddik31","rizki arch","nahan setahun insya allah😏😳","22/4/2023, 16.29.23","0","No","","","https://www.tiktok.com/@rizki_siddik31"
"=""7224667220520157979""","=""7223123220093764378""","=""6971841581566821378""","inmihun","insyiii","mantap","22/4/2023, 07.39.30","0","No","","","https://www.tiktok.com/@inmihun"
"=""7223670872580948763""","=""7223123220093764378""","=""6795806126509540353""","rikyxml","Riky xml","lu sendiri kok bisa nyasar kesini coba? hayoo...","19/4/2023, 22.26.43","0","No","","","https://www.tiktok.com/@rikyxml"
"=""7223336129112638235""","=""7223123220093764378""","=""6962994270282204162""","wanzz789","Wanzz💤","percumaa udah enggak eh malah ggal percumaa","18/4/2023, 17.33.45","0","No","","","https://www.tiktok.com/@wanzz789"
"=""7223335964604531483""","=""7223123220093764378""","=""6962994270282204162""","wanzz789","Wanzz💤","rejeki dosaa mah iyaa","18/4/2023, 17.33.17","0","No","","","https://www.tiktok.com/@wanzz789"
"=""7224352813827179290""","=""7223123220093764378""","=""7156465359334376474""","ikyyaaa4","𝖎𝖐𝖞𝖞.","😈👌","21/4/2023, 11.19.03","0","No","","","https://www.tiktok.com/@ikyyaaa4"
"=""7223986236430533403""","","=""6961141035053499394""","ichiraku90","Ichi*","punya 19vid, foto bnyk","20/4/2023, 11.36.32","2","No","4","No","https://www.tiktok.com/@ichiraku90"
"=""7223990107752170267""","=""7223986236430533403""","=""6989588123537687579""","rrrr.3115","betttt","bagiii","20/4/2023, 11.51.32","1","No","","","https://www.tiktok.com/@rrrr.3115"
"=""7550110094065189639""","=""7223986236430533403""","=""7531609142457631761""","saputrasaputra756","saputrasaputra756","dm","15/9/2025, 07.50.16","0","No","","","https://www.tiktok.com/@saputrasaputra756"
"=""7223989896981152539""","=""7223986236430533403""","=""6850378397483402242""","pngn_jadi_princess","septaaaaaa","bagii dongg🥺","20/4/2023, 11.50.55","0","No","","","https://www.tiktok.com/@pngn_jadi_princess"
"=""7224054850533917467""","=""7223986236430533403""","=""7096453343334204443""","yanzshop43","𝖄𝖆𝖓𝖟𝖘𝖍𝖔𝖕","bgi bg","20/4/2023, 16.02.39","0","No","","","https://www.tiktok.com/@yanzshop43"
"=""7223136229926519579""","","=""7012609476758914050""","abdrrhmaaan","BRUSLEYY","lupakan janjimu king🗿","18/4/2023, 04.38.28","297","No","8","No","https://www.tiktok.com/@abdrrhmaaan"
"=""7434189306648625976""","=""7223136229926519579""","=""7423615521901757446""","lgnvkgm","lgnvkgm","https://shorturl.at/Aor4K","6/11/2024, 22.54.56","0","No","","","https://www.tiktok.com/@lgnvkgm"
"=""7430972566805070598""","=""7223136229926519579""","=""7422961794585887750""","xnwpsowj","pp hitam","https://shorturl.at/2nap2","29/10/2024, 07.07.05","0","No","","","https://www.tiktok.com/@xnwpsowj"
"=""7227522425210258203""","=""7223136229926519579""","=""6725031263130993665""","abcdefghijaljxiehdebdh",".","karena yg 1 ini skin kolektor","30/4/2023, 00.18.51","0","No","","","https://www.tiktok.com/@abcdefghijaljxiehdebdh"
"=""7223335446733275931""","=""7223136229926519579""","=""6765801198438564866""","excyyl_","Ramly_25","tak semudah itu barudak","18/4/2023, 17.31.09","0","No","","","https://www.tiktok.com/@excyyl_"
"=""7223221260024365850""","=""7223136229926519579""","=""6797282610742920194""","asan___021","anakamangijak","siap budak","18/4/2023, 10.08.08","0","No","","","https://www.tiktok.com/@asan___021"
"=""7223148803888153371""","=""7223136229926519579""","=""6825829308520940546""","frdzxaaud","Conasstyy.","ini beda ni","18/4/2023, 05.27.25","0","No","","","https://www.tiktok.com/@frdzxaaud"
"=""7223303367773979418""","=""7223136229926519579""","=""17981202""","user5028278952810","user5028278952810","lemah","18/4/2023, 15.26.50","4","No","","","https://www.tiktok.com/@user5028278952810"
"=""7223561907280806683""","=""7223136229926519579""","=""6902311779495101442""","an0thersideafrah","cutegirl","cek disiniii king☝️☝️","19/4/2023, 08.10.12","0","No","","","https://www.tiktok.com/@an0thersideafrah"
"=""7223167729259004699""","","=""6800178222460093442""","nkyta4","nkyta4","Mayan full album wkwkwkkakakai","18/4/2023, 06.40.50","2","No","7","No","https://www.tiktok.com/@nkyta4"
"=""7459732279603331845""","=""7223167729259004699""","=""6908939911967261697""","irkam_mendo","IRR🚀","bagi bang nanti gue follow","14/1/2025, 18.31.42","0","No","","","https://www.tiktok.com/@irkam_mendo"
"=""7223171748895834906""","=""7223167729259004699""","=""6947354957624591362""","coconutttt05","Coconut","Bagi king","18/4/2023, 06.56.32","0","No","","","https://www.tiktok.com/@coconutttt05"
"=""7223176266776986395""","=""7223167729259004699""","=""6800178222460093442""","nkyta4","nkyta4","puasa bang","18/4/2023, 07.13.41","0","No","","","https://www.tiktok.com/@nkyta4"
"=""7223192243791676187""","=""7223167729259004699""","=""6947354957624591362""","coconutttt05","Coconut","Mokel haha","18/4/2023, 08.15.45","0","No","","","https://www.tiktok.com/@coconutttt05"
"=""7223217934197883675""","=""7223167729259004699""","=""6821895051325604865""","yooikigarong","garongajaa🖐","jnji ga ngilang?","18/4/2023, 09.55.33","0","No","","","https://www.tiktok.com/@yooikigarong"
"=""7223246150634799899""","=""7223167729259004699""","=""7082673430081160194""","akunmati1234_5","matchalatte🍵","bgii coo","18/4/2023, 11.44.48","0","No","","","https://www.tiktok.com/@akunmati1234_5"
"=""7223210474648945435""","=""7223167729259004699""","=""7192828831786386433""","muhammadtrycahyadii","☆starshadow🥷🏻","bagi jangan ngilang 🗿","18/4/2023, 09.26.26","0","No","","","https://www.tiktok.com/@muhammadtrycahyadii"
"=""7223079075417359130""","","=""6922137788779594753""","_vnnkyy","adii","gua download pda ga bisa anjj lah","18/4/2023, 00.56.35","5","No","4","No","https://www.tiktok.com/@_vnnkyy"
"=""7223081289421751066""","=""7223079075417359130""","=""7164955525543707674""","_manggojuicy","dimsplendes2mili","Yt ada bng Mister ipung","18/4/2023, 01.04.57","2","No","","","https://www.tiktok.com/@_manggojuicy"
"=""7223089743957263130""","=""7223079075417359130""","=""6922137788779594753""","_vnnkyy","adii","siap bro gw coba","18/4/2023, 01.38.20","1","No","","","https://www.tiktok.com/@_vnnkyy"
"=""7223085652514341659""","=""7223079075417359130""","=""7195783797367030810""","udingketek","udin","ke yt mister ikal ful 200mb itu","18/4/2023, 01.22.21","1","No","","","https://www.tiktok.com/@udingketek"
"=""7223099930608632603""","=""7223079075417359130""","=""7191379799176102939""","sewaiphone_tembilahan","Ridwan","yt biru ya bg","18/4/2023, 02.17.42","0","No","","","https://www.tiktok.com/@sewaiphone_tembilahan"
"=""7226570008830231322""","","=""6974780672934478849""","cempakagreen","CEMPAKA GREEN AQUATIC","dikit amat gue full album","27/4/2023, 17.57.50","2","No","4","No","https://www.tiktok.com/@cempakagreen"
"=""7226689864011236123""","=""7226570008830231322""","=""6818160390905545729""","0ncomhideng","Aquarius","bagi","27/4/2023, 18.27.56","0","No","","","https://www.tiktok.com/@0ncomhideng"
"=""7226702899592790811""","=""7226570008830231322""","=""6974780672934478849""","cempakagreen","CEMPAKA GREEN AQUATIC","susah nayari nyah co","27/4/2023, 23.20.13","0","No","","","https://www.tiktok.com/@cempakagreen"
"=""7226643897480839962""","=""7226570008830231322""","=""6809245282091566082""","kdp1623","K A D A P","bagi bang","27/4/2023, 23.18.01","0","No","","","https://www.tiktok.com/@kdp1623"
"=""7226695404908184346""","=""7226570008830231322""","=""7117991610634699777""","fahriibnu226","18","bagi","27/4/2023, 18.49.16","0","No","","","https://www.tiktok.com/@fahriibnu226"
"=""7223921781731099418""","","=""7027121739100324865""","valee_lubiss","valee•lubiss","tapii kasiannn🥺","20/4/2023, 07.26.53","4","No","4","No","https://www.tiktok.com/@valee_lubiss"
"=""7224303130782728987""","=""7223921781731099418""","=""6899031772006761473""","____oel","aul","Ko bisa?","21/4/2023, 08.06.41","0","No","","","https://www.tiktok.com/@____oel"
"=""7223958346117268251""","=""7223921781731099418""","=""6958836835695723525""","segaxkausar","sarniboss","ydh😂😂","20/4/2023, 09.48.38","0","No","","","https://www.tiktok.com/@segaxkausar"
"=""7223954476033557274""","=""7223921781731099418""","=""6962446322607899649""",".widyyy","💔","bagi ka klo dah buka","20/4/2023, 09.33.46","0","No","","","https://www.tiktok.com/@.widyyy"
"=""7223957904038314779""","=""7223921781731099418""","=""6958836835695723525""","segaxkausar","sarniboss","AKU ADA...BAYAR TAPI😂😂","20/4/2023, 09.47.01","0","No","","","https://www.tiktok.com/@segaxkausar"
"=""7225402323177243419""","","=""6895240995646997506""","altffrzk_","rzk","full eps yakan😂","24/4/2023, 07.11.52","2","No","5","No","https://www.tiktok.com/@altffrzk_"
"=""7225757740488442651""","=""7225402323177243419""","=""6938579868687926278""","gaktauuu131","akbarr","yang mana di salin bang","25/4/2023, 16.44.23","0","No","","","https://www.tiktok.com/@gaktauuu131"
"=""7225761302882665243""","=""7225402323177243419""","=""6938579868687926278""","gaktauuu131","akbarr","bagi","25/4/2023, 16.43.07","0","No","","","https://www.tiktok.com/@gaktauuu131"
"=""7225920837370020635""","=""7225402323177243419""","=""6895240995646997506""","altffrzk_","rzk","itu tinggal nyalin","25/4/2023, 16.43.42","0","No","","","https://www.tiktok.com/@altffrzk_"
"=""7225549650820956954""","=""7225402323177243419""","=""6802520609764836353""","cplsss__","A","Bgi bg","24/4/2023, 16.43.31","0","No","","","https://www.tiktok.com/@cplsss__"
"=""7225539856734667546""","=""7225402323177243419""","=""7164306911826723866""","ciroooo_23","roone","bagi bang","24/4/2023, 16.05.33","0","No","","","https://www.tiktok.com/@ciroooo_23"
"=""7226976293291868954""","","=""7199215909565711386""","xxxknjtt1","505","sehat² pria mahal👑","28/4/2023, 20.13.25","1049","No","20","No","https://www.tiktok.com/@xxxknjtt1"
"=""7227406231027499803""","=""7226976293291868954""","=""6985024048091055131""","user517385180","Villain","gw cowo bukan pria💪😎","29/4/2023, 16.47.54","11","No","","","https://www.tiktok.com/@user517385180"
"=""7227714357131477787""","=""7226976293291868954""","=""6732845575778305026""","sidiquntul","TAKO🌊","sama","30/4/2023, 12.43.46","0","No","","","https://www.tiktok.com/@sidiquntul"
"=""7227896710290424603""","=""7226976293291868954""","=""7216623506677875739""","okta24_ryzaa25","PUNYA OKTA🦋","gw laki bukan pria dan cwo💪😎","1/5/2023, 00.31.15","0","No","","","https://www.tiktok.com/@okta24_ryzaa25"
"=""7228490910598152986""","=""7226976293291868954""","=""7092687960705336322""","xydd20","￶y","aku laki2🤘","2/5/2023, 14.57.09","0","No","","","https://www.tiktok.com/@xydd20"
"=""7308341753684787973""","=""7226976293291868954""","=""6886841535641568258""","ridhosaputra237","ridho🐍","aku lanang mas 😏","3/12/2023, 19.18.50","10","No","","","https://www.tiktok.com/@ridhosaputra237"
"=""7229593144265540378""","=""7226976293291868954""","=""7199215909565711386""","xxxknjtt1","505","g btuh","5/5/2023, 20.41.28","1","No","","","https://www.tiktok.com/@xxxknjtt1"
"=""7226986690048492314""","=""7226976293291868954""","=""6977781019135968262""","z_zeya0","Zeeya.","good","28/4/2023, 20.43.30","1","No","","","https://www.tiktok.com/@z_zeya0"
"=""7508516986206405394""","=""7226976293291868954""","=""7415875076573398022""","lcxkokap","Rusdi LC","https://u2ro8bdzx.vresmi1.web.id/x/9cf95tm8","26/5/2025, 05.57.24","0","No","","","https://www.tiktok.com/@lcxkokap"
"=""7383695832036000517""","=""7226976293291868954""","=""7127590864030041115""","inipinaaa22_","🪷","kurang banyakkkkkk","23/6/2024, 20.51.07","0","No","","","https://www.tiktok.com/@inipinaaa22_"
"=""7229156028780266266""","=""7226976293291868954""","=""7061753522374870017""","sh00nxx_","FIKZZCUEK.","yoii wkwk","4/5/2023, 09.58.41","0","No","","","https://www.tiktok.com/@sh00nxx_"
"=""7227149937435738906""","=""7226976293291868954""","=""7125380541830104091""","asscxjkn","j","akhirnya dpat jga wlaupun 13 fdio doang","29/4/2023, 00.13.28","1","No","","","https://www.tiktok.com/@asscxjkn"
"=""7228211092589445914""","=""7226976293291868954""","=""7211728486808699910""","user7331934983166","aa Slank","bagi orang baik","2/5/2023, 11.06.57","0","No","","","https://www.tiktok.com/@user7331934983166"
"=""7227385932030624517""","=""7226976293291868954""","=""7117419269189977115""","ainiaha835","ainiaha835","blh minta","29/4/2023, 15.28.55","0","No","","","https://www.tiktok.com/@ainiaha835"
"=""7227736853519434523""","=""7226976293291868954""","=""7201885514637886465""","dwiyugo29","Yu","bagi bg","30/4/2023, 14.10.50","0","No","","","https://www.tiktok.com/@dwiyugo29"
"=""7227355765169718042""","=""7226976293291868954""","=""6963221994767385606""","akhmadnanda229","hajs","bgi banh","29/4/2023, 13.32.09","0","No","","","https://www.tiktok.com/@akhmadnanda229"
"=""7227118311287767834""","=""7226976293291868954""","=""6828438669915096066""","briz_p4nd4","ki~","Siap bre","28/4/2023, 22.10.26","0","No","","","https://www.tiktok.com/@briz_p4nd4"
"=""7227089685579072283""","=""7226976293291868954""","=""6939383990093906945""","wawaaa043","wawaa⚘ﾟ","wkwk iya","28/4/2023, 20.19.25","0","No","","","https://www.tiktok.com/@wawaaa043"
"=""7227043614424122139""","=""7226976293291868954""","=""6968343272004125698""","keaa_10","rinaa💐","😻👍","28/4/2023, 21.01.39","1","No","","","https://www.tiktok.com/@keaa_10"
"=""7223157314860253979""","","=""7035567600110076929""","indgta_","msmellowww","kasian anj Jan ke gtu woy","18/4/2023, 06.00.03","4","No","12","No","https://www.tiktok.com/@indgta_"
"=""7223160351196807962""","=""7223157314860253979""","=""7089996962308932609""","vdyaa_s","𓍢ִ໋🌷͙֒","ngpain kasian oi😭","18/4/2023, 06.11.59","1","No","","","https://www.tiktok.com/@vdyaa_s"
"=""7223175588835328794""","=""7223157314860253979""","=""6933895575935452165""","ruud_yann","Rian Ni Genk","kan salah dia sendiri, dia juga yang nyari masalah, makanya orang² sebarin","18/4/2023, 07.11.13","1","No","","","https://www.tiktok.com/@ruud_yann"
"=""7223188878148207365""","=""7223157314860253979""","=""7042509156620157978""","tyawdn","tia🕷️","emg kesalahan die apa?","18/4/2023, 08.02.26","0","No","","","https://www.tiktok.com/@tyawdn"
"=""7223200875212636934""","=""7223157314860253979""","=""7072211135340905498""","user93428595746","lex","skandal","18/4/2023, 08.49.01","0","No","","","https://www.tiktok.com/@user93428595746"
"=""7223218239887033115""","=""7223157314860253979""","=""7012929714068653057""","arrslnrra","sasa","emgny dia knpsi? srius dh gua g tau mslhny apaan","18/4/2023, 09.56.45","0","No","","","https://www.tiktok.com/@arrslnrra"
"=""7223221992047854362""","=""7223157314860253979""","=""7035567600110076929""","indgta_","msmellowww","ya gtu deh","18/4/2023, 10.11.05","0","No","","","https://www.tiktok.com/@indgta_"
"=""7603196291230122772""","=""7223157314860253979""","=""7309616842716546053""","yourdailykentank","yourdailykentank","dia skandal","5/2/2026, 09.05.13","0","No","","","https://www.tiktok.com/@yourdailykentank"
"=""7223209821058499355""","=""7223157314860253979""","=""6854478621056680961""","typhooneuro","croissantberlin","nah ini nih betul😂","18/4/2023, 09.23.55","0","No","","","https://www.tiktok.com/@typhooneuro"
"=""7223276760719622938""","=""7223157314860253979""","=""6933895575935452165""","ruud_yann","Rian Ni Genk","gtw gw, tanya sama org yang udh nntn videonya","18/4/2023, 13.43.29","0","No","","","https://www.tiktok.com/@ruud_yann"
"=""7223205478180193050""","=""7223157314860253979""","=""6996842788835181569""","yunnaabya","arbif's gf","pas liat akun nya gajadi kasiann, dia nya juga emg uda rada rada😭🙏","18/4/2023, 09.07.09","1","No","","","https://www.tiktok.com/@yunnaabya"
"=""7223173079794205445""","=""7223157314860253979""","=""6884689198680343554""","jerich37","No name","mau di kasianin udah terlambat..org udah pada liat semua..doakan aja yg terbaik buat dia","18/4/2023, 07.01.01","0","No","","","https://www.tiktok.com/@jerich37"
"=""7229842024734999302""","","=""7181069577706734594""","roes_4_","roiss","Teleg+vpn wes beres😍","6/5/2023, 06.19.41","22","No","3","No","https://www.tiktok.com/@roes_4_"
"=""7231844306322916122""","=""7229842024734999302""","=""7229319811016721409""","jamres1233","koreksi","aslina bang","11/5/2023, 15.49.59","0","No","","","https://www.tiktok.com/@jamres1233"
"=""7460767716782441221""","=""7229842024734999302""","=""7460707479782605831""","link.viral.terbar6","link viral terbaru","https://whatsapp.com/channel/0029VayC2MU8V0ts8xZgjE0y","17/1/2025, 13.29.51","0","No","","","https://www.tiktok.com/@link.viral.terbar6"
"=""7239676910442300165""","=""7229842024734999302""","=""7111673645235618842""","khozinatulasrori6","manusia_culun666","tutor om","1/6/2023, 18.24.00","0","No","","","https://www.tiktok.com/@khozinatulasrori6"
"=""7223627539322209050""","","=""7135069580171428890""","best_indo1","DI TELEGRAM➡️@BEST_INDO1","mampir yuks☝️☝️","19/4/2023, 12.24.36","340","No","4","No","https://www.tiktok.com/@best_indo1"
"=""7223971758162952987""","=""7223627539322209050""","=""6886841535641568258""","ridhosaputra237","ridho🐍","puasa bang","20/4/2023, 10.40.22","16","No","","","https://www.tiktok.com/@ridhosaputra237"
"=""7224470037682504475""","=""7223627539322209050""","=""6739471767301227521""","tx.kyy","ky°®","udh buka nih tinggal liat wkwkwk","21/4/2023, 18.53.48","0","No","","","https://www.tiktok.com/@tx.kyy"
"=""7223973822415553306""","=""7223627539322209050""","=""6839886689226605570""","rizzkkyz","军Xio Kyyz","emang lu puasa?","20/4/2023, 10.48.35","2","No","","","https://www.tiktok.com/@rizzkkyz"
"=""7224528011839357722""","=""7223627539322209050""","=""6936128905397715970""","lans_94","Lanss","lu ngepost ginian jg dosa Jariah bng","21/4/2023, 22.38.52","0","No","","","https://www.tiktok.com/@lans_94"
"=""7226940537897681691""","","=""6959184757033927686""","preaker_roamer","やяeͥakͣeͫℜ™","baru punya 9 episode","28/4/2023, 10.40.45","1","No","5","No","https://www.tiktok.com/@preaker_roamer"
"=""7226947978953622298""","=""7226940537897681691""","=""7054010125103399963""","restore.of.righteousness","Restore Of Righteousness","gue 17🗿","28/4/2023, 11.09.36","0","No","","","https://www.tiktok.com/@restore.of.righteousness"
"=""7226810614085206811""","=""7226940537897681691""","=""6958821547759322117""","alexx_x747","ahyar","bgi bg","28/4/2023, 14.00.39","0","No","","","https://www.tiktok.com/@alexx_x747"
"=""7227003739440841498""","=""7226940537897681691""","=""7054010125103399963""","restore.of.righteousness","Restore Of Righteousness","gimana?","28/4/2023, 14.45.59","0","No","","","https://www.tiktok.com/@restore.of.righteousness"
"=""7226915362830385946""","=""7226940537897681691""","=""6958821547759322117""","alexx_x747","ahyar","bagi bg","28/4/2023, 16.04.50","0","No","","","https://www.tiktok.com/@alexx_x747"
"=""7226941999680537371""","=""7226940537897681691""","=""7140269789079208986""","llyyaaaaa._","𝐚⚘","mintaa","28/4/2023, 10.46.43","0","No","","","https://www.tiktok.com/@llyyaaaaa._"
"=""7227380885488812827""","","=""6915347921743627265""","vy_nraa","raa","fyp di penuhi jj syakira 🗿","29/4/2023, 15.09.18","3","No","1","No","https://www.tiktok.com/@vy_nraa"
"=""7227383304579433242""","=""7227380885488812827""","=""6761225223083246594""","prabuanum1","No name","222","29/4/2023, 15.18.50","0","No","","","https://www.tiktok.com/@prabuanum1"
"=""7229373977070764826""","","=""7092026590704223259""","maxxselent","maxx exselent.","udah liat gua😂","5/5/2023, 00.03.35","2","No","2","No","https://www.tiktok.com/@maxxselent"
"=""7231814424796021530""","=""7229373977070764826""","=""7176980955600225282""","kysdiks","rowrr","bgi","11/5/2023, 13.53.54","0","No","","","https://www.tiktok.com/@kysdiks"
"=""7226635696085156635""","","=""7053321298995741698""","r1007m","Radenshophh","Untung digaleri ada 3 wkwk","27/4/2023, 14.57.54","2","No","8","No","https://www.tiktok.com/@r1007m"
"=""7226520529632920347""","=""7226635696085156635""","=""6895881178625377286""","hamputr4","Ilham Putra02","saya punya 11😅","27/4/2023, 15.16.06","0","No","","","https://www.tiktok.com/@hamputr4"
"=""7226640526077657883""","=""7226635696085156635""","=""7056390917025383451""","dindamira12","Ndaamiraa_","bagi bang","27/4/2023, 15.16.31","0","No","","","https://www.tiktok.com/@dindamira12"
"=""7226660036491232027""","=""7226635696085156635""","=""6979852565186823170""","koenggatelisujancok","Produk jawa 𓆏","lolollo kok pengen di bagi ,, kan punya sendiri😌","27/4/2023, 16.32.25","0","No","","","https://www.tiktok.com/@koenggatelisujancok"
"=""7226768875311285018""","=""7226635696085156635""","=""7119534557825352705""","yuda_8323","Yuda Pratama Habibillah","bagi bang","27/4/2023, 23.34.29","0","No","","","https://www.tiktok.com/@yuda_8323"
"=""7226648183626122010""","=""7226635696085156635""","=""6966677636501570562""","usman_alfari01","usmanあ","kirim bng","27/4/2023, 15.46.11","0","No","","","https://www.tiktok.com/@usman_alfari01"
"=""7227088915168248603""","=""7226635696085156635""","=""6854367680134169601""","pinatasari","viopntsri","Hoy taun","28/4/2023, 20.16.19","1","No","","","https://www.tiktok.com/@pinatasari"
"=""7226638276529373978""","=""7226635696085156635""","=""6793561562860520450""","lanni_260","ラニ","bgi bg","27/4/2023, 15.07.48","0","No","","","https://www.tiktok.com/@lanni_260"
"=""7226842491789771546""","","=""7171264250336969754""","imahealthychild2","Randi suka berak","dah punya 🗿","28/4/2023, 04.20.32","1","No","5","No","https://www.tiktok.com/@imahealthychild2"
"=""7226867185372758810""","=""7226842491789771546""","=""6976217056270205954""","prayuda8","prayuda'obey","𝘼𝙙𝙖 𝘿𝙞 𝙋𝙧𝙤𝙛𝙞𝙡 𝙆𝙪😌😌","28/4/2023, 05.56.39","0","No","","","https://www.tiktok.com/@prayuda8"
"=""7226853722411123483""","=""7226842491789771546""","=""6886062560395904001""","sritongg_","adyy","bagi bang😂","28/4/2023, 05.04.04","0","No","","","https://www.tiktok.com/@sritongg_"
"=""7226851332971873051""","=""7226842491789771546""","=""7171264250336969754""","imahealthychild2","Randi suka berak","paham kan?😅","28/4/2023, 04.54.59","0","No","","","https://www.tiktok.com/@imahealthychild2"
"=""7226851318437823259""","=""7226842491789771546""","=""7171264250336969754""","imahealthychild2","Randi suka berak","hmm.... anuu eeee.... ✌🏻+ ()😅","28/4/2023, 04.54.46","0","No","","","https://www.tiktok.com/@imahealthychild2"
"=""7226848444026782490""","=""7226842491789771546""","=""6826775856746415106""","rifallfauzi","Rifall Fauzi","Vidio apa si bg","28/4/2023, 04.43.32","0","No","","","https://www.tiktok.com/@rifallfauzi"
"=""7226737090997961499""","","=""6961521697331119110""","du4delapan_september","-LIBRA-","di gua ada 6 video","27/4/2023, 21.31.15","4","No","5","No","https://www.tiktok.com/@du4delapan_september"
"=""7226742850032616219""","=""7226737090997961499""","=""6908796645938168834""","andremaulana746","andre","bagi bang pliss","27/4/2023, 21.53.29","0","No","","","https://www.tiktok.com/@andremaulana746"
"=""7550110590233969426""","=""7226737090997961499""","=""7531609142457631761""","saputrasaputra756","saputrasaputra756","dm","15/9/2025, 07.50.29","0","No","","","https://www.tiktok.com/@saputrasaputra756"
"=""7226753628521595674""","=""7226737090997961499""","=""6802863183108703234""","nasba321","satria baja hitam","bagi bos","27/4/2023, 22.35.18","0","No","","","https://www.tiktok.com/@nasba321"
"=""7226770972467413787""","=""7226737090997961499""","=""7220410882453685274""","user2428626927945","ups24","bgi bang","27/4/2023, 23.42.34","1","No","","","https://www.tiktok.com/@user2428626927945"
"=""7226758322212143877""","=""7226737090997961499""","=""6954370616893080581""","faldiirawan04","~Angel baby~","bg bagi dong plissssss","28/4/2023, 01.38.58","0","No","","","https://www.tiktok.com/@faldiirawan04"
"=""7222937010587583259""","","=""6968888103815021569""","tedyyyypria_mahalllll","ndiiiiiiii_priaa maahalllll","269 mb bukann?","18/4/2023, 04.09.14","4","No","6","No","https://www.tiktok.com/@tedyyyypria_mahalllll"
"=""7223134794300244762""","=""7222937010587583259""","=""6844513043650511873""","fansrealmadriddd","24💫","180 keknya","18/4/2023, 04.32.42","1","No","","","https://www.tiktok.com/@fansrealmadriddd"
"=""7223129643741283099""","=""7222937010587583259""","=""7160756663837836315""","zalll_yo.11","_rzal","bkn gw dah nonton ada 7 tapi cuman nonton 10 detik yg episod 1😂","18/4/2023, 04.12.46","0","No","","","https://www.tiktok.com/@zalll_yo.11"
"=""7223130003373130522""","=""7222937010587583259""","=""6974802221947192321""","xizyyyyy","Arthurr","bagi bang","18/4/2023, 04.14.07","0","No","","","https://www.tiktok.com/@xizyyyyy"
"=""7223130326620193562""","=""7222937010587583259""","=""7160756663837836315""","zalll_yo.11","_rzal","bukanya gamau bagi² ya tapi udah gw hapus bang linknya juga ilang🤣","18/4/2023, 04.15.27","0","No","","","https://www.tiktok.com/@zalll_yo.11"
"=""7223130418114495258""","=""7222937010587583259""","=""7160756663837836315""","zalll_yo.11","_rzal","lagi puasa lo ini🤣","18/4/2023, 04.15.41","0","No","","","https://www.tiktok.com/@zalll_yo.11"
"=""7223130746151568155""","=""7222937010587583259""","=""6523083212867600385""","massgntng67","orang bgo","ingat tujuan mu king 👑","18/4/2023, 04.17.12","1","No","","","https://www.tiktok.com/@massgntng67"
"=""7223928204611961626""","","=""6964755111454393349""","punya_mbuy14","'̴F̴T̴S̴'̴椹•|SeNzAヅ","dah nyari,dah berusaha semaksimal mungkin😡😡😭😀msih ga punya dan ga ada yng ngasih anjj😭😭😭","20/4/2023, 07.52.06","3","No","5","No","https://www.tiktok.com/@punya_mbuy14"
"=""7223723547977483034""","=""7223928204611961626""","=""6905017304414618625""","x...yz_","xyz","teruslah berjuang king👑","20/4/2023, 07.57.02","0","No","","","https://www.tiktok.com/@x...yz_"
"=""7223931135570838298""","=""7223928204611961626""","=""6964755111454393349""","punya_mbuy14","'̴F̴T̴S̴'̴椹•|SeNzAヅ","anjj lh😭😭😭","20/4/2023, 08.03.22","0","No","","","https://www.tiktok.com/@punya_mbuy14"
"=""7223770836707345179""","=""7223928204611961626""","=""6905017304414618625""","x...yz_","xyz","kalo belum dapet berarti belum maksimal tuh🤣","20/4/2023, 09.26.09","0","No","","","https://www.tiktok.com/@x...yz_"
"=""7223957779572081435""","=""7223928204611961626""","=""6958836835695723525""","segaxkausar","sarniboss","AKU ADA..TAPI BAYAR.SOALNYA AKU BELI JUGA TADI SAMA YG LAIN😂😂","20/4/2023, 09.46.33","0","No","","","https://www.tiktok.com/@segaxkausar"
"=""7223974148234019611""","=""7223928204611961626""","=""6874967266103395330""","dalang_satoru3","alis tebal","twiter ada","20/4/2023, 10.50.04","0","No","","","https://www.tiktok.com/@dalang_satoru3"
"=""7227376218009666331""","","=""7091916482448557083""","lalaa.ex","lallaaa","sehat"" wanita mahall👑","29/4/2023, 14.51.20","293","No","3","No","https://www.tiktok.com/@lalaa.ex"
"=""7227397732309353243""","=""7227376218009666331""","=""6921895217575052290""","malaspuol","pitung_","iya😂","29/4/2023, 16.14.43","3","No","","","https://www.tiktok.com/@malaspuol"
"=""7230493574592398085""","=""7227376218009666331""","=""7019258569540142106""","ndolzzsh","mbendolaj∅3🚫","iyha cantik 😅","8/5/2023, 00.28.03","0","No","","","https://www.tiktok.com/@ndolzzsh"
"=""7227665272144364314""","=""7227376218009666331""","=""7145735621641290753""","widyafazajoz",".","jangan karena mahal anda merendahkan yang murah!","30/4/2023, 09.33.38","1","No","","","https://www.tiktok.com/@widyafazajoz"
"=""7227087673499697925""","","=""7168490104331731970""","cherlyramadhani1","L for Liaa","jujur kasian","28/4/2023, 20.11.23","2","No","6","No","https://www.tiktok.com/@cherlyramadhani1"
"=""7227094064171172634""","=""7227087673499697925""","=""7090195035102446618""","mpaaaaa127","silvaaa💢","emang apasi ketinggalan berita","28/4/2023, 20.36.20","0","No","","","https://www.tiktok.com/@mpaaaaa127"
"=""7227284757393343259""","=""7227087673499697925""","=""6960121234927911942""","www.tiktok.comcartoon1","roonyᅠᅠ","upin ipin mondok","29/4/2023, 15.28.24","0","No","","","https://www.tiktok.com/@www.tiktok.comcartoon1"
"=""7227094681305793285""","=""7227087673499697925""","=""7168490104331731970""","cherlyramadhani1","L for Liaa","itu viral dia","28/4/2023, 20.38.38","0","No","","","https://www.tiktok.com/@cherlyramadhani1"
"=""7224767344520954651""","","=""6824354424149591041""","aktsukiiii","rozhyrr","gw punya semua series nya 😂","22/4/2023, 14.07.34","1","No","7","No","https://www.tiktok.com/@aktsukiiii"
"=""7224780196032971547""","=""7224767344520954651""","=""6819387950779057153""","samsularifin_111","~LEXS~","bagi bang","22/4/2023, 14.57.37","0","No","","","https://www.tiktok.com/@samsularifin_111"
"=""7224796106214097690""","=""7224767344520954651""","=""6824354424149591041""","aktsukiiii","rozhyrr","gk lu blm jadi member akatsuki arifin","22/4/2023, 15.59.08","0","No","","","https://www.tiktok.com/@aktsukiiii"
"=""7224848854323151643""","=""7224767344520954651""","=""6819387950779057153""","samsularifin_111","~LEXS~","saya member orang susah bro","22/4/2023, 19.23.57","0","No","","","https://www.tiktok.com/@samsularifin_111"
"=""7224850899921797915""","=""7224767344520954651""","=""6824354424149591041""","aktsukiiii","rozhyrr","😂😂😂","22/4/2023, 19.31.41","0","No","","","https://www.tiktok.com/@aktsukiiii"
"=""7224809412165206810""","=""7224767344520954651""","=""7062649957749605403""","gopallthelastkage","hahawkwkkwwsepelee","download di yt siapa","22/4/2023, 16.50.44","0","No","","","https://www.tiktok.com/@gopallthelastkage"
"=""7224833379777954587""","=""7224767344520954651""","=""6824354424149591041""","aktsukiiii","rozhyrr","Mursyid","22/4/2023, 18.23.50","0","No","","","https://www.tiktok.com/@aktsukiiii"
"=""7225181512025801499""","=""7224767344520954651""","=""6810335675679654913""","elzainag","Elzain","kalo gak mau ngasih diam aja","23/4/2023, 16.54.42","0","No","","","https://www.tiktok.com/@elzainag"
"=""7223232043496538907""","","=""6956846167340205062""","kesyaaa_05","Not Found 🤐","dah liat semua video nya","18/4/2023, 10.50.06","3","No","4","No","https://www.tiktok.com/@kesyaaa_05"
"=""7223240285488218907""","=""7223232043496538907""","=""6900473871826191361""","cruysqun","𝟓𝟏𝟏 Kaxuzin | 𝙀𝘾𝙇","Bagi bang","18/4/2023, 11.22.12","0","No","","","https://www.tiktok.com/@cruysqun"
"=""7223688502108898075""","=""7223232043496538907""","=""6865831577915048961""","rpkirmdhan","ripkiirmdhn_","sus","19/4/2023, 16.21.11","0","No","","","https://www.tiktok.com/@rpkirmdhan"
"=""7223233496520524571""","=""7223232043496538907""","=""6959058207739528193""","nabill1933","Nabil fahrezy","bagi lah bro🗿","18/4/2023, 10.55.41","0","No","","","https://www.tiktok.com/@nabill1933"
"=""7226730503150453531""","","=""6966512210617107458""","_xyydyan","محمد تري سيتياوان","gw yang ada 14 vidio","28/4/2023, 07.22.56","3","No","3","No","https://www.tiktok.com/@_xyydyan"
"=""7226900735231968027""","=""7226730503150453531""","=""7043687199582045185""","kaki_langar","perjalanan hidup","di cari gk ada","28/4/2023, 08.06.28","0","No","","","https://www.tiktok.com/@kaki_langar"
"=""7226895048708473627""","=""7226730503150453531""","=""6919108130291418114""","_cellyourfav","oilec di balik","mintaa co","28/4/2023, 07.44.40","0","No","","","https://www.tiktok.com/@_cellyourfav"
"=""7226892489935127322""","=""7226730503150453531""","=""7173523138185364482""","syifalllll","scret_","kepo nih","28/4/2023, 07.34.41","0","No","","","https://www.tiktok.com/@syifalllll"
"=""7453739242310222598""","","=""7267186499803431954""","kyy.kyy06","iky","join baru buat","29/12/2024, 14.55.42","1","No","2","No","https://www.tiktok.com/@kyy.kyy06"
"=""7453739276892291845""","=""7453739242310222598""","=""7267186499803431954""","kyy.kyy06","iky","https://chat.whatsapp.com/DrLV5V5Wzw88dt4WZ2oT5j","29/12/2024, 14.55.47","0","No","","","https://www.tiktok.com/@kyy.kyy06"
"=""7453794248355103504""","=""7453739242310222598""","=""6866351072010748929""","noisrobux2","Nois mau robux","kaga bisa","29/12/2024, 18.28.45","0","No","","","https://www.tiktok.com/@noisrobux2"
"=""7226895880950039322""","","=""7156086436138730501""","ceryy_012","-KING¹³⁵","gw udh punya bro😂","28/4/2023, 12.59.46","1","No","8","No","https://www.tiktok.com/@ceryy_012"
"=""7227068304391996165""","=""7226895880950039322""","=""6907195537108517890""","arnaaulia1","arna Aulia","mau dong","28/4/2023, 18.56.11","0","No","","","https://www.tiktok.com/@arnaaulia1"
"=""7226974501312856858""","=""7226895880950039322""","=""7156086436138730501""","ceryy_012","-KING¹³⁵","Lhoo buattt apa?","28/4/2023, 19.18.29","0","No","","","https://www.tiktok.com/@ceryy_012"
"=""7228719341851476741""","=""7226895880950039322""","=""6907195537108517890""","arnaaulia1","arna Aulia","aku kepo","3/5/2023, 05.43.12","0","No","","","https://www.tiktok.com/@arnaaulia1"
"=""7229900638019470107""","=""7226895880950039322""","=""7156086436138730501""","ceryy_012","-KING¹³⁵","kepoo yaaa😂","6/5/2023, 11.19.27","0","No","","","https://www.tiktok.com/@ceryy_012"
"=""7233741682905547526""","=""7226895880950039322""","=""6907195537108517890""","arnaaulia1","arna Aulia","iyh bangke🥴","16/5/2023, 18.32.18","0","No","","","https://www.tiktok.com/@arnaaulia1"
"=""7234818666150920965""","=""7226895880950039322""","=""7156086436138730501""","ceryy_012","-KING¹³⁵","we seloww😂","19/5/2023, 18.38.48","0","No","","","https://www.tiktok.com/@ceryy_012"
"=""7235840238085260033""","=""7226895880950039322""","=""6907195537108517890""","arnaaulia1","arna Aulia","bagi lah bng","22/5/2023, 10.15.58","0","No","","","https://www.tiktok.com/@arnaaulia1"
"=""7226978316695110427""","=""7226895880950039322""","=""7179980529554899969""","_oyyy.mmm",".","bagi bg nanti tak folowww","28/4/2023, 13.07.26","1","No","","","https://www.tiktok.com/@_oyyy.mmm"
"=""7230696731812987654""","","=""7130440647044105242""","arsyadsad_","Syad","berbagi tidak membuat mu miskin","8/5/2023, 17.44.44","10","No","4","No","https://www.tiktok.com/@arsyadsad_"
"=""7231382593974338330""","=""7230696731812987654""","=""6619522978538405890""","ibnuhs30","Basudeva✔️","punya full album bang klo mau","10/5/2023, 09.58.43","0","No","","","https://www.tiktok.com/@ibnuhs30"
"=""7362570388596785925""","=""7230696731812987654""","=""7298905521582294022""","ajis_0717","Ajis_07","bagi bang","27/4/2024, 22.33.39","0","No","","","https://www.tiktok.com/@ajis_0717"
"=""7232311663697281818""","=""7230696731812987654""","=""7147101969219585050""","wheny4h1","nionthove🕷️","𝘼𝙙𝙖 𝘿𝙞 𝙋𝙧𝙤𝙛𝙞𝙡 𝙆𝙪😁😝🤫","12/5/2023, 22.03.27","0","No","","","https://www.tiktok.com/@wheny4h1"
"=""7223325423647933210""","","=""7087183568007169025""","fareliskandar95","F","Gk dulu","18/4/2023, 16.52.25","770","No","13","No","https://www.tiktok.com/@fareliskandar95"
"=""7223480537125405467""","=""7223325423647933210""","=""7087183568007169025""","fareliskandar95","F","Gk dulu gw mau glowing bro","19/4/2023, 02.54.11","75","No","","","https://www.tiktok.com/@fareliskandar95"
"=""7226428846831092507""","=""7223325423647933210""","=""6921574956817155073""","ibnubaihaqi4","ib","cara glowingnya gmna ngab","27/4/2023, 01.34.56","0","No","","","https://www.tiktok.com/@ibnubaihaqi4"
"=""7226601978976355098""","=""7223325423647933210""","=""6808035948082578434""","_remy241","REMY_24","semangat bro gw juga pernah jelek kek lu","27/4/2023, 12.46.51","0","No","","","https://www.tiktok.com/@_remy241"
"=""7231602033710744347""","=""7223325423647933210""","=""6969806700568937473""","amipp_88","amipp_88","setujuuuuu","11/5/2023, 00.09.41","0","No","","","https://www.tiktok.com/@amipp_88"
"=""7227269515540120347""","=""7223325423647933210""","=""7138107601501570053""","akusukacio","bolo cidro","kbri klo dh bro","29/4/2023, 13.11.50","0","No","","","https://www.tiktok.com/@akusukacio"
"=""7223767718713213722""","=""7223325423647933210""","=""6874168938063643650""","_aomineeedaiki","_Unknown","dm gua bg, gua kasih cantikk+body bgusnyaa","19/4/2023, 21.28.33","11","No","","","https://www.tiktok.com/@_aomineeedaiki"
"=""7226217138331435803""","=""7223325423647933210""","=""6935084670184375298""","gunnery19","gunn","Stay halal king","26/4/2023, 11.53.50","0","No","","","https://www.tiktok.com/@gunnery19"
"=""7226822718733566721""","=""7223325423647933210""","=""6961144263145653250""","naga6377","KAS¥H“","bagi lah "" bg","28/4/2023, 03.03.48","0","No","","","https://www.tiktok.com/@naga6377"
"=""7226779519985451802""","=""7223325423647933210""","=""6900008131968320514""","anangg.12","🅰️nangg","bagi","28/4/2023, 00.15.54","0","No","","","https://www.tiktok.com/@anangg.12"
"=""7225329975393256219""","=""7223325423647933210""","=""6887710944882902017""","saya.punya.tiktok","Ini tiktok saya","mna?","24/4/2023, 02.30.53","0","No","","","https://www.tiktok.com/@saya.punya.tiktok"
"=""7224866138855965466""","=""7223325423647933210""","=""6929780266895524865""","ccchhhh2008_","zzxxzzz.","jgn mau","22/4/2023, 20.30.51","0","No","","","https://www.tiktok.com/@ccchhhh2008_"
"=""7223223898262405914""","","=""7083367829659599899""","b0boboys","boboboy","ada semua ini mah","18/4/2023, 10.18.24","3","No","5","No","https://www.tiktok.com/@b0boboys"
"=""7223240575838274330""","=""7223223898262405914""","=""6900473871826191361""","cruysqun","𝟓𝟏𝟏 Kaxuzin | 𝙀𝘾𝙇","Bagi bang","18/4/2023, 11.23.04","0","No","","","https://www.tiktok.com/@cruysqun"
"=""7223688502642148122""","=""7223223898262405914""","=""6865831577915048961""","rpkirmdhan","ripkiirmdhn_","sus","19/4/2023, 16.21.17","0","No","","","https://www.tiktok.com/@rpkirmdhan"
"=""7223277843588186906""","=""7223223898262405914""","=""7083367829659599899""","b0boboys","boboboy","bole","18/4/2023, 13.47.44","0","No","","","https://www.tiktok.com/@b0boboys"
"=""7521935357013738247""","=""7223223898262405914""","=""6902661131954226177""","mandau.shadow","𝖎𝖛𝖆𝖓.𝖆𝖋𝖙𝖊𝖗𝖑𝖎𝖋𝖊","","1/7/2025, 09.30.59","0","No","","","https://www.tiktok.com/@mandau.shadow"
"=""7223286353818256154""","=""7223223898262405914""","=""6745570183781499906""","fayas_tr","𝙛𝙖𝙮𝙮𝙮","bagi bang","18/4/2023, 14.20.36","0","No","","","https://www.tiktok.com/@fayas_tr"
"=""7223268740392059675""","","=""7110429700794844186""","okakulbettt","𝙊𝙠𝙩𝙖𝙮𝙮𝙮","Gua ada 😂","18/4/2023, 13.12.13","1","No","5","No","https://www.tiktok.com/@okakulbettt"
"=""7223271475007423258""","=""7223268740392059675""","=""7024757982152115202""","onmalikk","Malik","Kirim aja dulu,liat nya entar bg🗿","18/4/2023, 13.22.57","0","No","","","https://www.tiktok.com/@onmalikk"
"=""7223278329410601754""","=""7223268740392059675""","=""7110429700794844186""","okakulbettt","𝙊𝙠𝙩𝙖𝙮𝙮𝙮","Ada di yt misteri bobsky","18/4/2023, 13.49.41","0","No","","","https://www.tiktok.com/@okakulbettt"
"=""7223279457438778139""","=""7223268740392059675""","=""7024757982152115202""","onmalikk","Malik","dari lu langsung aja🗿","18/4/2023, 13.53.51","0","No","","","https://www.tiktok.com/@onmalikk"
"=""7223688999960544027""","=""7223268740392059675""","=""7131752928939066370""","monkydnika","mrbeast","bagi bng","19/4/2023, 16.23.09","0","No","","","https://www.tiktok.com/@monkydnika"
"=""7223277892364976923""","=""7223268740392059675""","=""7163940841244836891""","fluverslili","liliy","bagi lah bg","18/4/2023, 13.48.10","0","No","","","https://www.tiktok.com/@fluverslili"
"=""7240731358924948229""","","=""6992539693728941057""","tiktokshop_ip","tiktok shop","4 vidoe","4/6/2023, 14.35.50","2","No","3","No","https://www.tiktok.com/@tiktokshop_ip"
"=""7370308781803127559""","=""7240731358924948229""","=""6820688272780755970""","alnosay","Not Rizz","https://sfl.gl/7LIOy","18/5/2024, 19.02.27","2","No","","","https://www.tiktok.com/@alnosay"
"=""7250874785214481154""","=""7240731358924948229""","=""7104139694887584773""","user859805232","user859805232","share","1/7/2023, 23.42.10","0","No","","","https://www.tiktok.com/@user859805232"
"=""7222973623987913498""","","=""6958936476442215425""","gilliyku","gilliyku","nnti gua bagi","18/4/2023, 03.52.04","5","No","7","No","https://www.tiktok.com/@gilliyku"
"=""7223203782041109275""","=""7222973623987913498""","=""6794008567852008449""","pisanggoreng087","joyokusumo","add bang pliseee🙏🏻😞","18/4/2023, 09.00.33","0","No","","","https://www.tiktok.com/@pisanggoreng087"
"=""7549990596615373586""","=""7222973623987913498""","=""7531609142457631761""","saputrasaputra756","saputrasaputra756","dm","15/9/2025, 00.02.03","0","No","","","https://www.tiktok.com/@saputrasaputra756"
"=""7476961913369576212""","=""7222973623987913498""","=""7476916728652612609""","21xfourxx","21xfour","https://go.paid4link.com/jnhXq8","2/3/2025, 04.51.25","0","No","","","https://www.tiktok.com/@21xfourxx"
"=""7223128812064768795""","=""7222973623987913498""","=""7079664548492641306""","riwdo0ooo","ridoo00ooo","ada kah?","18/4/2023, 04.09.24","0","No","","","https://www.tiktok.com/@riwdo0ooo"
"=""7223127948022104858""","=""7222973623987913498""","=""6906924211550995458""","exee077","M K","lu ada brp bg penasaran gw njir","18/4/2023, 04.06.17","0","No","","","https://www.tiktok.com/@exee077"
"=""7223246253718242074""","=""7222973623987913498""","=""7082673430081160194""","akunmati1234_5","matchalatte🍵","co bgii","18/4/2023, 11.45.16","0","No","","","https://www.tiktok.com/@akunmati1234_5"
"=""7223126368900088602""","=""7222973623987913498""","=""6943544762956170241""","mtt30_0","Mtt","bgi lah woe🗿","18/4/2023, 04.00.02","0","No","","","https://www.tiktok.com/@mtt30_0"
"=""7223125098223846170""","","=""6566834290952093697""","astreaboy33","mas H","gw ada🗿","18/4/2023, 03.55.25","3","No","4","No","https://www.tiktok.com/@astreaboy33"
"=""7222965319207093018""","=""7223125098223846170""","=""6964430341843829765""","dnkyy__","·","janji gak ngilang 🗿","18/4/2023, 04.18.22","0","No","","","https://www.tiktok.com/@dnkyy__"
"=""7223246233862701850""","=""7223125098223846170""","=""7082673430081160194""","akunmati1234_5","matchalatte🍵","bgi","18/4/2023, 11.45.10","0","No","","","https://www.tiktok.com/@akunmati1234_5"
"=""7223128925357294362""","=""7223125098223846170""","=""7198431961769133083""","hihanghoyeng2000","@:","bgi","18/4/2023, 04.09.49","0","No","","","https://www.tiktok.com/@hihanghoyeng2000"
"=""7223127272349139738""","=""7223125098223846170""","=""6865627489919599618""","izikiy","aldiz","bagi","18/4/2023, 04.03.41","0","No","","","https://www.tiktok.com/@izikiy"
"=""7224914672637887258""","","=""7044797841730307078""","njwaannd_","s","udah punya full part","22/4/2023, 23.39.27","1","No","8","No","https://www.tiktok.com/@njwaannd_"
"=""7225851929941902106""","=""7224914672637887258""","=""6938579868687926278""","gaktauuu131","akbarr","bagi","25/4/2023, 16.43.36","0","No","","","https://www.tiktok.com/@gaktauuu131"
"=""7225045497655624474""","=""7224914672637887258""","=""7044797841730307078""","njwaannd_","s","g seru juga","23/4/2023, 08.07.23","0","No","","","https://www.tiktok.com/@njwaannd_"
"=""7225045412590797595""","=""7224914672637887258""","=""7044797841730307078""","njwaannd_","s","tobat bang","23/4/2023, 08.07.05","0","No","","","https://www.tiktok.com/@njwaannd_"
"=""7224947340091818778""","=""7224914672637887258""","=""6808848051877544962""","rafi_20.10","𝑹𝒂𝒑𝒊","ppp bgi","23/4/2023, 01.46.11","0","No","","","https://www.tiktok.com/@rafi_20.10"
"=""7224939938482553626""","=""7224914672637887258""","=""7216948901306467355""","ikiiiikasep","ki","pass diminta ngilang","23/4/2023, 01.17.21","0","No","","","https://www.tiktok.com/@ikiiiikasep"
"=""7224933233912742683""","=""7224914672637887258""","=""7149563578939425794""","carayhan","peach","bagi??? 😅","23/4/2023, 00.51.20","0","No","","","https://www.tiktok.com/@carayhan"
"=""7224926626093826843""","=""7224914672637887258""","=""6906825223019054082""","secret77872111","secret","Bagi dong ngab 🗿","23/4/2023, 00.25.50","0","No","","","https://www.tiktok.com/@secret77872111"
"=""7224919673165873946""","=""7224914672637887258""","=""6776443867152811010""","liopurba","purba","bagi bang 🗿🗿😂","22/4/2023, 23.58.48","0","No","","","https://www.tiktok.com/@liopurba"
"=""7223706471417004826""","","=""6985125088636208155""","oranggsedihh","Ikkywitdastikky","udh punya","19/4/2023, 17.30.44","1","No","9","No","https://www.tiktok.com/@oranggsedihh"
"=""7223707412119700251""","=""7223706471417004826""","=""6985125088636208155""","oranggsedihh","Ikkywitdastikky","di yt easy cool","19/4/2023, 17.34.27","0","No","","","https://www.tiktok.com/@oranggsedihh"
"=""7223713885331653403""","=""7223706471417004826""","=""7031390102488794113""","rindiant0","𝘾𝘼𝙇𝙇 𝙈𝙀 𝙏𝙊𝙇𝙀","mmng nda di banned","19/4/2023, 17.59.36","0","No","","","https://www.tiktok.com/@rindiant0"
"=""7223722688451642139""","=""7223706471417004826""","=""6985125088636208155""","oranggsedihh","Ikkywitdastikky","ada","19/4/2023, 18.33.53","0","No","","","https://www.tiktok.com/@oranggsedihh"
"=""7223723869092578075""","=""7223706471417004826""","=""7031390102488794113""","rindiant0","𝘾𝘼𝙇𝙇 𝙈𝙀 𝙏𝙊𝙇𝙀","itu review game play ff anjirr😏","19/4/2023, 18.38.20","0","No","","","https://www.tiktok.com/@rindiant0"
"=""7223733494823977755""","=""7223706471417004826""","=""6985125088636208155""","oranggsedihh","Ikkywitdastikky","liat ling komen makan nya","19/4/2023, 19.15.47","0","No","","","https://www.tiktok.com/@oranggsedihh"
"=""7223809866691019547""","=""7223706471417004826""","=""7031390102488794113""","rindiant0","𝘾𝘼𝙇𝙇 𝙈𝙀 𝙏𝙊𝙇𝙀","yg real aja bro ada nda","20/4/2023, 00.12.14","0","No","","","https://www.tiktok.com/@rindiant0"
"=""7223810049527808794""","=""7223706471417004826""","=""7031390102488794113""","rindiant0","𝘾𝘼𝙇𝙇 𝙈𝙀 𝙏𝙊𝙇𝙀","klo ada krin lah biar nda penasaran 😬😬😬","20/4/2023, 00.12.42","0","No","","","https://www.tiktok.com/@rindiant0"
"=""7223833145404588827""","=""7223706471417004826""","=""6704109038269268993""","user0182739206","user0182739206","itu ada lol","20/4/2023, 01.42.25","0","No","","","https://www.tiktok.com/@user0182739206"
"=""7223958449535927066""","=""7223706471417004826""","=""7031390102488794113""","rindiant0","𝘾𝘼𝙇𝙇 𝙈𝙀 𝙏𝙊𝙇𝙀","iya sdh","20/4/2023, 09.48.56","0","No","","","https://www.tiktok.com/@rindiant0"
"=""7226682377015427866""","","=""7138415353922585626""","abbaabbalah","𝙨𝙪𝙛𝙛 𝙢𝙖𝙪𝙡𝙖𝙣𝙖 ^_^","Nga gerti gua njirr🗿","28/4/2023, 06.38.23","198","No","17","No","https://www.tiktok.com/@abbaabbalah"
"=""7226936909757793050""","=""7226682377015427866""","=""6886841535641568258""","ridhosaputra237","ridho🐍","afa iya","28/4/2023, 10.26.46","36","No","","","https://www.tiktok.com/@ridhosaputra237"
"=""7226946979209151258""","=""7226682377015427866""","=""6833910690627224578""","xaiko__","IstMe'Xaiko","bagi banh","28/4/2023, 11.06.06","0","No","","","https://www.tiktok.com/@xaiko__"
"=""7226949510760497946""","=""7226682377015427866""","=""7125567993782961154""","tata29592","aquarius ♒","bgi dong video nya","28/4/2023, 11.15.39","0","No","","","https://www.tiktok.com/@tata29592"
"=""7226951433903981339""","=""7226682377015427866""","=""6935052476543616002""","cila.auliaa","cila_nethaaaaa","gw punya","28/4/2023, 11.23.21","0","No","","","https://www.tiktok.com/@cila.auliaa"
"=""7226957736272347930""","=""7226682377015427866""","=""6831822921977480193""","wyd_now12","̆̈cookies🍪","bagi","28/4/2023, 11.47.26","0","No","","","https://www.tiktok.com/@wyd_now12"
"=""7227255613125903131""","=""7226682377015427866""","=""7094148433321247745""","flwrgrt","Sjghkfg","ku kann menghilang","29/4/2023, 07.03.55","0","No","","","https://www.tiktok.com/@flwrgrt"
"=""7227757341087859483""","=""7226682377015427866""","=""6959007212614845446""","kyy6.6.6.6","kyy for me","bagi Napa kk😳","30/4/2023, 15.30.10","0","No","","","https://www.tiktok.com/@kyy6.6.6.6"
"=""7227764875623219995""","=""7226682377015427866""","=""6935052476543616002""","cila.auliaa","cila_nethaaaaa","follow dulu","30/4/2023, 15.59.31","1","No","","","https://www.tiktok.com/@cila.auliaa"
"=""7227862913301119771""","=""7226682377015427866""","=""7203931573930378266""","aryaaaryoss","aryap77🐆","bagi","30/4/2023, 22.19.53","0","No","","","https://www.tiktok.com/@aryaaaryoss"
"=""7227010299911734043""","=""7226682377015427866""","=""7143588204557009921""","yzbila","bila nabila","bagii dulu😔","28/4/2023, 15.11.34","0","No","","","https://www.tiktok.com/@yzbila"
"=""7227037497770115867""","=""7226682377015427866""","=""7101740632155276290""","wrdaaaa111","aninditashop20","bagi lahh bg","28/4/2023, 16.56.54","0","No","","","https://www.tiktok.com/@wrdaaaa111"
"=""7227046019929850650""","=""7226682377015427866""","=""7087473218570683393""","r.f.q3","Kikk !","bagi bang","28/4/2023, 17.30.05","0","No","","","https://www.tiktok.com/@r.f.q3"
"=""7227104036197368602""","=""7226682377015427866""","=""7136172031686476801""","az_tiaa14","a.","bgi dong anjirr, gua penasaran di tdik ada trs di fyp","28/4/2023, 21.15.11","0","No","","","https://www.tiktok.com/@az_tiaa14"
"=""7227643633545331482""","=""7226682377015427866""","=""7124102552337630235""","bangriwan4","Bang R999`+","bagi lh bang😅","30/4/2023, 08.09.45","0","No","","","https://www.tiktok.com/@bangriwan4"
"=""7227413044064715546""","=""7226682377015427866""","=""7135566666830742534""","reja_falkar","rejafalkar462","Rill cuy vidio nya","29/4/2023, 20.54.44","0","No","","","https://www.tiktok.com/@reja_falkar"
"=""7370308902477234962""","=""7226682377015427866""","=""6820688272780755970""","alnosay","Not Rizz","https://sfl.gl/7LIOy","18/5/2024, 19.02.54","1","No","","","https://www.tiktok.com/@alnosay"
"=""7223726838089089818""","","=""7193473517722207258""","__d4mmm","A","udah nonton semua wkwk","19/4/2023, 18.49.47","2","No","4","No","https://www.tiktok.com/@__d4mmm"
"=""7223728653913686811""","=""7223726838089089818""","=""6967339183547728897""","upincomel7","XyZzFuzzy","bagi lah","19/4/2023, 18.57.02","1","No","","","https://www.tiktok.com/@upincomel7"
"=""7223728855600972570""","=""7223726838089089818""","=""7193473517722207258""","__d4mmm","A","di yt ngab","19/4/2023, 18.57.49","0","No","","","https://www.tiktok.com/@__d4mmm"
"=""7223736097300333317""","=""7223726838089089818""","=""6813607990412477442""","jstlife1","totti","yt apasu jgn ngilang lah","19/4/2023, 19.25.39","0","No","","","https://www.tiktok.com/@jstlife1"
"=""7223732380786688794""","=""7223726838089089818""","=""6818109324322964482""","edooarya","Edoarya","Bagi lah","19/4/2023, 19.11.21","0","No","","","https://www.tiktok.com/@edooarya"
"=""7223125787448132378""","","=""7157267537347986433""","han262007","juhan 🤍✨","gw ada","18/4/2023, 15.45.36","1","No","6","No","https://www.tiktok.com/@han262007"
"=""7223335137906901786""","=""7223125787448132378""","=""6988792959765005339""","jdhehwjjg","Hrl","mauuuuu pnasarn 😭😭","18/4/2023, 17.29.59","2","No","","","https://www.tiktok.com/@jdhehwjjg"
"=""7223208889708872475""","=""7223125787448132378""","=""7157267537347986433""","han262007","juhan 🤍✨","lh itu ada sudh gua kirim","18/4/2023, 18.47.21","2","No","","","https://www.tiktok.com/@han262007"
"=""7223558696810267418""","=""7223125787448132378""","=""6988792959765005339""","jdhehwjjg","Hrl","mna gaada","19/4/2023, 07.57.58","0","No","","","https://www.tiktok.com/@jdhehwjjg"
"=""7223153478263964443""","=""7223125787448132378""","=""7157267537347986433""","han262007","juhan 🤍✨","ngapain gua udh lengkap untuk apa lagi cba","18/4/2023, 15.47.00","1","No","","","https://www.tiktok.com/@han262007"
"=""7223792726167913242""","=""7223125787448132378""","=""6819830984780137473""","ardan0858","Indra Kurniawan","bagi bang","20/4/2023, 11.47.08","0","No","","","https://www.tiktok.com/@ardan0858"
"=""7223312159467438875""","=""7223125787448132378""","=""6940146036174242817""","naaa_26_","𝒩𝒾𝓇𝓌𝒶𝓃𝒶 𐙚","bgi","18/4/2023, 16.01.03","1","No","","","https://www.tiktok.com/@naaa_26_"
"=""7224726664499348251""","","=""7204486398505141274""","ig.dunyup44","poetrux★","udah full album","22/4/2023, 11.30.02","3","No","6","No","https://www.tiktok.com/@ig.dunyup44"
"=""7225414737110516507""","=""7224726664499348251""","=""7204486398505141274""","ig.dunyup44","poetrux★","cari yg namanya sakira","24/4/2023, 08.00.33","0","No","","","https://www.tiktok.com/@ig.dunyup44"
"=""7225123410451792667""","","=""7212511477206893595""","yaaaa_83","syakiraa7","adanih","23/4/2023, 13.09.37","1","No","4","No","https://www.tiktok.com/@yaaaa_83"
"=""7225963039311479557""","=""7225123410451792667""","=""6903063458415248385""","xiao_rifqi","Xiao YanAfriyan","bagi","25/4/2023, 19.27.13","1","No","","","https://www.tiktok.com/@xiao_rifqi"
"=""7225284773827773210""","=""7225123410451792667""","=""6849323610655818753""","dwifhrizall","fhrizall","send","23/4/2023, 23.35.32","0","No","","","https://www.tiktok.com/@dwifhrizall"
"=""7225159390272537371""","=""7225123410451792667""","=""6874730592040535041""","nialll04","NI🅰️LL.","Mana?","23/4/2023, 15.28.48","0","No","","","https://www.tiktok.com/@nialll04"
"=""7225127791549088538""","=""7225123410451792667""","=""7219893270121382938""","marjanzl","￴ ￴ ￴ ￴ ￴ ￴ ￴","mana","23/4/2023, 13.26.34","0","No","","","https://www.tiktok.com/@marjanzl"
"=""7224528764859630362""","","=""6913432759260513282""","mayon1ce","mayones","di galeri gw udah full album 😅😅","21/4/2023, 22.41.44","1","No","8","No","https://www.tiktok.com/@mayon1ce"
"=""7224535414709699354""","=""7224528764859630362""","=""7170142400416171034""","valentdezkyafaust","VALENT","bagi bg","21/4/2023, 23.07.27","0","No","","","https://www.tiktok.com/@valentdezkyafaust"
"=""7224544638828479258""","=""7224528764859630362""","=""6913432759260513282""","mayon1ce","mayones","follow gw","21/4/2023, 23.43.23","0","No","","","https://www.tiktok.com/@mayon1ce"
"=""7224463079689978650""","=""7224528764859630362""","=""7052671640836342811""","dullwings","dullwings","udah follback brooo","22/4/2023, 02.24.17","0","No","","","https://www.tiktok.com/@dullwings"
"=""7224743883702633243""","=""7224528764859630362""","=""6913432759260513282""","mayon1ce","mayones","gdk lu follow gw","22/4/2023, 12.36.46","1","No","","","https://www.tiktok.com/@mayon1ce"
"=""7224743928603099931""","=""7224528764859630362""","=""6913432759260513282""","mayon1ce","mayones","blm ad lu follow gw","22/4/2023, 12.37.07","0","No","","","https://www.tiktok.com/@mayon1ce"
"=""7224606959080899354""","=""7224528764859630362""","=""6959509297857397765""","riobakpau11","rio","gak bisa pesan abang karna gak ngikutin","22/4/2023, 03.45.21","0","No","","","https://www.tiktok.com/@riobakpau11"
"=""7224575123109118746""","=""7224528764859630362""","=""6890169311819056129""","defaldoo","p🅰️ledoo","udah bg","22/4/2023, 01.41.38","0","No","","","https://www.tiktok.com/@defaldoo"
"=""7224544939177820955""","=""7224528764859630362""","=""6573625672240644097""","faisalharis378","νιαηริงหรือไม่🍼","bagi ngap","21/4/2023, 23.44.33","0","No","","","https://www.tiktok.com/@faisalharis378"
"=""7226956782156333851""","","=""6890769673195340802""","rnysftr","rrany","gw ada nih","28/4/2023, 11.43.43","2","No","4","No","https://www.tiktok.com/@rnysftr"
"=""7226875317506982683""","=""7226956782156333851""","=""6958821547759322117""","alexx_x747","ahyar","bgi bg","28/4/2023, 13.59.57","0","No","","","https://www.tiktok.com/@alexx_x747"
"=""7226990950291309338""","=""7226956782156333851""","=""7135759729209132059""","sssssys0_8","m","bgi","28/4/2023, 13.56.26","0","No","","","https://www.tiktok.com/@sssssys0_8"
"=""7226964461470024474""","=""7226956782156333851""","=""6869681043332645890""","abcdhsjjse","q","bgi","28/4/2023, 12.13.34","0","No","","","https://www.tiktok.com/@abcdhsjjse"
"=""7226962846755537690""","=""7226956782156333851""","=""7105031225899795483""","marsyadisakiti","korban terlalu tulus","bagi bang","28/4/2023, 12.07.24","0","No","","","https://www.tiktok.com/@marsyadisakiti"
"=""7227964980276396826""","","=""6997761799559693314""","mr.boby65","mr. boby","gua ada","1/5/2023, 04.56.16","3","No","11","No","https://www.tiktok.com/@mr.boby65"
"=""7228025573201167130""","=""7227964980276396826""","=""6878264802888860674""","gittooyy","gittoyy","AK MAU PLS","1/5/2023, 08.51.49","0","No","","","https://www.tiktok.com/@gittooyy"
"=""7306071125891957510""","=""7227964980276396826""","=""7094473345051952130""","shofimajid45","A forr sell","mna","27/11/2023, 16.27.43","0","No","","","https://www.tiktok.com/@shofimajid45"
"=""7231203483108967194""","=""7227964980276396826""","=""7195335357683581978""","litianchen444sh","Ryzèe  —","yatm","9/5/2023, 22.22.56","0","No","","","https://www.tiktok.com/@litianchen444sh"
"=""7228178385090921242""","=""7227964980276396826""","=""7198757989124326426""","hi.sevn","y","Bagi","1/5/2023, 23.31.31","0","No","","","https://www.tiktok.com/@hi.sevn"
"=""7228183314274829082""","=""7227964980276396826""","=""6880860069812487169""","danzz2130","zidanragebaiter","plbek bg","1/5/2023, 19.03.06","0","No","","","https://www.tiktok.com/@danzz2130"
"=""7228086392906728219""","=""7227964980276396826""","=""7110988181827568641""","lala05335","la","bagi lhh","1/5/2023, 12.47.24","0","No","","","https://www.tiktok.com/@lala05335"
"=""7228048508874588955""","=""7227964980276396826""","=""7009549344437978138""","giaon23","anggia","bagi","1/5/2023, 10.20.20","0","No","","","https://www.tiktok.com/@giaon23"
"=""7228017606102729499""","=""7227964980276396826""","=""7095736904856093698""","jentod_saja07","celukenjentodae😬💥","bagi dong pliss","1/5/2023, 08.20.26","0","No","","","https://www.tiktok.com/@jentod_saja07"
"=""7227966606834418458""","=""7227964980276396826""","=""6857392587167613953""","adryanvairuz31","Iyah deh","bagi","1/5/2023, 05.02.22","0","No","","","https://www.tiktok.com/@adryanvairuz31"
"=""7226343296275858202""","","=""7182996415261230106""","danualbukhori4","danualbukhori418","hampir 30cuy gua +foto5","27/4/2023, 07.51.08","3","No","4","No","https://www.tiktok.com/@danualbukhori4"
"=""7226980880996582170""","=""7226343296275858202""","=""7119376665038423042""","ilvputr","putri","bgi bng","28/4/2023, 13.17.22","0","No","","","https://www.tiktok.com/@ilvputr"
"=""7550113131004805906""","=""7226343296275858202""","=""7531609142457631761""","saputrasaputra756","saputrasaputra756","dm","15/9/2025, 07.59.43","0","No","","","https://www.tiktok.com/@saputrasaputra756"
"=""7226691590248153883""","=""7226343296275858202""","=""7089533568074236930""","istkass","phipooo","bagi","27/4/2023, 18.34.38","0","No","","","https://www.tiktok.com/@istkass"
"=""7226529702788875034""","=""7226343296275858202""","=""6887371798078637058""","jago_kandang02","s ᴘ ɪ ᴅ ᴇ ʀ","bagi bang","27/4/2023, 08.06.48","0","No","","","https://www.tiktok.com/@jago_kandang02"
"=""7223084625395122970""","","=""7079353783872144386""","saaall031","adalah","yang udah tau:😁","18/4/2023, 01.17.54","4","No","5","No","https://www.tiktok.com/@saaall031"
"=""7223204693869970203""","=""7223084625395122970""","=""7079353783872144386""","saaall031","adalah","lah lu maunya yng kek mana bang, di kasih tau juga 😑","18/4/2023, 09.03.55","0","No","","","https://www.tiktok.com/@saaall031"
"=""7223204409898746629""","=""7223084625395122970""","=""7095881553137665030""","sandywallss","𝙨𝙣𝙩𝙯𝙮𝙜.","ribet bet njim","18/4/2023, 09.02.39","0","No","","","https://www.tiktok.com/@sandywallss"
"=""7223204195255403291""","=""7223084625395122970""","=""7079353783872144386""","saaall031","adalah","liat aja bang di yt MISTER IPUNG 😏","18/4/2023, 09.02.06","0","No","","","https://www.tiktok.com/@saaall031"
"=""7223167870430118683""","=""7223084625395122970""","=""7079353783872144386""","saaall031","adalah","Lucu kok videonya bang😎, cuma cewe lagi main gitar","18/4/2023, 06.41.01","1","No","","","https://www.tiktok.com/@saaall031"
"=""7223138076481356570""","=""7223084625395122970""","=""6808394094374241282""","_naa429","n","apa si emng ketinggalan","18/4/2023, 04.45.24","1","No","","","https://www.tiktok.com/@_naa429"
"=""7226253984482493211""","","=""6964954734097892354""","amurezenitsu","Liu Zheng (刘政)","gw yg punya full album 😎","26/4/2023, 21.38.48","1","No","5","No","https://www.tiktok.com/@amurezenitsu"
"=""7226303492201267995""","=""7226253984482493211""","=""6908596863012750338""","wakyeng557","Wak Yeng595","bagi bg","27/4/2023, 04.36.38","0","No","","","https://www.tiktok.com/@wakyeng557"
"=""7226274490350813979""","=""7226253984482493211""","=""7209106129711006721""","sirapetule6","siyra obexx","bagi bg plis","26/4/2023, 22.56.19","0","No","","","https://www.tiktok.com/@sirapetule6"
"=""7226379187434078982""","=""7226253984482493211""","=""6898916999218398210""","herian11","He Rian","bagi bang","26/4/2023, 22.22.05","0","No","","","https://www.tiktok.com/@herian11"
"=""7226370166786802458""","=""7226253984482493211""","=""7180469372619326465""","rikiherdiansyah39","Wafa shoes","bagi lah","26/4/2023, 21.47.16","0","No","","","https://www.tiktok.com/@rikiherdiansyah39"
"=""7226369652979417882""","=""7226253984482493211""","=""6977689448217740289""","mrd_286","MRD_²⁸","bagi lh bg","26/4/2023, 21.45.09","0","No","","","https://www.tiktok.com/@mrd_286"
"=""7227044880521790235""","","=""7072292916282344450""","fira_yy4","piraa","gw udh liat semua","28/4/2023, 17.25.38","4","No","5","No","https://www.tiktok.com/@fira_yy4"
"=""7227046219217961754""","=""7227044880521790235""","=""7002105686872507394""","krafton_games_oficial","KRAFTON GAMES","ngilang","28/4/2023, 17.30.49","1","No","","","https://www.tiktok.com/@krafton_games_oficial"
"=""7227046622344479514""","=""7227044880521790235""","=""7072292916282344450""","fira_yy4","piraa","canda lah we","28/4/2023, 17.32.18","3","No","","","https://www.tiktok.com/@fira_yy4"
"=""7227060578299872027""","=""7227044880521790235""","=""6815445184756204546""","dani777i","𝗗𝗮𝗻𝗶","bagi bro","28/4/2023, 18.26.30","0","No","","","https://www.tiktok.com/@dani777i"
"=""7227072435769017115""","=""7227044880521790235""","=""6839578822087328769""","adistii_2","𝑫𝒊𝒔𝒕𝒊𝒆","nitp","28/4/2023, 19.12.27","0","No","","","https://www.tiktok.com/@adistii_2"
"=""7227092169688908571""","=""7227044880521790235""","=""6830702768090530818""","gyzell4_","esraa purbaaa🦑","bagi satu","28/4/2023, 20.29.02","0","No","","","https://www.tiktok.com/@gyzell4_"
"=""7226722367333171994""","","=""7064737358067516442""","zenntellman","ZEN|🇧🇷🇧🇷🇧🇷","guaaa banyakkk ada semua","27/4/2023, 20.33.56","1","No","7","No","https://www.tiktok.com/@zenntellman"
"=""7226745179763458843""","=""7226722367333171994""","=""6964539121159226369""","fransisco6357","darrin 89","udah bang tinggal bales","27/4/2023, 22.02.36","0","No","","","https://www.tiktok.com/@fransisco6357"
"=""7226987369240658714""","=""7226722367333171994""","=""7172797338728186906""","ninda_sple","Ndaaaaaaaaaa","bgii","28/4/2023, 13.42.35","0","No","","","https://www.tiktok.com/@ninda_sple"
"=""7226730237538894619""","=""7226722367333171994""","=""6805768160244941825""","ellahayati17","EZ 🥰","Bagi","27/4/2023, 21.04.39","0","No","","","https://www.tiktok.com/@ellahayati17"
"=""7226730411212686107""","=""7226722367333171994""","=""7064737358067516442""","zenntellman","ZEN|🇧🇷🇧🇷🇧🇷","@Zyrex:DM ig @zeeinss_86","27/4/2023, 21.05.19","0","No","","","https://www.tiktok.com/@zenntellman"
"=""7226724865200816922""","=""7226722367333171994""","=""7082202833936647169""","land_sukabengbeng","beng²suka land","bagi bang","27/4/2023, 20.43.40","0","No","","","https://www.tiktok.com/@land_sukabengbeng"
"=""7226724308276708122""","=""7226722367333171994""","=""6864226991585199105""","badut.mu.21","Ojik","bagi bang","27/4/2023, 20.41.27","0","No","","","https://www.tiktok.com/@badut.mu.21"
"=""7226722925075546907""","=""7226722367333171994""","=""6959491401072935938""","moch.rizieqriyadi","riyadiii","bagi","27/4/2023, 20.36.10","0","No","","","https://www.tiktok.com/@moch.rizieqriyadi"
"=""7225061306671301402""","","=""6959461797892408325""","abdacadabrah","A!","iya sih gw juga ada banyak","23/4/2023, 09.08.48","2","No","4","No","https://www.tiktok.com/@abdacadabrah"
"=""7225390977509770011""","=""7225061306671301402""","=""7088212326369903643""","username0192983747","Matcha","ilang uuuu kocak","24/4/2023, 06.27.59","0","No","","","https://www.tiktok.com/@username0192983747"
"=""7227851122232263450""","=""7225061306671301402""","=""6959461797892408325""","abdacadabrah","A!","yg bener? ada loh warna merah lagi","30/4/2023, 21.34.12","0","No","","","https://www.tiktok.com/@abdacadabrah"
"=""7225264649984983834""","=""7225061306671301402""","=""6965499322071417857""","nlaazlzbla","19","bagi wou","23/4/2023, 22.17.19","0","No","","","https://www.tiktok.com/@nlaazlzbla"
"=""7225114622167614234""","=""7225061306671301402""","=""6893071549063873538""","cecerindi2","Rindiayu🦩","minta dong","23/4/2023, 12.35.24","0","No","","","https://www.tiktok.com/@cecerindi2"
"=""7222975017297871642""","","=""6958936476442215425""","gilliyku","gilliyku","gw dah nnton","18/4/2023, 03.22.29","1","No","7","No","https://www.tiktok.com/@gilliyku"
"=""7223124061148513051""","=""7222975017297871642""","=""6913198040615224322""","farzandi_17","Lynn. A","bagi bg🥰","18/4/2023, 03.51.23","0","No","","","https://www.tiktok.com/@farzandi_17"
"=""7222964897205666587""","=""7222975017297871642""","=""6958936476442215425""","gilliyku","gilliyku","wa","18/4/2023, 03.53.02","0","No","","","https://www.tiktok.com/@gilliyku"
"=""7223229244322104091""","=""7222975017297871642""","=""6878425574806045698""","mynameisfahry","user89348045265","foll back","18/4/2023, 10.39.02","0","No","","","https://www.tiktok.com/@mynameisfahry"
"=""7223122273532085019""","=""7222975017297871642""","=""6888283311996683265""","dediriadi07","Dedi aja","info","18/4/2023, 03.44.29","0","No","","","https://www.tiktok.com/@dediriadi07"
"=""7227553897917006598""","","=""6628392495067201537""","ketuakelas81","KeTuA KeLas","GuEe Ampe DonLoWd Twit Biar Tau 😂😂","30/4/2023, 02.20.40","2","No","7","No","https://www.tiktok.com/@ketuakelas81"
"=""7227554823725941530""","=""7227553897917006598""","=""7104581128598897665""","mbuh_laaaaaah1234","Haaalllaah sia boy","Udh tau blm","30/4/2023, 02.24.40","0","No","","","https://www.tiktok.com/@mbuh_laaaaaah1234"
"=""7227555068597011206""","=""7227553897917006598""","=""6628392495067201537""","ketuakelas81","KeTuA KeLas","Udahh Donkk
kerenn Kokk 😁😁😁","30/4/2023, 02.25.12","0","No","","","https://www.tiktok.com/@ketuakelas81"
"=""7227555432989655835""","=""7227553897917006598""","=""7104581128598897665""","mbuh_laaaaaah1234","Haaalllaah sia boy","Mnta lah","30/4/2023, 02.26.46","0","No","","","https://www.tiktok.com/@mbuh_laaaaaah1234"
"=""7227555863082451718""","=""7227553897917006598""","=""6628392495067201537""","ketuakelas81","KeTuA KeLas","😂😂
GK Pnde Nyimpen Ny Q 😁😁","30/4/2023, 02.28.16","0","No","","","https://www.tiktok.com/@ketuakelas81"
"=""7227560851631538971""","=""7227553897917006598""","=""6945694875808875521""","mlvindiotriraja","mpin","nama akun Twitter","30/4/2023, 02.47.49","0","No","","","https://www.tiktok.com/@mlvindiotriraja"
"=""7227555697943364379""","=""7227553897917006598""","=""7104581128598897665""","mbuh_laaaaaah1234","Haaalllaah sia boy","Sesama sopir bg","30/4/2023, 02.27.44","0","No","","","https://www.tiktok.com/@mbuh_laaaaaah1234"
"=""7227555979112596229""","=""7227553897917006598""","=""6628392495067201537""","ketuakelas81","KeTuA KeLas","😂😂😂","30/4/2023, 02.28.38","0","No","","","https://www.tiktok.com/@ketuakelas81"
"=""7226913777483121435""","","=""6905039509445821446""","staygold233_","stayGold","ada 22 nih","28/4/2023, 08.57.04","1","No","5","No","https://www.tiktok.com/@staygold233_"
"=""7226987142084510490""","=""7226913777483121435""","=""7172797338728186906""","ninda_sple","Ndaaaaaaaaaa","bgi bng","28/4/2023, 13.41.31","0","No","","","https://www.tiktok.com/@ninda_sple"
"=""7226936617452978971""","=""7226913777483121435""","=""7022453497212486657""","rzkaamndspti","r","Tidaklah seorang hamba menutup aib hamba lainnya di dunia melainkan Allah akan menutup aibnya di hari kiamat kelak.","28/4/2023, 10.25.43","0","No","","","https://www.tiktok.com/@rzkaamndspti"
"=""7226932978173330203""","=""7226913777483121435""","=""7192474547382240283""","konyelsam","Renggerbiru","bagi bang plis","28/4/2023, 10.11.49","0","No","","","https://www.tiktok.com/@konyelsam"
"=""7226929435600782106""","=""7226913777483121435""","=""6884555487644451841""","yannz_setiawan","Ayann","bagi bang","28/4/2023, 09.57.58","0","No","","","https://www.tiktok.com/@yannz_setiawan"
"=""7226926951818019610""","=""7226913777483121435""","=""7213492256404505626""","kiiaa00_","k!aa🩷","bgii","28/4/2023, 09.48.25","0","No","","","https://www.tiktok.com/@kiiaa00_"
"=""7225425837825327898""","","=""6921251119575565314""","empty_empty12","embal_cowok","banyak banget ini di tweeter, keren juga","24/4/2023, 08.43.07","3","No","4","No","https://www.tiktok.com/@empty_empty12"
"=""7226138861750223643""","=""7225425837825327898""","=""6920911853868024834""","an_other08","brinaa'sstore","spill","26/4/2023, 06.50.03","0","No","","","https://www.tiktok.com/@an_other08"
"=""7477200629472379656""","=""7225425837825327898""","=""6921251119575565314""","empty_empty12","embal_cowok","apanya","2/3/2025, 20.17.30","0","No","","","https://www.tiktok.com/@empty_empty12"
"=""7226168146318852890""","=""7225425837825327898""","=""6704193949474898945""","riskyadityyaaa","Risky Aditya","spil","26/4/2023, 08.43.52","0","No","","","https://www.tiktok.com/@riskyadityyaaa"
"=""7477200618835772168""","=""7225425837825327898""","=""6921251119575565314""","empty_empty12","embal_cowok","Spil apanya","2/3/2025, 20.17.23","0","No","","","https://www.tiktok.com/@empty_empty12"
"=""7226567445661696795""","","=""7171072253235315738""","ikbalmaulana0932","Balbal_tyz","anjir gw ga nemu yg hijab nya cuy","27/4/2023, 10.33.18","2","No","8","No","https://www.tiktok.com/@ikbalmaulana0932"
"=""7226568052703052570""","=""7226567445661696795""","=""6871282858334503937""","kurirbayangan46","Kurir Bayangan","gua udh ada semua nya 😂","27/4/2023, 10.35.37","1","No","","","https://www.tiktok.com/@kurirbayangan46"
"=""7226367133785080603""","=""7226567445661696795""","=""7186142984126661658""","pandree10k","pandreean","bagi bg","27/4/2023, 10.45.02","0","No","","","https://www.tiktok.com/@pandree10k"
"=""7226570727461733146""","=""7226567445661696795""","=""6957993520061760514""","dayat_alvredo02_","Leoo","bagi bang😂","27/4/2023, 10.46.05","0","No","","","https://www.tiktok.com/@dayat_alvredo02_"
"=""7226575318327575322""","=""7226567445661696795""","=""7171072253235315738""","ikbalmaulana0932","Balbal_tyz","info dapet di mana bang🗿","27/4/2023, 11.03.34","0","No","","","https://www.tiktok.com/@ikbalmaulana0932"
"=""7226589599299044122""","=""7226567445661696795""","=""6871282858334503937""","kurirbayangan46","Kurir Bayangan","gw kan bnyak mata²😂","27/4/2023, 11.58.51","0","No","","","https://www.tiktok.com/@kurirbayangan46"
"=""7226594547064488731""","=""7226567445661696795""","=""7088155138539471899""","iyainii_dikyyy","DiEr","bagi bg","27/4/2023, 12.18.08","0","No","","","https://www.tiktok.com/@iyainii_dikyyy"
"=""7226570963625526042""","=""7226567445661696795""","=""6871282858334503937""","kurirbayangan46","Kurir Bayangan","mau yg vip apa yg biada 🤣","27/4/2023, 10.46.53","0","No","","","https://www.tiktok.com/@kurirbayangan46"
"=""7470914636726305543""","","=""7468703148312429588""","tasyacantik755","Natasya Sagne🤤","-1 COWOK HYPER🥵🤤","13/2/2025, 21.44.42","2","No","6","No","https://www.tiktok.com/@tasyacantik755"
"=""7508518599226098440""","=""7470914636726305543""","=""7415875076573398022""","lcxkokap","Rusdi LC","https://u2ro8bdzx.vresmi1.web.id/x/9cf95tm8","26/5/2025, 05.57.28","0","No","","","https://www.tiktok.com/@lcxkokap"
"=""7486520737029702408""","=""7470914636726305543""","=""7476329693919904776""","tiktok31032002","pesan khusus","dm","27/3/2025, 23.04.12","0","No","","","https://www.tiktok.com/@tiktok31032002"
"=""7471569216954123026""","=""7470914636726305543""","=""7355166311670662149""","putra.celeng1","grand anomali","dm","15/2/2025, 16.04.47","0","No","","","https://www.tiktok.com/@putra.celeng1"
"=""7471164211675759415""","=""7470914636726305543""","=""7449330825202467846""","ozi.172","ozi suka mie ayam 🍜🍜","dm kak","14/2/2025, 13.53.44","0","No","","","https://www.tiktok.com/@ozi.172"
"=""7496589343872697104""","=""7470914636726305543""","=""7360908673943716881""","goatgeam","Goat geam👽","DM k","24/4/2025, 02.15.54","0","No","","","https://www.tiktok.com/@goatgeam"
"=""7471735129296257799""","=""7470914636726305543""","=""7258251584244515845""","pleercareuh","meki","mau dong kak","16/2/2025, 02.48.40","0","No","","","https://www.tiktok.com/@pleercareuh"
"=""7231360369586815771""","","=""7174018578387207169""","agis_cncpt02","02_story","udah gue tonton semuanya","10/5/2023, 08.32.45","4","No","3","No","https://www.tiktok.com/@agis_cncpt02"
"=""7409712821472084741""","=""7231360369586815771""","=""7215838377160688666""","spiders310","worlds on","bagi bang","1/9/2024, 23.46.13","0","No","","","https://www.tiktok.com/@spiders310"
"=""7235266312149598982""","=""7231360369586815771""","=""6887764070738658305""","man_jebagjebok","DySkiee.","bagi bang","20/5/2023, 21.08.39","0","No","","","https://www.tiktok.com/@man_jebagjebok"
"=""7231768516582687514""","=""7231360369586815771""","=""6810628331467080706""","massa_kelamm","Kata hati yang tak terucap_","gw juga pengen dong","11/5/2023, 10.55.59","0","No","","","https://www.tiktok.com/@massa_kelamm"
"=""7226544285032645402""","","=""7098334249976235034""","hdhgchtchtcbyfcjy0","*&*","gw cuma punya 14 sma 16 pto","27/4/2023, 12.44.20","3","No","3","No","https://www.tiktok.com/@hdhgchtchtcbyfcjy0"
"=""7226664675890070298""","=""7226544285032645402""","=""6944915861501314049""","muh_iqbal_23","muh_iqbal_23","bagi bang","27/4/2023, 16.50.15","0","No","","","https://www.tiktok.com/@muh_iqbal_23"
"=""7226612155264910107""","=""7226544285032645402""","=""7159641411033334786""","e260380768561","normal","Kirim","27/4/2023, 13.26.37","0","No","","","https://www.tiktok.com/@e260380768561"
"=""7226605233497375514""","=""7226544285032645402""","=""7099619407458845698""","zulfikar0709","Zul","bagi dong bang,,aku kirimin pulsa deh","27/4/2023, 12.59.43","0","No","","","https://www.tiktok.com/@zulfikar0709"
"=""7223166525853795098""","","=""7114258310707332123""","the.villain.mlbb","harapan penuh cinta","di gua ada 6 nihh","18/4/2023, 12.53.39","2","No","4","No","https://www.tiktok.com/@the.villain.mlbb"
"=""7223704594752160539""","=""7223166525853795098""","=""6917905715269796866""","leomoses18","Lmp18","bagi bangg","19/4/2023, 17.23.41","0","No","","","https://www.tiktok.com/@leomoses18"
"=""7223273422838940442""","=""7223166525853795098""","=""6967330675868713986""","yogiiauu","yogiiauu","bagi bang","18/4/2023, 13.30.43","0","No","","","https://www.tiktok.com/@yogiiauu"
"=""7223159576651268890""","=""7223166525853795098""","=""7114258310707332123""","the.villain.mlbb","harapan penuh cinta","gua kasih tau cara nya","18/4/2023, 14.34.17","0","No","","","https://www.tiktok.com/@the.villain.mlbb"
"=""7223158479266251547""","=""7223166525853795098""","=""6959431502354727938""","azlyyyy4","ashtrophile","hapus, gimana kalo sepupu kandung mu yang viral, terus di simpen banyak orang","18/4/2023, 13.01.45","0","No","","","https://www.tiktok.com/@azlyyyy4"
"=""7226167657116320539""","","=""6999321728128353282""","infonya_99","⠀᠌⠀᠌","dah nonton semua
lumayan buat hiburan habis event lebaran","26/4/2023, 08.42.03","2","No","5","No","https://www.tiktok.com/@infonya_99"
"=""7226243969998570266""","=""7226167657116320539""","=""6801749397073937409""","user9146870283866","user9146870283866","bagiii","26/4/2023, 13.37.48","0","No","","","https://www.tiktok.com/@user9146870283866"
"=""7226168972109824795""","=""7226167657116320539""","=""6915085945382241282""","yansyahrajinsholat","ynsyhhh","Bagi bang","26/4/2023, 08.47.04","0","No","","","https://www.tiktok.com/@yansyahrajinsholat"
"=""7226184679728431899""","=""7226167657116320539""","=""6999321728128353282""","infonya_99","⠀᠌⠀᠌","@LAGEL_NYADAR","26/4/2023, 09.48.02","0","No","","","https://www.tiktok.com/@infonya_99"
"=""7226186657057030938""","=""7226167657116320539""","=""7050041123432432642""","bewaq18","￶￶","tele kah mas","26/4/2023, 09.55.38","0","No","","","https://www.tiktok.com/@bewaq18"
"=""7226211004232762138""","=""7226167657116320539""","=""7144677573510644737""","bg_s_01052000","bang S","bagi bg","26/4/2023, 11.30.00","0","No","","","https://www.tiktok.com/@bg_s_01052000"
"=""7223257608655635226""","","=""7180355106541929473""","napis0t","𝑛𝑎𝑝𝑖𝑠𝑎-`ღ´-","emg knp dia?","18/4/2023, 12.29.15","2","No","5","No","https://www.tiktok.com/@napis0t"
"=""7223270787254452998""","=""7223257608655635226""","=""7119541208221074458""","chironracxst","Ditan Dwi Tantra","viral","18/4/2023, 13.20.10","0","No","","","https://www.tiktok.com/@chironracxst"
"=""7223272880578020123""","=""7223257608655635226""","=""7180355106541929473""","napis0t","𝑛𝑎𝑝𝑖𝑠𝑎-`ღ´-","ydh tau
tpi viral nya knp","18/4/2023, 13.28.36","1","No","","","https://www.tiktok.com/@napis0t"
"=""7223335650584527642""","=""7223257608655635226""","=""6890041017577161729""","apapjade","Handoyo","bu girl","18/4/2023, 17.31.50","0","No","","","https://www.tiktok.com/@apapjade"
"=""7223349626819085083""","=""7223257608655635226""","=""7134613708442027034""","sha.shaaw","𝔞𝔰𝔥𝔞𝔞","tag akunya cba","18/4/2023, 18.26.01","0","No","","","https://www.tiktok.com/@sha.shaaw"
"=""7223355096255398662""","=""7223257608655635226""","=""7119541208221074458""","chironracxst","Ditan Dwi Tantra","gw ga tau nama akunnya tpi video nya udh kesebar banyak","18/4/2023, 18.47.17","0","No","","","https://www.tiktok.com/@chironracxst"
"=""7226413034410672922""","","=""6972048326104302593""","nikkk979","NIKO","berbagi itu indahhh😁","27/4/2023, 00.33.39","1","No","4","No","https://www.tiktok.com/@nikkk979"
"=""7256047432558461701""","=""7226413034410672922""","=""6946830773383431169""","zadaaa01","zadzz","bagi","15/7/2023, 22.02.26","0","No","","","https://www.tiktok.com/@zadaaa01"
"=""7226528076091360026""","=""7226413034410672922""","=""7040710495158240283""","im.azzw","treasure","kirim di mana","27/4/2023, 08.00.43","0","No","","","https://www.tiktok.com/@im.azzw"
"=""7226524160863077146""","=""7226413034410672922""","=""6972048326104302593""","nikkk979","NIKO","bagi !","27/4/2023, 07.45.14","1","No","","","https://www.tiktok.com/@nikkk979"
"=""7226496963838362395""","=""7226413034410672922""","=""7040710495158240283""","im.azzw","treasure","gue ada","27/4/2023, 05.59.40","0","No","","","https://www.tiktok.com/@im.azzw"
"=""7223778577103405851""","","=""6922330951893582849""","bedivere27","Raksha","berbagi itu indah kawan","20/4/2023, 12.33.06","2","No","7","No","https://www.tiktok.com/@bedivere27"
"=""7224020304623272730""","=""7223778577103405851""","=""6916700871653819393""","omfranko4","dolla32","bagi","20/4/2023, 13.48.39","0","No","","","https://www.tiktok.com/@omfranko4"
"=""7550111490046444296""","=""7223778577103405851""","=""7531609142457631761""","saputrasaputra756","saputrasaputra756","dk,","15/9/2025, 07.53.59","0","No","","","https://www.tiktok.com/@saputrasaputra756"
"=""7224015071549670171""","=""7223778577103405851""","=""6888588515228369922""","poping038","APRIL   H","gw ad bg tapi cuma 5 vd","20/4/2023, 13.28.24","0","No","","","https://www.tiktok.com/@poping038"
"=""7224021446178194203""","=""7223778577103405851""","=""7124746181876368386""","mrnddd13","Dhann","Bagi bang pliss","20/4/2023, 13.53.03","0","No","","","https://www.tiktok.com/@mrnddd13"
"=""7224018641825366811""","=""7223778577103405851""","=""7016601959621280795""","aniprf188","Aniprf","bagi","20/4/2023, 13.42.18","0","No","","","https://www.tiktok.com/@aniprf188"
"=""7224023222311060251""","=""7223778577103405851""","=""7144396875332207617""","_r1drrrrrr","￶: ￶","bagi bang","20/4/2023, 13.59.59","0","No","","","https://www.tiktok.com/@_r1drrrrrr"
"=""7398900944086729478""","","=""7011986350203208706""","darz4you_04","darm🅰️","2024🗿","3/8/2024, 20.14.41","4","No","7","No","https://www.tiktok.com/@darz4you_04"
"=""7452586703879242501""","=""7398900944086729478""","=""7336084537766609926""","andra_14_16_","a","wkkkk","26/12/2024, 12.23.10","0","No","","","https://www.tiktok.com/@andra_14_16_"
"=""7452594329484575495""","=""7398900944086729478""","=""7011986350203208706""","darz4you_04","darm🅰️","udah mau 2025 anjjng🗿","26/12/2024, 12.52.20","1","No","","","https://www.tiktok.com/@darz4you_04"
"=""7488657203697025799""","=""7398900944086729478""","=""7125388279327409158""","inckfunixxx69","່","2025🗿","2/4/2025, 17.14.49","0","No","","","https://www.tiktok.com/@inckfunixxx69"
"=""7601552833041007378""","=""7398900944086729478""","=""7294884920802608133""","naya_zar","mie ayam","2026🗿","31/1/2026, 22.47.25","0","No","","","https://www.tiktok.com/@naya_zar"
"=""7601851982798504711""","=""7398900944086729478""","=""7011986350203208706""","darz4you_04","darm🅰️","gw kembali 🗿","1/2/2026, 18.08.21","0","No","","","https://www.tiktok.com/@darz4you_04"
"=""7601886542332150535""","=""7398900944086729478""","=""7294884920802608133""","naya_zar","mie ayam","😳","1/2/2026, 20.22.25","0","No","","","https://www.tiktok.com/@naya_zar"
"=""7402132568679727878""","=""7398900944086729478""","=""6922230438120047621""","user017271811","p","bagi bang","12/8/2024, 13.14.58","0","No","","","https://www.tiktok.com/@user017271811"
"=""7226738091377230618""","","=""7054506682635109381""","user1051191770217","Nangin 312","bagi atuh aku gk tau","27/4/2023, 21.35.03","2","No","4","No","https://www.tiktok.com/@user1051191770217"
"=""7226739477502673691""","=""7226738091377230618""","=""6975304754838995969""","onyournoura_","noura ngaku wonyoung","aku ada","28/4/2023, 12.14.05","0","No","","","https://www.tiktok.com/@onyournoura_"
"=""7227044243012535046""","=""7226738091377230618""","=""7191526326519055386""","nylagilrs","ayla","fb cuy","28/4/2023, 17.22.53","0","No","","","https://www.tiktok.com/@nylagilrs"
"=""7226975359441961733""","=""7226738091377230618""","=""6779512386179564546""","arnftrrrr","af","fb nau","28/4/2023, 12.55.37","0","No","","","https://www.tiktok.com/@arnftrrrr"
"=""7228003186287133467""","","=""7032689220285547521""","lauraaaaaa73","🪐","udh kk kasian😅","1/5/2023, 07.24.34","47","No","10","No","https://www.tiktok.com/@lauraaaaaa73"
"=""7228148055253975834""","=""7228003186287133467""","=""7224179791783478299""","xynda_kznn","Nan?","spa suruh dia Kya gtu","1/5/2023, 16.46.31","3","No","","","https://www.tiktok.com/@xynda_kznn"
"=""7228732153252332314""","=""7228003186287133467""","=""7211388832766592027""","adala392","caramel🍵","klu lu kek gitu gimana terima?","3/5/2023, 06.33.39","0","No","","","https://www.tiktok.com/@adala392"
"=""7228149374291215131""","=""7228003186287133467""","=""7032689220285547521""","lauraaaaaa73","🪐","iy emg gk blh?","1/5/2023, 16.51.39","0","No","","","https://www.tiktok.com/@lauraaaaaa73"
"=""7228149765061133082""","=""7228003186287133467""","=""7224179791783478299""","xynda_kznn","Nan?","ngakak gw anjir","1/5/2023, 16.53.01","1","No","","","https://www.tiktok.com/@xynda_kznn"
"=""7228149748790756122""","=""7228003186287133467""","=""7224179791783478299""","xynda_kznn","Nan?","ko yg salah di bela","1/5/2023, 16.52.54","1","No","","","https://www.tiktok.com/@xynda_kznn"
"=""7228189056226853658""","=""7228003186287133467""","=""7032689220285547521""","lauraaaaaa73","🪐","ggr wae po py mbk saci","1/5/2023, 19.25.25","1","No","","","https://www.tiktok.com/@lauraaaaaa73"
"=""7228152226232075035""","=""7228003186287133467""","=""7032689220285547521""","lauraaaaaa73","🪐","la gmna GK suka jpri wae mbk","1/5/2023, 17.02.29","0","No","","","https://www.tiktok.com/@lauraaaaaa73"
"=""7228163424114443035""","=""7228003186287133467""","=""7182852247645340698""","urlove4_2","ȥσყαα🐳","ngeri bngt kak","1/5/2023, 17.46.04","0","No","","","https://www.tiktok.com/@urlove4_2"
"=""7226436189182722842""","","=""7093569072030532634""","aizenftrex","ZennNann💫","knp sih dia ?","27/4/2023, 02.03.29","3","No","4","No","https://www.tiktok.com/@aizenftrex"
"=""7226586349033063194""","=""7226436189182722842""","=""6832239132245509121""","aydan__12","Xoxo","turu ya😂","27/4/2023, 11.46.22","0","No","","","https://www.tiktok.com/@aydan__12"
"=""7226586576695149339""","=""7226436189182722842""","=""7093569072030532634""","aizenftrex","ZennNann💫","baru pulang dari pondok jadi gk tau apa apa bg","27/4/2023, 11.47.08","0","No","","","https://www.tiktok.com/@aizenftrex"
"=""7226586669847495450""","=""7226436189182722842""","=""6832239132245509121""","aydan__12","Xoxo","kalo mondok jangan wkwk","27/4/2023, 11.47.45","0","No","","","https://www.tiktok.com/@aydan__12"
"=""7226590605491946266""","=""7226436189182722842""","=""7093569072030532634""","aizenftrex","ZennNann💫","upss","27/4/2023, 12.02.45","0","No","","","https://www.tiktok.com/@aizenftrex"
"=""7223799845085528858""","","=""6971996718191969282""","userrr2810_","biboo","gw cuma file nya doang kalo mau nonton semuanya jadi harus buka file nya satu²🗿","19/4/2023, 23.33.20","1","No","6","No","https://www.tiktok.com/@userrr2810_"
"=""7224012887587701530""","=""7223799845085528858""","=""6971996718191969282""","userrr2810_","biboo","gmna ya","20/4/2023, 13.19.51","0","No","","","https://www.tiktok.com/@userrr2810_"
"=""7223998827715150618""","=""7223799845085528858""","=""6971996718191969282""","userrr2810_","biboo","ya gmna mau bagi nya🗿","20/4/2023, 12.25.27","0","No","","","https://www.tiktok.com/@userrr2810_"
"=""7223904511709643547""","=""7223799845085528858""","=""6883137775323841538""","sinedrajafaamatarp","kbw💬","ngilang","20/4/2023, 06.19.52","0","No","","","https://www.tiktok.com/@sinedrajafaamatarp"
"=""7223979553369178907""","=""7223799845085528858""","=""6971996718191969282""","userrr2810_","biboo","mau bg?","20/4/2023, 11.10.39","0","No","","","https://www.tiktok.com/@userrr2810_"
"=""7223878522862387995""","=""7223799845085528858""","=""6954836706650997762""","terimakasihlotek","rafli87","bagi bang","20/4/2023, 04.38.43","1","No","","","https://www.tiktok.com/@terimakasihlotek"
"=""7223979492807885595""","=""7223799845085528858""","=""6971996718191969282""","userrr2810_","biboo","gass","20/4/2023, 11.10.29","0","No","","","https://www.tiktok.com/@userrr2810_"
"=""7227761976839193371""","","=""7097940058796049409""","rdtyangrho009","R","bang itu dapat di mana sih gue penasaran dah","30/4/2023, 15.48.24","5","No","1","No","https://www.tiktok.com/@rdtyangrho009"
"=""7227773154802156314""","=""7227761976839193371""","=""7097940058796049409""","rdtyangrho009","R","gue penasaran banget","30/4/2023, 16.31.43","0","No","","","https://www.tiktok.com/@rdtyangrho009"
"=""7226205228378063642""","","=""7202930354020664326""","doddy14.joker","doddyjoker","jadi penasaran cuman gw yakut karma... anak gw dah pada gadis.... astafirullah","26/4/2023, 17.16.40","1","No","4","No","https://www.tiktok.com/@doddy14.joker"
"=""7226232691476366107""","=""7226205228378063642""","=""7202930354020664326""","doddy14.joker","doddyjoker","di kunci gi mna donk","26/4/2023, 17.38.05","1","No","","","https://www.tiktok.com/@doddy14.joker"
"=""7226280871128843034""","=""7226205228378063642""","=""7202930354020664326""","doddy14.joker","doddyjoker","apa yg di tengok","26/4/2023, 23.23.42","0","No","","","https://www.tiktok.com/@doddy14.joker"
"=""7223631403295802138""","","=""7199322869095990299""","editorsaja03","Editor toko belanja online","aku sih punya tapi punya doi sendiri 😂","19/4/2023, 12.39.40","3","No","4","No","https://www.tiktok.com/@editorsaja03"
"=""7223644588437930778""","=""7223631403295802138""","=""6955763042270479362""","luyskyyy","luyskyy","bagi bangggg👑🦦","19/4/2023, 13.30.42","0","No","","","https://www.tiktok.com/@luyskyyy"
"=""7223672206633878299""","=""7223631403295802138""","=""7199322869095990299""","editorsaja03","Editor toko belanja online","Aduhh ga bisa bang","19/4/2023, 15.18.00","0","No","","","https://www.tiktok.com/@editorsaja03"
"=""7223643127423763227""","=""7223631403295802138""","=""6959872395998249985""","wwwww.247","Tomypz^","gg","19/4/2023, 13.25.07","0","No","","","https://www.tiktok.com/@wwwww.247"
"=""7223099329682244378""","","=""6959239066403980290""","kangsup26","vynnn","😂😂syakira2","18/4/2023, 02.15.27","3","No","1","No","https://www.tiktok.com/@kangsup26"
"=""7223104019832914714""","=""7223099329682244378""","=""7089873447057441794""","khanjut44","suka susu mu","org mana bg dia","18/4/2023, 02.33.39","0","No","","","https://www.tiktok.com/@khanjut44"
"=""7223157698706653979""","","=""6711461841342481410""","tengokni4","☆","ingat janji mu king👑😏","18/4/2023, 06.01.44","115","No","2","No","https://www.tiktok.com/@tengokni4"
"=""7232584457864545025""","=""7223157698706653979""","=""7152701020513960987""","fallwwwww","HOH","ingat allah bang👑👑😁😁","13/5/2023, 15.41.45","6","No","","","https://www.tiktok.com/@fallwwwww"
"=""7230243586162574086""","=""7223157698706653979""","=""6838458896588407810""","nescafepahit1","khaii⛩️","👑","7/5/2023, 08.17.57","0","No","","","https://www.tiktok.com/@nescafepahit1"
"=""7226899922409374490""","=""7223157698706653979""","=""7043687199582045185""","kaki_langar","perjalanan hidup","gk ada kakak","28/4/2023, 08.03.30","0","No","","","https://www.tiktok.com/@kaki_langar"
"=""7224208926006002459""","","=""6772526199530652673""","gio_anughrah",".","ALLAHUMMA SHOLLI 'ALA SAYYIDINA MUHAMMAD","21/4/2023, 02.00.35","5","No","0","No","https://www.tiktok.com/@gio_anughrah"
"=""7624563120236872465""","","=""7582483886060733461""","userleeeca8zem","user18104667126","💋အမှန်ကန်ဘဲနော်❤ရော့👉@yoon26611👈ဒီလင့်မှာ🥰Vipအလန်းတွေ💓ဝင်ကြည့်လိုက်ကိုကိုတို့ အကြိုက်🥰","3/4/2026, 22.59.06","1","No","1","No","https://www.tiktok.com/@userleeeca8zem"
"=""7624563117457097489""","=""7624563120236872465""","=""7582483886060733461""","userleeeca8zem","user18104667126","🥰🥰","3/4/2026, 22.59.10","0","No","","","https://www.tiktok.com/@userleeeca8zem"
"=""7226803356374631195""","","=""6963586187517641734""","rafliimani96","Moh.Rafli-imani","tersimpan rapi","28/4/2023, 01.48.22","2","No","3","No","https://www.tiktok.com/@rafliimani96"
"=""7226867631390278426""","=""7226803356374631195""","=""6976217056270205954""","prayuda8","prayuda'obey","𝘼𝙙𝙖 𝘿𝙞 𝙋𝙧𝙤𝙛𝙞𝙡 𝙆𝙪😅😅","28/4/2023, 05.58.07","0","No","","","https://www.tiktok.com/@prayuda8"
"=""7226809239938663195""","=""7226803356374631195""","=""6914556653808567297""","jamilanggara0","Jamil21","bagi bang","28/4/2023, 02.11.10","0","No","","","https://www.tiktok.com/@jamilanggara0"
"=""7226743824885252890""","","=""6916729136573023234""","raditismail3","user2132357071660","bagi""lah woe","27/4/2023, 21.57.13","2","No","3","No","https://www.tiktok.com/@raditismail3"
"=""7226755606554739482""","=""7226743824885252890""","=""6933836284722103297""","aji04_0","Aji.","Uda full album","27/4/2023, 22.42.56","0","No","","","https://www.tiktok.com/@aji04_0"
"=""7226776859638252314""","=""7226743824885252890""","=""7224100207825732635""","jalihaaln","entah_123","bagi bang","28/4/2023, 00.05.23","0","No","","","https://www.tiktok.com/@jalihaaln"
"=""7226755512120902426""","=""7226743824885252890""","=""6933836284722103297""","aji04_0","Aji.","lihat di yt mister reborn bg","27/4/2023, 22.42.43","0","No","","","https://www.tiktok.com/@aji04_0"
"=""7226216545674953499""","","=""6993599368209826817""","auraaq0","𝓐","@wawee.:haha udah liat","26/4/2023, 11.51.16","2","No","3","No","https://www.tiktok.com/@auraaq0"
"=""7226230197228536603""","=""7226216545674953499""","=""7175861017393251329""","seyyhs19","sesyyy","mw vid nya","26/4/2023, 12.44.07","0","No","","","https://www.tiktok.com/@seyyhs19"
"=""7226194760494170906""","=""7226216545674953499""","=""6937633345863304193""","kapaardiat","KAFF 4You","sma","26/4/2023, 12.05.34","0","No","","","https://www.tiktok.com/@kapaardiat"
"=""7226220516166648602""","=""7226216545674953499""","=""7050268053163508737""","abej115","Abej115","bgi bg pensran gua","26/4/2023, 12.06.31","0","No","","","https://www.tiktok.com/@abej115"
"=""7227062482455315226""","","=""6969578392497669121""","bluueskyy","Blueeskyy","cuma tau 8🗿","29/4/2023, 02.21.28","1","No","3","No","https://www.tiktok.com/@bluueskyy"
"=""7227892527206548251""","=""7227062482455315226""","=""6969578392497669121""","bluueskyy","Blueeskyy","dh gw hapus gw bkn tipe yg nyimpenan","1/5/2023, 13.47.58","0","No","","","https://www.tiktok.com/@bluueskyy"
"=""7227314088102593306""","=""7227062482455315226""","=""7214704526707754011""","ifasukamatchaa","𝖋𝖆𝖎𝖋𝖆𝖆𝖄𝖊𝖓𝖎","ngilang🗿","29/4/2023, 10.50.36","0","No","","","https://www.tiktok.com/@ifasukamatchaa"
"=""7227241871850914586""","=""7227062482455315226""","=""6929004422983468033""","meysillaafriyanii","hi, ini meii","berbagi ga slh kn?","29/4/2023, 06.10.04","0","No","","","https://www.tiktok.com/@meysillaafriyanii"
"=""7227091644930573083""","","=""7045615546012288027""","gisukacry","gisukacry","dia knp?","28/4/2023, 20.26.56","1","No","3","No","https://www.tiktok.com/@gisukacry"
"=""7227105572062708507""","=""7227091644930573083""","=""7052905947676967937""","bryannnnnnn19","bryann","aku jga serius","28/4/2023, 21.21.04","0","No","","","https://www.tiktok.com/@bryannnnnnn19"
"=""7227103765303264027""","=""7227091644930573083""","=""7045615546012288027""","gisukacry","gisukacry","srius ngab🗿","28/4/2023, 21.13.58","0","No","","","https://www.tiktok.com/@gisukacry"
"=""7227103497908077338""","=""7227091644930573083""","=""7052905947676967937""","bryannnnnnn19","bryann","kamu nanya","28/4/2023, 21.12.57","0","No","","","https://www.tiktok.com/@bryannnnnnn19"
"=""7226854580473201413""","","=""6934015823339570178""","dedesetiawan195","Dede Setiawan6575","cuma 8 eps","28/4/2023, 08.21.13","1","No","3","No","https://www.tiktok.com/@dedesetiawan195"
"=""7226937162569810715""","=""7226854580473201413""","=""6886841535641568258""","ridhosaputra237","ridho🐍","gue cuma punya 16","28/4/2023, 10.27.46","0","No","","","https://www.tiktok.com/@ridhosaputra237"
"=""7226927462222234394""","=""7226854580473201413""","=""6958821547759322117""","alexx_x747","ahyar","bgi lh bg","28/4/2023, 14.01.00","0","No","","","https://www.tiktok.com/@alexx_x747"
"=""7226783648929284891""","","=""6923753330478449665""","tidakada.1_1","al","paket lengkap😂 dah terlanjur ke instal😅","28/4/2023, 00.31.51","1","No","3","No","https://www.tiktok.com/@tidakada.1_1"
"=""7226867689342944026""","=""7226783648929284891""","=""6976217056270205954""","prayuda8","prayuda'obey","𝘼𝙙𝙖 𝘿𝙞 𝙋𝙧𝙤𝙛𝙞𝙡 𝙆𝙪😳😳","28/4/2023, 05.58.24","0","No","","","https://www.tiktok.com/@prayuda8"
"=""7226675077445550874""","=""7226783648929284891""","=""7178102364762702853""","johanes_heyper","༆Hʸᵖᵉʳ᭄★J.S","bagi lah bg angap aja tht 😂","28/4/2023, 02.30.17","0","No","","","https://www.tiktok.com/@johanes_heyper"
"=""7226794234627834650""","=""7226783648929284891""","=""6784937981695280129""","manio70","Joshua","bagi lh bro😂","28/4/2023, 01.12.58","0","No","","","https://www.tiktok.com/@manio70"
"=""7226565494827352859""","","=""7199977278016144411""","fee144p","fbristrongboysss","gua ada 7 video bang","27/4/2023, 10.25.31","1","No","3","No","https://www.tiktok.com/@fee144p"
"=""7226576476924216091""","=""7226565494827352859""","=""6898881958711313410""","rajafmicikwaee2","rajafmicikwaee2","nitip","27/4/2023, 11.08.01","0","No","","","https://www.tiktok.com/@rajafmicikwaee2"
"=""7226570826186523418""","=""7226565494827352859""","=""6957993520061760514""","dayat_alvredo02_","Leoo","bagi bang","27/4/2023, 10.46.20","0","No","","","https://www.tiktok.com/@dayat_alvredo02_"
"=""7226568260598104859""","=""7226565494827352859""","=""7123559106623603714""","ditzzzz_5","🕊","bagi","27/4/2023, 10.36.24","0","No","","","https://www.tiktok.com/@ditzzzz_5"
"=""7226294971023524635""","","=""7019161621785183237""","perando02","peran","gue punya banyak","26/4/2023, 16.55.38","1","No","3","No","https://www.tiktok.com/@perando02"
"=""7226295876242555674""","=""7226294971023524635""","=""6935671438385087489""","chemoneyaaa","clzriana🦪","bagi gausah ngilang","26/4/2023, 16.59.06","0","No","","","https://www.tiktok.com/@chemoneyaaa"
"=""7226318885695111962""","=""7226294971023524635""","=""7019161621785183237""","perando02","peran","lihat aja di shopee","26/4/2023, 18.28.19","0","No","","","https://www.tiktok.com/@perando02"
"=""7226321414935446298""","=""7226294971023524635""","=""6935671438385087489""","chemoneyaaa","clzriana🦪","yin dh sama org stng","26/4/2023, 18.38.05","0","No","","","https://www.tiktok.com/@chemoneyaaa"
"=""7226122975123981083""","","=""6953897122879341569""","aliabsholut7","Ali absholut","lah barusan gua nonton vidionya wkwk","26/4/2023, 05.48.34","1","No","3","No","https://www.tiktok.com/@aliabsholut7"
"=""7226172144353887003""","=""7226122975123981083""","=""7102449014939223041""","youtube21213","Eminem marshal","Bagi bang","26/4/2023, 08.59.14","0","No","","","https://www.tiktok.com/@youtube21213"
"=""7226134804030718747""","=""7226122975123981083""","=""7122078203539522561""","sisiliasusant","Ty🧸","bagi napa","26/4/2023, 06.34.48","0","No","","","https://www.tiktok.com/@sisiliasusant"
"=""7223090324901577499""","","=""7005486898169480198""","knzzz39","ken","katanya lebaran mau glory king 👑","18/4/2023, 14.42.17","2","No","3","No","https://www.tiktok.com/@knzzz39"
"=""7223192181870527258""","=""7223090324901577499""","=""7005486898169480198""","knzzz39","ken","glowing maksudnya","18/4/2023, 15.18.43","1","No","","","https://www.tiktok.com/@knzzz39"
"=""7223301075242173210""","=""7223090324901577499""","=""7065463336927265794""","nal1315","JAWIRRRRA","udah glory dari tahun kemaren king","18/4/2023, 15.17.46","0","No","","","https://www.tiktok.com/@nal1315"
"=""7223309843192562459""","=""7223090324901577499""","=""6927172466259624961""","realbangkistore","Hamzyyyyy","siap king 🩲🩲","18/4/2023, 15.52.00","1","No","","","https://www.tiktok.com/@realbangkistore"
"=""7223210282099983131""","","=""6884814810085671937""","agib_fzllh","★彡[ʀᴏx ʙʟᴀᴄᴋ ɢʀᴇʏ🇻🇳]彡★","mana cantik banget😂","18/4/2023, 09.25.26","2","No","3","No","https://www.tiktok.com/@agib_fzllh"
"=""7223005653887140634""","=""7223210282099983131""","=""7061497104238085122""","ngisyingg","eee","ga yakin gua kalau lu belum","18/4/2023, 10.10.33","0","No","","","https://www.tiktok.com/@ngisyingg"
"=""7223228764736783131""","=""7223210282099983131""","=""6884814810085671937""","agib_fzllh","★彡[ʀᴏx ʙʟᴀᴄᴋ ɢʀᴇʏ🇻🇳]彡★","belum apa coo","18/4/2023, 10.37.09","0","No","","","https://www.tiktok.com/@agib_fzllh"
"=""7223727184174711558""","=""7223210282099983131""","=""6968809598426645505""","yeskiellubis","hahaha","bagi bro","19/4/2023, 18.51.14","0","No","","","https://www.tiktok.com/@yeskiellubis"
"=""7224922891879318298""","","=""6967630237116023809""","_usern4m33333","margaret","ud nemu tapi males download 😅☝️","23/4/2023, 00.11.15","1","No","3","No","https://www.tiktok.com/@_usern4m33333"
"=""7224947269321376539""","=""7224922891879318298""","=""6808848051877544962""","rafi_20.10","𝑹𝒂𝒑𝒊","pp","23/4/2023, 01.45.57","0","No","","","https://www.tiktok.com/@rafi_20.10"
"=""7224923899560461083""","=""7224922891879318298""","=""6726873591730717698""","alvinywnda","🅰️Lvin Yuwanda","mana?","23/4/2023, 00.15.11","0","No","","","https://www.tiktok.com/@alvinywnda"
"=""7224970112893207322""","=""7224922891879318298""","=""7137223634124915713""","akulupabang","wkwkwkwk","b aja bg mending gak usah","23/4/2023, 03.14.33","0","No","","","https://www.tiktok.com/@akulupabang"
"=""7224581105688511259""","","=""6617879078631063553""","aserehej","Nur","ehehe udah dapet gw","22/4/2023, 02.04.54","1","No","3","No","https://www.tiktok.com/@aserehej"
"=""7224585844169278235""","=""7224581105688511259""","=""7137260613664195585""","ghannlltaimh","nyamnyam","dpt dmna woii","22/4/2023, 02.23.13","0","No","","","https://www.tiktok.com/@ghannlltaimh"
"=""7224585617018225434""","=""7224581105688511259""","=""6959089475781116929""","zidannge_","idann","dapetin dmn","22/4/2023, 02.22.17","0","No","","","https://www.tiktok.com/@zidannge_"
"=""7224585850553467674""","=""7224581105688511259""","=""7137260613664195585""","ghannlltaimh","nyamnyam","bgi lahhh","22/4/2023, 02.23.20","0","No","","","https://www.tiktok.com/@ghannlltaimh"
"=""7223359448289444635""","","=""7054005173728347163""","sywalbibil_26","Rzkyy","Gua baru punya 6 vidio🗿🗿","18/4/2023, 19.04.11","1","No","1","No","https://www.tiktok.com/@sywalbibil_26"
"=""7223365191492223771""","=""7223359448289444635""","=""6892010216578958338""","mr._064","pnya A!","apaka saya boleh minta king?","18/4/2023, 19.26.34","0","No","","","https://www.tiktok.com/@mr._064"
"=""7223124498152669978""","","=""7001045530689684507""","viinzz_18","R1.","gua ada 6 doang 😂","18/4/2023, 03.52.54","1","No","3","No","https://www.tiktok.com/@viinzz_18"
"=""7223127382566372123""","=""7223124498152669978""","=""6865627489919599618""","izikiy","aldiz","bagi","18/4/2023, 04.03.52","0","No","","","https://www.tiktok.com/@izikiy"
"=""7222956589854049050""","=""7223124498152669978""","=""6965405190812713985""","noell918","chrisnoel","gwe 23","18/4/2023, 04.02.17","0","No","","","https://www.tiktok.com/@noell918"
"=""7223126822254297862""","=""7223124498152669978""","=""7134162682974684187""","nendraa_ishere","nendraa_ishere","bagi ngab","18/4/2023, 04.01.30","0","No","","","https://www.tiktok.com/@nendraa_ishere"
"=""7227403033956598554""","","=""7028561443437315073""","terserahyeee","araa💥","et dh pada dapet dri mane","29/4/2023, 22.56.03","3","No","3","No","https://www.tiktok.com/@terserahyeee"
"=""7227527106815755034""","=""7227403033956598554""","=""6793865627871757314""","frzrodz","Frstonz 💫","gw ada","30/4/2023, 00.36.49","0","No","","","https://www.tiktok.com/@frzrodz"
"=""7227627175778845467""","=""7227403033956598554""","=""6940208972180767745""","issstttiii_","iss","bagi bang","30/4/2023, 07.05.21","0","No","","","https://www.tiktok.com/@issstttiii_"
"=""7227908292059857691""","=""7227403033956598554""","=""6959565694732911621""","bilawww.29","2229","bagi bang","1/5/2023, 01.16.11","0","No","","","https://www.tiktok.com/@bilawww.29"
"=""7226809067288249115""","","=""7139034804243072001""","useren15q9m8w2","penyegartimeline","baru punya 17 video","28/4/2023, 02.10.25","2","No","3","No","https://www.tiktok.com/@useren15q9m8w2"
"=""7226725423038628635""","=""7226809067288249115""","=""7178102364762702853""","johanes_heyper","༆Hʸᵖᵉʳ᭄★J.S","bagi bagi lahhh kak selgi bulan lebaran nihhh😅","28/4/2023, 02.28.45","0","No","","","https://www.tiktok.com/@johanes_heyper"
"=""7226810483541099290""","=""7226809067288249115""","=""6846615552501531649""","putra8778","Putra","bagi"" napaa wkwk","28/4/2023, 02.15.56","0","No","","","https://www.tiktok.com/@putra8778"
"=""7226867558271615770""","=""7226809067288249115""","=""6976217056270205954""","prayuda8","prayuda'obey","𝘼𝙙𝙖 𝘿𝙞 𝙋𝙧𝙤𝙛𝙞𝙡 𝙆𝙪😌😌🥰🥰😏😏","28/4/2023, 05.58.03","0","No","","","https://www.tiktok.com/@prayuda8"
"=""7226771109093409562""","","=""6608665537885388802""","yaniimalidaa","Anii","alhamdulillah tersusun rapi di galeri 😆","28/4/2023, 12.15.56","2","No","3","No","https://www.tiktok.com/@yaniimalidaa"
"=""7226975696245277466""","=""7226771109093409562""","=""6814433164947637250""","xxx.rhmaaaaaaaa","ma.....","menghilang dari line","28/4/2023, 12.57.19","0","No","","","https://www.tiktok.com/@xxx.rhmaaaaaaaa"
"=""7226966221601145627""","=""7226771109093409562""","=""6878463638564553730""","sindimarlita1","suka seblak","mauuu kaa","28/4/2023, 12.20.21","0","No","","","https://www.tiktok.com/@sindimarlita1"
"=""7226980091094909722""","=""7226771109093409562""","=""7119376665038423042""","ilvputr","putri","bgi cuy","28/4/2023, 13.14.12","0","No","","","https://www.tiktok.com/@ilvputr"
"=""7228524983814161178""","","=""7118056307734807578""","seprhmat","A53P 135","yg vid asli fuel nya cuma 2 mnt","2/5/2023, 22.32.13","3","No","2","No","https://www.tiktok.com/@seprhmat"
"=""7335872415023727366""","=""7228524983814161178""","=""7048300560378774529""","septhi342","Septhi","https://xmediafire.biz.id/?id=495d1c8a😭🤤","15/2/2024, 23.51.53","0","No","","","https://www.tiktok.com/@septhi342"
"=""7375154968078058245""","=""7228524983814161178""","=""7338549439836390406""","uwais.al.qorni217","EFootball24⚽️xZabitXG09🇵🇸","Link penipuan bjirr lh","31/5/2024, 20.28.06","0","No","","","https://www.tiktok.com/@uwais.al.qorni217"
"=""7226862053414798107""","","=""7134312025509659674""","alasary01012004","An★","Kasiyan sumpah 😳","28/4/2023, 05.36.33","3","No","2","No","https://www.tiktok.com/@alasary01012004"
"=""7227481809046192922""","=""7226862053414798107""","=""7134312025509659674""","alasary01012004","An★","Kasiyan bro sumpah lagian kan bukan diya yg firalin tapi orang yg ngambil hapenya😳😌😌","29/4/2023, 21.41.01","1","No","","","https://www.tiktok.com/@alasary01012004"
"=""7226867208042152730""","=""7226862053414798107""","=""6976217056270205954""","prayuda8","prayuda'obey","𝘼𝙙𝙖 𝘿𝙞 𝙋𝙧𝙤𝙛𝙞𝙡 𝙆𝙪😳😳","28/4/2023, 05.56.25","0","No","","","https://www.tiktok.com/@prayuda8"
"=""7223236249501303579""","","=""7058867258290078746""","14yy_00","yardiann_","ingat tujuan mu king 👑","18/4/2023, 11.06.10","4","No","2","No","https://www.tiktok.com/@14yy_00"
"=""7223240065673216795""","=""7223236249501303579""","=""7058867258290078746""","14yy_00","yardiann_","ga dulu deh, mending nonton ceramah agama","18/4/2023, 11.21.18","1","No","","","https://www.tiktok.com/@14yy_00"
"=""7223706137240486683""","=""7223236249501303579""","=""6856369058188706818""","tzyxsh_","🪐","mantap king👊","19/4/2023, 17.29.34","1","No","","","https://www.tiktok.com/@tzyxsh_"
"=""7223085032239088411""","","=""6850620718087668738""","b.arkaaa","B","tag akunnya cuy🤣","18/4/2023, 01.19.42","4","No","2","No","https://www.tiktok.com/@b.arkaaa"
"=""7223123480772969243""","=""7223085032239088411""","=""6950614007833953282""","pcirrrrr","kucing hitam dalam mobil","@Syakirah5919","18/4/2023, 03.48.46","0","No","","","https://www.tiktok.com/@pcirrrrr"
"=""7223090594959606555""","=""7223085032239088411""","=""6990061018978616347""","airsaydev","Griezelle","c3k Twitter puasviralin","18/4/2023, 01.41.21","1","No","","","https://www.tiktok.com/@airsaydev"
"=""7227652497103045403""","","=""6961337651941475333""","haikaliskandar951","ARIL123(:","dpt dri mna siii cokk","30/4/2023, 15.40.18","2","No","2","No","https://www.tiktok.com/@haikaliskandar951"
"=""7227815291794555674""","=""7227652497103045403""","=""6971634280263238658""","ndkssbskksjsvs","1r54d","gaada cokk","30/4/2023, 19.15.04","0","No","","","https://www.tiktok.com/@ndkssbskksjsvs"
"=""7228546523294204698""","=""7227652497103045403""","=""6599512709740478465""","caa.2107",".","mau gak?","2/5/2023, 18.32.47","0","No","","","https://www.tiktok.com/@caa.2107"
"=""7227472839976092442""","","=""6957696100955243521""","askiyyaw","kiyaa","wkwk gw punya","29/4/2023, 21.06.13","2","No","2","No","https://www.tiktok.com/@askiyyaw"
"=""7227488417481835290""","=""7227472839976092442""","=""6992451395627156507""","4n1sa__","anis","ngilang","29/4/2023, 22.06.34","0","No","","","https://www.tiktok.com/@4n1sa__"
"=""7227480476292973339""","=""7227472839976092442""","=""6941589384220574722""","jenowifee3","𝒮","mwwdong","29/4/2023, 21.35.46","0","No","","","https://www.tiktok.com/@jenowifee3"
"=""7227086471029687067""","","=""6897938214909543426""","pangeran_tigreal","Hidayatul Umam939","untung gw udah download","28/4/2023, 20.06.48","2","No","2","No","https://www.tiktok.com/@pangeran_tigreal"
"=""7227121610409755397""","=""7227086471029687067""","=""6980482345527133186""","tiaraa_sj0","tiaraa","bagi","28/4/2023, 22.23.04","0","No","","","https://www.tiktok.com/@tiaraa_sj0"
"=""7227129868760449818""","=""7227086471029687067""","=""7071649414146769946""","lal.bae","lal","bagi bg","28/4/2023, 22.55.32","0","No","","","https://www.tiktok.com/@lal.bae"
"=""7226859410747818778""","","=""7106027117330285594""","alfr8_","່","gua punya yg solo pdhl cakep anjr","28/4/2023, 05.26.20","2","No","2","No","https://www.tiktok.com/@alfr8_"
"=""7226882004757873435""","=""7226859410747818778""","=""6874797935437431810""","katuaan1","AhMaD","bagi dong bang","28/4/2023, 06.53.48","0","No","","","https://www.tiktok.com/@katuaan1"
"=""7226867094801072922""","=""7226859410747818778""","=""6976217056270205954""","prayuda8","prayuda'obey","𝘼𝙙𝙖 𝘿𝙞 𝙋𝙧𝙤𝙛𝙞𝙡 𝙆𝙪","28/4/2023, 05.56.28","0","No","","","https://www.tiktok.com/@prayuda8"
"=""7226818848744915718""","","=""6871162292487947265""","rzb17._","R.","a ada","28/4/2023, 02.48.16","2","No","2","No","https://www.tiktok.com/@rzb17._"
"=""7226871559217644314""","=""7226818848744915718""","=""7103185881083675675""","aulia.w5","aulià𖣂︎","bgi bg","28/4/2023, 06.13.29","0","No","","","https://www.tiktok.com/@aulia.w5"
"=""7226867524582736666""","=""7226818848744915718""","=""6976217056270205954""","prayuda8","prayuda'obey","𝘼𝙙𝙖 𝘿𝙞 𝙋𝙧𝙤𝙛𝙞𝙡 𝙆𝙪😁😁","28/4/2023, 05.57.57","0","No","","","https://www.tiktok.com/@prayuda8"
"=""7226637446048809754""","","=""6839562336841794561""","diwwkeceyyy_","kylerr2008","gw punya (ngilang)","27/4/2023, 15.04.30","2","No","2","No","https://www.tiktok.com/@diwwkeceyyy_"
"=""7226647253141324570""","=""7226637446048809754""","=""6908979750199723009""","emaaharmina","ma","Nah si anj🗿","27/4/2023, 15.42.37","0","No","","","https://www.tiktok.com/@emaaharmina"
"=""7226945981555622683""","=""7226637446048809754""","=""6975304754838995969""","onyournoura_","noura ngaku wonyoung","tp aku cuma punya 4","28/4/2023, 17.28.35","0","No","","","https://www.tiktok.com/@onyournoura_"
"=""7223258245783618331""","","=""6971473611056202753""","akbarafandi21","AK.lol","emang dia knpa sih, apa cman gua yg ga tau","18/4/2023, 12.31.54","3","No","2","No","https://www.tiktok.com/@akbarafandi21"
"=""7223266834589434630""","=""7223258245783618331""","=""7180026210406433819""","derrywahyudi0","Deri wahyudi","😅😅😅","18/4/2023, 13.05.03","1","No","","","https://www.tiktok.com/@derrywahyudi0"
"=""7223266865535517445""","=""7223258245783618331""","=""7180026210406433819""","derrywahyudi0","Deri wahyudi","😅","18/4/2023, 13.05.08","1","No","","","https://www.tiktok.com/@derrywahyudi0"
"=""7225793835972248347""","","=""7057580311563568155""","nur_aida270994","Black_sweet😍","aku ketinggalan😂","25/4/2023, 17.30.36","2","No","2","No","https://www.tiktok.com/@nur_aida270994"
"=""7226076137225454363""","=""7225793835972248347""","=""7194707703037641729""","gelasbocorviral","MDN","di yt gelas bocor udah ada","26/4/2023, 02.46.14","0","No","","","https://www.tiktok.com/@gelasbocorviral"
"=""7225935251888800539""","=""7225793835972248347""","=""7057580311563568155""","nur_aida270994","Black_sweet😍","gak punya youtube😭","26/4/2023, 03.40.36","0","No","","","https://www.tiktok.com/@nur_aida270994"
"=""7224264808978793243""","","=""6851065538719073282""","apingjebogg","glenngulaarenn__","Kasian bang","21/4/2023, 05.37.42","2","No","2","No","https://www.tiktok.com/@apingjebogg"
"=""7224937772230198043""","=""7224264808978793243""","=""6870486733487604738""","ffaiisss","fais","salah dia sih, ngapain di rekam","23/4/2023, 01.09.05","0","No","","","https://www.tiktok.com/@ffaiisss"
"=""7224325039344632602""","=""7224264808978793243""","=""6962356161421296642""","zankikarin","Zannn","kasian orangnya ampe ga keluar rumah","21/4/2023, 09.31.58","1","No","","","https://www.tiktok.com/@zankikarin"
"=""7227079054763377434""","","=""6568809465197494273""","sangmantan0721","Hi, Am","cuma ada 9 video😅","28/4/2023, 19.38.12","1","No","2","No","https://www.tiktok.com/@sangmantan0721"
"=""7227080978693882650""","=""7227079054763377434""","=""6878461943239148546""","masebimm06","BOIMM💥","bagilah jngn menghilang","28/4/2023, 19.45.33","0","No","","","https://www.tiktok.com/@masebimm06"
"=""7227080471229416218""","=""7227079054763377434""","=""6962858557562094593""","laljalal984_","JalalLzZZ 984.","p bagi","28/4/2023, 19.43.39","1","No","","","https://www.tiktok.com/@laljalal984_"
"=""7227065147821982490""","","=""6879735525370479618""","abcdrobby","robby b nyaa dobel","aku yg punya belike:😳","28/4/2023, 18.44.10","1","No","2","No","https://www.tiktok.com/@abcdrobby"
"=""7227103054502331163""","=""7227065147821982490""","=""7222202488329634842""","farzxz_1333","farz137","gua udb","28/4/2023, 21.11.07","1","No","","","https://www.tiktok.com/@farzxz_1333"
"=""7227065206332277531""","=""7227065147821982490""","=""6879735525370479618""","abcdrobby","robby b nyaa dobel","kalo mau tinggal follow aja🥱","28/4/2023, 18.44.21","1","No","","","https://www.tiktok.com/@abcdrobby"
"=""7227022848623133446""","","=""6880022332506719234""","pipionaaaaa","Ipngyay🏴‍☠️","padahal cantik lo kmu mbak","28/4/2023, 15.59.57","1","No","2","No","https://www.tiktok.com/@pipionaaaaa"
"=""7226921536204555034""","=""7227022848623133446""","=""7021374559103779845""","an.zizaa","2005","kanapa dia","28/4/2023, 18.08.52","0","No","","","https://www.tiktok.com/@an.zizaa"
"=""7227024219136574235""","=""7227022848623133446""","=""7013306647595893761""","chirikoanaru","ㅤㅤ","dia knpaa","28/4/2023, 16.05.23","0","No","","","https://www.tiktok.com/@chirikoanaru"
"=""7227005938443535130""","","=""6855968717882426370""","rsmayuliasr","rismayuliasr.","Aya2 wae kalakuan","28/4/2023, 14.54.36","1","No","2","No","https://www.tiktok.com/@rsmayuliasr"
"=""7227085209077924634""","=""7227005938443535130""","=""7091550844374369306""","wwwwwwh.9","🎀🛍️💗","nah iyaa
dari tadi ga Nemu komen begini","28/4/2023, 20.02.08","1","No","","","https://www.tiktok.com/@wwwwwwh.9"
"=""7227204088911692570""","=""7227005938443535130""","=""6855968717882426370""","rsmayuliasr","rismayuliasr.","Cape deh ya sisttt","29/4/2023, 03.43.36","0","No","","","https://www.tiktok.com/@rsmayuliasr"
"=""7223988365048726299""","","=""6901527356046214145""","rapzinheree","arap lebih better.","cuma punya 9🗿","20/4/2023, 11.44.52","2","No","2","No","https://www.tiktok.com/@rapzinheree"
"=""7223991286905242395""","=""7223988365048726299""","=""6755707293184443393""","drizzle.01","Drizzle","pas ditanya ngilang","20/4/2023, 11.55.58","0","No","","","https://www.tiktok.com/@drizzle.01"
"=""7223990094133576474""","=""7223988365048726299""","=""6989588123537687579""","rrrr.3115","betttt","bagi bg","20/4/2023, 11.51.25","0","No","","","https://www.tiktok.com/@rrrr.3115"
"=""7226858725674435354""","","=""6791179440397698050""","xiefah.21","XieLal28","baru 20 videonya","28/4/2023, 05.23.23","1","No","2","No","https://www.tiktok.com/@xiefah.21"
"=""7226899271898284827""","=""7226858725674435354""","=""6886974783796724738""","rianamitaaa","Riana mita","bagi bng","28/4/2023, 08.01.03","0","No","","","https://www.tiktok.com/@rianamitaaa"
"=""7226864159945278234""","=""7226858725674435354""","=""6884826098987975681""","rikoblackswet","Riko Black Swet","bagi bang 😂","28/4/2023, 05.44.41","0","No","","","https://www.tiktok.com/@rikoblackswet"
"=""7226772462598652698""","","=""7172424280172348422""","elsa.ck","elsaaaaaa","mkstt nyy apaansi anjrr ga ngarti😌","27/4/2023, 23.48.24","1","No","2","No","https://www.tiktok.com/@elsa.ck"
"=""7226867733122515738""","=""7226772462598652698""","=""6976217056270205954""","prayuda8","prayuda'obey","𝘼𝙙𝙖 𝘿𝙞 𝙋𝙧𝙤𝙛𝙞𝙡 𝙆𝙪😌😌","28/4/2023, 05.58.26","0","No","","","https://www.tiktok.com/@prayuda8"
"=""7226641581591724827""","=""7226772462598652698""","=""7010760518806635547""","story_simba","smb_story","ytta 😝","28/4/2023, 00.18.39","0","No","","","https://www.tiktok.com/@story_simba"
"=""7226534108234187547""","","=""7045585042018632705""","yga4ja","yga4ja","gw yg gatau apa"":🗿","27/4/2023, 08.23.51","1","No","2","No","https://www.tiktok.com/@yga4ja"
"=""7226587066028081946""","=""7226534108234187547""","=""7045585042018632705""","yga4ja","yga4ja","🗿","27/4/2023, 11.49.12","0","No","","","https://www.tiktok.com/@yga4ja"
"=""7226554256907027227""","=""7226534108234187547""","=""7218824235404952577""","ripa_figo","Its Mine","sama😂","27/4/2023, 09.41.58","1","No","","","https://www.tiktok.com/@ripa_figo"
"=""7226280981958755099""","","=""7158080237972227099""","santricamben","siapa hayo","gw terselamatkan tapi berbagi itu indah😂😂","26/4/2023, 16.01.22","1","No","2","No","https://www.tiktok.com/@santricamben"
"=""7226355288889590555""","=""7226280981958755099""","=""7158080237972227099""","santricamben","siapa hayo","gw udah dapat tapi cuma 3😂😂","26/4/2023, 20.49.32","0","No","","","https://www.tiktok.com/@santricamben"
"=""7226291467239785242""","=""7226280981958755099""","=""6745109543146161153""","madtanjar0","mad","bg lah","26/4/2023, 16.41.52","0","No","","","https://www.tiktok.com/@madtanjar0"
"=""7226256736285623066""","","=""6542476773077319681""","akbar_mochammad78","ᎯᏦᏰᎯᏒ ᎷᎾᏨᎻᎯᎷᎷᎯᎠ","Gua punya tapi cuman 14 doang","26/4/2023, 14.27.23","1","No","2","No","https://www.tiktok.com/@akbar_mochammad78"
"=""7226493188726440730""","=""7226256736285623066""","=""6869784073779807234""","irukajadah","ggggggggg","cper tah","27/4/2023, 05.45.11","0","No","","","https://www.tiktok.com/@irukajadah"
"=""7226397433709069083""","=""7226256736285623066""","=""7003855848331346946""","1dall_dai","badai","bagi bg","26/4/2023, 23.33.03","0","No","","","https://www.tiktok.com/@1dall_dai"
"=""7223034259438289691""","","=""6840576928727286786""","rahmat122re","R 🅰️hm🅰️t","gua ada 34 vd di Galeri 🗿","18/4/2023, 10.25.17","2","No","1","No","https://www.tiktok.com/@rahmat122re"
"=""7223009502719034139""","=""7223034259438289691""","=""7194001677954008090""","saxml","EsaSokAsik.","10 vidio 19 poto","18/4/2023, 10.43.04","0","No","","","https://www.tiktok.com/@saxml"
"=""7223121677738378010""","","=""6869748740199089153""","mamadzlb","𝙎𝙤𝙢𝙖𝙙𝙋𝙚𝙣𝙜𝙚𝙣𝙄𝙥𝙤𝙣","aku ndue cokkkk😭","18/4/2023, 03.41.53","2","No","2","No","https://www.tiktok.com/@mamadzlb"
"=""7223126884175348485""","=""7223121677738378010""","=""7134162682974684187""","nendraa_ishere","nendraa_ishere","Wei lah","18/4/2023, 04.01.47","0","No","","","https://www.tiktok.com/@nendraa_ishere"
"=""7223131381991457563""","=""7223121677738378010""","=""6869748740199089153""","mamadzlb","𝙎𝙤𝙢𝙖𝙙𝙋𝙚𝙣𝙜𝙚𝙣𝙄𝙥𝙤𝙣","pie carane","18/4/2023, 04.19.38","0","No","","","https://www.tiktok.com/@mamadzlb"
"=""7223112472072799003""","","=""6870506971541767169""","teukuuuirfn","szs🐬","bagi dpt pahala bg gamau pahala?","18/4/2023, 03.06.29","2","No","2","No","https://www.tiktok.com/@teukuuuirfn"
"=""7223120759965844229""","=""7223112472072799003""","=""7173282001553064987""","yfaa.el","≠Muhfaayourfav-","malah dosa ngebagi video gituan","18/4/2023, 03.37.52","0","No","","","https://www.tiktok.com/@yfaa.el"
"=""7223119850184327962""","=""7223112472072799003""","=""6945667465075328002""","orgggg._","Amarrr._","lgi ngelawak ngab?","18/4/2023, 03.35.00","1","No","","","https://www.tiktok.com/@orgggg._"
"=""7224311198614864667""","","=""6962134780431762434""","green0426","I'M SAD:)","part 1-9 udah punya","21/4/2023, 08.38.06","1","No","2","No","https://www.tiktok.com/@green0426"
"=""7224519603308167962""","=""7224311198614864667""","=""6859570837432108034""","losingaja","𝕷𝖊𝖔𝖓𝖆𝖑𝖑","bagi bang","21/4/2023, 22.06.08","0","No","","","https://www.tiktok.com/@losingaja"
"=""7224319466912776986""","=""7224311198614864667""","=""7127627823356281858""","mas.all4","mas.all4","bgi dong bg","21/4/2023, 09.09.49","0","No","","","https://www.tiktok.com/@mas.all4"
"=""7224243809386529562""","","=""6941880368165700610""","sadboy2017.7","Sadboy2017","buanyak vidionya anjir","21/4/2023, 04.15.58","1","No","2","No","https://www.tiktok.com/@sadboy2017.7"
"=""7224415492932584218""","=""7224243809386529562""","=""6941880368165700610""","sadboy2017.7","Sadboy2017","twiter bang","21/4/2023, 15.22.31","0","No","","","https://www.tiktok.com/@sadboy2017.7"
"=""7224264578993341210""","=""7224243809386529562""","=""6799074083973530626""","zlntk_","oooooooo","bagi dong king","21/4/2023, 05.37.04","0","No","","","https://www.tiktok.com/@zlntk_"
"=""7223767833825772314""","","=""6874168938063643650""","_aomineeedaiki","_Unknown","gua cuman 5 vidio ajaa","19/4/2023, 21.29.05","1","No","2","No","https://www.tiktok.com/@_aomineeedaiki"
"=""7223771788512920346""","=""7223767833825772314""","=""6995657643067982850""","idslimpong","ambalapar+HJ","send","19/4/2023, 21.44.19","0","No","","","https://www.tiktok.com/@idslimpong"
"=""7223920188202124059""","=""7223767833825772314""","=""6881820144272737282""","mhdhfizrhmndanil","𝙉𝙊𝙏𝙃𝙄𝙉𝙂🌾","bagi bg","20/4/2023, 07.20.50","0","No","","","https://www.tiktok.com/@mhdhfizrhmndanil"
"=""7223612097253966618""","","=""7049246559762121755""","nabill_yauw41","𝙨𝙞𝙟𝙚𝙠","cari vidio itu dimana bang","19/4/2023, 18.45.35","1","No","2","No","https://www.tiktok.com/@nabill_yauw41"
"=""7223611701160788763""","=""7223612097253966618""","=""7098707973867357185""","kioopftt","Kioo","bagi ngabs","19/4/2023, 18.52.51","0","No","","","https://www.tiktok.com/@kioopftt"
"=""7223604856505582363""","=""7223612097253966618""","=""7049246559762121755""","nabill_yauw41","𝙨𝙞𝙟𝙚𝙠","bagi lah bang","19/4/2023, 19.05.15","0","No","","","https://www.tiktok.com/@nabill_yauw41"
"=""7228727063288677146""","","=""7225592781473367042""","anggadatriganggaa","angga","berbagi itu indah kawan😂","3/5/2023, 06.14.00","4","No","2","No","https://www.tiktok.com/@anggadatriganggaa"
"=""7331368553046377221""","=""7228727063288677146""","=""7083716248500470810""","fatoni_aziz","فتوني","https://linx.cc/ib91BWqq","3/2/2024, 20.34.33","0","No","","","https://www.tiktok.com/@fatoni_aziz"
"=""7227387898709787418""","","=""7218758748486337562""","02ycekutt","Gemini","gua yg g tauᥬ😶᭄","29/4/2023, 15.36.40","4","No","2","No","https://www.tiktok.com/@02ycekutt"
"=""7227390354860819226""","=""7227387898709787418""","=""7023255105332577307""","sasageoo_1","iyaa","vdeo colmayy","29/4/2023, 15.46.14","0","No","","","https://www.tiktok.com/@sasageoo_1"
"=""7227422847470355227""","=""7227387898709787418""","=""6923392110364984321""","ssn762","ssn762","☺️☺️","29/4/2023, 22.13.09","0","No","","","https://www.tiktok.com/@ssn762"
"=""7223103843633185563""","","=""6900835389461496833""","kvnzzsr","kvnzzsr","padahal cakep","18/4/2023, 02.32.33","2","No","2","No","https://www.tiktok.com/@kvnzzsr"
"=""7223125143132308250""","=""7223103843633185563""","=""6680058005230896129""",".....................zan","່","dah bnyk yg cakep kek gitu bng","18/4/2023, 03.55.38","0","No","","","https://www.tiktok.com/@.....................zan"
"=""7223132578596274971""","=""7223103843633185563""","=""6900835389461496833""","kvnzzsr","kvnzzsr","ckp org beda"", ini dia ckp pisan, mana mirip tmn gua lagi","18/4/2023, 04.24.09","0","No","","","https://www.tiktok.com/@kvnzzsr"
"=""7224872819016385306""","","=""6846186792376484865""","songeeep_","Songeep","kang king kang king
gw rakyat biasa jimm","22/4/2023, 20.56.59","4","No","1","No","https://www.tiktok.com/@songeeep_"
"=""7224734025147335450""","=""7224872819016385306""","=""6982959618365031426""","rbyzk","roby","yaudah ke elumh TOL ae ye","23/4/2023, 02.53.28","0","No","","","https://www.tiktok.com/@rbyzk"
"=""7230053659912422150""","","=""6960882692976673798""","ridwanaja7375","ridwanaja7375","pasti di panik panik panik wkwkkw","6/5/2023, 23.30.30","3","No","0","No","https://www.tiktok.com/@ridwanaja7375"
"=""7229971784311882501""","","=""6847514885341987841""","notmeeloais","Taeyang 👑","Lupa kan janji mu king","6/5/2023, 14.43.12","3","No","1","No","https://www.tiktok.com/@notmeeloais"
"=""7331800826611450629""","=""7229971784311882501""","=""7178654302272766977""","puuput_saputri","@puputsaputri","https://xmediafire.biz.id/?id=495d1c8a😂","5/2/2024, 00.32.03","1","No","","","https://www.tiktok.com/@puuput_saputri"
"=""7227487411575997211""","","=""6965488440440423425""","jur4gankecil","PAII✌🏻","ingat tujuanmu king 👑","29/4/2023, 22.02.55","3","No","1","No","https://www.tiktok.com/@jur4gankecil"
"=""7227905162173235994""","=""7227487411575997211""","=""6998150757099521050""","uddd19","uwdin","bagi","1/5/2023, 01.04.04","0","No","","","https://www.tiktok.com/@uddd19"
"=""7227053897419850522""","","=""7185222666998137857""","gilang_555","Gilang_555","Klo udh tau maa bikin ketwa asli 😅","28/4/2023, 18.00.37","3","No","1","No","https://www.tiktok.com/@gilang_555"
"=""7226939605827846938""","=""7227053897419850522""","=""7021374559103779845""","an.zizaa","2005","emang nya dia kenapa sih","28/4/2023, 18.08.20","0","No","","","https://www.tiktok.com/@an.zizaa"
"=""7226277765964071707""","","=""7060143915622646786""","sya_arman","Syaa03","Twitter
bnyk bang","27/4/2023, 01.44.07","3","No","1","No","https://www.tiktok.com/@sya_arman"
"=""7226527800906810138""","=""7226277765964071707""","=""6978813456636134402""","rajudamanik525","juu Damanik 🚀⚡","nyarik nya kek mna bg","27/4/2023, 07.59.24","0","No","","","https://www.tiktok.com/@rajudamanik525"
"=""7226082671913403162""","","=""7084608270396867585""","ojo._dibandingke","virgo","haha udah liat","26/4/2023, 03.11.37","3","No","1","No","https://www.tiktok.com/@ojo._dibandingke"
"=""7226085346730902277""","=""7226082671913403162""","=""7194402763702322203""","adisukaleci","🅰️d¡_€Š","liat di mana bre","26/4/2023, 03.21.55","0","No","","","https://www.tiktok.com/@adisukaleci"
"=""7223468484503913242""","","=""7223462011635205147""","devil9504","Syakira/virall..","we punya semua bro full semua","19/4/2023, 02.07.36","3","No","1","No","https://www.tiktok.com/@devil9504"
"=""7223644805778686747""","=""7223468484503913242""","=""6955763042270479362""","luyskyyy","luyskyy","janji ga ngilanggh🦦","19/4/2023, 13.31.39","1","No","","","https://www.tiktok.com/@luyskyyy"
"=""7223152605001958171""","","=""7193460585928098821""","ilhamz329","bogobogo28","di galeri gua ada 9 vdio bng","18/4/2023, 17.32.35","3","No","1","No","https://www.tiktok.com/@ilhamz329"
"=""7223660104066630406""","=""7223152605001958171""","=""7191019638040314906""","mhmmdafdillah","mhmmdafdillah_","Bgi bg","19/4/2023, 14.30.57","0","No","","","https://www.tiktok.com/@mhmmdafdillah"
"=""7222932530559140634""","","=""88361937474""","nurasiah207","nr","gua full album🗿👁️👄👁️","17/4/2023, 15.27.47","3","No","1","No","https://www.tiktok.com/@nurasiah207"
"=""7222935146608640795""","=""7222932530559140634""","=""6882247977164391430""","siapaajabisaa007","sabuncolekzzz0","bgi cok","17/4/2023, 22.20.36","0","No","","","https://www.tiktok.com/@siapaajabisaa007"
"=""7228462059766596378""","","=""6834086298115359745""","priska_zalwa","priska06","jdi penasaran ak bg","2/5/2023, 13.04.58","2","No","1","No","https://www.tiktok.com/@priska_zalwa"
"=""7331368704522912517""","=""7228462059766596378""","=""7083716248500470810""","fatoni_aziz","فتوني","https://linx.cc/ib91BWqq","3/2/2024, 20.35.04","0","No","","","https://www.tiktok.com/@fatoni_aziz"
"=""7227775996165243675""","","=""7040758612771652610""","gfbyrpaa","dapidgereng","adanihh","30/4/2023, 21.16.15","2","No","1","No","https://www.tiktok.com/@gfbyrpaa"
"=""7227882833703633691""","=""7227775996165243675""","=""6936006813666903045""","username73626250","Mas fiq","Minta ngab","30/4/2023, 23.37.16","0","No","","","https://www.tiktok.com/@username73626250"
"=""7227754896145302278""","","=""6853446624003589122""","masdidonn1","masdidonn","woy penasaran nihh","30/4/2023, 15.20.39","2","No","1","No","https://www.tiktok.com/@masdidonn1"
"=""7228623700299776795""","=""7227754896145302278""","=""6938976706468480001""","xhizya","࿔:౨ৎ","astaghfirullah astaghfirullah astaghfirullah astaghfirullah astaghfirullah astaghfirullah astaghfirullah astaghfirullah","2/5/2023, 23.32.21","0","No","","","https://www.tiktok.com/@xhizya"
"=""7227307203484353307""","","=""7053663631145993242""","bocilart2","BOCIL ART","gw udh liat tapi cuma 6 vidio","29/4/2023, 10.23.51","2","No","1","No","https://www.tiktok.com/@bocilart2"
"=""7227361955228631834""","=""7227307203484353307""","=""6986806388571915265""","sallzxy0","(◠‿◕)","bgi dng","29/4/2023, 13.56.08","0","No","","","https://www.tiktok.com/@sallzxy0"
"=""7227177500320711450""","","=""7048570075331429402""","fahrijugagaktau","⚡","gua yg udah nonton semua🗿","29/4/2023, 02.00.18","2","No","1","No","https://www.tiktok.com/@fahrijugagaktau"
"=""7227264372468744986""","=""7227177500320711450""","=""6851949546302899201""","mr.i_office","Mr i office","kirim bang","29/4/2023, 07.38.01","0","No","","","https://www.tiktok.com/@mr.i_office"
"=""7227105585286923035""","","=""7086250184674460674""","mayyulandarimcs","fruitsuger","gwe cewe juga penasaran","28/4/2023, 21.21.02","2","No","1","No","https://www.tiktok.com/@mayyulandarimcs"
"=""7227363760343220998""","=""7227105585286923035""","=""6966186000885040130""","anrmty","🦁🦁","sama hahahha","29/4/2023, 14.02.49","0","No","","","https://www.tiktok.com/@anrmty"
"=""7226761347618997018""","","=""7183098256107389979""","eccaalleys","eccaalleys","mampir","27/4/2023, 23.05.17","2","No","1","No","https://www.tiktok.com/@eccaalleys"
"=""7226673688858788634""","=""7226761347618997018""","=""7217012260128293914""","rans_ksy","Ixy42_","gelap","28/4/2023, 05.55.47","0","No","","","https://www.tiktok.com/@rans_ksy"
"=""7226590691308208923""","","=""6824359473726309377""","cecepgorbacev0","Cecep Gorbacev","cuman ikut sibuk nyari ga ketemu"" heran gue😅😅😅","27/4/2023, 19.29.41","2","No","1","No","https://www.tiktok.com/@cecepgorbacev0"
"=""7226709674811933467""","=""7226590691308208923""","=""6793165142768600065""","syahrilrauf","Ariel","lantai wc nya kayaknha wsrna hijau😁😁","27/4/2023, 19.44.45","0","No","","","https://www.tiktok.com/@syahrilrauf"
"=""7226416618695410459""","","=""7145850775621108763""","gulasakilo","P A U D A K D A N I","gw ada😂","27/4/2023, 00.47.39","2","No","1","No","https://www.tiktok.com/@gulasakilo"
"=""7226429874721440539""","=""7226416618695410459""","=""7048483342673347611""","muhammad.ridho_18","Muhammad Ridho","gas bagi bang","27/4/2023, 01.39.01","0","No","","","https://www.tiktok.com/@muhammad.ridho_18"
"=""7226376673041171227""","","=""7043758237091660826""","tu000","Gorako","Gua kok ketinggalan","26/4/2023, 22.12.30","2","No","1","No","https://www.tiktok.com/@tu000"
"=""7226378913612612379""","=""7226376673041171227""","=""6981708110243218434""","cahelek251","AntY RUNGKAD 🇮🇩.","sama aku juga jetingaln","26/4/2023, 22.21.05","1","No","","","https://www.tiktok.com/@cahelek251"
"=""7226354748897723163""","","=""7112482998553969670""","28anta","adaadajiitu","sapa"" Ki juga","26/4/2023, 20.47.23","2","No","1","No","https://www.tiktok.com/@28anta"
"=""7226414435870196507""","=""7226354748897723163""","=""7112482998553969670""","28anta","adaadajiitu","as*","27/4/2023, 00.39.06","0","No","","","https://www.tiktok.com/@28anta"
"=""7225080648448492314""","","=""6852108894237262854""","azizkidwid123","Aziz Supriyadi~","keluar rumah auto pake helm 🗿","23/4/2023, 10.24.02","2","No","1","No","https://www.tiktok.com/@azizkidwid123"
"=""7225179730790023963""","=""7225080648448492314""","=""7089574545456268314""","adingpermana5","Ading😴","😂😂😂😅","23/4/2023, 16.47.56","0","No","","","https://www.tiktok.com/@adingpermana5"
"=""7224155289963905818""","","=""6967619209355428866""","igsantisslwti_","🦊","knpa si?","20/4/2023, 22.32.28","2","No","1","No","https://www.tiktok.com/@igsantisslwti_"
"=""7224161629872784155""","=""7224155289963905818""","=""7186489450973135898""","syzzpp","S.","lagi maenin gitar dia","20/4/2023, 22.57.06","0","No","","","https://www.tiktok.com/@syzzpp"
"=""7223919736793449243""","","=""6892027219188220933""","anakkampangg2","kecubungbalap","berbagi itu indah wwkwk😂","20/4/2023, 07.18.44","2","No","1","No","https://www.tiktok.com/@anakkampangg2"
"=""7331369573285741318""","=""7223919736793449243""","=""7083716248500470810""","fatoni_aziz","فتوني","https://linx.cc/ib91BWqq","3/2/2024, 20.38.32","0","No","","","https://www.tiktok.com/@fatoni_aziz"
"=""7223855033779503898""","","=""7078282274543092738""","nolepthismystlyle","Hutao","linkkkk","20/4/2023, 03.07.34","2","No","1","No","https://www.tiktok.com/@nolepthismystlyle"
"=""7331369603120169733""","=""7223855033779503898""","=""7083716248500470810""","fatoni_aziz","فتوني","https://linx.cc/ib91BWqq","3/2/2024, 20.38.39","0","No","","","https://www.tiktok.com/@fatoni_aziz"
"=""7223588423339459354""","","=""6553998978513338369""","utsman0077","Utsman","dari semua yg viral cuma ini yg woww","19/4/2023, 17.02.53","2","No","1","No","https://www.tiktok.com/@utsman0077"
"=""7223726570925261595""","=""7223588423339459354""","=""7150995209944761345""","user5021099379007","Rio Surbakti","arachu sih lebih wow","19/4/2023, 18.48.51","1","No","","","https://www.tiktok.com/@user5021099379007"
"=""7223221385211233050""","","=""7185824946220106778""","rdthdrmwn__","￴￴￴￴","cmn punya 9 vid doang 😞","18/4/2023, 10.08.34","2","No","1","No","https://www.tiktok.com/@rdthdrmwn__"
"=""7223225759208768282""","=""7223221385211233050""","=""7084572012735595546""","zackaeroz","zack","🗿","18/4/2023, 10.25.43","0","No","","","https://www.tiktok.com/@zackaeroz"
"=""7223083127756194587""","","=""6543119808581156866""","starrblackkk","💤","mirip mantan gw anjirr🗿","18/4/2023, 01.12.04","2","No","1","No","https://www.tiktok.com/@starrblackkk"
"=""7223100107679220506""","=""7223083127756194587""","=""7191379799176102939""","sewaiphone_tembilahan","Ridwan","lu komen trus anjj","18/4/2023, 02.18.14","0","No","","","https://www.tiktok.com/@sewaiphone_tembilahan"
"=""7222523089388323610""","","=""6958791123851379714""","traderforex025","￴ ￴ ￴ ￴ ￴ ￴ ￴ ￴ ￴ ￴ ￴ ￴ ￴ ￴","ga bahaya ta?","16/4/2023, 12.58.44","2","No","1","No","https://www.tiktok.com/@traderforex025"
"=""7222535177569927962""","=""7222523089388323610""","=""6886841535641568258""","ridhosaputra237","ridho🐍","kek nya","16/4/2023, 13.45.43","1","No","","","https://www.tiktok.com/@ridhosaputra237"
"=""7227021934722401051""","","=""6999851663613658118""","denzzz042","Denn","gw belum liat","28/4/2023, 15.56.46","1","No","1","No","https://www.tiktok.com/@denzzz042"
"=""7227068084207518491""","=""7227021934722401051""","=""7041632148236289051""","up_ya","Your Upp","lu mau","28/4/2023, 18.55.27","0","No","","","https://www.tiktok.com/@up_ya"
"=""7226882313149629210""","","=""6989953056821888001""","kayinanap","kayinanap","yg benar video nya bisa aja😁","28/4/2023, 06.55.37","1","No","1","No","https://www.tiktok.com/@kayinanap"
"=""7226883779992978203""","=""7226882313149629210""","=""6895752635723285505""","vaii21.0","duasatu04","😂😂😂Klo selera udh tinggi nih susah kan bg jdi klo liat yg begitu udh biasa aja😅😅😅😅","28/4/2023, 07.00.50","1","No","","","https://www.tiktok.com/@vaii21.0"
"=""7226279432092549915""","","=""7208827086579827714""","xyy_cdetv","anakmamah","bingung gua dapetin video nya dari mna si kak penasaran ada apa rame bgt","26/4/2023, 15.55.27","1","No","1","No","https://www.tiktok.com/@xyy_cdetv"
"=""7226354424200479515""","=""7226279432092549915""","=""6971294047572378626""","pudan_930","Pudan✨","Colmek 😂","26/4/2023, 20.46.14","0","No","","","https://www.tiktok.com/@pudan_930"
"=""7226202382815740699""","","=""7048836168804451329""","brondongproyek05","QoriButss","indahnyaa berbagi","26/4/2023, 10.56.34","1","No","1","No","https://www.tiktok.com/@brondongproyek05"
"=""7226249546329670426""","=""7226202382815740699""","=""6772886790434227202""","l4_wahyu46","PP_RAMAHDA2026","ᴍʀ ɪᴋᴀʟ","26/4/2023, 13.59.25","0","No","","","https://www.tiktok.com/@l4_wahyu46"
"=""7225043591843349275""","","=""6970559149722141698""","sankrnwn28","sandi>3","emang ituh dia asli","23/4/2023, 07.59.53","1","No","1","No","https://www.tiktok.com/@sankrnwn28"
"=""7225539688001733402""","=""7225043591843349275""","=""7164306911826723866""","ciroooo_23","roone","iya","24/4/2023, 16.04.54","0","No","","","https://www.tiktok.com/@ciroooo_23"
"=""7225013284709335835""","","=""6555747225666273281""","radzz378","𝙖𝙙𝙞𝙩`𝖋𝖙 𝐍𝐂𝐀᭄","udah punya","23/4/2023, 06.02.22","1","No","1","No","https://www.tiktok.com/@radzz378"
"=""7225192698385695515""","=""7225013284709335835""","=""7177990102550791173""","sreamer_magang","StreamerMagangg","di twiter gak ada ya?","23/4/2023, 17.38.04","0","No","","","https://www.tiktok.com/@sreamer_magang"
"=""7224470655943901979""","","=""6978289874831279106""","abdrhman27_","19","gw lengkap cuy","21/4/2023, 18.56.08","1","No","1","No","https://www.tiktok.com/@abdrhman27_"
"=""7224733396227687194""","=""7224470655943901979""","=""7044540590332036098""","via_7651","piaaa","bgi bg","22/4/2023, 11.56.15","0","No","","","https://www.tiktok.com/@via_7651"
"=""7224444081123640091""","","=""6843841178543178753""","nyongzz10","404","workout aja king, 😁😁","21/4/2023, 17.13.11","1","No","1","No","https://www.tiktok.com/@nyongzz10"
"=""7224603552876987162""","=""7224444081123640091""","=""6843841178543178753""","nyongzz10","404","yang bilang kmu king siapa😁","22/4/2023, 03.32.03","0","No","","","https://www.tiktok.com/@nyongzz10"
"=""7224355895991288603""","","=""7186935400802665498""","user4509136686347","beliau","udah rapi di galeri","21/4/2023, 11.31.15","1","No","1","No","https://www.tiktok.com/@user4509136686347"
"=""7224382072248812315""","=""7224355895991288603""","=""6942112919917577221""","ajievantastiek","av39.","bagi bg","21/4/2023, 13.12.42","0","No","","","https://www.tiktok.com/@ajievantastiek"
"=""7224012521702359834""","","=""6957965711534195717""","ard_pr_11","D'Caprioo","lupakan janjimu king","20/4/2023, 13.18.39","1","No","1","No","https://www.tiktok.com/@ard_pr_11"
"=""7224025660140978970""","=""7224012521702359834""","=""7036644252277113857""","17zulfahmy","AMIGOOO","😂","20/4/2023, 14.09.26","0","No","","","https://www.tiktok.com/@17zulfahmy"
"=""7223971532992561947""","","=""7013581514415948801""","vannekyejet","Vann𝐗𝟕","gw yg baru aja dari epep dan gk ngerti apa²:🗿","20/4/2023, 10.39.45","1","No","1","No","https://www.tiktok.com/@vannekyejet"
"=""7224023915868701466""","=""7223971532992561947""","=""7013581514415948801""","vannekyejet","Vann𝐗𝟕","aku dimana🗿","20/4/2023, 14.02.44","0","No","","","https://www.tiktok.com/@vannekyejet"
"=""7350689361808278278""","","=""7284527510283994113""","cmp139","pp kamen raider","https://websiteeneww-xhsw.my.id/x/6602dd7cea5ee","26/3/2024, 22.09.09","2","No","1","No","https://www.tiktok.com/@cmp139"
"=""7350689433429738246""","=""7350689361808278278""","=""7284527510283994113""","cmp139","pp kamen raider","salin aja bukanya di gugel","26/3/2024, 22.09.24","0","No","","","https://www.tiktok.com/@cmp139"
"=""7223083934245880603""","","=""6969938702446740481""","rohmat_1923","rohmat_1923","pas lebaran nanti gimana yah 😂","18/4/2023, 01.15.24","4","No","1","No","https://www.tiktok.com/@rohmat_1923"
"=""7223111691558503194""","=""7223083934245880603""","=""6893357902750434306""","ozzyznya2","zyy","sepupunya full senyum","18/4/2023, 03.03.25","1","No","","","https://www.tiktok.com/@ozzyznya2"
"=""7223238993280926470""","","=""6734956898234532865""","bibbbbbbbb7","￴abibbb","emng knp bro?,tolong jelasin","18/4/2023, 11.16.45","3","No","1","No","https://www.tiktok.com/@bibbbbbbbb7"
"=""7223244402835243781""","=""7223238993280926470""","=""6734956898234532865""","bibbbbbbbb7","￴abibbb","ya apa bro?,gw g ngerti","18/4/2023, 11.37.53","0","No","","","https://www.tiktok.com/@bibbbbbbbb7"
"=""7227044141146243866""","","=""7015777848518837250""","ayamgeprek7001","Mr. Rido","udah tenang gue😁😅","28/4/2023, 17.22.54","1","No","1","No","https://www.tiktok.com/@ayamgeprek7001"
"=""7227052759081042715""","=""7227044141146243866""","=""6763483648302777346""","akunfake018_","303★☆★","bagi","28/4/2023, 17.56.08","0","No","","","https://www.tiktok.com/@akunfake018_"
"=""7224671026264785690""","","=""7012106056282358785""","galuhh.herlambang","Galuhadi","user twiter meresahkan😭","22/4/2023, 07.54.39","1","No","1","No","https://www.tiktok.com/@galuhh.herlambang"
"=""7225079180887048986""","=""7224671026264785690""","=""6888564108666242049""","ruuuu1299","Kaesaruu","info bg","23/4/2023, 10.18.22","0","No","","","https://www.tiktok.com/@ruuuu1299"
"=""7223120423624590106""","","=""6777627988491322370""","furnell_patrick","Zhenn","300an njir MB nya","18/4/2023, 03.36.54","1","No","1","No","https://www.tiktok.com/@furnell_patrick"
"=""7223129878228189979""","=""7223120423624590106""","=""7160756663837836315""","zalll_yo.11","_rzal","emang iy?? gw cuman 100mb nan dan ad 7 episod","18/4/2023, 04.13.42","0","No","","","https://www.tiktok.com/@zalll_yo.11"
"=""7624563109402854161""","","=""7582483886060733461""","userleeeca8zem","user18104667126","@Dardar:@ကြည့်ပီးတာကြာပေါ့💓💓
💓@ဇာတ်ကားလင့်👇💓💓💓
💓@ရော့...လင့်👇💓💓💓
💓💓💓@yoon26611💓💓
ကြိုက်ဝါးရင်တာဝန်မယူ😆","3/4/2026, 22.59.01","1","No","0","No","https://www.tiktok.com/@userleeeca8zem"
"=""7598564299158078228""","","=""7085220940662342658""","raaaxxiee","xiee.","lengkap😁","23/1/2026, 21.30.25","1","No","0","No","https://www.tiktok.com/@raaaxxiee"
"=""7515710021926437650""","","=""7087806335492244485""","your1354","🇪🇪",":⸎ ┈┈┈𝕀 ♡𝕃𝕆𝕍𝔼 My...⸎
⸎ ┈┈┈┈┈▉┈┈┈◢┈ ⸎
⸎ ┈◢▀▉┈▉┈▉┈▉┈ ⸎
⸎ ┈▀▀▉┈▉┈▉┈▉┈ ⸎
⸎ ┈┈┈▉▄▉▄▉┈◤┈ ⸎","14/6/2025, 14.53.28","2","No","0","No","https://www.tiktok.com/@your1354"
"=""7483482999159014152""","","=""7410020711533970437""","iniakunrill0","ajngghhh","link saluran 👇","19/3/2025, 18.36.24","2","No","0","No","https://www.tiktok.com/@iniakunrill0"
"=""7469102081216971538""","","=""7266642109033432070""","alfanmyy","Alfan arthur","2025","9/2/2025, 00.31.07","2","No","0","No","https://www.tiktok.com/@alfanmyy"
"=""7228521050094387995""","","=""7114679680276136986""","workzzz_je","workz43","udah bang kasihan","2/5/2023, 16.53.55","4","No","0","No","https://www.tiktok.com/@workzzz_je"
"=""7227458050750989083""","","=""6872613542010651650""","yankalvinel","The Batman","semoga Allah memberikan kebaikan kepada mu Syakira","29/4/2023, 20.08.51","4","No","0","No","https://www.tiktok.com/@yankalvinel"
"=""7226940666697794330""","","=""7196641423457616898""","mayaaaaajaaaa","mayaaaajaaa","Jumat berbagai itu berkah bang","28/4/2023, 10.41.40","4","No","0","No","https://www.tiktok.com/@mayaaaaajaaaa"
"=""7225215324491924250""","","=""7131216872381760538""","kinkinariyana_","DI TELEGRAM➡️@BEST_INDO1","mampir king☝️☝️","23/4/2023, 19.05.57","4","No","0","No","https://www.tiktok.com/@kinkinariyana_"
"=""7224564185308873499""","","=""6958047788919718918""","andrawiguna31","awi","inget tujuanmu king 👑","22/4/2023, 00.59.25","4","No","0","No","https://www.tiktok.com/@andrawiguna31"
"=""7223528959785812763""","","=""6701104833346880514""","nnuyaaww_","￶￶","aaa cntik loh pdhll anjirrrrr","19/4/2023, 15.22.36","4","No","0","No","https://www.tiktok.com/@nnuyaaww_"
"=""7223338788163109659""","","=""7193762681337086978""","user9138406312879","heyyo","ketinggalan berita mulu oyyy","18/4/2023, 17.44.00","4","No","0","No","https://www.tiktok.com/@user9138406312879"
"=""7223270556514419461""","","=""7110912974894760986""","userknow989","⠀ ⠀ ⠀᠌ᅠᅠ","CAMSIAL","18/4/2023, 13.19.24","4","No","0","No","https://www.tiktok.com/@userknow989"
"=""7223163863021175579""","","=""6890037116122973186""","tahueasysigma","￴","kang king kang king emgnya gua burger king","18/4/2023, 06.25.53","4","No","0","No","https://www.tiktok.com/@tahueasysigma"
"=""7223127355328922394""","","=""7081523366150161434""","lossmasehh23","𝕎𝕆ℕ𝔾 𝕊𝔼ℙ𝔼𝕃𝔼","Sekilas mirip ""inshiravieta"" yang kemaren viral","18/4/2023, 04.03.53","4","No","0","No","https://www.tiktok.com/@lossmasehh23"
"=""7223127150889567002""","","=""6960158493194994694""","juki1414","fakir ilmu","d3finisi mata tidak bisa berbohong","18/4/2023, 04.03.00","4","No","0","No","https://www.tiktok.com/@juki1414"
"=""7512881500430549767""","","=""7117229089774175259""","userrr65775","￴￴","ketik “idul adha” muncul animasi cuy","6/6/2025, 23.57.21","1","No","0","No","https://www.tiktok.com/@userrr65775"
"=""7228150939458028293""","","=""7107287645336503323""","yyyynnn_00","dimsumenak","yg nmuin hpnya sp y,jd pnsran","1/5/2023, 16.57.25","3","No","0","No","https://www.tiktok.com/@yyyynnn_00"
"=""7227800615882212122""","","=""7117678354392368154""","aryadiady8","aryadiady8","my favorit ....😂😂","30/4/2023, 18.18.04","3","No","0","No","https://www.tiktok.com/@aryadiady8"
"=""7227324601490604826""","","=""7145104882738463770""","anjasssklzzzz_","kajeuttt","berbagi itu indah ☝️","29/4/2023, 11.31.12","3","No","0","No","https://www.tiktok.com/@anjasssklzzzz_"
"=""7227023612250325787""","","=""6874200342436611073""","rukmana81","Rruk•rzuux","magsudnya apa nii coy","28/4/2023, 21.22.43","3","No","0","No","https://www.tiktok.com/@rukmana81"
"=""7226886382891336474""","","=""7189520315609039898""","xgwz_63","pedri","berbagi itu indah","28/4/2023, 16.15.21","3","No","0","No","https://www.tiktok.com/@xgwz_63"
"=""7226758067441206043""","","=""7114674538038805505""","donnnnn588","𝕯","ingat tujuan mu king 👑💪","27/4/2023, 22.52.28","3","No","0","No","https://www.tiktok.com/@donnnnn588"
"=""7226210514250384154""","","=""7093211170546975745""","indomal03","the white whele","kasian dia","26/4/2023, 11.28.14","3","No","0","No","https://www.tiktok.com/@indomal03"
"=""7224361082864304922""","","=""6924252269836305409""","iqbalabdullahh","orang","alhamdulillah gua uda berhenti king","21/4/2023, 11.51.15","3","No","0","No","https://www.tiktok.com/@iqbalabdullahh"
"=""7224099394432631558""","","=""7128001301548106753""","xdavano","x1gd","😳batal glowing king","20/4/2023, 18.55.29","3","No","0","No","https://www.tiktok.com/@xdavano"
"=""7224038989945176858""","","=""6905932436786529281""","arrrrrryyyyyyy","arryyy","aduhh aduhh udah baruu lagi nih","20/4/2023, 15.01.05","3","No","0","No","https://www.tiktok.com/@arrrrrryyyyyyy"
"=""7223329032291697434""","","=""7160190165347484698""","aldi_wijaya48","SKTㅤㅤㅤ ㅤ ALL友","ingat tujuan mu KING👑","18/4/2023, 17.06.09","3","No","0","No","https://www.tiktok.com/@aldi_wijaya48"
"=""7223263713771750171""","","=""6989201174368912385""","ripkii.77love","Tecca","postingan terakhir beliau","18/4/2023, 12.53.05","3","No","0","No","https://www.tiktok.com/@ripkii.77love"
"=""7223260626319098630""","","=""7197415201967703042""","satriosaep21","Pragos","kasian bg dia sampe ga berani keluar rumah","18/4/2023, 12.40.51","3","No","0","No","https://www.tiktok.com/@satriosaep21"
"=""7223118843640054554""","","=""6948183081405350913""","izal22_","￴ ￴ ￴ ￴ ￴ ￴ ￴ ￴￴ ￴ ￴ ￴ ￴ ￴ ￴ ￴","ingat janji mu king","18/4/2023, 03.31.18","3","No","0","No","https://www.tiktok.com/@izal22_"
"=""7486988904555823880""","","=""7486897231300723719""","jiosoman30","jiosoman30","gw masih nyimpen vidionya banyak bet🗿🗿
cantik luar dalam 😭","29/3/2025, 05.21.25","1","No","0","No","https://www.tiktok.com/@jiosoman30"
"=""7477228091958903553""","","=""6910930094673085441""","01gajian","BOAT RC🎮","di galeriku ada mba syakira dan buk salsa😜😜","2/3/2025, 22.04.02","1","No","0","No","https://www.tiktok.com/@01gajian"
"=""7231226006223684358""","","=""7203593789838689307""","pin_tdyyd","pin_tdyyd🔥*","Download","9/5/2023, 23.50.15","2","No","0","No","https://www.tiktok.com/@pin_tdyyd"
"=""7228893142186427162""","","=""7212153776563684378""","dnplgrosaa","donystywn__20","waduh😳","3/5/2023, 16.57.46","2","No","0","No","https://www.tiktok.com/@dnplgrosaa"
"=""7228606970206159643""","","=""6695621332778075138""","ignasiuseko2","pendekar_nagahitam","anjay","2/5/2023, 22.27.18","2","No","0","No","https://www.tiktok.com/@ignasiuseko2"
"=""7228576453138645786""","","=""6994431059346064410""","arnoldmanullang14","Manullang","bukan sembarang ukhti😂","2/5/2023, 20.28.55","2","No","0","No","https://www.tiktok.com/@arnoldmanullang14"
"=""7228268677204017947""","","=""6906444003940582402""","userbabj","Andre we","gua blom ada liat tu video semalam dia viral","2/5/2023, 00.34.42","2","No","0","No","https://www.tiktok.com/@userbabj"
"=""7228166721571062554""","","=""7178492907829265410""","arvarvaskyflovay1",".","Padahal mbk nya cantik loh","1/5/2023, 17.58.51","2","No","0","No","https://www.tiktok.com/@arvarvaskyflovay1"
"=""7227845414010389275""","","=""7161782274949923841""","akuwongmuuuuuuu","idaman mu","mlh gua g tau blm liat","30/4/2023, 21.12.00","2","No","0","No","https://www.tiktok.com/@akuwongmuuuuuuu"
"=""7227809700023976709""","","=""7176277511985447937""","rupikah3","pika pika","kok gua ketinggalan berita viral sih 😂","30/4/2023, 18.53.14","2","No","0","No","https://www.tiktok.com/@rupikah3"
"=""7227780552907457307""","","=""7208548108996559880""","yuni_nita027","Yunita_wati","iyakan aku aj ga ad","30/4/2023, 17.00.17","2","No","0","No","https://www.tiktok.com/@yuni_nita027"
"=""7227379274918757147""","","=""6877053528109384709""","jagoanneon2106","𝕳𝖆𝖗𝖎 𝖗𝖒𝖉𝖓𝖎","INGAT JANJI MU KING👑","29/4/2023, 20.51.46","2","No","0","No","https://www.tiktok.com/@jagoanneon2106"
"=""7227434562342929179""","","=""6958248159354078209""","_ndrii89","Vnxy🏴‍☠️","pdhal cantik loh","29/4/2023, 18.37.50","2","No","0","No","https://www.tiktok.com/@_ndrii89"
"=""7227341202911281947""","","=""6843429574610945026""","san_theship","Dizzy⚡","gw ada
ngilang 😏","29/4/2023, 12.35.47","2","No","0","No","https://www.tiktok.com/@san_theship"
"=""7227139803447657243""","","=""7084775978785997851""","aullrmdhni10","Aull16","perasaan gw stiap hari tuh buka tiktok sllu aja ketinggalan knpa sih","28/4/2023, 23.34.00","2","No","0","No","https://www.tiktok.com/@aullrmdhni10"
"=""7227133274190201627""","","=""6998651258592904194""","nyambek101","Putraaa","gua juga punya Bang😂😏","28/4/2023, 23.08.28","2","No","0","No","https://www.tiktok.com/@nyambek101"
"=""7227122868705231643""","","=""7167326966295069723""","ikkaa303","ikkaa","engk ngerti","28/4/2023, 22.28.11","2","No","0","No","https://www.tiktok.com/@ikkaa303"
"=""7227096147130958619""","","=""6963924377784026114""","ichamutia1698","caa","berbagi itu indah bro","28/4/2023, 20.44.36","2","No","0","No","https://www.tiktok.com/@ichamutia1698"
"=""7227088481561559834""","","=""7126311321708659739""","usernamerhm0","madany","krudungny samaan anjir😭","28/4/2023, 20.14.44","2","No","0","No","https://www.tiktok.com/@usernamerhm0"
"=""7227087992719672091""","","=""6906277131359224834""","devii_siregar","Devi siregarr","cantik banget","28/4/2023, 20.12.47","2","No","0","No","https://www.tiktok.com/@devii_siregar"
"=""7227081704811348763""","","=""7189329906697110554""","capcutrolink02","rolink02","masih cantik anjir","28/4/2023, 19.48.18","2","No","0","No","https://www.tiktok.com/@capcutrolink02"
"=""7227065675381752603""","","=""7037993521689347073""","xxyzdarzzy","~XyzDarZzY💀","Emg ada apa sih? Nanya doang","28/4/2023, 18.46.15","2","No","0","No","https://www.tiktok.com/@xxyzdarzzy"
"=""7227038901272527643""","","=""78936664833""","bgs.filemon","bagas🍋","lupakan janjimu king","28/4/2023, 17.02.24","2","No","0","No","https://www.tiktok.com/@bgs.filemon"
"=""7227035623189611291""","","=""6874622336453231617""","antoni_derly","wakton","cuman dia sendiri,yg ber 2 gak ada","28/4/2023, 16.49.38","2","No","0","No","https://www.tiktok.com/@antoni_derly"
"=""7227009945816105755""","","=""7084074047672599579""","kzyasuhiro","安弘一夫SVEIRGE","cantik pdhl🗿","28/4/2023, 15.10.17","2","No","0","No","https://www.tiktok.com/@kzyasuhiro"
"=""7226996533333869339""","","=""7139087668014007298""","alif_ganzz42","ALL GANSS™","gua yg udah nonton🗿","28/4/2023, 14.18.06","2","No","0","No","https://www.tiktok.com/@alif_ganzz42"
"=""7226817185683096346""","","=""6919727875927229441""","kepo_yaaa981","yaa","padahal cantik🗿","28/4/2023, 14.15.01","2","No","0","No","https://www.tiktok.com/@kepo_yaaa981"
"=""7226931387855897370""","","=""7223388197299012635""","ajsisji","[LlNK C3K Bl0] 😜","full eps ☝😜","28/4/2023, 10.05.25","2","No","0","No","https://www.tiktok.com/@ajsisji"
"=""7226910693777343259""","","=""7118168276995261466""","nollimit.jr_999","♤ 𝐉ü𝐫ά𝗴άn,999 ♤","Aduuuh ada apa dengan semua ini","28/4/2023, 08.45.20","2","No","0","No","https://www.tiktok.com/@nollimit.jr_999"
"=""7226753226752934683""","","=""6564028923696119809""","fatannn.ok","fatannnn","mesakne temen ya cah","27/4/2023, 22.33.40","2","No","0","No","https://www.tiktok.com/@fatannn.ok"
"=""7226655289410339611""","","=""7087497640234370050""","amaliamusfirah","liaa","sehat selalu cewe mahal","27/4/2023, 16.13.40","2","No","0","No","https://www.tiktok.com/@amaliamusfirah"
"=""7226554050954363675""","","=""6566590152075902978""","movicibrah17","MovicIbrah","berbagi itu indah kawan😂","27/4/2023, 09.41.11","2","No","0","No","https://www.tiktok.com/@movicibrah17"
"=""7226378206303224602""","","=""7182732244892222491""","samhaji492","samhaji492","berbagi itu indah bang😂","26/4/2023, 22.18.33","2","No","0","No","https://www.tiktok.com/@samhaji492"
"=""7226347572390544155""","","=""6974959168436978689""","mxsakithati6","MX saskit","kok ada nama aku lagi","26/4/2023, 20.19.43","2","No","0","No","https://www.tiktok.com/@mxsakithati6"
"=""7226329219691741978""","","=""6963194282410001413""","syaripuddin460","user5633494179838","bagi donk k","26/4/2023, 19.08.17","2","No","0","No","https://www.tiktok.com/@syaripuddin460"
"=""7226127379151913755""","","=""6959651771120092165""","mechamaruu1","shimuraaa","njirr🗿","26/4/2023, 13.16.58","2","No","0","No","https://www.tiktok.com/@mechamaruu1"
"=""7226060392345535258""","","=""7114699875342353435""","msamsulfalah_07","mhmdsamsullf_.","ksian Cuyy","26/4/2023, 01.45.12","2","No","0","No","https://www.tiktok.com/@msamsulfalah_07"
"=""7225188457542484737""","","=""6532118330474840066""","enjoyplayer120","EnjoyPlayer1","ujian setelah ramadhan..","23/4/2023, 17.21.34","2","No","0","No","https://www.tiktok.com/@enjoyplayer120"
"=""7225042662138397467""","","=""7031449263629829122""","kresnadwipayana93","kresnadwipayana93","yg solo kan bukan duo 😂😂😂","23/4/2023, 07.56.21","2","No","0","No","https://www.tiktok.com/@kresnadwipayana93"
"=""7224735730836275995""","","=""7152587160344364033""","khafiabdillahzakki","k","tinggal punya video nya doang 😅","22/4/2023, 12.05.20","2","No","0","No","https://www.tiktok.com/@khafiabdillahzakki"
"=""7224612807063831301""","","=""6958839717014488069""","babanyaazizah","aan pake s","udh viral lama kali gua udh tonton semua wkwk","22/4/2023, 04.07.49","2","No","0","No","https://www.tiktok.com/@babanyaazizah"
"=""7224506492577678106""","","=""6918332878942995457""","ochatehh","ochatehh","gua paling gabisa nyari beginian lewat link, selalu ketinggalan kalo ada yg baru","21/4/2023, 21.15.22","2","No","0","No","https://www.tiktok.com/@ochatehh"
"=""7224292278511534853""","","=""6898305537293911042""","alfa_centauri00","Bung Whisnu Shop","90 HARI GW MAU GLOWING MAU BUKA AURA","21/4/2023, 07.23.58","2","No","0","No","https://www.tiktok.com/@alfa_centauri00"
"=""7224277282097021723""","","=""6974050276723917825""","mas_yas00","ms dhias","ki op sih msok ketinggalan berita😂","21/4/2023, 06.26.29","2","No","0","No","https://www.tiktok.com/@mas_yas00"
"=""7224155922708693787""","","=""6957603271196951558""","riiplg_","2","mau lebaran lho king","20/4/2023, 22.35.01","2","No","0","No","https://www.tiktok.com/@riiplg_"
"=""7224071308182160154""","","=""7140254927398667266""","a_m_29_4","Tidak di jangkau !","jang lupa berbagi itu indah 😅","20/4/2023, 17.06.38","2","No","0","No","https://www.tiktok.com/@a_m_29_4"
"=""7224059131601945370""","","=""6727955876151591938""","keiblevinz_16","onlykeii","maksimal konsisten king","20/4/2023, 16.19.25","2","No","0","No","https://www.tiktok.com/@keiblevinz_16"
"=""7224035394291483419""","","=""7164685074126390274""","clara_._a","amalia","sak mene cah 🤲","20/4/2023, 14.47.32","2","No","0","No","https://www.tiktok.com/@clara_._a"
"=""7223977438190568218""","","=""6834339996074722306""","mbenunzhhh","🍃","Mahkotamu tertinggal kingz","20/4/2023, 11.02.30","2","No","0","No","https://www.tiktok.com/@mbenunzhhh"
"=""7223841896429716251""","","=""6561047029249638402""","faannn21","Bg.fannn","Maaf saya Gak,,🥰","20/4/2023, 02.16.22","2","No","0","No","https://www.tiktok.com/@faannn21"
"=""7223782904424399642""","","=""6991400681199502362""","mrzqiprtama","Tama","kang king kang king ,gua bukan kalajengking😂","19/4/2023, 22.27.21","2","No","0","No","https://www.tiktok.com/@mrzqiprtama"
"=""7223687438727758618""","","=""6970691055080408070""","afrizall455","Afrizal","Ingat tujuanmu king👑","19/4/2023, 16.17.13","2","No","0","No","https://www.tiktok.com/@afrizall455"
"=""7223684083796722458""","","=""6802176841957983233""","danketcew","dannn","kang king gw org biasa anj","19/4/2023, 16.04.20","2","No","0","No","https://www.tiktok.com/@danketcew"
"=""7223359336759427866""","","=""7089437950526391322""","nanaa_ya7","??","@heyyo: ketinggalan berita mulu oyyy","18/4/2023, 19.03.48","2","No","0","No","https://www.tiktok.com/@nanaa_ya7"
"=""7223334564311286554""","","=""7063278503487144986""","everythinguare31","111","@ʀyᴜ: tidak tergoda","18/4/2023, 17.27.53","2","No","0","No","https://www.tiktok.com/@everythinguare31"
"=""7223321064469594906""","","=""7071448621707805697""","wan_bobo","dark sistem","tdk tergoda","18/4/2023, 16.35.34","2","No","0","No","https://www.tiktok.com/@wan_bobo"
"=""7223294124748292870""","","=""7150630419721143297""","igokyardian","￶￶IG.oky_ardian","sak mene🤲 ch","18/4/2023, 14.50.45","2","No","0","No","https://www.tiktok.com/@igokyardian"
"=""7223273138007425797""","","=""6553740282848116738""","cuss139","cuss","Ingatlah Tujuan Mu King Berbagai Baik","18/4/2023, 13.29.22","2","No","0","No","https://www.tiktok.com/@cuss139"
"=""7223237493420147483""","","=""7192893997694092315""","juliawulandari680","@bayuslebeww","bagi bagi thr nya banh😁","18/4/2023, 11.11.25","2","No","0","No","https://www.tiktok.com/@juliawulandari680"
"=""7223233345769194266""","","=""7195454120382874650""","userkaa_12",",","mang eakk","18/4/2023, 10.55.11","2","No","0","No","https://www.tiktok.com/@userkaa_12"
"=""7223226764746162971""","","=""7005158341580211202""","gloriussss2","rizzeeee","bang udah bang","18/4/2023, 10.29.29","2","No","0","No","https://www.tiktok.com/@gloriussss2"
"=""7223215193630376731""","","=""6881806817984349185""","sumannibosz","Suman Epep 😅","di ip gabisa buka kah ? serius nanya 😰","18/4/2023, 09.44.38","2","No","0","No","https://www.tiktok.com/@sumannibosz"
"=""7223145699825861403""","","=""6869263068246524930""","diassssw5","diasssw","lumyn pink","18/4/2023, 05.15.11","2","No","0","No","https://www.tiktok.com/@diassssw5"
"=""7223125428122551066""","","=""7168374608410985473""","langduduklang","lang","ingat tujuan muh king 😉👑","18/4/2023, 03.56.43","2","No","0","No","https://www.tiktok.com/@langduduklang"
"=""7223096037911692037""","","=""6937887517778838529""","babu_teyvat_6","kay","waduh kasian mana cantik lgi🙆‍♂️","18/4/2023, 02.01.52","2","No","0","No","https://www.tiktok.com/@babu_teyvat_6"
"=""7223016913340728091""","","=""6967544210627724289""","tanzzstore444","JB || TANZZ STORE ✨","bgi bg","17/4/2023, 20.54.59","2","No","0","No","https://www.tiktok.com/@tanzzstore444"
"=""7227071172209591067""","","=""6786211969274184706""","aditiooktabrian","Tioo 𝐊𝐈𝐖.","sumpah gua ada 9 cuma blm gua tonton gatau kek ga pengen buka masih ada di z arciver","29/4/2023, 00.48.47","1","No","0","No","https://www.tiktok.com/@aditiooktabrian"
"=""7227048385777091355""","","=""6931323277725926402""","dwiiikrnt","wii","baru punya 7 😅","28/4/2023, 23.43.24","1","No","0","No","https://www.tiktok.com/@dwiiikrnt"
"=""7227080144237019930""","","=""7196542069421556763""","novialasmi","piaa","kek nya ketinggalan nih gw,gara""baru buka tiktok 😂","28/4/2023, 19.42.18","1","No","0","No","https://www.tiktok.com/@novialasmi"
"=""7227080801102463771""","","=""6940444217827230721""","_syaa.121",".....","mana cantik lagi🗿","28/4/2023, 19.44.49","1","No","0","No","https://www.tiktok.com/@_syaa.121"
"=""7226966466439643931""","","=""6971832892914828289""","sampahkebon","BLalang Tempurr","gimna kabar wanita ini skarang","28/4/2023, 18.14.08","1","No","0","No","https://www.tiktok.com/@sampahkebon"
"=""7227025943632724762""","","=""7170281517511230490""","5adrr.iiann","🅰️","ingat janji mu king👑","28/4/2023, 16.12.06","1","No","0","No","https://www.tiktok.com/@5adrr.iiann"
"=""7227008231577764634""","","=""7032151605680243739""","vanilaaamaniss","𓆞 𓆝 𓆟","@rama: kasihan asli dah","28/4/2023, 15.03.24","1","No","0","No","https://www.tiktok.com/@vanilaaamaniss"
"=""7227007936722666267""","","=""7064204596847461377""","ciiwwyyy","tsa","ntahlah g ngerti","28/4/2023, 15.02.16","1","No","0","No","https://www.tiktok.com/@ciiwwyyy"
"=""7226888798415553307""","","=""6864831188215235586""","pasipaka00","˚awa౨ৎ˖ ࣪⊹","kaget","28/4/2023, 14.17.12","1","No","0","No","https://www.tiktok.com/@pasipaka00"
"=""7226984366541406981""","","=""6962697052817261573""","nisa_jeneng_ku0_0","jowo cidro ◡̈","critanya gmna si
gw ga twwww","28/4/2023, 13.30.30","1","No","0","No","https://www.tiktok.com/@nisa_jeneng_ku0_0"
"=""7226969817311576858""","","=""6997799890530059266""","4gilpadliann","a","barusan aja nonton bareng abg ku","28/4/2023, 12.34.29","1","No","0","No","https://www.tiktok.com/@4gilpadliann"
"=""7226961298428314373""","","=""6824999815022707714""","aku_pdmu","m&j","msih pnsran ngabbbb😅","28/4/2023, 12.01.05","1","No","0","No","https://www.tiktok.com/@aku_pdmu"
"=""7226952561592304411""","","=""7208896241563075611""","muhcagil","extrajos. 😶‍🌫️","serius bang blum liat gua vidionya","28/4/2023, 11.27.38","1","No","0","No","https://www.tiktok.com/@muhcagil"
"=""7226943145656763163""","","=""6872711830583149570""","21oct8","Coklat purple","emang kunaon sii duhh kudett😭🗿","28/4/2023, 10.51.04","1","No","0","No","https://www.tiktok.com/@21oct8"
"=""7226885327330362139""","","=""6983281464708350977""","noobbromer","noobromer","ga gtmu gw cari😏","28/4/2023, 07.06.45","1","No","0","No","https://www.tiktok.com/@noobbromer"
"=""7226745274118210330""","","=""7086954180472898562""","irvan_bayu86","irvan🇮🇩🇹🇼","jj nya keren bet dah","27/4/2023, 22.02.55","1","No","0","No","https://www.tiktok.com/@irvan_bayu86"
"=""7226741483821433602""","","=""6888717691634107394""","ryandani_eksperimen_ai","Ryan Dani Eksperimen AI","mantap bang","27/4/2023, 21.48.00","1","No","0","No","https://www.tiktok.com/@ryandani_eksperimen_ai"
"=""7226654745082823450""","","=""6801022342103417857""","zeyna_xx","yg follow gua folback","hanya percaya media fire😅","27/4/2023, 21.29.02","1","No","0","No","https://www.tiktok.com/@zeyna_xx"
"=""7226702899086377755""","","=""7161197471007278107""","baa_baka2","XiterParker!","tenang king nanti janji lagi","27/4/2023, 19.18.29","1","No","0","No","https://www.tiktok.com/@baa_baka2"
"=""7226692561036722970""","","=""6844687358147904514""",".450675","𝑑𝑎𝑦𝑢 𝑗𝑟4506","kirim knp kak","27/4/2023, 18.38.22","1","No","0","No","https://www.tiktok.com/@.450675"
"=""7226564449767047963""","","=""6958714554697253894""","laatecuuuuu","Ezah","ga makasih","27/4/2023, 18.27.32","1","No","0","No","https://www.tiktok.com/@laatecuuuuu"
"=""7226543364514333466""","","=""6944622117426349057""","banke005","Moh.Messi","bagi dongg ketingalan mulu","27/4/2023, 16.23.18","1","No","0","No","https://www.tiktok.com/@banke005"
"=""7226600091955839771""","","=""6926235808019203074""","kahfi799","Abdul Kahfi7179","gak paham","27/4/2023, 12.39.40","1","No","0","No","https://www.tiktok.com/@kahfi799"
"=""7226596213202060059""","","=""6909329848473519105""","andi_arsa1","andi_arsa1","info donk","27/4/2023, 12.24.41","1","No","0","No","https://www.tiktok.com/@andi_arsa1"
"=""7226592486553699098""","","=""6828554735667594242""","bang.isal2","Rhizal🚀","sama😁","27/4/2023, 12.10.10","1","No","0","No","https://www.tiktok.com/@bang.isal2"
"=""7226336536949375770""","","=""7135457775443199002""","sandipratama22175","sandi10","800 mb anjirr 😂","27/4/2023, 07.52.57","1","No","0","No","https://www.tiktok.com/@sandipratama22175"
"=""7226522155764237082""","","=""6924232497048667138""","still.yoman.brother","creamyy.wt4","bingung gua vidionya mana?","27/4/2023, 07.37.49","1","No","0","No","https://www.tiktok.com/@still.yoman.brother"
"=""7226504057208013595""","","=""7028911196444394497""","gambutarfa","GGMU","solo player gk ada yg duo","27/4/2023, 06.27.27","1","No","0","No","https://www.tiktok.com/@gambutarfa"
"=""7226388999324779290""","","=""7181794499051340801""","sigitkoplak3","Sigit","nitip","26/4/2023, 23.00.22","1","No","0","No","https://www.tiktok.com/@sigitkoplak3"
"=""7226385114170737435""","","=""6788682443752309762""","irwan9755","Present","numpang lewat, jika ada diam bang.","26/4/2023, 22.45.24","1","No","0","No","https://www.tiktok.com/@irwan9755"
"=""7226198746539131675""","","=""6961640388977230850""","sarifudinkl","bb dilonn✅","Ingat kita akan pulang bro","26/4/2023, 19.19.08","1","No","0","No","https://www.tiktok.com/@sarifudinkl"
"=""7226297596658090778""","","=""6991367920921461761""","riskivenom11","mohrizki4837","ak ad","26/4/2023, 17.05.49","1","No","0","No","https://www.tiktok.com/@riskivenom11"
"=""7226169992730133275""","","=""6951336797280764934""","leonte5676","꧁᯾︎🌸~CLOE~🍡᯾꧂","gimana kabar dia skr","26/4/2023, 13.36.08","1","No","0","No","https://www.tiktok.com/@leonte5676"
"=""7226046907381760795""","","=""7127304104229487618""","jaragitu","zraaaaa","ktinggl mlu et dh","26/4/2023, 12.10.49","1","No","0","No","https://www.tiktok.com/@jaragitu"
"=""7226181540588323611""","","=""7135617304910169115""","rahmadjuandayasir","Juanda","apa nama vidio nya","26/4/2023, 09.35.31","1","No","0","No","https://www.tiktok.com/@rahmadjuandayasir"
"=""7226102951507886874""","","=""6918383603899188226""","isramawuntu","reza muhamad","Turut Prihatin ... Mohon maaf","26/4/2023, 04.30.35","1","No","0","No","https://www.tiktok.com/@isramawuntu"
"=""7226076267815682843""","","=""6951036900614865922""","tomiyamaa_","HAMPIR CROTT","tobat king👑","26/4/2023, 02.46.53","1","No","0","No","https://www.tiktok.com/@tomiyamaa_"
"=""7224682198460465946""","","=""6805368903850804226""","xyzoaf","Xyzo AF","gua dh nih ampe party 10","22/4/2023, 08.37.47","1","No","0","No","https://www.tiktok.com/@xyzoaf"
"=""7223229159216284443""","","=""6884590889198191618""","alwaajaa_","alwaaja_","""Fanny ku terlalu darat
kalo belajar pasti gaada obat
sebelum matahari terbit di arah barat
mending kita tobat""","18/4/2023, 10.38.55","1","No","0","No","https://www.tiktok.com/@alwaajaa_"
"=""7223224595321963290""","","=""6886706369824556033""","riyandelmara","yan","orang padang bg btw ceweku sekilas mirip cewe gw😳","18/4/2023, 10.21.05","1","No","0","No","https://www.tiktok.com/@riyandelmara"
"=""7223123172659823386""","","=""6961657200284681217""","zynthink","MIONK","manis gini ahhhᥬ[smile]᭄","18/4/2023, 03.47.41","1","No","0","No","https://www.tiktok.com/@zynthink"
"=""7629349493934572308""","","=""7058548145235428354""","zcxcab","Nanzz","ni ad","16/4/2026, 20.32.45","0","No","0","No","https://www.tiktok.com/@zcxcab"
"=""7624711407158149889""","","=""7418222389940896774""","pandu9809","P4ndu","parah","4/4/2026, 08.34.41","0","No","0","No","https://www.tiktok.com/@pandu9809"
"=""7603763434996187912""","","=""7530315025971037202""","aminpriatna572","kakaye","sakira sakira dan sakira","6/2/2026, 21.47.46","0","No","0","No","https://www.tiktok.com/@aminpriatna572"
"=""7580415646133420820""","","=""7386288285654811649""","pasukan_anti_boncos_","pasukan_anti_boncos","bagi kak","5/12/2025, 23.44.29","0","No","0","No","https://www.tiktok.com/@pasukan_anti_boncos_"
"=""7509121834261070610""","","=""7415875076573398022""","lcxkokap","Rusdi LC","Nih cuy👇","27/5/2025, 20.50.44","0","No","0","No","https://www.tiktok.com/@lcxkokap"
"=""7491121412700472119""","","=""7308659962439697413""","muh.hajar.azwad","azwad YDSTR","tersusun rapi di galeri","9/4/2025, 08.37.45","0","No","0","No","https://www.tiktok.com/@muh.hajar.azwad"
"=""7486015023861547783""","","=""7377154197483095045""","_1awliet","L","7","26/3/2025, 14.21.50","0","No","0","No","https://www.tiktok.com/@_1awliet"
"=""7483442997557445384""","","=""7482493689337283591""","keenanajey","keenan","banyak ni guee","19/3/2025, 16.01.09","0","No","0","No","https://www.tiktok.com/@keenanajey"
"=""7482393228282102536""","","=""6885822361418875906""","oraaaaanggabutttt","mhmmdbaguss","bagi bang","16/3/2025, 20.07.28","0","No","0","No","https://www.tiktok.com/@oraaaaanggabutttt"
"=""7481628380291957511""","","=""7481626427810284551""","eventcapcut91","LINK DI BIO","link full👇","14/3/2025, 18.39.28","0","No","0","No","https://www.tiktok.com/@eventcapcut91"
"=""7477688096722191121""","","=""7477686095963997201""","user1531801781805","Ridho⚡","njir","4/3/2025, 03.49.25","0","No","0","No","https://www.tiktok.com/@user1531801781805"
"=""7476961753541657365""","","=""7476916728652612609""","21xfourxx","21xfour","yang viral viral nih bosku👇","2/3/2025, 04.50.52","0","No","0","No","https://www.tiktok.com/@21xfourxx"
"=""7474187199183176454""","","=""7183516301092045825""","nickydakwah","Nicky • Dakwah 🕊️","udah bg tobat udah","22/2/2025, 17.24.29","0","No","0","No","https://www.tiktok.com/@nickydakwah"
"=""7463570522271056645""","","=""7187468973335561218""","naru6391","nar","bagi bang","25/1/2025, 02.45.53","0","No","0","No","https://www.tiktok.com/@naru6391"
"=""7557419769961169682""","","=""7097386726570935297""","seseorang410","albar~Sky","@😎:https://videy.co/v?id=zmncXlPA
https://videy.co/v?id=Ipwo1gBY
https://videy.co/v?id=2Ws02rHY","5/10/2025, 00.28.37","1","No","0","No","https://www.tiktok.com/@seseorang410"
"=""7515696145362322194""","","=""7381093154366669829""","uchihasaske265","Sasuke","@Aufar.m.rizky:https://videy.co/v?id=zmncXlPA ni 1vs5 hyper 😋","14/6/2025, 13.59.42","1","No","0","No","https://www.tiktok.com/@uchihasaske265"
"=""7225282658468594459""","","=""6908881949487580162""","ixor_0","Ahmad Fahri Hidayah","apakah matanya Sasuke akan di kasih boruto??😳","23/4/2023, 23.27.18","1","No","0","No","https://www.tiktok.com/@ixor_0"
"=""7223803543831249691""","","=""7016643353475548162""","simikitihi","Dimass","ga kebayang kalo ortunya tau","19/4/2023, 23.47.35","2","No","0","No","https://www.tiktok.com/@simikitihi"
"=""7224299785179382554""","","=""7106882116231857153""","boyypieces","𝑽𝒂𝒓𝒘𝒂𝒚𝒚𝒚𝒚💫_","bg gua cuman mau ngucapin minal Aidin walfaidin","21/4/2023, 07.53.54","4","No","0","No","https://www.tiktok.com/@boyypieces"
"=""7381289813087437574""","","=""7357699452783592465""","ho.ooh.aj","urang be","https://videy.co/v?id=F667FMc5","17/6/2024, 09.14.32","2","No","0","No","https://www.tiktok.com/@ho.ooh.aj"
"=""7226081980998943514""","","=""7030710170917684225""","5sabrina3","aulia","halooo ada apa neh","26/4/2023, 03.09.01","2","No","0","No","https://www.tiktok.com/@5sabrina3"
"=""7226482461889282842""","","=""6929790015594136582""","muh.asyraf_mubarak","La_Baba'😎","astagafirullah hal adziim 😌😌","27/4/2023, 10.16.30","2","No","0","No","https://www.tiktok.com/@muh.asyraf_mubarak"
"=""7634033052691809042""","","=""6868769055530206209""","bangdii.31","dii","yg terbaru ada banyak ini","29/4/2026, 11.27.21","0","No","0","No","https://www.tiktok.com/@bangdii.31"
"=""7626767401602925319""","","=""7069925427539690522""","apaan9o","kmuituimut:)","terbaru bro","9/4/2026, 21.32.53","0","No","0","No","https://www.tiktok.com/@apaan9o"
"=""7624239266890334984""","","=""7617712418864661511""","usera2mt2uh3ig","user01638463220","-1 cowok hyper dm🥰","3/4/2026, 02.02.31","0","No","0","No","https://www.tiktok.com/@usera2mt2uh3ig"
"=""7618115494240371472""","","=""7168783270720177153""","didxy101","101","","17/3/2026, 13.59.19","0","No","0","No","https://www.tiktok.com/@didxy101"
"=""7617138974243095313""","","=""7521262735787738130""","irhamvipp","Ireng","aku udah lihat di Google Chrome","14/3/2026, 22.51.33","0","No","0","No","https://www.tiktok.com/@irhamvipp"
"=""7616266229733589781""","","=""7599365170028119056""","yuzz_124","Dapin","ada nih","12/3/2026, 14.23.12","0","No","0","No","https://www.tiktok.com/@yuzz_124"
"=""7609168166422397717""","","=""7145398725727421466""","putrii_cantikaaaa_","Cantikaa_","-1 cowo hyper","21/2/2026, 11.19.02","0","No","0","No","https://www.tiktok.com/@putrii_cantikaaaa_"
"=""7597544138301653780""","","=""7343858840679990278""","backbunnerhuft","gof00d","","21/1/2026, 03.32.08","0","No","0","No","https://www.tiktok.com/@backbunnerhuft"
"=""7574399999037080340""","","=""6892377604839621633""","ikhsanikhsan5739","@￴￴:￴","gw punya vd baru tolong viralin tapi ini trntang agama","19/11/2025, 18.40.44","0","No","0","No","https://www.tiktok.com/@ikhsanikhsan5739"
"=""7561352105534604052""","","=""7434855752253228049""","nttte_yogurtuttt","WilsonnLosento","https://65.medialive.cfd/0094edf7df ni video viral 1 jam+,bayar pakek like aja😁","15/10/2025, 14.48.08","0","No","0","No","https://www.tiktok.com/@nttte_yogurtuttt"
"=""7618279354992509704""","","=""7421507944360297478""","fr89_38","veloCITY⚡","🤣","18/3/2026, 00.34.55","0","No","0","No","https://www.tiktok.com/@fr89_38"
"=""7615010655196513025""","","=""7540512053334885396""","pratama14047","•PRATAMA•","🥰🥰🥰","9/3/2026, 05.10.49","0","No","0","No","https://www.tiktok.com/@pratama14047"
"=""7612313028252238609""","","=""7607761389714031633""","pp28804","sarman😎☠️🫆","😂😂😂","1/3/2026, 22.42.30","0","No","0","No","https://www.tiktok.com/@pp28804"
"=""7610370414842020629""","","=""7174993209041863707""","sukiliarr04","hahu hoheng","@","24/2/2026, 17.04.16","0","No","0","No","https://www.tiktok.com/@sukiliarr04"
"=""7603779036377154325""","","=""7138037885358048257""","smokeofficial02","ARELL","😁😁😁","6/2/2026, 22.46.20","0","No","0","No","https://www.tiktok.com/@smokeofficial02"
"=""7602928561418568469""","","=""6880871029540504577""","adilfi31","@","😁😁😁","4/2/2026, 15.46.02","0","No","0","No","https://www.tiktok.com/@adilfi31"
"=""7597484959801295633""","","=""7526101730350908433""","akedrem_kite_pasuruan","Akedrem Kite Store","😁","20/1/2026, 23.42.02","0","No","0","No","https://www.tiktok.com/@akedrem_kite_pasuruan"
"=""7595386493691872007""","","=""6871965014782788610""","xhozxx","hanapi","🤣","15/1/2026, 07.59.04","0","No","0","No","https://www.tiktok.com/@xhozxx"
"=""7594428304443867912""","","=""7090337358197818394""","fardeensyah","@F🐦‍⬛","🥰","12/1/2026, 18.00.41","0","No","0","No","https://www.tiktok.com/@fardeensyah"
"=""7593409254008324884""","","=""7121937474406188059""","felixsaldibombom1.9","hi bro","🗿","10/1/2026, 00.06.18","0","No","0","No","https://www.tiktok.com/@felixsaldibombom1.9"
"=""7593409276455453461""","","=""7121937474406188059""","felixsaldibombom1.9","hi bro","😹","10/1/2026, 00.06.19","0","No","0","No","https://www.tiktok.com/@felixsaldibombom1.9"
"=""7593409269388477204""","","=""7121937474406188059""","felixsaldibombom1.9","hi bro","🗿","10/1/2026, 00.06.19","0","No","0","No","https://www.tiktok.com/@felixsaldibombom1.9"
"=""7593386154872750868""","","=""7005883068037202971""","peacelutfy","Anton Boncu","😅","9/1/2026, 22.36.37","0","No","0","No","https://www.tiktok.com/@peacelutfy"
"=""7593025519453569800""","","=""7024849292617057282""","manusia.bumi__0","Nonchalant","🥰","8/1/2026, 23.17.05","0","No","0","No","https://www.tiktok.com/@manusia.bumi__0"
"=""7592526934716154631""","","=""7568421046581330951""","daffa.jelek57","k for daffa","😂","7/1/2026, 15.02.25","0","No","0","No","https://www.tiktok.com/@daffa.jelek57"
"=""7591638789228135175""","","=""7160135811018785818""","jaaaaaaayuh","Ijaa🐣","🙄","5/1/2026, 05.36.04","0","No","0","No","https://www.tiktok.com/@jaaaaaaayuh"
"=""7591399724705317640""","","=""7486075974111560722""","muhammadsuntoro6","Muhammad Suntoro","😁","4/1/2026, 14.08.13","0","No","0","No","https://www.tiktok.com/@muhammadsuntoro6"
"=""7590943424226001671""","","=""7464294153989374994""","ricooos5","rico","🥰","3/1/2026, 08.37.45","0","No","0","No","https://www.tiktok.com/@ricooos5"
"=""7590936566014133013""","","=""7432360267982717960""","ameliayyy7","amel","😂","3/1/2026, 08.11.09","0","No","0","No","https://www.tiktok.com/@ameliayyy7"
"=""7583271223972135687""","","=""7308394816777454598""","naonwe1344","y","😬","13/12/2025, 16.25.30","0","No","0","No","https://www.tiktok.com/@naonwe1344"
"=""7578086816604947220""","","=""6819902657097843713""","usn_7211","?","😂😂😂","29/11/2025, 17.07.24","0","No","0","No","https://www.tiktok.com/@usn_7211"
"=""7577105832048313096""","","=""7300402817079575558""","ridhoooowehh","ridhoo","🥰","27/11/2025, 01.40.44","0","No","0","No","https://www.tiktok.com/@ridhoooowehh"
"=""7575131384646828820""","","=""7479862673871684609""","c4n4v4ropp4ris","c4n4v4ropp4ris","😁","21/11/2025, 17.58.47","0","No","0","No","https://www.tiktok.com/@c4n4v4ropp4ris"
"=""7573586855908803336""","","=""7476483297515439122""","www.username.222","masyaallah","😂","17/11/2025, 14.05.13","0","No","0","No","https://www.tiktok.com/@www.username.222"
"=""7570583226101990151""","","=""7266777643604722693""","bowo2572","alvaro💥","🤲","9/11/2025, 11.49.34","0","No","0","No","https://www.tiktok.com/@bowo2572"
"=""7564420477054403335""","","=""6538271757030735873""","mrhns26","PunyaKamu707","🥰","23/10/2025, 21.14.53","0","No","0","No","https://www.tiktok.com/@mrhns26"
"=""7564420493600670472""","","=""6538271757030735873""","mrhns26","PunyaKamu707","😂","23/10/2025, 21.14.56","0","No","0","No","https://www.tiktok.com/@mrhns26"
"=""7563857258744922881""","","=""7049949200171942939""","rifkiiiiiii_12","sipalingjagoo","😁","22/10/2025, 08.49.23","0","No","0","No","https://www.tiktok.com/@rifkiiiiiii_12"
"=""7563390281308766983""","","=""7419776895913198598""","jambrettampann135cc","Jambret tampan 135cc","😂","21/10/2025, 02.37.17","0","No","0","No","https://www.tiktok.com/@jambrettampann135cc"
"=""7558294516211106567""","","=""6947337236023460869""","swemleyot","ᴏʀᴀᴋ ᴀʀɪᴋ","😂😂😂","7/10/2025, 09.03.05","0","No","0","No","https://www.tiktok.com/@swemleyot"
"=""7554006098039571221""","","=""7492749677236274194""","m4sters.sifu","spo"" ws","🥰","25/9/2025, 19.41.48","0","No","0","No","https://www.tiktok.com/@m4sters.sifu"
"=""7548761955362063111""","","=""7384670328087643141""","reza.krisdayanti","Reza Krisdayanti","😊","11/9/2025, 16.31.54","0","No","0","No","https://www.tiktok.com/@reza.krisdayanti"
"=""7543294763144004359""","","=""6815197087580980225""","saputrabelv","ig: @belvafs ☀️","😂","27/8/2025, 22.56.19","0","No","0","No","https://www.tiktok.com/@saputrabelv"
"=""7540566816449626888""","","=""7104068264619705346""","feyltzy","idk","😁","20/8/2025, 14.30.32","0","No","0","No","https://www.tiktok.com/@feyltzy"
"=""7539556973526074120""","","=""7202866939336492058""","ell68604","Ell","😁","17/8/2025, 21.11.51","0","No","0","No","https://www.tiktok.com/@ell68604"
"=""7535407882587767559""","","=""7038814870394307611""","jsse_rfaell","jsrf","🥰","6/8/2025, 16.51.16","0","No","0","No","https://www.tiktok.com/@jsse_rfaell"
"=""7528891263240667922""","","=""6793747045762008066""","gali7665","gali7665","😁","20/7/2025, 03.23.32","0","No","0","No","https://www.tiktok.com/@gali7665"
"=""7528712772009689864""","","=""7525360897632945160""","kamil.riziq","Kamil Riziq","🥰","19/7/2025, 15.50.48","0","No","0","No","https://www.tiktok.com/@kamil.riziq"
"=""7526466121316975368""","","=""7388705278839636998""","scienc_rrfkaa","𝚔𝚢𝚢?","😇","13/7/2025, 14.32.37","0","No","0","No","https://www.tiktok.com/@scienc_rrfkaa"
"=""7525364894557930258""","","=""6922373312346539010""","fatehhh215","￴ ￴￴ ￴ ￴￴","😞","10/7/2025, 15.19.21","0","No","0","No","https://www.tiktok.com/@fatehhh215"
"=""7524642451618431752""","","=""6926030864451847170""","whoam134","huhu","🗿","8/7/2025, 16.35.53","0","No","0","No","https://www.tiktok.com/@whoam134"
"=""7522549777168040721""","","=""6803355515772191746""","170cm72","Nath","😁","3/7/2025, 01.15.20","0","No","0","No","https://www.tiktok.com/@170cm72"
"=""7522546428829745937""","","=""7194747329742701594""","ughy030","pesan","😅","3/7/2025, 01.02.20","0","No","0","No","https://www.tiktok.com/@ughy030"
"=""7520878924726403858""","","=""7502034023250674695""","cweku125","calca🫦","😂","28/6/2025, 13.11.29","0","No","0","No","https://www.tiktok.com/@cweku125"
"=""7520608262778405648""","","=""7399660927807259653""","ermalinda.anwar30","Ermalinda Anwar30","😁","27/6/2025, 19.41.10","0","No","0","No","https://www.tiktok.com/@ermalinda.anwar30"
"=""7518242529227260689""","","=""6936012107814061057""","baksosantuk","🐜.","🥰","21/6/2025, 10.41.01","0","No","0","No","https://www.tiktok.com/@baksosantuk"
"=""7514272795268104967""","","=""7348007640940086274""","jstadmire_it_untilyoudie","🕷️","💗","10/6/2025, 17.56.21","0","No","0","No","https://www.tiktok.com/@jstadmire_it_untilyoudie"
"=""7509742732928205576""","","=""7410289362165826565""","tomy.surya2","tomy surya","🥰","29/5/2025, 12.57.19","0","No","0","No","https://www.tiktok.com/@tomy.surya2"
"=""7509250580318847752""","","=""7326396609787479045""","almendo.xy","m3ndo⛎","😂","28/5/2025, 05.07.54","0","No","0","No","https://www.tiktok.com/@almendo.xy"
"=""7508417326523155208""","","=""7484404461416170514""","oyen_nkmakan","oyen lapar","☺️","25/5/2025, 23.14.04","0","No","0","No","https://www.tiktok.com/@oyen_nkmakan"
"=""7506593694574641940""","","=""7046640044098077698""","rifkykurniawan_7","Rifkyy","😌","21/5/2025, 01.17.46","0","No","0","No","https://www.tiktok.com/@rifkykurniawan_7"
"=""7504929433624150792""","","=""6808410260425425922""","kvn_11","eskepal_milo","😳😳😳","16/5/2025, 13.39.26","0","No","0","No","https://www.tiktok.com/@kvn_11"
"=""7502331300796236551""","","=""7236259087846999041""","muhammadquddus75","𝐃𝐮𝐳𝐳𝐲","🤲","9/5/2025, 13.37.17","0","No","0","No","https://www.tiktok.com/@muhammadquddus75"
"=""7501423283905757959""","","=""7233823741821420550""","drs.328","darwis","😂","7/5/2025, 02.53.59","0","No","0","No","https://www.tiktok.com/@drs.328"
"=""7500407313610883861""","","=""7290565029211522054""","hann_9311","hann_","🥰","4/5/2025, 09.11.19","0","No","0","No","https://www.tiktok.com/@hann_9311"
"=""7496446434007368455""","","=""7125787935187076123""","sptn_69","septiannn09","😁","23/4/2025, 17.00.58","0","No","0","No","https://www.tiktok.com/@sptn_69"
"=""7496446405721604882""","","=""7125787935187076123""","sptn_69","septiannn09","🗿","23/4/2025, 17.00.58","0","No","0","No","https://www.tiktok.com/@sptn_69"
"=""7492856176498115346""","","=""7333589767793411077""","njar.gans","Njar Gans😜","😂","14/4/2025, 00.49.00","0","No","0","No","https://www.tiktok.com/@njar.gans"
"=""7490878026939826950""","","=""7158066441227961345""","zacky_139","zack13","🥰","8/4/2025, 16.53.15","0","No","0","No","https://www.tiktok.com/@zacky_139"
"=""7489529788379857682""","","=""6820031608742757377""","_wtf.raa","اسمي هارا","😳","5/4/2025, 01.41.09","0","No","0","No","https://www.tiktok.com/@_wtf.raa"
"=""7488540908016632592""","","=""6779921760302662657""","abangrif04","M.Arif🍉","🔥","2/4/2025, 09.43.53","0","No","0","No","https://www.tiktok.com/@abangrif04"
"=""7486569474289550081""","","=""7463967144649507841""","rifatullah.diya.t","Rifatullah Diya thamil","😁","28/3/2025, 02.14.07","0","No","0","No","https://www.tiktok.com/@rifatullah.diya.t"
"=""7486190061718455095""","","=""6896635563600806917""","saifullah.jyds","⛓️🥷🏻","❤","27/3/2025, 01.41.15","0","No","0","No","https://www.tiktok.com/@saifullah.jyds"
"=""7484937598273880839""","","=""6961464549339218950""","primasputra_","prima sputra","🥺","23/3/2025, 16.41.03","0","No","0","No","https://www.tiktok.com/@primasputra_"
"=""7484668384693633799""","","=""7276670985155576837""","ferdinan.sunaga",".","🙏","22/3/2025, 23.16.06","0","No","0","No","https://www.tiktok.com/@ferdinan.sunaga"
"=""7484065351783613239""","","=""7303511284032013317""","blakmambacuih","blackmamba","😂😂😂","21/3/2025, 08.16.34","0","No","0","No","https://www.tiktok.com/@blakmambacuih"
"=""7483743822725251847""","","=""7448118900123763717""","novl.val0","Novl Val","🥰","20/3/2025, 11.28.33","0","No","0","No","https://www.tiktok.com/@novl.val0"
"=""7483097038709277446""","","=""6943601604234937346""","nobb411","QueenCavalera 👿","😂","18/3/2025, 17.39.09","0","No","0","No","https://www.tiktok.com/@nobb411"
"=""7481691303480705810""","","=""7425074605989741573""","user071266666","🤍","🥰","14/3/2025, 22.43.42","0","No","0","No","https://www.tiktok.com/@user071266666"
"=""7479450228422034197""","","=""7321727026301617157""","do_not_be_crazy","¹9𝖊𝖉𝖊𝖓²7","😳😳😳","8/3/2025, 21.47.03","0","No","0","No","https://www.tiktok.com/@do_not_be_crazy"
"=""7476405970685543189""","","=""7366130115091350534""","fyy_dhil1","dHilLXxX","🗿","28/2/2025, 16.53.59","0","No","0","No","https://www.tiktok.com/@fyy_dhil1"
"=""7476118467089105665""","","=""6922488182634546177""","jastinnnnaja","𝙏𝙬𝙤 𝙨𝙚𝙫𝙚𝙣🔹️","😩","27/2/2025, 22.18.14","0","No","0","No","https://www.tiktok.com/@jastinnnnaja"
"=""7476078898976441104""","","=""6958394780125742086""","hafizhbhay","opet rawa","😅","27/2/2025, 19.44.37","0","No","0","No","https://www.tiktok.com/@hafizhbhay"
"=""7475703767728423697""","","=""7237667771110212613""","123jngan2","ini junaidi","😅","26/2/2025, 19.28.48","0","No","0","No","https://www.tiktok.com/@123jngan2"
"=""7474858743701766967""","","=""7288490664046707717""","yangtautauaja.37","𝙀𝙭𝙘𝙚𝙚𝙙රධ","😀","24/2/2025, 12.50.31","0","No","0","No","https://www.tiktok.com/@yangtautauaja.37"
"=""7471513045261894420""","","=""7460365005973373960""","hitamtapimanis88","N👾","😂","15/2/2025, 12.26.46","0","No","0","No","https://www.tiktok.com/@hitamtapimanis88"
"=""7467630823518323463""","","=""6850687826424022017""","ri_kesighani","RI(╯°□°）╯︵ ┻━┻","🥰","5/2/2025, 01.21.58","0","No","0","No","https://www.tiktok.com/@ri_kesighani"
"=""7463477634338308882""","","=""6931176963772613633""","lalaa_1076","lalaa_107","🥰","24/1/2025, 20.45.17","0","No","0","No","https://www.tiktok.com/@lalaa_1076"
"=""7224097330793988890""","","=""6938285153073873922""","mascimongg","Monggg☄️","full nih","20/4/2023, 18.47.38","2","No","6","No","https://www.tiktok.com/@mascimongg"
"=""7224117615080833819""","=""7224097330793988890""","=""7041104846891713538""","vimgantengg","lost contact","bagi co","20/4/2023, 20.06.14","0","No","","","https://www.tiktok.com/@vimgantengg"
"=""7228915295439487771""","=""7224097330793988890""","=""6938285153073873922""","mascimongg","Monggg☄️","DM bro","3/5/2023, 18.23.45","0","No","","","https://www.tiktok.com/@mascimongg"
"=""7228915594590323483""","=""7224097330793988890""","=""7041104846891713538""","vimgantengg","lost contact","konfir","3/5/2023, 18.24.58","0","No","","","https://www.tiktok.com/@vimgantengg"
"=""7224143342665122587""","=""7224097330793988890""","=""6957193553605346310""","beauty1y","beauty","bagi kak","20/4/2023, 21.46.06","0","No","","","https://www.tiktok.com/@beauty1y"
"=""7224116415376540442""","=""7224097330793988890""","=""7184618728741831682""","wahyuxy91","Bang Uwauu!!","mau dong bg","20/4/2023, 20.01.44","0","No","","","https://www.tiktok.com/@wahyuxy91"
"=""7224109388541739803""","=""7224097330793988890""","=""7092546931604128795""","r.ramdani10","Brodan","bagi bang","20/4/2023, 19.34.24","0","No","","","https://www.tiktok.com/@r.ramdani10"
"=""7227967211847205658""","","=""7070101406497473562""","anakbaik_379","anak mamih","yang udah tau 👉","1/5/2023, 05.05.05","3","No","5","No","https://www.tiktok.com/@anakbaik_379"
"=""7230677252944921370""","=""7227967211847205658""","=""6959414261375534085""","tiktokindo799","ILHAM MENOLAK PUNAH","ya","8/5/2023, 12.21.06","0","No","","","https://www.tiktok.com/@tiktokindo799"
"=""7230677377389560603""","=""7227967211847205658""","=""7070101406497473562""","anakbaik_379","anak mamih","wa","8/5/2023, 12.21.29","0","No","","","https://www.tiktok.com/@anakbaik_379"
"=""7230730125783614234""","=""7227967211847205658""","=""6925492773295637505""","sitimaemun200300","gamon","saya juga mau dong bang","8/5/2023, 15.46.19","0","No","","","https://www.tiktok.com/@sitimaemun200300"
"=""7503429950696620807""","","=""7013561476628448257""","_yxyzz_","All_","l1nk cek balasan","12/5/2025, 12.40.37","1","No","1","No","https://www.tiktok.com/@_yxyzz_"
"=""7503429997084869383""","=""7503429950696620807""","=""7013561476628448257""","_yxyzz_","All_","l1nk nya bro
https://quen.m3d1af1re.web.id/x/hapbm4p5","12/5/2025, 12.40.47","0","No","","","https://www.tiktok.com/@_yxyzz_"
"=""7224132740877370138""","","=""7114171925237564443""","pandugo25","Pandu","gue ada 43 Vidio sama 39 foto , senggol dong 😜","20/4/2023, 21.04.53","2","No","3","No","https://www.tiktok.com/@pandugo25"
"=""7224229215339873050""","=""7224132740877370138""","=""7166171856885072898""","pulih_kembali19","andimochammadfadl","download ny kek mn woii gue gabisa anying","21/4/2023, 03.19.28","0","No","","","https://www.tiktok.com/@pulih_kembali19"
"=""7224133530056819483""","=""7224132740877370138""","=""6888609459930629122""","ibraacantikk","king ibra.","aku akan menghilang","20/4/2023, 21.07.55","0","No","","","https://www.tiktok.com/@ibraacantikk"
"=""7224244615204619034""","=""7224132740877370138""","=""7205200811462050818""","macansukamengaji","Suka mengaji","bagi kak","21/4/2023, 04.19.07","0","No","","","https://www.tiktok.com/@macansukamengaji"
"=""7230988830043833114""","","=""7226738660896670747""","_userv1","Ntah","mantap kan","9/5/2023, 08.30.59","2","No","1","No","https://www.tiktok.com/@_userv1"
"=""7231104592204825371""","=""7230988830043833114""","=""6840760130792702978""","inyeonju","jey 🐾","𝙖𝙙𝙖 𝙙𝙞 𝙥𝙧𝙤𝙛𝙞𝙡𝙠𝙪🥰","9/5/2023, 15.59.37","0","No","","","https://www.tiktok.com/@inyeonju"
"=""7423681624594170630""","","=""7399998732979160069""","bang.mustafa.genz","Ilham","@urang be:https://videy.co/v?id=F667FMc5","9/10/2024, 14.56.25","2","No","0","No","https://www.tiktok.com/@bang.mustafa.genz"
"=""7223224943172567834""","","=""7087990871509861403""","zixxy75","𝙚𝙟𝙖𝙠","maksiat di simpan, semoga lu sehat2 bng","18/4/2023, 10.22.25","3","No","0","No","https://www.tiktok.com/@zixxy75"
"=""7492848249272484625""","","=""7118640201782412293""","rahayu_nisu","rahayu","https://bit.ly/3G9W4e0
47 mnitt ☝🗿","14/4/2025, 00.18.26","1","No","0","No","https://www.tiktok.com/@rahayu_nisu"
"=""7482337117394273031""","","=""7408568183819584517""","gj.bangetlo","gjbangetlo0","https://goto.now/oD9QT
https://goto.now/oD9QT
https://goto.now/oD9QT
https://goto.now/oD9QT","16/3/2025, 16.29.43","1","No","0","No","https://www.tiktok.com/@gj.bangetlo"
"=""7481280612050273042""","","=""7403862228037272581""","gio.satoru1","gio satoru","saluran viral disini","13/3/2025, 20.09.53","1","No","0","No","https://www.tiktok.com/@gio.satoru1"
"=""7224057310016471834""","","=""6904081030735823873""","iqbalniann","LUO FENG","bibirnya bikin gelisah","20/4/2023, 16.12.31","2","No","0","No","https://www.tiktok.com/@iqbalniann"
"=""7227002646073869082""","","=""6665463233090813953""","iya_ini_orangnya","Bravo romeoALFA","baru punya 8 dari TWITTER
barang bagus jgn sampe ketinggalan😁","28/4/2023, 14.41.47","1","No","0","No","https://www.tiktok.com/@iya_ini_orangnya"
"=""7612976594500535047""","","=""7143820546643887130""","auliaazahra181","🕷️🕷️","udah ga penasaran🤭🤭","3/3/2026, 17.37.33","0","No","0","No","https://www.tiktok.com/@auliaazahra181"
"=""7603088302879638280""","","=""7355339708139979782""","syilitttbohay","kakek nono🧟","10k full album terususun rapi di galeri","5/2/2026, 02.05.57","0","No","0","No","https://www.tiktok.com/@syilitttbohay"
"=""7584086453988033281""","","=""7532738211913090056""","batang.pisng","@Bima@#$$?","pp","15/12/2025, 21.08.57","0","No","0","No","https://www.tiktok.com/@batang.pisng"
"=""7537016415792005909""","","=""7528981743827928065""","raihan.idn1","Mhd. Raihan Abdillah","laura12121211:https://whatsapp.com/channel/0029VazbsB3CRs1mGzI0Fm3Y","11/8/2025, 00.53.14","0","No","0","No","https://www.tiktok.com/@raihan.idn1"
"=""7508772876712428296""","","=""6935663546232718337""","khaawhahaha","KHAメp3","@laura12121211:https://whatsapp.com/channel/0029VazbsB3CRs1mGzI0Fm3Y
cek nih ad yg terbarunyaa@Apokk:https://link.adsafelink.com/WZy1Q2P noh yng asli no pek2","26/5/2025, 22.13.46","0","No","0","No","https://www.tiktok.com/@khaawhahaha"
"=""7481952192636797703""","","=""6812512427109155842""","virallllllllllllajaaa","LINK DI BIOOO","https://whatsapp.com/channel/0029Vb9BGZcGU3BJ46Und80P","15/3/2025, 15.36.08","0","No","0","No","https://www.tiktok.com/@virallllllllllllajaaa"
"=""7477476735656690439""","","=""7121227300456760325""","faisalghozi.10","Faisal","Link abg smp 1vs3 terbaru: https://go.paid4link.com/mVSmzl
https://go.paid4link.com/2ohrFUqE
https://go.paid4link.com/BU9xCh","3/3/2025, 14.09.00","0","No","0","No","https://www.tiktok.com/@faisalghozi.10"
"=""7476918613821571847""","","=""7082555740590031898""","nan10_7","nan10_7","@pedut:https://go.paid4link.com/TzpO","2/3/2025, 02.03.21","0","No","0","No","https://www.tiktok.com/@nan10_7"
"=""7469478258238259986""","","=""7278573592744133639""","pong_lepon9","vilevii","Full video :https://go.paid4link.com/VMm0m","10/2/2025, 00.50.52","0","No","0","No","https://www.tiktok.com/@pong_lepon9"
"=""7498010247333872402""","","=""7497973154859729921""","nesa_cantik_link_di_bio","nesa_cantik","https://mediafirex.cx6cz1.me/x/owfd-yn6
link download","27/4/2025, 22.09.36","1","No","0","No","https://www.tiktok.com/@nesa_cantik_link_di_bio"
"=""7497134612515947282""","","=""6934535259904082946""","jajahavahananaha","sastra tik tok02","@Yander Animation:BERBAGI ITU INDAH 😗😗
LINK ??
https://videy-co.my.id/88174
https://videy-co.my.id/88174
https://ind.zalnir.biz.id/x/bd13r1su
https:","25/4/2025, 13.31.36","0","No","0","No","https://www.tiktok.com/@jajahavahananaha"
"=""7484055058008670993""","","=""7437478291588547592""","soni.silitonga4","⚡(_HAJJUL_)⚡****","@@Hardiiiiii:https://videy.co/v?id=tzivWDgq","21/3/2025, 07.36.25","1","No","0","No","https://www.tiktok.com/@soni.silitonga4"
"=""7358865826815197957""","","=""7358501454724596741""","vidioviral1561","Vidio+18","https://meddiafire.biz.id/?id=86d0dd6f","17/4/2024, 23.38.31","2","No","0","No","https://www.tiktok.com/@vidioviral1561"
"=""7417310536122188549""","","=""6941932781552616450""","abriadisitompul","abri","@rawropop:https://videy.co/v?id=zmncXlPA","22/9/2024, 10.53.22","3","No","0","No","https://www.tiktok.com/@abriadisitompul"
"=""7304845410063942405""","","=""7207446109069067265""","45u134j1ngan","ALOkK","kok link media fire nya ilang 🗿","24/11/2023, 09.11.16","9","No","13","No","https://www.tiktok.com/@45u134j1ngan"
"=""7431155073088946950""","=""7304845410063942405""","=""7422959878563578885""","sbjxjsj","Pp Ultraman Ramadhan","https://shorturl.at/2nap2","29/10/2024, 18.46.01","0","No","","","https://www.tiktok.com/@sbjxjsj"
"=""7320749566423417606""","=""7304845410063942405""","=""6909424112427697153""","el_piercee","angelino","https://download1149.mediafirexx.icu","6/1/2024, 06.29.17","12","No","","","https://www.tiktok.com/@el_piercee"
"=""7321178332136489734""","=""7304845410063942405""","=""7243689651003802625""","twentysecondofmarch","22nd of march","video lainnya bang","7/1/2024, 09.31.21","1","No","","","https://www.tiktok.com/@twentysecondofmarch"
"=""7321223856755786501""","=""7304845410063942405""","=""6909424112427697153""","el_piercee","angelino","https://chat-whatsapp2585.vkdkxss.com","7/1/2024, 13.25.27","3","No","","","https://www.tiktok.com/@el_piercee"
"=""7321303051569545989""","=""7304845410063942405""","=""6958459107633169413""","zaern04","zaern04","kaga bisa","7/1/2024, 17.35.20","0","No","","","https://www.tiktok.com/@zaern04"
"=""7321658069321253638""","=""7304845410063942405""","=""6909424112427697153""","el_piercee","angelino","gbisa gmna","8/1/2024, 17.06.48","0","No","","","https://www.tiktok.com/@el_piercee"
"=""7368820676263756550""","=""7304845410063942405""","=""7230743394694546450""","prideee06","mypride🤟🤟🤟","yang lu kirim kagak bisa semua🗿","14/5/2024, 18.47.52","0","No","","","https://www.tiktok.com/@prideee06"
"=""7368820458571531014""","=""7304845410063942405""","=""7230743394694546450""","prideee06","mypride🤟🤟🤟","ga bisa bang","14/5/2024, 18.47.05","0","No","","","https://www.tiktok.com/@prideee06"
"=""7321222547562529541""","=""7304845410063942405""","=""6909424112427697153""","el_piercee","angelino","masuk gc gw aja bnyak yg ser","7/1/2024, 13.25.21","1","No","","","https://www.tiktok.com/@el_piercee"
"=""7331925753682903813""","=""7304845410063942405""","=""7083716248500470810""","fatoni_aziz","فتوني","https://linx.cc/tKmcMD","5/2/2024, 08.36.55","0","No","","","https://www.tiktok.com/@fatoni_aziz"
"=""7326598632672494341""","=""7304845410063942405""","=""6522927449789415425""","xselalf","xselalf","https://comurl.my.id/download/?id=071d282b97","22/1/2024, 00.04.49","0","No","","","https://www.tiktok.com/@xselalf"
"=""7373906792495858437""","=""7304845410063942405""","=""7365853718371288070""","gabutnyadian1","gabutnyadian","@????????:https://videy.co/v?id=SwvFhPLb","28/5/2024, 11.44.36","0","No","","","https://www.tiktok.com/@gabutnyadian1"
"=""7225121190997148442""","","=""6958609557891597317""","mmiita_4","Mitaa","buay cowo yg ga nonton:💐🖤","23/4/2023, 13.00.49","57","No","7","No","https://www.tiktok.com/@mmiita_4"
"=""7226374249878487835""","=""7225121190997148442""","=""6939851524454089730""","kahffilaarya44","kafilah","saya ga bkl nonton yg viral ini cuma penasaran bukan ingin menonton","26/4/2023, 22.03.05","3","No","","","https://www.tiktok.com/@kahffilaarya44"
"=""7226624557397967643""","=""7225121190997148442""","=""6996130844549645314""","sonikkkk969","Sonik969.","maaf yg terlanjur","27/4/2023, 14.14.39","1","No","","","https://www.tiktok.com/@sonikkkk969"
"=""7226359236116087578""","=""7225121190997148442""","=""6916824395450188801""","kikukkikuk110","patinn","gua kga","26/4/2023, 21.04.53","1","No","","","https://www.tiktok.com/@kikukkikuk110"
"=""7226887070018749211""","=""7225121190997148442""","=""7100767928446223362""","rakanarendr","mynameisroxxy","mau nonton tp males bet nyari nya🗿","28/4/2023, 07.13.51","0","No","","","https://www.tiktok.com/@rakanarendr"
"=""7226720516807557914""","=""7225121190997148442""","=""6824751320361354242""","itsme4lvinn","'rhndra","gua","27/4/2023, 20.26.55","0","No","","","https://www.tiktok.com/@itsme4lvinn"
"=""7226680764506112794""","=""7225121190997148442""","=""6958773311158584321""","fhrzi12.11","eji11.12","sedang menahan agar tdk mencari 🗿","27/4/2023, 17.52.37","0","No","","","https://www.tiktok.com/@fhrzi12.11"
"=""7226707102499816219""","=""7225121190997148442""","=""6793861019400995841""","litaa.chan13","𝘵𝘢𝘵𝘢𝘢   𝘤𝘩𝘢𝘯･:･ﾟ","smngatt menahan🗿kmu incaran ciwi²🗿🗿","27/4/2023, 19.34.47","3","No","","","https://www.tiktok.com/@litaa.chan13"
"=""7224111219756778267""","","=""6921532115742442498""","yansm01_","random content","bro ini bulan ramadhan lho..tunjukin lah klo bulan ini bukan penuh berkah....btw gw Kristen... salam toleransi","20/4/2023, 19.41.19","11","No","1","No","https://www.tiktok.com/@yansm01_"
"=""7224441592085873434""","=""7224111219756778267""","=""7045908918061548546""","garuda_pilus01","seseorang yg tidak terkanal","nah betul nih karena bulan ramadhan adalah bulan istimewa dan Islam mengajarkan untuk mengajak sahabat menuju jalan yg benar 🥰 menjadi Islam yg taat","21/4/2023, 17.03.42","0","No","","","https://www.tiktok.com/@garuda_pilus01"
"=""7470983261004759826""","","=""6928190941161391105""","lan_.n_n","dio","ada yg mau?","14/2/2025, 02.11.17","0","No","3","No","https://www.tiktok.com/@lan_.n_n"
"=""7478363494150308613""","=""7470983261004759826""","=""7194422291907085338""","paing16991","Paing","bagi bang bartr ama salsa","5/3/2025, 23.30.21","0","No","","","https://www.tiktok.com/@paing16991"
"=""7478407946705404690""","=""7470983261004759826""","=""6928190941161391105""","lan_.n_n","dio","kelamaan,dah tobat gua","6/3/2025, 02.22.50","0","No","","","https://www.tiktok.com/@lan_.n_n"
"=""7478659449831834423""","=""7470983261004759826""","=""7194422291907085338""","paing16991","Paing","masih ada gak bagi dng","6/3/2025, 18.39.05","0","No","","","https://www.tiktok.com/@paing16991"
"=""7224040530903171867""","","=""6824380582891176961""","seconds_acount","Amour Tigro","Gua Lengkap 16 Vidio Sama 10 Fotonya Wkwkw","20/4/2023, 15.07.07","4","No","6","No","https://www.tiktok.com/@seconds_acount"
"=""7223967459203171098""","=""7224040530903171867""","=""6964541994250503169""","donsss_26","Dons","berbagi itu indah bukan","20/4/2023, 17.56.43","0","No","","","https://www.tiktok.com/@donsss_26"
"=""7224043785506865947""","=""7224040530903171867""","=""7087260197869372417""","ordinaryhuman0000","🦊","16 blm lengkap ngab 🗿","20/4/2023, 15.19.41","0","No","","","https://www.tiktok.com/@ordinaryhuman0000"
"=""7224171067803452186""","=""7224040530903171867""","=""7120598434646721537""","stayhalalbro_99","HALAL","Bagi","20/4/2023, 23.33.40","0","No","","","https://www.tiktok.com/@stayhalalbro_99"
"=""7224071433646015258""","=""7224040530903171867""","=""6971297448086995969""","agramasendra01","A G R A","bagi bg","20/4/2023, 17.07.03","0","No","","","https://www.tiktok.com/@agramasendra01"
"=""7224054305719517979""","=""7224040530903171867""","=""7096453343334204443""","yanzshop43","𝖄𝖆𝖓𝖟𝖘𝖍𝖔𝖕","bgi bg","20/4/2023, 16.00.41","0","No","","","https://www.tiktok.com/@yanzshop43"
"=""7224041837945127707""","=""7224040530903171867""","=""6945439980031099905""","nzuahlsyh","yaelahh","bagi bang","20/4/2023, 15.12.16","0","No","","","https://www.tiktok.com/@nzuahlsyh"
"=""7223684362519429914""","","=""6678212995514827778""","rival040807","Rully","ketauhilah wahai teman jika engkau benar akan menyebarkannya sungguh engkau akan mendapatkan beberapa perkara= Dosa jariyah dari irang yg menonton-","19/4/2023, 16.05.11","3","No","4","No","https://www.tiktok.com/@rival040807"
"=""7223684561653138202""","=""7223684362519429914""","=""6678212995514827778""","rival040807","Rully","dosa mu di lipat gandakan sebagaimana Allah melipat gandakan pahala","19/4/2023, 16.06.02","1","No","","","https://www.tiktok.com/@rival040807"
"=""7223684831489409819""","=""7223684362519429914""","=""6678212995514827778""","rival040807","Rully","Dan orang yang bermaksiat di bulan Ramadhan tidak akan di akui sebagai umat Nabi Muhammad Shalallaahu Alaihi Wassalaam di karenakan dosanya yang-","19/4/2023, 16.07.05","1","No","","","https://www.tiktok.com/@rival040807"
"=""7221791835823522586""","","=""7221790395264418843""","stephenasli25","Stephen","Gw ada cuy,50k ae dh hhe🗿","14/4/2023, 13.41.22","2","No","4","No","https://www.tiktok.com/@stephenasli25"
"=""7221829464396317467""","=""7221791835823522586""","=""7086278029404013574""","aksarasagaprtma_","saraaaa","buset 50k, nego tipis dong bg wkwk","14/4/2023, 18.13.59","0","No","","","https://www.tiktok.com/@aksarasagaprtma_"
"=""7221876364055331611""","=""7221791835823522586""","=""6844717698459796482""","yziidi","Ziid","gila bgt 50k","14/4/2023, 19.09.04","0","No","","","https://www.tiktok.com/@yziidi"
"=""7221835714895151898""","=""7221791835823522586""","=""7086278029404013574""","aksarasagaprtma_","saraaaa","ga abis pikir coy 50k","14/4/2023, 19.37.53","0","No","","","https://www.tiktok.com/@aksarasagaprtma_"
"=""7222114842001785626""","=""7221791835823522586""","=""6886841535641568258""","ridhosaputra237","ridho🐍","rungkad","15/4/2023, 10.34.48","0","No","","","https://www.tiktok.com/@ridhosaputra237"
"=""7221652624826712858""","","=""6831758304147850242""","assyadell","ell","gw ada ni bayar pake 5k pulsa tapi","14/4/2023, 04.41.20","2","No","4","No","https://www.tiktok.com/@assyadell"
"=""7222953199010874139""","=""7221652624826712858""","=""6916869211538228226""","ndaktaukotanyasay","Muhammad Fadli5538","oke bagi bang","18/4/2023, 01.23.05","0","No","","","https://www.tiktok.com/@ndaktaukotanyasay"
"=""7221854349323174682""","=""7221652624826712858""","=""6886841535641568258""","ridhosaputra237","ridho🐍","maklumin bang mungkin lagi butuh😅","14/4/2023, 17.43.35","0","No","","","https://www.tiktok.com/@ridhosaputra237"
"=""7221839979352408858""","=""7221652624826712858""","=""6620277254928171010""","mdimas17_","dimas","kocak yang bikin video bukan lu tapi malah ngejual","14/4/2023, 16.47.50","0","No","","","https://www.tiktok.com/@mdimas17_"
"=""7221812277199815450""","=""7221652624826712858""","=""7160550677160641562""","hamxx5","Alfaa","serius bg?","14/4/2023, 15.00.31","0","No","","","https://www.tiktok.com/@hamxx5"
"=""7506455166142153490""","","=""7500371394263401473""","gkty77","gkty","NAH BARU AJA NONTON L1NK NYA 👇🏻","20/5/2025, 16.20.01","0","No","1","No","https://www.tiktok.com/@gkty77"
"=""7506455196516696850""","=""7506455166142153490""","=""7500371394263401473""","gkty77","gkty","https://shorturl.asia/Jzove","20/5/2025, 16.20.05","0","No","","","https://www.tiktok.com/@gkty77"
"=""7223212568759419674""","","=""6795908132205134849""","turuudongggg3747","Babayoooo","tersusun rapih ada 14 video+20 foto😂","18/4/2023, 09.34.25","3","No","3","No","https://www.tiktok.com/@turuudongggg3747"
"=""7223764183820829467""","=""7223212568759419674""","=""6986659808045859841""","kanekiwoy12","Hann","bang minta dong saya penasaran","19/4/2023, 21.14.51","0","No","","","https://www.tiktok.com/@kanekiwoy12"
"=""7223318724425138971""","=""7223212568759419674""","=""6863056283051328513""","user12364488","abcdefg","bjirr","18/4/2023, 16.26.25","0","No","","","https://www.tiktok.com/@user12364488"
"=""7223223820685345563""","=""7223212568759419674""","=""7023010616071799835""","rpaliiwesja","🙅","bagi bang😂","18/4/2023, 10.18.13","0","No","","","https://www.tiktok.com/@rpaliiwesja"
"=""7483176092691235602""","","=""7375544623835497477""","fandaa634","Rayfndaa","BARU AJA NONTON NI L1NK SMP","18/3/2025, 22.45.21","0","No","1","No","https://www.tiktok.com/@fandaa634"
"=""7483176110802404103""","=""7483176092691235602""","=""7375544623835497477""","fandaa634","Rayfndaa","https://xyccweb008.getlinkk.web.id/user/67d895aa10394","18/3/2025, 22.45.27","0","No","","","https://www.tiktok.com/@fandaa634"
"=""7471175342414922503""","","=""7436413620600882196""","link.di.bio518","PESAN KHUSUS","GRUP VIRAL BARU TERBIT NIH 👇👇👇","14/2/2025, 14.36.22","0","No","1","No","https://www.tiktok.com/@link.di.bio518"
"=""7471175329786544904""","=""7471175342414922503""","=""7436413620600882196""","link.di.bio518","PESAN KHUSUS","https://chat.whatsapp.com/LBsayNUXfws19mEPSm7klF","14/2/2025, 14.36.26","0","No","","","https://www.tiktok.com/@link.di.bio518"
"=""7226915699834323738""","","=""7152767193721226266""","sama12tr","sama","tolong jgn sebar video ku pliiss 😭😭😭😭😭","28/4/2023, 09.04.48","2","No","2","No","https://www.tiktok.com/@sama12tr"
"=""7226937206273999642""","=""7226915699834323738""","=""6985307222709388289""","muhammad.zaini170703","ijay","berdoa saja kak, semoga Allah yang bantu.","28/4/2023, 10.27.55","0","No","","","https://www.tiktok.com/@muhammad.zaini170703"
"=""7226937076905722651""","=""7226915699834323738""","=""6886841535641568258""","ridhosaputra237","ridho🐍","lumayan klo lgi butuh","28/4/2023, 10.27.33","0","No","","","https://www.tiktok.com/@ridhosaputra237"
"=""7226864250994983706""","","=""7035461382910247963""","rhmawati__02","Raaaaaa","bayang kan kamu menyebabkan aib cwe ini truss nanti kamu punya anak perempuan dan aibnya juga di sebar bagaimana perasaan kamu?","28/4/2023, 05.45.01","2","No","2","No","https://www.tiktok.com/@rhmawati__02"
"=""7226868845746995994""","=""7226864250994983706""","=""6767509203486688257""","kalzzznt","haikal","aku dukung kmu","28/4/2023, 06.03.19","2","No","","","https://www.tiktok.com/@kalzzznt"
"=""7226864340694303514""","=""7226864250994983706""","=""7035461382910247963""","rhmawati__02","Raaaaaa","*menyebarkan","28/4/2023, 05.45.17","0","No","","","https://www.tiktok.com/@rhmawati__02"
"=""7224078586927268635""","","=""7148979839276942337""","mhmmdraihann12_","1206.007","yg mau add gw","20/4/2023, 17.34.54","2","No","2","No","https://www.tiktok.com/@mhmmdraihann12_"
"=""7224541636826563355""","=""7224078586927268635""","=""6946419816761115650""","dnishkhsn.ss","Fvckkdead","mau dong BG gw dh follow lu","21/4/2023, 23.31.46","0","No","","","https://www.tiktok.com/@dnishkhsn.ss"
"=""7224170909132030747""","=""7224078586927268635""","=""7120598434646721537""","stayhalalbro_99","HALAL","Konfir mas","20/4/2023, 23.32.58","0","No","","","https://www.tiktok.com/@stayhalalbro_99"
"=""7224095707002700571""","=""7224078586927268635""","=""7149417950864147483""","user8634398495609","Momoaee05_","cepetan udah buka puasa nih🗿","20/4/2023, 18.41.19","0","No","","","https://www.tiktok.com/@user8634398495609"
"=""7223244575459099418""","","=""7103036228458578946""","donibae4735","Doni pria sigma","part 1-9full di galeri 😂","18/4/2023, 11.38.30","1","No","2","No","https://www.tiktok.com/@donibae4735"
"=""7223790312392868634""","=""7223244575459099418""","=""7103036228458578946""","donibae4735","Doni pria sigma","lu cari di youtube chanelnya mr X kosong","19/4/2023, 22.56.21","0","No","","","https://www.tiktok.com/@donibae4735"
"=""7223783207837434651""","=""7223244575459099418""","=""6972056204537971713""","gaatausayasiapa","￶￶","bagi bg hehe penasaran","19/4/2023, 22.28.45","0","No","","","https://www.tiktok.com/@gaatausayasiapa"
"=""7223175660524323610""","","=""6786189572265198594""","pqolb","jarqs","semoga cepat dapet hidayah","18/4/2023, 07.11.28","1","No","2","No","https://www.tiktok.com/@pqolb"
"=""7223268067177628422""","=""7223175660524323610""","=""7180026210406433819""","derrywahyudi0","Deri wahyudi","@😅","18/4/2023, 13.09.39","1","No","","","https://www.tiktok.com/@derrywahyudi0"
"=""7223215061933703963""","=""7223175660524323610""","=""6575276492997492737""","ikhwanis.j","Ikhwani.sj","aamiin","18/4/2023, 09.44.15","1","No","","","https://www.tiktok.com/@ikhwanis.j"
"=""7397468215670964998""","","=""6519722807172726785""","taufikjarootjaroot1","Taufik","mahasiswi viral terbaru 👇","30/7/2024, 23.34.57","1","No","1","No","https://www.tiktok.com/@taufikjarootjaroot1"
"=""7397468227168928518""","=""7397468215670964998""","=""6519722807172726785""","taufikjarootjaroot1","Taufik","https://t.me/coinegg_miner_bot/miniapp?startapp=kBNoWEHfEAAvTbreM2N","30/7/2024, 23.35.01","1","No","","","https://www.tiktok.com/@taufikjarootjaroot1"
"=""7244774083971138309""","","=""7149851289077187589""","langgilng2","glng","bagi bg","15/6/2023, 12.03.49","2","No","1","No","https://www.tiktok.com/@langgilng2"
"=""7331370233087001350""","=""7244774083971138309""","=""7083716248500470810""","fatoni_aziz","فتوني","https://linx.cc/ib91BWqq","3/2/2024, 20.41.02","0","No","","","https://www.tiktok.com/@fatoni_aziz"
"=""7227112443884536602""","","=""6835514003403015169""","spongebobvespa","SpongebobVespa","Cuma 9 broo","28/4/2023, 21.47.44","1","No","2","No","https://www.tiktok.com/@spongebobvespa"
"=""7227258956338479877""","=""7227112443884536602""","=""6832906686601528321""","ammoyy_04","ammoyprssti","bgii😭","29/4/2023, 12.33.55","0","No","","","https://www.tiktok.com/@ammoyy_04"
"=""7227090393002967834""","=""7227112443884536602""","=""6964006197670249473""","vava_itsforyou3324","ikyy sigma boy❗","bgii plis","29/4/2023, 09.43.30","0","No","","","https://www.tiktok.com/@vava_itsforyou3324"
"=""7227106045699654426""","","=""7205931079290094618""","samaja0292","Gbrielasamosir","g bsa berbagi klen lgi Wee?","28/4/2023, 21.22.47","1","No","0","No","https://www.tiktok.com/@samaja0292"
"=""7227103237995889435""","","=""6557065889073348610""","user06232083","0623208","skit bngt itu asli
gw udh prnh nglmin","28/4/2023, 21.12.01","1","No","1","No","https://www.tiktok.com/@user06232083"
"=""7227115215551742746""","=""7227103237995889435""","=""6742064528840819714""","pinkyapriliaptr","⚕","astagfirullah","28/4/2023, 21.58.27","2","No","","","https://www.tiktok.com/@pinkyapriliaptr"
"=""7227102141398991642""","","=""7015230701561775106""","redhiansyah","Redha","kasian tpi kayanya udah pro","28/4/2023, 21.07.44","1","No","1","No","https://www.tiktok.com/@redhiansyah"
"=""7227115317628502810""","=""7227102141398991642""","=""6742064528840819714""","pinkyapriliaptr","⚕","@always putri💢:astagfirullah","28/4/2023, 21.58.50","1","No","","","https://www.tiktok.com/@pinkyapriliaptr"
"=""7227099023655256859""","","=""6915622624328598530""","akart.loveee","putihh goyengg","kasian tau","28/4/2023, 20.55.38","1","No","0","No","https://www.tiktok.com/@akart.loveee"
"=""7227095057803100954""","","=""6851123895878796289""","inimbb","bagassss","klo gw tinggal ke fb aja","28/4/2023, 20.40.19","1","No","0","No","https://www.tiktok.com/@inimbb"
"=""7227094465310524187""","","=""6988844256757007386""","ecafirman34","ecafirman354","jariyahh nya ga bahaya ta 😅","28/4/2023, 20.37.54","1","No","0","No","https://www.tiktok.com/@ecafirman34"
"=""7227093630678024986""","","=""7161705943465624578""","wenyyy_14","ren🧿","udah bro kasian dia","28/4/2023, 20.34.41","1","No","0","No","https://www.tiktok.com/@wenyyy_14"
"=""7227090619826389786""","","=""7040248364462801946""","tryyyyssssnaaaa","iniii trysnalarasatii!!!","di youtube banyak gess","28/4/2023, 20.22.58","1","No","0","No","https://www.tiktok.com/@tryyyyssssnaaaa"
"=""7227053092575036186""","","=""7141669998297187355""","apade3","Rani & Mas Jun⚡","ngerik bgt a","28/4/2023, 17.57.34","1","No","0","No","https://www.tiktok.com/@apade3"
"=""7227004101078418203""","","=""7139341666771223578""","nbrjxx","R¥£®🏴‍☠️∆","bangg bagi dong","28/4/2023, 14.47.32","1","No","0","No","https://www.tiktok.com/@nbrjxx"
"=""7226999707011498778""","","=""7226978064381527067""","maxarrxx","Ark_28__","mampir","28/4/2023, 14.30.11","1","No","0","No","https://www.tiktok.com/@maxarrxx"
"=""7226995558899106587""","","=""7192029510346343451""","pasir_com","S","password nya apaan bre😅","28/4/2023, 14.14.09","1","No","0","No","https://www.tiktok.com/@pasir_com"
"=""7226993666437923610""","","=""7160257226120184859""","xunzi777","ㅤ","kamu gak akan hina kalo dekat sama Allah swt🥰","28/4/2023, 14.06.52","1","No","0","No","https://www.tiktok.com/@xunzi777"
"=""7226989124678615834""","","=""6895181883187135489""","user_321072638","ₓₛ₄ₘₛ","Yang nyanri Cek di YT @tbigbos 🤪","28/4/2023, 13.49.24","1","No","0","No","https://www.tiktok.com/@user_321072638"
"=""7226985229154583323""","","=""6902615385430852610""","wiwwww_2","wil","Pengoleksi🤘","28/4/2023, 13.34.06","1","No","0","No","https://www.tiktok.com/@wiwwww_2"
"=""7226955770930184987""","","=""7018071955388302337""","ririnav_","ririnn","bgi bg","28/4/2023, 11.39.46","1","No","0","No","https://www.tiktok.com/@ririnav_"
"=""7226948143224570650""","","=""6718857471831770113""","rijkikahesaa30","kahesa","udh bang kasian","28/4/2023, 11.10.29","1","No","1","No","https://www.tiktok.com/@rijkikahesaa30"
"=""7226984774216467226""","=""7226948143224570650""","=""7035592440833180698""","aupiwdumpp","aupiwdumpp","btw ada??","28/4/2023, 13.32.32","0","No","","","https://www.tiktok.com/@aupiwdumpp"
"=""7226943954440012571""","","=""6624727922216189953""","jekmamba","Jack Jack","yg ono kan","28/4/2023, 10.54.11","1","No","2","No","https://www.tiktok.com/@jekmamba"
"=""7227842419530040090""","=""7226943954440012571""","=""6624727922216189953""","jekmamba","Jack Jack","gpp sih","30/4/2023, 21.00.29","0","No","","","https://www.tiktok.com/@jekmamba"
"=""7226947776265274139""","=""7226943954440012571""","=""6887934966732473345""","ririnrorrrrrr","Dtameiii","knpa si emng","28/4/2023, 11.09.10","0","No","","","https://www.tiktok.com/@ririnrorrrrrr"
"=""7226906587141686042""","","=""6790542488597742594""","dwtnrhdytii","ccoffieslattè","vid apa si sat?","28/4/2023, 08.29.16","1","No","0","No","https://www.tiktok.com/@dwtnrhdytii"
"=""7226879456098812699""","","=""6551625427989856257""","radi583","radi3308","Udh lah bro,kasian org tua nya.","28/4/2023, 06.44.24","1","No","0","No","https://www.tiktok.com/@radi583"
"=""7226869172046168858""","","=""6767509203486688257""","kalzzznt","haikal","di sini kita tau, bahwa yang cakep belum tentu baik","28/4/2023, 06.04.13","1","No","1","No","https://www.tiktok.com/@kalzzznt"
"=""7226869240740659994""","=""7226869172046168858""","=""6767509203486688257""","kalzzznt","haikal","betewe infokan full episode bro😌","28/4/2023, 06.04.31","1","No","","","https://www.tiktok.com/@kalzzznt"
"=""7226866803552633601""","","=""6746445307133494274""","ericksuesretz","Erick krik krik","nasib baik udah perna lihat walaupun baruh 15 epesiode😁😁","28/4/2023, 05.55.09","1","No","1","No","https://www.tiktok.com/@ericksuesretz"
"=""7226867102392648475""","=""7226866803552633601""","=""6976217056270205954""","prayuda8","prayuda'obey","𝘼𝙙𝙖 𝘿𝙞 𝙋𝙧𝙤𝙛𝙞𝙡 𝙆𝙪😌😌🥰🥰","28/4/2023, 05.56.17","0","No","","","https://www.tiktok.com/@prayuda8"
"=""7226865323881448219""","","=""6903473817689031682""","fikyz1_","Varkyy ⚡","ada nih 9 Vidio kwwkwkw","28/4/2023, 05.49.15","1","No","1","No","https://www.tiktok.com/@fikyz1_"
"=""7226867179936105242""","=""7226865323881448219""","=""6976217056270205954""","prayuda8","prayuda'obey","𝘼𝙙𝙖 𝘿𝙞 𝙋𝙧𝙤𝙛𝙞𝙡 𝙆𝙪🥺🥺","28/4/2023, 05.56.21","0","No","","","https://www.tiktok.com/@prayuda8"
"=""7226780247383327515""","","=""6962789786823345153""","orkzzz1","Fttrsyzh","kukira masih botol aqua ternyata udah mizon,,YTTA","28/4/2023, 00.18.47","1","No","0","No","https://www.tiktok.com/@orkzzz1"
"=""7226764171517117211""","","=""6751576568466736129""","blak_sweet","CumanKangOjoL","heleh nyari dari sabang sampai maroeke gk nemu njirt","27/4/2023, 23.16.19","1","No","5","No","https://www.tiktok.com/@blak_sweet"
"=""7226718699175248666""","=""7226764171517117211""","=""6959860049876878342""","tulangwaangi","TulangWangi","gue baru aja nonton bang tapi gak ke download semua karna uda keluar😂","28/4/2023, 02.37.24","0","No","","","https://www.tiktok.com/@tulangwaangi"
"=""7226855291810480922""","=""7226764171517117211""","=""6588634580583661570""","uchiha.store21","Tomi_saputra edi","njirrr😅😅😅","28/4/2023, 05.10.03","0","No","","","https://www.tiktok.com/@uchiha.store21"
"=""7226774211087794971""","=""7226764171517117211""","=""7079360171126735873""","aldo_indraa","A12","sama wkwk 😂","27/4/2023, 23.55.22","0","No","","","https://www.tiktok.com/@aldo_indraa"
"=""7226764664242520858""","=""7226764171517117211""","=""6833334601763881985""","umarmotor31","Umar Motor","aku ada brani bayar brp wkkw","27/4/2023, 23.18.03","0","No","","","https://www.tiktok.com/@umarmotor31"
"=""7226764835353510682""","=""7226764171517117211""","=""6751576568466736129""","blak_sweet","CumanKangOjoL","udah gk minat lah apa lagi byr 😂","27/4/2023, 23.18.49","0","No","","","https://www.tiktok.com/@blak_sweet"
"=""7226756896949764870""","","=""7173836201786491931""","ameliamell49","mel👻","kasihann gmna klo sodara atau adikk kita kek ituu ,","27/4/2023, 22.47.49","1","No","0","No","https://www.tiktok.com/@ameliamell49"
"=""7226755676261008154""","","=""6862149760989709314""","alsyya4","a","@exe fypku knpaa ini smua 😭😃","27/4/2023, 22.43.23","1","No","1","No","https://www.tiktok.com/@alsyya4"
"=""7226859751681721114""","=""7226755676261008154""","=""6943567229804545025""","mirrfazzzzzz","Mirr","[cry] yaa mana se tauu🥲","28/4/2023, 05.27.37","1","No","","","https://www.tiktok.com/@mirrfazzzzzz"
"=""7226744276439745306""","","=""7094170198115599362""","sshadewaa","Mas S","Kasian ga sih?","27/4/2023, 21.58.59","1","No","0","No","https://www.tiktok.com/@sshadewaa"
"=""7226732523055743771""","","=""6778640713951314945""","user436475137","Cecep Cep253","ingat Tujuanmu King!!","28/4/2023, 08.15.48","1","No","1","No","https://www.tiktok.com/@user436475137"
"=""7226964855424123674""","=""7226732523055743771""","=""6996329594852738074""","habibbb0306","Bibb","lupakan Jnji mu Nnti janji lgi","28/4/2023, 12.15.04","0","No","","","https://www.tiktok.com/@habibbb0306"
"=""7226719753073640218""","","=""6955468696362583046""","mlaaadb23","KIMMM²³","gue punya 6...lanjutannya minta dong","27/4/2023, 20.23.46","1","No","0","No","https://www.tiktok.com/@mlaaadb23"
"=""7226714013136487195""","","=""6959700881337238530""","suryatiningsih30","orang gak tau diri","gua cuma punya 4 njir😏","27/4/2023, 20.01.41","1","No","2","No","https://www.tiktok.com/@suryatiningsih30"
"=""7226771008714949402""","=""7226714013136487195""","=""7220410882453685274""","user2428626927945","ups24","bagi","27/4/2023, 23.42.50","1","No","","","https://www.tiktok.com/@user2428626927945"
"=""7226711626098410267""","","=""7169602443147543578""","iinrigger27","𝘼𝘿𝙕𝙍𝙄𝙇","gw udh belih sabun ni😳bisa la.x bagi2 sesama 1 server dan 1 prekuensi teman2!","27/4/2023, 19.52.14","1","No","0","No","https://www.tiktok.com/@iinrigger27"
"=""7226663302599492379""","","=""6894248021112046594""","umam_k26","umam_k26","ternyata pro....😂","27/4/2023, 16.44.53","1","No","2","No","https://www.tiktok.com/@umam_k26"
"=""7226722719022351131""","=""7226663302599492379""","=""6894248021112046594""","umam_k26","umam_k26","Twitter banyak bang 😂","27/4/2023, 20.35.27","0","No","","","https://www.tiktok.com/@umam_k26"
"=""7226657791871992581""","","=""6707074302732846081""","siantarpapuana70","na70","ayo berbagi 🥰🥰🥰🥰🥰","27/4/2023, 16.23.21","1","No","0","No","https://www.tiktok.com/@siantarpapuana70"
"=""7226620636587344667""","","=""6561411020400754697""","egekkk_","ghifarii","gw baru 4 wkwk","27/4/2023, 13.59.19","1","No","1","No","https://www.tiktok.com/@egekkk_"
"=""7226620931162145563""","=""7226620636587344667""","=""7073427905938687002""","innocentgirllllllll","sintxx","bagii bg","27/4/2023, 14.00.38","0","No","","","https://www.tiktok.com/@innocentgirllllllll"
"=""7226603292544811802""","","=""7226567992128193563""","lilnkdibioku","[Link Di Bio]🤤","https://khaddavi.net/tt817 FULL ALBUM NO PW","27/4/2023, 12.52.06","1","No","0","No","https://www.tiktok.com/@lilnkdibioku"
"=""7226559666872140571""","","=""6976243825534862338""","cucudorna","T!mu®9372","kenapa emang orang ini .?","27/4/2023, 10.03.08","1","No","0","No","https://www.tiktok.com/@cucudorna"
"=""7226552251907900187""","","=""6883888845541262337""","hafizah_67","arafiz","kasian syakira mending kalian apus ga osah di sebar","27/4/2023, 09.34.07","1","No","0","No","https://www.tiktok.com/@hafizah_67"
"=""7226552026494092059""","","=""6883888845541262337""","hafizah_67","arafiz","tolong dong jangan di sebarin kasian syakira coba kalian jadi dia giamab perasaan kalian?","27/4/2023, 09.33.26","1","No","0","No","https://www.tiktok.com/@hafizah_67"
"=""7226528452677518106""","","=""7145468087788635162""","0nly_novi","-Novii?","dibalik ukhti berkerudung 🗿🙏","27/4/2023, 08.02.22","1","No","0","No","https://www.tiktok.com/@0nly_novi"
"=""7226510215235142427""","","=""6898330447894742018""","nia_rhmdani1","¥ohanda22","kirem kirem coba lah😏","27/4/2023, 06.51.30","1","No","0","No","https://www.tiktok.com/@nia_rhmdani1"
"=""7226493534894261019""","","=""7029974710247064578""","esthergebog","esther gebog","baru nyimpen 5","27/4/2023, 05.46.27","1","No","0","No","https://www.tiktok.com/@esthergebog"
"=""7226442788044407579""","","=""6863810660175315970""","apinstore","apinstoree","@AYAH KRIN💃💃 bek tuwo setet link nya thon tingi nyoe","27/4/2023, 02.29.14","1","No","0","No","https://www.tiktok.com/@apinstore"
"=""7226375213256360731""","","=""6851995409885103106""","nursakinah24__","andi sakinah","konten ini di penuhi komentar orang orang yang ga ada dosa, dan lupa introspeksi diri!!","26/4/2023, 22.06.55","1","No","0","No","https://www.tiktok.com/@nursakinah24__"
"=""7226371251886654235""","","=""7166109691898053659""","pmudakhirzaman","kiboyy77","cantik² tpi kok mau ngelakuin itu ya","26/4/2023, 21.51.29","1","No","0","No","https://www.tiktok.com/@pmudakhirzaman"
"=""7226354463811732250""","","=""6580672824145379338""","firzzaaaaaa","zaaaabuyy✌🏻","eh Vidio nya ad berapa sih gua cuman 6","26/4/2023, 20.46.22","1","No","0","No","https://www.tiktok.com/@firzzaaaaaa"
"=""7226311292457075482""","","=""7115038956588221466""","inayatulmaqfiroh122","Pler tegak","Di mana ada syakira di situ ada saya😂","26/4/2023, 17.58.56","1","No","0","No","https://www.tiktok.com/@inayatulmaqfiroh122"
"=""7226249848880808731""","","=""7101898434433434629""","kurusaiii","asep12344","pw nya apaain sihh","26/4/2023, 14.36.29","1","No","0","No","https://www.tiktok.com/@kurusaiii"
"=""7226248949287502618""","","=""6837706471377208321""","jemblung99","Jemblung99","kasihan dia","26/4/2023, 13.57.05","1","No","0","No","https://www.tiktok.com/@jemblung99"
"=""7226247660339282714""","","=""7206220240509781019""","e.terluka","anak kecil🍼","YTTA aja yng udh nonton😂","26/4/2023, 13.51.55","1","No","1","No","https://www.tiktok.com/@e.terluka"
"=""7226606341270504219""","=""7226247660339282714""","=""6889715231338857474""","_ese_daf2","DAFPLISHXXX","bagi kak","27/4/2023, 13.03.49","0","No","","","https://www.tiktok.com/@_ese_daf2"
"=""7226213052658631451""","","=""6913730515711738881""","aku_lamahan","Zrii","yg kek piramid itu kan bg?","26/4/2023, 11.37.41","1","No","0","No","https://www.tiktok.com/@aku_lamahan"
"=""7226200011763548955""","","=""6974742776882529281""","roastert3","#MAN#AJA!","kok kalian baru liat sih kan dah lama","26/4/2023, 10.47.39","1","No","0","No","https://www.tiktok.com/@roastert3"
"=""7226198433500857114""","","=""6528589157052727298""","macthamyfav0504","chell suka sushi","Kasian….","26/4/2023, 10.41.17","1","No","0","No","https://www.tiktok.com/@macthamyfav0504"
"=""7226180779817845530""","","=""7014099602156569602""","fadyesss","F.","bagi lah bang","26/4/2023, 09.32.42","1","No","0","No","https://www.tiktok.com/@fadyesss"
"=""7226172212587447067""","","=""6963977661954769921""","arihastuti78","Arihastuti78","ini bikin apa kak,artis apa?","26/4/2023, 08.59.39","1","No","0","No","https://www.tiktok.com/@arihastuti78"
"=""7226151337112060699""","","=""7173320402168726529""","sayaramm","Saya Ramm","minta vdio nya cuy😂","26/4/2023, 07.38.31","1","No","0","No","https://www.tiktok.com/@sayaramm"
"=""7226074744210326277""","","=""6969430074899858438""","irmacenatcenut","🦝","liat di mana ga ada yg jwb","26/4/2023, 07.30.27","1","No","9","No","https://www.tiktok.com/@irmacenatcenut"
"=""7226480680006435590""","=""7226074744210326277""","=""6969430074899858438""","irmacenatcenut","🦝","😌","27/4/2023, 07.45.57","0","No","","","https://www.tiktok.com/@irmacenatcenut"
"=""7226521543047054106""","=""7226074744210326277""","=""6960543752613102598""","mancess11","HR🔹","ada ni😁😂","27/4/2023, 07.35.03","0","No","","","https://www.tiktok.com/@mancess11"
"=""7226186780767879962""","=""7226074744210326277""","=""7050041123432432642""","bewaq18","￶￶","nama twt nya apa bang","26/4/2023, 09.56.01","0","No","","","https://www.tiktok.com/@bewaq18"
"=""7226176522007724827""","=""7226074744210326277""","=""6968095603118294017""","takol345","Cah AG","yandex😂","26/4/2023, 09.16.11","0","No","","","https://www.tiktok.com/@takol345"
"=""7226173906569855771""","=""7226074744210326277""","=""6779544327095157761""","nadilllaaaaa9","dilaa","nama Twitter","26/4/2023, 09.06.04","0","No","","","https://www.tiktok.com/@nadilllaaaaa9"
"=""7226099658254123782""","=""7226074744210326277""","=""6969430074899858438""","irmacenatcenut","🦝","masih ada apa ,entar gua donlwd uda ga ada lagi","26/4/2023, 08.15.06","0","No","","","https://www.tiktok.com/@irmacenatcenut"
"=""7226158704356410138""","=""7226074744210326277""","=""6914670206423254018""","cu.eng_kemanakita","Tegarrssss","Twit bnyk mba","26/4/2023, 08.07.02","0","No","","","https://www.tiktok.com/@cu.eng_kemanakita"
"=""7226103540841284358""","=""7226074744210326277""","=""6969430074899858438""","irmacenatcenut","🦝","iya gua mau download Twitter rasa nya","26/4/2023, 07.57.44","0","No","","","https://www.tiktok.com/@irmacenatcenut"
"=""7226156095629476634""","=""7226074744210326277""","=""6814085888840500225""","inidien_","❀Dien⋆.ೃ࿔*:･","Bener. Giliran ditanya pada ilang","26/4/2023, 07.56.57","0","No","","","https://www.tiktok.com/@inidien_"
"=""7226012597424898821""","","=""7007447284192527365""","ssseeeesses","᠌ ᠌ ᠌ ᠌ ᠌ ᠌ ᠌ ᠌ ᠌ ᠌ ᠌","orang pelit kuburan nya sempit","26/4/2023, 00.51.50","1","No","0","No","https://www.tiktok.com/@ssseeeesses"
"=""7225898830088438555""","","=""6962661589489386497""","jaynolimit221","Jay","𝘼𝙙𝙖 𝘿𝙞 𝙋𝙧𝙤𝙛𝙞𝙡 𝙆𝙪😝 Vidio yang aku smartkan paling kiri😳","25/4/2023, 15.18.32","1","No","0","No","https://www.tiktok.com/@jaynolimit221"
"=""7225694630376964890""","","=""7026181534907008026""","panggil_aja_ibraaanjay","ibraanjay","link bro 👇🏻","25/4/2023, 02.05.59","1","No","0","No","https://www.tiktok.com/@panggil_aja_ibraaanjay"
"=""7225504580644602630""","","=""6945819620943954945""","chikidhot","🌺R.","20 vt ga sih!","24/4/2023, 13.48.22","1","No","3","No","https://www.tiktok.com/@chikidhot"
"=""7225938436187161371""","=""7225504580644602630""","=""6767707725938918402""","fikrymaulana48","F1kry","bagi suhu","26/4/2023, 00.14.38","0","No","","","https://www.tiktok.com/@fikrymaulana48"
"=""7226180064257180422""","=""7225504580644602630""","=""6945819620943954945""","chikidhot","🌺R.","lu mintanya lama","26/4/2023, 09.29.29","0","No","","","https://www.tiktok.com/@chikidhot"
"=""7225990310463030043""","=""7225504580644602630""","=""6767707725938918402""","fikrymaulana48","F1kry","bagi""kali bg😂","26/4/2023, 10.37.24","0","No","","","https://www.tiktok.com/@fikrymaulana48"
"=""7225451316503528219""","","=""7207048319755289601""","dimanajalaubroooo","apajalah","join dongs","24/4/2023, 10.22.02","1","No","0","No","https://www.tiktok.com/@dimanajalaubroooo"
"=""7225403278782350106""","","=""7145058140227929114""","musoo334","rab","nitip
اَللّهُمّصَلِّ عَلٰى سَيِّدِنَا مُحَمّدٍ وَعَلٰى آلِ سَيِّدِنَا مُحَمّدٍ","24/4/2023, 07.15.39","1","No","0","No","https://www.tiktok.com/@musoo334"
"=""7225360572334228250""","","=""6919998767316173825""","kimaay77","𝐁𝐮𝐣𝐚𝐧𝐠𝐢𝐧𝐚𝐦","selamet ada wifi losss poll","24/4/2023, 04.29.56","1","No","0","No","https://www.tiktok.com/@kimaay77"
"=""7225223059753796358""","","=""6944664337927635969""","squezyyy09","spenzy","@yusuf","23/4/2023, 19.36.00","1","No","0","No","https://www.tiktok.com/@squezyyy09"
"=""7225205977414058778""","","=""6924276779046208513""","venxzy.boy","Jun.","lumayan 4 foto sma 13 video","23/4/2023, 18.29.41","1","No","7","No","https://www.tiktok.com/@venxzy.boy"
"=""7225465073166467867""","=""7225205977414058778""","=""6921938942074504194""","ryyyy.___","4%","bukan nya 20 foto 9 vidio","24/4/2023, 11.15.31","0","No","","","https://www.tiktok.com/@ryyyy.___"
"=""7225206576906208026""","=""7225205977414058778""","=""7088169399601153050""","gktauyah68","*aldii*","mana bg","23/4/2023, 18.31.58","0","No","","","https://www.tiktok.com/@gktauyah68"
"=""7225587977447441179""","=""7225205977414058778""","=""7088169399601153050""","gktauyah68","*aldii*","boong nggaa","24/4/2023, 19.12.08","0","No","","","https://www.tiktok.com/@gktauyah68"
"=""7225284672271254299""","=""7225205977414058778""","=""6849323610655818753""","dwifhrizall","fhrizall","bacot","23/4/2023, 23.35.04","0","No","","","https://www.tiktok.com/@dwifhrizall"
"=""7225262619858289434""","=""7225205977414058778""","=""7035903877451678726""","user2041239067978","user2041239067978","bagi bg","23/4/2023, 22.09.27","0","No","","","https://www.tiktok.com/@user2041239067978"
"=""7225208588216697626""","=""7225205977414058778""","=""6980085061232460805""","iwak.chick","Bob","bagi bang","23/4/2023, 18.39.41","0","No","","","https://www.tiktok.com/@iwak.chick"
"=""7225206617145819931""","=""7225205977414058778""","=""7088169399601153050""","gktauyah68","*aldii*","bagiii bangg","23/4/2023, 18.32.05","0","No","","","https://www.tiktok.com/@gktauyah68"
"=""7225201078370190106""","","=""7095751647993873410""","jsjdhdsmduz8548","ari","aku duwe tapi wes ilang","23/4/2023, 18.10.35","1","No","0","No","https://www.tiktok.com/@jsjdhdsmduz8548"
"=""7225170458839089946""","","=""6777219429078385666""","emoeloel_","Mulyono","Duhh jaman sekarang masih ada ada ya cewe yg berani kasih apa apa ke pacar nya","23/4/2023, 16.11.43","1","No","0","No","https://www.tiktok.com/@emoeloel_"
"=""7225166675452363547""","","=""7177791572917928962""","ozzz705","pengguna sekitar","ada 6 vid ada yg mau ga","23/4/2023, 15.57.16","1","No","0","No","https://www.tiktok.com/@ozzz705"
"=""7225153462919611162""","","=""6962423737926108166""","l4zzn","hanzellll","tenang bang masih kuat","23/4/2023, 15.05.47","1","No","0","No","https://www.tiktok.com/@l4zzn"
"=""7225127689350251290""","","=""6935050891951342594""","anakmamah999","Yudsss","ga dl","23/4/2023, 13.26.05","1","No","0","No","https://www.tiktok.com/@anakmamah999"
"=""7225121384514962203""","","=""6993833998926169089""","sunnusc",".","padahal cantik coeg","23/4/2023, 13.01.52","1","No","0","No","https://www.tiktok.com/@sunnusc"
"=""7225100796543009562""","","=""7098700366310016002""","krzz07",".","muka nya mirip cwe di samping rumah gw🗿","23/4/2023, 11.42.07","1","No","0","No","https://www.tiktok.com/@krzz07"
"=""7225095786072277786""","","=""7049389104320381978""","wolfyq7","PESAN KHUSUS","ingat janji mu king","23/4/2023, 17.18.06","1","No","0","No","https://www.tiktok.com/@wolfyq7"
"=""7225045738346038042""","","=""7090785764426187802""","aprillonely3","IPSK • Aprl","MediaFire otw pket lengkap😊","23/4/2023, 08.08.26","1","No","0","No","https://www.tiktok.com/@aprillonely3"
"=""7225042423398073114""","","=""6657083957710782466""","febzkhece","FebriKhece","Pria sejati tidak akan mencari/memiliki👑","23/4/2023, 07.55.19","1","No","0","No","https://www.tiktok.com/@febzkhece"
"=""7225037288391279387""","","=""6941811783523517445""","aganzz23","Aganzz23","26 menit yg lalu😂 ytta","23/4/2023, 15.27.08","1","No","0","No","https://www.tiktok.com/@aganzz23"
"=""7225012885135000347""","","=""7114911617682244614""","alpiandeasprayoga23","Mas A","baru dapet 17😂","23/4/2023, 17.50.20","1","No","6","No","https://www.tiktok.com/@alpiandeasprayoga23"
"=""7226165398775857946""","=""7225012885135000347""","=""7175055028964672514""","anothercyaa___","s","bagi"" bg ,chqt di tiktok ini bg😅","26/4/2023, 08.33.00","0","No","","","https://www.tiktok.com/@anothercyaa___"
"=""7226051148049580826""","=""7225012885135000347""","=""6746696801505920001""","ahyat69","Mas_🅰️","hilang🗿","26/4/2023, 01.09.23","0","No","","","https://www.tiktok.com/@ahyat69"
"=""7225750965784593179""","=""7225012885135000347""","=""6916848589536773121""","okeyajalah09","🔯","bagi bro","25/4/2023, 05.44.47","0","No","","","https://www.tiktok.com/@okeyajalah09"
"=""7225555929034212123""","=""7225012885135000347""","=""7119305935025292315""","naza17388","t","bagi dong bg","24/4/2023, 17.07.47","0","No","","","https://www.tiktok.com/@naza17388"
"=""7225301159698875162""","=""7225012885135000347""","=""7201419818191979546""","lumineux9","homme","bagi lah ko","24/4/2023, 00.39.06","0","No","","","https://www.tiktok.com/@lumineux9"
"=""7225206648503124763""","=""7225012885135000347""","=""7088169399601153050""","gktauyah68","*aldii*","bagii bangg","23/4/2023, 18.32.13","0","No","","","https://www.tiktok.com/@gktauyah68"
"=""7225001882942751514""","","=""7163628432512517122""","cowobumi__","straight","ingat tujuanmu kinh","23/4/2023, 05.18.00","1","No","0","No","https://www.tiktok.com/@cowobumi__"
"=""7224978842787676954""","","=""6939371945855714306""","luxbiee_","bii_obiww","tersusun rapi di gleri","23/4/2023, 03.48.29","1","No","0","No","https://www.tiktok.com/@luxbiee_"
"=""7224948788266566427""","","=""6795363657322365953""","kintromik","kingre","aman save 4 vdeo 17 fto di galeri terabox fb ig gogel gakan ilang 😂","23/4/2023, 01.51.43","1","No","0","No","https://www.tiktok.com/@kintromik"
"=""7224948482929853211""","","=""6930398914990670850""","rakyat.bawah01","✨✨✨✨✨","itu pengantin gw loh udah gw lamar bulan kemarin sebelum puasa, mau nikah nanti 2 mei","23/4/2023, 01.50.34","1","No","0","No","https://www.tiktok.com/@rakyat.bawah01"
"=""7224937155998237445""","","=""6812988529572955138""","__fznnn","Cheetos⚡","2800","23/4/2023, 01.06.30","1","No","0","No","https://www.tiktok.com/@__fznnn"
"=""7224924288451642139""","","=""7175547458519761922""","masskyy_a","ahmdrifqi","Akhirnya rasa penasaran ku hilang ☕","23/4/2023, 00.16.27","1","No","0","No","https://www.tiktok.com/@masskyy_a"
"=""7224900278415115034""","","=""7115635542012527643""","niko.yo_oy","Niko.yo_oy","asik udah gk puasa","22/4/2023, 22.43.30","1","No","0","No","https://www.tiktok.com/@niko.yo_oy"
"=""7224891760492872475""","","=""6925855307890967553""","koooooooo002","🫥","bagi bang","22/4/2023, 22.10.30","1","No","0","No","https://www.tiktok.com/@koooooooo002"
"=""7224882905804587803""","","=""6961341797428757505""","kevin_vrnndo","kevin_vrnndo","tim yg bacanya emyu bukan mu 😅","22/4/2023, 21.35.55","1","No","0","No","https://www.tiktok.com/@kevin_vrnndo"
"=""7224864009983673115""","","=""6889400236797789185""","apaliatliathaa2004","Yoo⚡🫳","katanya mau tobat","22/4/2023, 20.22.43","1","No","0","No","https://www.tiktok.com/@apaliatliathaa2004"
"=""7224863880509850394""","","=""6702236608320095234""","kandangpipofarm","KANDANG PIPO FARM","lah gue punya 9","22/4/2023, 20.22.20","1","No","1","No","https://www.tiktok.com/@kandangpipofarm"
"=""7225085201893622555""","=""7224863880509850394""","=""7112350670867153947""","adit.100210_","dttyoknow★","bagi bang","23/4/2023, 10.41.31","0","No","","","https://www.tiktok.com/@adit.100210_"
"=""7224840371540460314""","","=""7155425074357666822""","khanaeru","Khanaeruu","tiati bro dosa jarinya","22/4/2023, 18.50.59","1","No","0","No","https://www.tiktok.com/@khanaeru"
"=""7224818745465389851""","","=""6914274257871635457""","sencrml_","Sencrml.","@Daa? @هافيد ws nonton urung","22/4/2023, 17.27.04","1","No","0","No","https://www.tiktok.com/@sencrml_"
"=""7224801595438023450""","","=""6875337402380502018""","limateteslq","REYHAN","ingat janjimu waktu minta king","22/4/2023, 16.20.24","1","No","2","No","https://www.tiktok.com/@limateteslq"
"=""7224873239280288538""","=""7224801595438023450""","=""6875337402380502018""","limateteslq","REYHAN","aku mas uduk mbak","22/4/2023, 20.58.28","0","No","","","https://www.tiktok.com/@limateteslq"
"=""7224825505399653146""","=""7224801595438023450""","=""6968917278457676802""","rahmat_frank","Rahmat Frank","apatuh, bgi bagi nah mba🥺","22/4/2023, 17.53.13","0","No","","","https://www.tiktok.com/@rahmat_frank"
"=""7224798722281587483""","","=""6705757674607215617""","hairul.fahri","INIRull","baru juga reset season bg","22/4/2023, 16.09.22","1","No","0","No","https://www.tiktok.com/@hairul.fahri"
"=""7224781663761957659""","","=""6942452122965885958""","mhhmdfrds77","Mhhmdfrdss","untung di ingatkan komen no 1 😂","23/4/2023, 06.09.08","1","No","0","No","https://www.tiktok.com/@mhhmdfrds77"
"=""7224772312380883739""","","=""6928934731061052417""","allin.role","cuck💫","bagi bg😁","22/4/2023, 14.26.56","1","No","0","No","https://www.tiktok.com/@allin.role"
"=""7224678840365548315""","","=""7160823049259074566""","kidhbn","D law","udah liat","22/4/2023, 18.21.16","1","No","0","No","https://www.tiktok.com/@kidhbn"
"=""7224652615493616411""","","=""6805537176987010050""","raffliysp_","raffli","ingat tujuan mu king","22/4/2023, 06.43.26","1","No","0","No","https://www.tiktok.com/@raffliysp_"
"=""7224605440310117121""","","=""6917278017501234178""","hairulwildan","idan","ga munafik tapi gua benci banget sama orang orang yang nyebar,ga mikirin mental tu cewe pasti down banget","22/4/2023, 03.39.24","1","No","0","No","https://www.tiktok.com/@hairulwildan"
"=""7224581175754474267""","","=""6842575194750665730""","fahri_am29","RAHWANA1522","yg ini kok gua ketinggalan yak","22/4/2023, 02.05.12","1","No","0","No","https://www.tiktok.com/@fahri_am29"
"=""7224576810503635739""","","=""7050000448103416834""","user092_05","ᴬᵈⁱᵗⁱᵃ","gue tengok dah ad bulunya bang🛐","22/4/2023, 01.48.20","1","No","0","No","https://www.tiktok.com/@user092_05"
"=""7224572155299300102""","","=""6840089091947283457""","alfthir04","𝙖𝙡𝙛𝙩𝙝𝙞𝙧𝙧𝙥𝙪𝙩𝙩04","Gw banyak cokkk 300","22/4/2023, 01.30.04","1","No","0","No","https://www.tiktok.com/@alfthir04"
"=""7224547795305612058""","","=""6957172372324910082""","ffaaarell","asukayang","ga dlu. dah stop 1bulan king💪💪","21/4/2023, 23.55.32","1","No","0","No","https://www.tiktok.com/@ffaaarell"
"=""7224543253440611099""","","=""7036259298955871259""","rofick_mz","Hooop","udahlah kirain gua dora🗿","21/4/2023, 23.37.54","1","No","0","No","https://www.tiktok.com/@rofick_mz"
"=""7224538242212659994""","","=""7024063562964829186""","apreaaa.id","Aprea","brwpa sih videonya saya punya 6 sj","21/4/2023, 23.18.32","1","No","0","No","https://www.tiktok.com/@apreaaa.id"
"=""7224519869206102811""","","=""6716476649519137793""","gsqfgvg","gsqfgvg","info in lah","21/4/2023, 22.07.10","1","No","0","No","https://www.tiktok.com/@gsqfgvg"
"=""7224519483048624922""","","=""6626694235914403842""","propapalee","jayak","Pw: POWER","21/4/2023, 22.05.36","1","No","0","No","https://www.tiktok.com/@propapalee"
"=""7224497576777679642""","","=""6649302203356495874""","zizzu178","Zizu","info lengkap dimana nih 😅","21/4/2023, 20.40.39","1","No","0","No","https://www.tiktok.com/@zizzu178"
"=""7224492845792133914""","","=""6884438926964179969""","user6874671213187","Gaaa⁸⁰","padahal cantik lo 😌","21/4/2023, 20.22.20","1","No","0","No","https://www.tiktok.com/@user6874671213187"
"=""7224475327664784154""","","=""6807106552223613954""","abrambilki_","bilki’s","dah nonton😂","21/4/2023, 19.14.21","1","No","1","No","https://www.tiktok.com/@abrambilki_"
"=""7224500931240952603""","=""7224475327664784154""","=""7080780361122972698""","4.u36","vin","omdo","21/4/2023, 20.53.58","0","No","","","https://www.tiktok.com/@4.u36"
"=""7224442568568947483""","","=""6961267909491360774""","cleo_0405","Fz","gw punya..
mau bagi tapi puasa","21/4/2023, 17.07.12","1","No","0","No","https://www.tiktok.com/@cleo_0405"
"=""7224428221416620826""","","=""7065984993810580506""","anglerasrul1","angler asrul","GK dulu karena ramadhan mau pergi 😔😓","21/4/2023, 16.11.48","1","No","0","No","https://www.tiktok.com/@anglerasrul1"
"=""7224416402631263002""","","=""7209988168640054299""","keyynotkai","🏴‍☠️","tertata rapi digaleriku😬","21/4/2023, 15.26.02","1","No","0","No","https://www.tiktok.com/@keyynotkai"
"=""7224366093712163589""","","=""6851067458335540225""","6il4n9_","L A N G🅥","minta ngab","21/4/2023, 12.10.37","1","No","0","No","https://www.tiktok.com/@6il4n9_"
"=""7224347437731939098""","","=""7012216651064067078""","adnnn84","szasaturn","ngirip zaima 🗿🗿","21/4/2023, 10.58.18","1","No","0","No","https://www.tiktok.com/@adnnn84"
"=""7224337163441242906""","","=""6871066482450842626""","jovanerdk","Jovan","udh 17 part aja","21/4/2023, 10.18.36","1","No","0","No","https://www.tiktok.com/@jovanerdk"
"=""7224334733068944154""","","=""7061042151635059714""","mlnaagstn_","meilina","hey para wanita, sebagai sesama wanita sebaiknya kita melindungi sodara kita, jangan malah ikut menyebar aibnya, ga malu apa? kita sama"" wanita","21/4/2023, 10.09.25","1","No","1","No","https://www.tiktok.com/@mlnaagstn_"
"=""7224786413634487067""","=""7224334733068944154""","=""6838822955096491009""","d_pn86","Dwi Nurhidayat","stayhalal😅","22/4/2023, 15.21.28","1","No","","","https://www.tiktok.com/@d_pn86"
"=""7224334213322769179""","","=""7224331060300776474""","yournegro0501","🤟🏻","ada nih baca bio aja","21/4/2023, 10.07.13","1","No","0","No","https://www.tiktok.com/@yournegro0501"
"=""7224332788660077339""","","=""6830772179681035266""","pos111yyuuu","F","@Bulejoca_27 viral sii😭🤣","21/4/2023, 10.01.38","1","No","1","No","https://www.tiktok.com/@pos111yyuuu"
"=""7224344018293244698""","=""7224332788660077339""","=""6871430740103201798""","ig.nursamjoca27","L4_bule","eii","21/4/2023, 10.45.22","1","No","","","https://www.tiktok.com/@ig.nursamjoca27"
"=""7224325660776776474""","","=""6960194505056551942""","baeeyem","Baeyeem","cape carinya","21/4/2023, 09.34.21","1","No","0","No","https://www.tiktok.com/@baeeyem"
"=""7224322265167627014""","","=""7102255585420543002""","amrokenekenekene","𝓶𝓮𝓻𝓸...","@mierulboiyyz 😏","21/4/2023, 09.20.18","1","No","0","No","https://www.tiktok.com/@amrokenekenekene"
"=""7224317729459979034""","","=""6913776549608047618""","_rizkyy271","_rizkyy271","ayo dong kirim gua dari kemarin belum dapat anjirr🙏🙏","21/4/2023, 09.03.16","1","No","0","No","https://www.tiktok.com/@_rizkyy271"
"=""7224310568093401883""","","=""6817281997078397953""","prsdnto","30%","bukanya besok pas lebaran😅","21/4/2023, 08.35.32","1","No","0","No","https://www.tiktok.com/@prsdnto"
"=""7224308144167994138""","","=""6897189706354705409""","baladewaku","Adinata Prastia","bagus loh wkwkwkw","21/4/2023, 08.26.30","1","No","0","No","https://www.tiktok.com/@baladewaku"
"=""7224300504225465114""","","=""6735737666572567553""","haidar_060807","Haidar_rrrr","wake up king👑inget tujuanmu💪","21/4/2023, 07.56.23","1","No","0","No","https://www.tiktok.com/@haidar_060807"
"=""7224255027082281755""","","=""6986698541964854273""",".adrianmaulana","taliairr","lebay lu ditwitter juga banyak","21/4/2023, 04.59.48","1","No","0","No","https://www.tiktok.com/@.adrianmaulana"
"=""7224242504346354459""","","=""6521996254318231553""","nandraardnsyh","Nandraa⚡️","ga dulu🙏🏻","21/4/2023, 04.11.00","1","No","0","No","https://www.tiktok.com/@nandraardnsyh"
"=""7224242241966916379""","","=""7132338135359210523""","bungsuuuuuuuuuu3","Ton🔥","Fanny ku terlalu darat
kalo belajar pasti gaada obat
sebelum matahari terbit di arah barat
mending kita tobat
#TETAPWASPASA","21/4/2023, 04.09.56","1","No","0","No","https://www.tiktok.com/@bungsuuuuuuuuuu3"
"=""7224235969876624154""","","=""6867466669061719042""","prmanaagung","Agung Bangettttt","kasian cok","21/4/2023, 03.45.44","1","No","0","No","https://www.tiktok.com/@prmanaagung"
"=""7224234900168901402""","","=""6898494357767750658""","_muhammad_akbar04","zenn_","Berbagi itu indah kawan","21/4/2023, 03.41.28","1","No","2","No","https://www.tiktok.com/@_muhammad_akbar04"
"=""7224247598633616155""","=""7224234900168901402""","=""6970596762784678914""","ddganggara01","anggara01","di twitter banyak bang","21/4/2023, 04.30.42","0","No","","","https://www.tiktok.com/@ddganggara01"
"=""7224256809103737626""","=""7224234900168901402""","=""6941769117940007937""","_chocoomilky","—𝓡é𝔃𝔃𝔃 🇪🇸","di search?","21/4/2023, 05.06.29","1","No","","","https://www.tiktok.com/@_chocoomilky"
"=""7224228436193149722""","","=""6734956447321031682""","rfy42.3","R a f l y y y 🔥","full galeri 😎","21/4/2023, 03.16.20","1","No","2","No","https://www.tiktok.com/@rfy42.3"
"=""7224247779077194522""","=""7224228436193149722""","=""6970596762784678914""","ddganggara01","anggara01","di twitter banyak bang","21/4/2023, 04.31.20","0","No","","","https://www.tiktok.com/@ddganggara01"
"=""7224244218516128539""","=""7224228436193149722""","=""7205200811462050818""","macansukamengaji","Suka mengaji","bagi bg gua transfer dana","21/4/2023, 04.17.40","0","No","","","https://www.tiktok.com/@macansukamengaji"
"=""7224193455194866459""","","=""6825931796061635585""","tamaauu","taffy","bagii dongg","21/4/2023, 01.00.37","1","No","0","No","https://www.tiktok.com/@tamaauu"
"=""7224172686171210523""","","=""6928978622226383874""","fazreluchiha","fazreluchiha","udah nonton....bgus2 woe","20/4/2023, 23.40.01","1","No","0","No","https://www.tiktok.com/@fazreluchiha"
"=""7224161411227370266""","","=""7186489450973135898""","syzzpp","S.","punya 5 vid doang","20/4/2023, 22.56.13","1","No","2","No","https://www.tiktok.com/@syzzpp"
"=""7225383969428161307""","=""7224161411227370266""","=""7128396652721456129""","wongmumettttt",".","bagi","24/4/2023, 06.00.55","0","No","","","https://www.tiktok.com/@wongmumettttt"
"=""7224178395348075290""","=""7224161411227370266""","=""7064564293631099930""","adiestecu","adi. ak2009","bg bagi dong","21/4/2023, 00.02.02","0","No","","","https://www.tiktok.com/@adiestecu"
"=""7224155652234330906""","","=""6925018634804855809""","uculamat","violet","FANNY AKU EMANG DARAT
TAPI KALO DI CLASIK GAADA OBAT
KALAU MATAHARI SUDAH TERBIT DIBARAT
BAGAIMANA CARA NYA ENGKAU MAU BERTAUBAT","20/4/2023, 22.33.47","1","No","0","No","https://www.tiktok.com/@uculamat"
"=""7224149112492163867""","","=""6958810825109783553""","anakmisteririus","19dkx","minta bang,gue follow lu banh,soal nya gue gaj bisa donloawd🥺","20/4/2023, 22.08.29","1","No","0","No","https://www.tiktok.com/@anakmisteririus"
"=""7224148509426008859""","","=""6817304043170989058""","nev3rthles","rullyy","gue baru sampai 9video bagi dong woi sisanya","20/4/2023, 22.06.00","1","No","0","No","https://www.tiktok.com/@nev3rthles"
"=""7224141721201394459""","","=""7019162492656190466""","nusalelu04","R.nusalelu","adakah niat berbagi😅","20/4/2023, 21.39.44","1","No","0","No","https://www.tiktok.com/@nusalelu04"
"=""7224138535648543515""","","=""6555695979790041090""","fleurkeyyyyca","𝜗𝜚 𝖉𝖊𝖑 ❁","17 vid Ama 14 fto nya tersimpan rapi","20/4/2023, 21.27.26","1","No","3","No","https://www.tiktok.com/@fleurkeyyyyca"
"=""7224149053448569627""","=""7224138535648543515""","=""7194427282517541915""","aupaant","Faa","bgi","20/4/2023, 22.08.13","0","No","","","https://www.tiktok.com/@aupaant"
"=""7224136791787193114""","","=""7061878936360289282""","alfiandro17","Alfiandroo","dosa jariyah coy","21/4/2023, 11.04.45","1","No","0","No","https://www.tiktok.com/@alfiandro17"
"=""7224129014120678171""","","=""6969709487537341442""","babylabtr12","Nafii","akurasi puasa tahun ini 70%..GC tau dah","20/4/2023, 20.50.23","1","No","0","No","https://www.tiktok.com/@babylabtr12"
"=""7224127632995730203""","","=""7151300069001511938""","_dhoo.__","rzo🇯🇵","sama","20/4/2023, 20.45.09","1","No","0","No","https://www.tiktok.com/@_dhoo.__"
"=""7224117942017950491""","","=""6940690071034430466""","kentangbosok129","Keebow.","KLO LU UDAH NONTON LIVE NYA GW JAMIN GA JADI KASIAN AMA TU ORG😏","20/4/2023, 20.07.23","1","No","1","No","https://www.tiktok.com/@kentangbosok129"
"=""7612037256869987080""","=""7224117942017950491""","=""7473434776910283777""","habbb_07","→♪Habbb♪←","2026 nih","1/3/2026, 04.52.28","0","No","","","https://www.tiktok.com/@habbb_07"
"=""7224107740644836122""","","=""7218490334194648066""","bobsibaldos","BALDOS AING","UDAH NONTON PART 2 DI YOUTUBE MISTER BOBSKY 😂","20/4/2023, 19.27.53","1","No","0","No","https://www.tiktok.com/@bobsibaldos"
"=""7224107685313479450""","","=""7218490334194648066""","bobsibaldos","BALDOS AING","UDAH NONTON FULL PART 2 DI YOUTUBE MISTER BOBSKY 😂","20/4/2023, 19.27.38","1","No","0","No","https://www.tiktok.com/@bobsibaldos"
"=""7224103815405421338""","","=""7166510193080468507""","rendyyy986","𝕆𝕣𝕒𝕟𝕘 𝕤𝕦𝕤𝕒𝕙","mumpung udah buka siap liat nih 🗿","20/4/2023, 19.12.37","1","No","0","No","https://www.tiktok.com/@rendyyy986"
"=""7224098475150328602""","","=""7102999646791910402""","cebonkkk27","CEBONK⚡","ngerti dewe kan barange","20/4/2023, 18.51.58","1","No","0","No","https://www.tiktok.com/@cebonkkk27"
"=""7224098293387084570""","","=""7061046056751252506""","xyzzindra","17%impossible","gw udah bosan soalnya ga termasuk tipe gw","20/4/2023, 18.51.26","1","No","0","No","https://www.tiktok.com/@xyzzindra"
"=""7224089630085661466""","","=""6849974377561752578""","wongbugiss_","WongBugiss","Bagi dong, udah buka puasa nih😏","20/4/2023, 18.17.49","1","No","0","No","https://www.tiktok.com/@wongbugiss_"
"=""7224070340447617819""","","=""7178449520099181570""","iya_saya_ad1t","YYY","aku ada 4 video nya bg sumpah","20/4/2023, 17.02.57","1","No","0","No","https://www.tiktok.com/@iya_saya_ad1t"
"=""7224065557305557787""","","=""7028175444349486106""","bukanidamanmamaaji17","FadilllllAnakSd","etdh ska bngt nybrin aib orng
umur gda yg tau
knten lu viral dosanya ngalir buat lu","20/4/2023, 16.44.30","1","No","0","No","https://www.tiktok.com/@bukanidamanmamaaji17"
"=""7224063456936149786""","","=""6970672056149705730""","alfin.a.p","MAS AL","keren","20/4/2023, 16.36.15","1","No","0","No","https://www.tiktok.com/@alfin.a.p"
"=""7224039666478842650""","","=""6956521919583732737""","samzzzz9","Sam","ALLAH SWT saja menutupi aib mu lantas kenapa engkau mengumbar aib saudara mu?","20/4/2023, 15.03.54","1","No","1","No","https://www.tiktok.com/@samzzzz9"
"=""7224039979587814171""","=""7224039666478842650""","=""6956521919583732737""","samzzzz9","Sam","semua perbuatan yg kita lakukan akan di pertanggungjawabkn, jikalau orang yg kau malu kn, dia TDK ridha maka celaka lh dirimu ⚠️","20/4/2023, 15.05.17","0","No","","","https://www.tiktok.com/@samzzzz9"
"=""7224025692953133851""","","=""6653722677519679490""","mr.angga26_","RANGGA.Dn","paansi ada yg begini di buat rame.. kalau tau Yh cukup lupa aj yg tau bnyk orng yg belum tau jadi tau gara""orng kya lu","20/4/2023, 14.09.32","1","No","0","No","https://www.tiktok.com/@mr.angga26_"
"=""7224016011313414939""","","=""6975813079369221122""","roziinnn","rozin","@lrsyaa++","20/4/2023, 13.32.09","1","No","1","No","https://www.tiktok.com/@roziinnn"
"=""7224096187606795034""","=""7224016011313414939""","=""6834392224055739393""","rasyaelaa","rasya","iyo iki","20/4/2023, 18.43.07","0","No","","","https://www.tiktok.com/@rasyaelaa"
"=""7223981231746171674""","","=""7142112805117953051""","stm.faktori","regi anderan","udahh bg kasihan","20/4/2023, 21.30.43","1","No","0","No","https://www.tiktok.com/@stm.faktori"
"=""7223978263890117402""","","=""6605507737822625794""","tamma_miqdad","Hegzy-","tinggal minta sm ayang sndiri bs tiap hr ngapain nyari nyari wkwkkw","20/4/2023, 11.05.52","1","No","0","No","https://www.tiktok.com/@tamma_miqdad"
"=""7223949091960685338""","","=""7067882664178729985""","rifky4mee","Ripkylz","njr bnyak bnget😅","20/4/2023, 09.12.55","1","No","0","No","https://www.tiktok.com/@rifky4mee"
"=""7223943048107033370""","","=""6817029835955110913""","anditaufik343","ANTAdong🚀","bagi bng","20/4/2023, 08.49.33","1","No","0","No","https://www.tiktok.com/@anditaufik343"
"=""7223935252460618523""","","=""6857235954987811842""","edysofyian_","Eddysofyian_","dia ngapain gue nonton live yg 40 menit gk ngapain""","20/4/2023, 08.19.20","1","No","1","No","https://www.tiktok.com/@edysofyian_"
"=""7223971999663899418""","=""7223935252460618523""","=""6886841535641568258""","ridhosaputra237","ridho🐍","beda njir","20/4/2023, 10.41.56","0","No","","","https://www.tiktok.com/@ridhosaputra237"
"=""7223931459974578970""","","=""6526481876751106049""","syahrulhamdi48","syahrul hamdi","untung aku liat pas sahur 😂","20/4/2023, 08.04.26","1","No","2","No","https://www.tiktok.com/@syahrulhamdi48"
"=""7223967988330906374""","=""7223931459974578970""","=""6956105023492719617""","fujaagstriajj","fujaaa","send bang","20/4/2023, 10.25.31","0","No","","","https://www.tiktok.com/@fujaagstriajj"
"=""7223938257792467738""","=""7223931459974578970""","=""6919114459018150913""","taufikfirmansyahhh","taufikk","bagi bang😳","20/4/2023, 08.30.58","0","No","","","https://www.tiktok.com/@taufikfirmansyahhh"
"=""7223929013298692869""","","=""6918138895021917185""","manusiaa3033","ara","semangat buat cwo yg lebaran nya mau glowing","20/4/2023, 13.59.31","1","No","0","No","https://www.tiktok.com/@manusiaa3033"
"=""7223923410518180634""","","=""6970975893032535041""","steveererr","Steve..","gak usah sok kuat king 👑","20/4/2023, 07.33.34","1","No","1","No","https://www.tiktok.com/@steveererr"
"=""7223972371735233307""","=""7223923410518180634""","=""6886841535641568258""","ridhosaputra237","ridho🐍","🥺","20/4/2023, 10.42.52","0","No","","","https://www.tiktok.com/@ridhosaputra237"
"=""7223920316861596442""","","=""6927773427684754438""","rbb_ggc","kepooooeee","@keepbeingyoubyy tweter byk","20/4/2023, 07.21.04","1","No","0","No","https://www.tiktok.com/@rbb_ggc"
"=""7223916370008818458""","","=""7185753065851798530""","bismilah_abneg","calon marinir😛🔥","gw yg ketinggalan berita","20/4/2023, 07.05.41","1","No","0","No","https://www.tiktok.com/@bismilah_abneg"
"=""7223915159471129371""","","=""6941303353235604482""","nohearts4","?","foto"" bng","20/4/2023, 07.01.33","1","No","0","No","https://www.tiktok.com/@nohearts4"
"=""7223912593622369051""","","=""7076640691883246618""","danangandiningrat","dαnαnαng","LINK E BOLO","20/4/2023, 06.51.31","1","No","0","No","https://www.tiktok.com/@danangandiningrat"
"=""7223910942801986331""","","=""7163177504894813186""","lukmann999","🇱 🇺 🇰 🇲 🇦 🇳","mahkota mu ketinggalan king 🩲🙏","20/4/2023, 06.44.38","1","No","0","No","https://www.tiktok.com/@lukmann999"
"=""7223889675227317018""","","=""6916037269997437954""","sittzz1","𝚁 𝙾 𝙻 👊","gk dulu","20/4/2023, 05.21.58","1","No","1","No","https://www.tiktok.com/@sittzz1"
"=""7223949437508289306""","=""7223889675227317018""","=""6949518613297300482""","khfdleee","pincesss🪼","ttp brthn😂","20/4/2023, 09.14.04","0","No","","","https://www.tiktok.com/@khfdleee"
"=""7223868955457520410""","","=""7213143480956617746""","lov329p34c3","aih apalu","bagi coba","20/4/2023, 04.01.24","1","No","0","No","https://www.tiktok.com/@lov329p34c3"
"=""7223862994563629850""","","=""7145416515868607514""","dennnnnnnnii_","￴￴￴￴￴￴￴￴￴￴￴dedenn","baru gua apus smua kemaren wkwk","20/4/2023, 03.38.20","1","No","1","No","https://www.tiktok.com/@dennnnnnnnii_"
"=""7223876019055854363""","=""7223862994563629850""","=""6919689739672290306""","wrwnxa","i'mwrwn","klo kemaren bukan baru lgi namnya😏, blibet","20/4/2023, 04.28.55","0","No","","","https://www.tiktok.com/@wrwnxa"
"=""7223862752216171291""","","=""7204902513937531931""","kagenou_al","al.","bru 3 video","20/4/2023, 03.37.20","1","No","0","No","https://www.tiktok.com/@kagenou_al"
"=""7223857167983969050""","","=""7202001212785869851""","maousama.n","Fal editz☠️","g seru cuk, g asik ngeliat nya😑","20/4/2023, 03.15.52","1","No","0","No","https://www.tiktok.com/@maousama.n"
"=""7223820654264402715""","","=""7194026673750311962""","iqbalpillein","iqbalpileein","https://mediafireHdgySZH.xfz-fii.me/vhsfhqpdhdsih6. ni bro","20/4/2023, 00.54.08","1","No","0","No","https://www.tiktok.com/@iqbalpillein"
"=""7223782668021121818""","","=""6834283669383267329""","allbob31","ALLBOB_TS","Udah liat","19/4/2023, 22.26.27","1","No","0","No","https://www.tiktok.com/@allbob31"
"=""7223760869553013530""","","=""6960302125479232517""","fajarsukaaturu","F","ada yg mau bt sama Hana viral?","19/4/2023, 21.01.59","1","No","0","No","https://www.tiktok.com/@fajarsukaaturu"
"=""7223736113649910554""","","=""7189958473189704706""","harnolusnugi","Harnolus Nugi","gw ada cuy","19/4/2023, 19.25.45","1","No","0","No","https://www.tiktok.com/@harnolusnugi"
"=""7223728783504818970""","","=""7108546737481270298""","weskadongmumet1",".","jangan di sebar lah bang kasian gw juga punya mantan gw tapi gak gw sebar bang kasian masa udh di kasih malah nyebar","19/4/2023, 18.57.27","1","No","3","No","https://www.tiktok.com/@weskadongmumet1"
"=""7225476906819715867""","=""7223728783504818970""","=""6835548334133740545""","hantu_993","hantu","kerja bagus😂","24/4/2023, 12.01.07","0","No","","","https://www.tiktok.com/@hantu_993"
"=""7224072350030660378""","=""7223728783504818970""","=""7108546737481270298""","weskadongmumet1",".","gw lebih baik losstrek dari pada bagiin vidio nya ke orang","20/4/2023, 17.10.40","0","No","","","https://www.tiktok.com/@weskadongmumet1"
"=""7224044750817493786""","=""7223728783504818970""","=""6835548334133740545""","hantu_993","hantu","bagi bang klo gk kasih lose streak 50 kali","20/4/2023, 15.23.32","0","No","","","https://www.tiktok.com/@hantu_993"
"=""7223724394768925467""","","=""6962596378095141890""","netral__3","𝙈𝙚𝙞𝙨𝙞𝙣","aku lupakan tujuan ku king sekarang bagi la","19/4/2023, 18.40.24","1","No","0","No","https://www.tiktok.com/@netral__3"
"=""7223720077245088538""","","=""7203617544166638618""","mzjhv","vinnn","udh punya file nya tpi ga berani buka","19/4/2023, 18.23.42","1","No","5","No","https://www.tiktok.com/@mzjhv"
"=""7223725956422517510""","=""7223720077245088538""","=""7023479887973680129""","scorpio__135","Hardi","berbagi itu rezeki ngabss","19/4/2023, 18.46.27","0","No","","","https://www.tiktok.com/@scorpio__135"
"=""7223725859848225541""","=""7223720077245088538""","=""7023479887973680129""","scorpio__135","Hardi","gass","19/4/2023, 18.46.00","0","No","","","https://www.tiktok.com/@scorpio__135"
"=""7223722859096195867""","=""7223720077245088538""","=""7203617544166638618""","mzjhv","vinnn","seribu satu 🗿","19/4/2023, 18.34.27","0","No","","","https://www.tiktok.com/@mzjhv"
"=""7223642790545097499""","=""7223720077245088538""","=""6945830283137303554""","eyyypull","￴ ￴ ￴ ￴ ￴ ￴ ￴ ￴ ￴￴ ￴ ￴ ￴","berbagai iru indah kawan","19/4/2023, 18.30.58","0","No","","","https://www.tiktok.com/@eyyypull"
"=""7223721492587348742""","=""7223720077245088538""","=""7023479887973680129""","scorpio__135","Hardi","bagi ngabs","19/4/2023, 18.29.01","0","No","","","https://www.tiktok.com/@scorpio__135"
"=""7223715455566463771""","","=""6773861246855103490""","chessmanzg","chessmannzg","lebaran otw glowing ayoo king","19/4/2023, 18.05.46","1","No","0","No","https://www.tiktok.com/@chessmanzg"
"=""7223714252921783066""","","=""7023979109051401218""","wira_bakti_234","BG  wir","tidak perlu kata kata yang penting bukti nyata kalo emang ada kirim","19/4/2023, 18.01.12","1","No","0","No","https://www.tiktok.com/@wira_bakti_234"
"=""7223707268045964059""","","=""6844543191899751425""","1v44ann","B4E | Ch¡iko2`","2hari lagi tahann broo!!👌","19/4/2023, 17.33.58","1","No","0","No","https://www.tiktok.com/@1v44ann"
"=""7223703666648646427""","","=""6547069669050744834""","gielsimbokkv2_","𝙖𝙣𝙙𝙤𝙧𝙮𝙖𝙎𝙠𝙝𝙣𝙩_","yang mau add gw dulu sumpah gw kasih","19/4/2023, 17.20.01","1","No","1","No","https://www.tiktok.com/@gielsimbokkv2_"
"=""7223718164458226459""","=""7223703666648646427""","=""6887942017545094145""","pengenmasukesportt","kangenn","gw uda njir prh boong lu","19/4/2023, 18.16.19","0","No","","","https://www.tiktok.com/@pengenmasukesportt"
"=""7223698086349308678""","","=""6981804046193689601""","fadhilafkarnst_","fadhilll","mending gausa bro
lebaran kita glow up bareng","19/4/2023, 16.58.17","1","No","0","No","https://www.tiktok.com/@fadhilafkarnst_"
"=""7223691599980659482""","","=""7082736262583665665""","0rnaza","𝑵𝒂𝒂🌻","waduhh pas lebaran ga jadi glowing lo bang kasian amat🤭","19/4/2023, 16.33.21","1","No","0","No","https://www.tiktok.com/@0rnaza"
"=""7223690788537991963""","","=""6916646366279189506""","adit_0.30","adit","jangan kaya gitu bg gimana kalo saudara perempuan lu digituin","19/4/2023, 16.30.14","1","No","0","No","https://www.tiktok.com/@adit_0.30"
"=""7223688495192294170""","","=""6818366124389532673""","mrfkmln","￴","asli dia ga si cokk bingung gw","19/4/2023, 16.21.11","1","No","0","No","https://www.tiktok.com/@mrfkmln"
"=""7223685393685185306""","","=""7102005590705439770""","bakerry._","Bak._","@กระเจี๊ยว⚡ cakyo si katt","19/4/2023, 16.09.10","1","No","0","No","https://www.tiktok.com/@bakerry._"
"=""7223684879836332827""","","=""6708865100004066305""","arkandwimulyonugroho","Arkan Dwimulyo Nugro","kok bisa lho dia berani bgt, ap g mikiran kedepanny y?","19/4/2023, 16.07.00","1","No","0","No","https://www.tiktok.com/@arkandwimulyonugroho"
"=""7223684396209324827""","","=""7004691564530402331""","abcdefghfuckyouu","🫀","Bagi king sekali²king hahaha","19/4/2023, 16.05.31","1","No","0","No","https://www.tiktok.com/@abcdefghfuckyouu"
"=""7223683984907059994""","","=""6919299388969305089""","_mokulex","_MOKUlex","ksiqn nya","19/4/2023, 16.03.49","1","No","0","No","https://www.tiktok.com/@_mokulex"
"=""7223682751215436570""","","=""7119639058553586715""","ropi_24","ropi","@. apa sih ini","19/4/2023, 15.59.03","1","No","4","No","https://www.tiktok.com/@ropi_24"
"=""7223684896187122459""","=""7223682751215436570""","=""7119639058553586715""","ropi_24","ropi","kenapa dih","19/4/2023, 16.07.28","1","No","","","https://www.tiktok.com/@ropi_24"
"=""7223684487505822491""","=""7223682751215436570""","=""6805715941265114113""","sl4_28","heyy_","ngga mau","19/4/2023, 16.05.41","1","No","","","https://www.tiktok.com/@sl4_28"
"=""7223684168369554203""","=""7223682751215436570""","=""7119639058553586715""","ropi_24","ropi","cari mbulll😂","19/4/2023, 16.04.19","1","No","","","https://www.tiktok.com/@ropi_24"
"=""7223683209022980891""","=""7223682751215436570""","=""6805715941265114113""","sl4_28","heyy_","ngga tau","19/4/2023, 16.00.36","1","No","","","https://www.tiktok.com/@sl4_28"
"=""7223681227101520667""","","=""6844407508074513410""","rendraa_ajeee",".","info link mazzeh","19/4/2023, 15.53.05","1","No","0","No","https://www.tiktok.com/@rendraa_ajeee"
"=""7223680082882888474""","","=""6837484333234865153""","arull_000512","Unknown Person","gw ada, tapi cuma punya 5 doang","19/4/2023, 15.48.33","1","No","0","No","https://www.tiktok.com/@arull_000512"
"=""7223679245733708571""","","=""7177012258802664475""","dims.co1","DimasCo","info link","19/4/2023, 15.45.27","1","No","0","No","https://www.tiktok.com/@dims.co1"
"=""7223672157136913179""","","=""7165869640400274434""","pemudajalurnekat","JALUR NEKAT TEAM","sehat ²wanita mahal","19/4/2023, 15.17.47","1","No","0","No","https://www.tiktok.com/@pemudajalurnekat"
"=""7223672039974322971""","","=""6996634810714899457""","leonardo_brien","LEONARDO","Teamvick nya item 💀","19/4/2023, 15.17.35","1","No","0","No","https://www.tiktok.com/@leonardo_brien"
"=""7223668326945293082""","","=""7167215305436218369""","opallll_taqeeee","keju_enakkk","download Twitter ketik: syakirah,bnyk tu","19/4/2023, 15.03.03","1","No","0","No","https://www.tiktok.com/@opallll_taqeeee"
"=""7223610309305959194""","","=""6640857544393441282""","firmann2002","𝐅","Lu kok suka banget nyebar aib orang tanpa memikirkan perasaan nya bro?","19/4/2023, 11.17.56","1","No","0","No","https://www.tiktok.com/@firmann2002"
"=""7223605280092979994""","","=""6853794234304218114""","derylrizky_28","Ryll_28","emangg kenapa sii?? gatau gw","19/4/2023, 10.58.45","1","No","0","No","https://www.tiktok.com/@derylrizky_28"
"=""7223596831560499995""","","=""6762832480712442882""","ikyyy17777","ikyyy","fanny ku emang darat
tapi sekali belajar ga ada obat
segera lah bertaubat
sebelum matahari terbit di barat","19/4/2023, 18.58.50","1","No","0","No","https://www.tiktok.com/@ikyyy17777"
"=""7223570606105035547""","","=""7176898737816617986""","kathsem00","Kathsem","mantap ☝☝","19/4/2023, 08.44.23","1","No","0","No","https://www.tiktok.com/@kathsem00"
"=""7223561822719607578""","","=""6902311779495101442""","an0thersideafrah","cutegirl","cek disiniii king☝️☝️","19/4/2023, 08.09.57","1","No","0","No","https://www.tiktok.com/@an0thersideafrah"
"=""7223521623323116315""","","=""6958331553014416390""","agngkrnwan","a g n","20k ful part pc","19/4/2023, 05.33.50","1","No","0","No","https://www.tiktok.com/@agngkrnwan"
"=""7223449153614856966""","","=""6858104529449419778""","pxdhl","pxdhl","Ada kabar bg core bumi berhenti berputar Dan memutar semula Dalam keadaan terbalik dimana sunrise Dari barat😬","19/4/2023, 00.52.14","1","No","0","No","https://www.tiktok.com/@pxdhl"
"=""7223441428433044251""","","=""7088341159517537285""","drrt_project","💥💥","kantung mata tidak pernah berbohong","19/4/2023, 00.22.30","1","No","1","No","https://www.tiktok.com/@drrt_project"
"=""7223482254222246683""","=""7223441428433044251""","=""6924981654037824514""","iakakjskskakkaa","Hessa.","knp emang klo kantong mata??😅","19/4/2023, 03.00.41","1","No","","","https://www.tiktok.com/@iakakjskskakkaa"
"=""7223407550565384987""","","=""7173964753596351515""","ayydla","aidila wati","vidio apa sih","18/4/2023, 22.11.02","1","No","0","No","https://www.tiktok.com/@ayydla"
"=""7223395416314200858""","","=""6553598985947414529""","rumahgajahituhehe","nuvo","cuma foto doang sma video bentar","18/4/2023, 21.23.56","1","No","0","No","https://www.tiktok.com/@rumahgajahituhehe"
"=""7223359220083016474""","","=""7192273760354403355""","aishaafhs","aisha","isinya gimana emg?","18/4/2023, 19.03.28","1","No","0","No","https://www.tiktok.com/@aishaafhs"
"=""7223337201449812762""","","=""7143596427318117377""","urgoneisorse","나디아","knp si","18/4/2023, 17.37.58","1","No","0","No","https://www.tiktok.com/@urgoneisorse"
"=""7223335477461189382""","","=""6966291431216890882""","alifaufaraihan",".","Fanny ku terlalu darat
kalo belajar pasti gaada obat
sebelum matahari terbit di arah barat
mending kita tobat","18/4/2023, 17.31.11","1","No","0","No","https://www.tiktok.com/@alifaufaraihan"
"=""7223334415946449690""","","=""7154470832114729985""","muthofabkey","topa","bang jangan gitu","18/4/2023, 17.27.19","1","No","0","No","https://www.tiktok.com/@muthofabkey"
"=""7223331393857569563""","","=""7152143747916399617""","putriilvy20","putee","inget janji yng dlu wktu kmu memintanya","18/4/2023, 17.15.28","1","No","0","No","https://www.tiktok.com/@putriilvy20"
"=""7223331046334251782""","","=""6908739941964186626""","krel_mhrm","￴￴","hama tiktok gajelas anjg","18/4/2023, 17.14.01","1","No","0","No","https://www.tiktok.com/@krel_mhrm"
"=""7223326042236076827""","","=""6977128666137052161""","boleee_30","._.","@bukan_putra.lagi cri bg wkw😂","18/4/2023, 16.54.49","1","No","1","No","https://www.tiktok.com/@boleee_30"
"=""7223659328099746587""","=""7223326042236076827""","=""7180268854139700250""","bukan_sal.lagi","sal_____12","malas lah😂","19/4/2023, 14.28.10","0","No","","","https://www.tiktok.com/@bukan_sal.lagi"
"=""7223325380102538010""","","=""6951788575689245698""","adittyaxz_","⛥","nyesek si","18/4/2023, 16.52.18","1","No","0","No","https://www.tiktok.com/@adittyaxz_"
"=""7223323511031743259""","","=""7043580698368738331""","sbyncaaaa","icaaa","tobat ulangi lgi tobat ulangi lagi g kasian apah Ama tuhan Lo udh beri kesempatan tobat astaghfirullah","18/4/2023, 16.44.54","1","No","0","No","https://www.tiktok.com/@sbyncaaaa"
"=""7223319588870996763""","","=""6938460443463959554""","user0183773819193819","user0183773819193819","GAK DULU YAAAA, KAMI TIM YG SANGAT MENGHARGAI WANITA🔥🔥","18/4/2023, 16.29.38","1","No","0","No","https://www.tiktok.com/@user0183773819193819"
"=""7223319554745975579""","","=""6911544687971959809""","dhooridho445","𝕽𝖎𝖉𝖍𝖔.","milk","18/4/2023, 16.29.28","1","No","0","No","https://www.tiktok.com/@dhooridho445"
"=""7223318108084372250""","","=""7199520638478304257""","ramaa.pontianaktimur","zx ramaa","Bagi oii😁","18/4/2023, 16.23.46","1","No","0","No","https://www.tiktok.com/@ramaa.pontianaktimur"
"=""7223311138549007130""","","=""6988535509924758555""","_masekapratama99","Mas eka pratama99","di file saya masi tersimpan rapi ada beberapa foto sama video 😂","18/4/2023, 15.57.09","1","No","0","No","https://www.tiktok.com/@_masekapratama99"
"=""7223306749046014747""","","=""7158741998541751297""","munding_0","orang cemen","buat hp ip gmna bang 😁","18/4/2023, 15.39.59","1","No","0","No","https://www.tiktok.com/@munding_0"
"=""7223290131313754907""","","=""7095165505056916481""","dbontcanster","Doncastfillex","simpen dlu aja, abis lebaran [ sholat id ] baru nntn wkw soal nya mau glowing dlu wkw","18/4/2023, 14.35.25","1","No","0","No","https://www.tiktok.com/@dbontcanster"
"=""7223286466960327451""","","=""7058204115827295234""","yusuflonely_","vwxycupp","gua yang udh tau : santai dulu gak sih 🥦","18/4/2023, 14.21.15","1","No","0","No","https://www.tiktok.com/@yusuflonely_"
"=""7223285514475488027""","","=""7098901309016916994""","ntumftsupersus","Ntum || Freya🥰","lebih tertarik thr","18/4/2023, 14.17.31","1","No","0","No","https://www.tiktok.com/@ntumftsupersus"
"=""7223279610200048411""","","=""6889045741026198530""","bgs4730","𝘽𝙜𝙪𝙨-𝟰𝟳.","jumlah nya berapa sih ?","18/4/2023, 13.54.36","1","No","0","No","https://www.tiktok.com/@bgs4730"
"=""7223277309544153882""","","=""7131612876410455042""","_d7_30","_d7_30","ktanya mau GLOWING biar disukai banyak cewe Lo bro😊","18/4/2023, 13.45.32","1","No","0","No","https://www.tiktok.com/@_d7_30"
"=""7223272771547562778""","","=""7005559377001612315""","d4rr_","😾👿😠","tatapi diakan solo doang","18/4/2023, 13.28.17","1","No","0","No","https://www.tiktok.com/@d4rr_"
"=""7223259251233407771""","","=""7135758652023505922""","someone_shuuo","r","katanya mau muka bersih?","18/4/2023, 12.35.39","1","No","0","No","https://www.tiktok.com/@someone_shuuo"
"=""7223251904174932762""","","=""7143241672817542146""","fajarrr.66","SOMEONE","40 video
60 foto
tersimpan di galeri","18/4/2023, 12.06.58","1","No","0","No","https://www.tiktok.com/@fajarrr.66"
"=""7223250991855289115""","","=""6835811222421849090""","yahahaahahahahahhayukk","D.Ace","pengsolo handal","18/4/2023, 12.03.24","1","No","0","No","https://www.tiktok.com/@yahahaahahahahahhayukk"
"=""7223246359187538715""","","=""7189252602713343003""","komodotimur16","RiianHrdiansyh🔹","orang yang knal syakira. wah gua hrus rasain juga nih wkkwkwk","18/4/2023, 11.45.26","1","No","1","No","https://www.tiktok.com/@komodotimur16"
"=""7223248992171442971""","=""7223246359187538715""","=""7189252602713343003""","komodotimur16","RiianHrdiansyh🔹","main air buat basuh muka","18/4/2023, 11.55.57","0","No","","","https://www.tiktok.com/@komodotimur16"
"=""7223239428519658246""","","=""6911557464539546625""","asepkopling001","10💫","apasi co diblkng mlu","18/4/2023, 11.18.26","1","No","0","No","https://www.tiktok.com/@asepkopling001"
"=""7223237164616041242""","","=""6699739896443552769""","szawio2","szaW","event ini tinggal 3 hari lagi king mari kita bertaubat sebelum terlambat","18/4/2023, 11.10.07","1","No","0","No","https://www.tiktok.com/@szawio2"
"=""7223236466465358619""","","=""6748754866602034178""","boboboylima","fun","@moodie tugasmu😂","18/4/2023, 11.07.23","1","No","0","No","https://www.tiktok.com/@boboboylima"
"=""7223235715176923930""","","=""6601827201178599425""","305_ris","R!s_","udah lah bang nonton sendiri aja bang kasian😅","18/4/2023, 11.04.13","1","No","0","No","https://www.tiktok.com/@305_ris"
"=""7223234424727552795""","","=""6958330188452168705""","mhmdnurrobi","Mhmmd nur Robi","Inget tujuan kita","18/4/2023, 10.59.05","1","No","0","No","https://www.tiktok.com/@mhmdnurrobi"
"=""7223233593698763546""","","=""7130073644336530459""","nadiasumsel","Nadia.","dengar shound keren
saat ny menghalu pun di mulai😎","18/4/2023, 10.56.14","1","No","0","No","https://www.tiktok.com/@nadiasumsel"
"=""7223232874315662106""","","=""6867351674262225922""","dingdung24","🏃🏻‍♂️","bullshit bro","18/4/2023, 10.53.05","1","No","0","No","https://www.tiktok.com/@dingdung24"
"=""7223231551236064026""","","=""7059716120584913946""","gbtdoang22_","uun utamii","apasii ketinggalan trossss","18/4/2023, 10.48.10","1","No","1","No","https://www.tiktok.com/@gbtdoang22_"
"=""7223457816773067546""","=""7223231551236064026""","=""7064132148709671938""","jekichen0125","zacky","hahhahaa","19/4/2023, 01.25.54","1","No","","","https://www.tiktok.com/@jekichen0125"
"=""7223244466336596762""","=""7223231551236064026""","=""7059716120584913946""","gbtdoang22_","uun utamii","gua cwe banh","18/4/2023, 11.38.16","0","No","","","https://www.tiktok.com/@gbtdoang22_"
"=""7223230584571052806""","","=""6872957083751842818""","vania.cangtipp","vania.cangtipp","@VARGHE gua dah punya","18/4/2023, 10.44.21","1","No","1","No","https://www.tiktok.com/@vania.cangtipp"
"=""7223321767904215834""","=""7223230584571052806""","=""6976147075281028098""","varghe_","VARGHEEE","😂😂😂😂","18/4/2023, 16.38.11","0","No","","","https://www.tiktok.com/@varghe_"
"=""7223230324069696283""","","=""6733749683464389634""","spect.ram","⃟","Pasti yang nyebarin mantannya🗿","18/4/2023, 10.43.05","1","No","0","No","https://www.tiktok.com/@spect.ram"
"=""7223230073255052033""","","=""7081449294821311515""","j44menolaknt","Dattebayo","Padahal putih cerah anjjj,tapii kenapa engga pink:(","18/4/2023, 10.42.04","1","No","1","No","https://www.tiktok.com/@j44menolaknt"
"=""7223231909228020485""","=""7223230073255052033""","=""6940512610145223681""","urboyardyan","ardy✮n","coklat😅","18/4/2023, 10.49.24","0","No","","","https://www.tiktok.com/@urboyardyan"
"=""7223229342284645146""","","=""6868392861898441729""","zenkhars","ZENKHARS","ytta, yang twitttwiiter aja 🤣","18/4/2023, 20.18.02","1","No","1","No","https://www.tiktok.com/@zenkhars"
"=""7223682086064898843""","=""7223229342284645146""","=""7150278238241489921""","syarifball","iqbal karamoy","bagi la","19/4/2023, 15.56.11","0","No","","","https://www.tiktok.com/@syarifball"
"=""7223227795609617179""","","=""7049354159632040962""","aku_hafiz","𝐚𝐩𝐢𝐬𝐳","Jangan! Jangan sia-siakan event ini dengan yg begitu king 👑","18/4/2023, 10.33.26","1","No","0","No","https://www.tiktok.com/@aku_hafiz"
"=""7223224965944165146""","","=""6814021706685334529""","aldiiii_09","Aldi","inga tujuan mu king kita semua harus glowing saat lebaran nanti👑🔥","18/4/2023, 10.22.43","1","No","1","No","https://www.tiktok.com/@aldiiii_09"
"=""7223721232583525147""","=""7223224965944165146""","=""7078161936495641626""","c.calls","c.calls","👆🏻👆🏻😁","19/4/2023, 18.28.15","0","No","","","https://www.tiktok.com/@c.calls"
"=""7223223871767708442""","","=""6883307516210840577""","palayyy_","PADLIIII","brp vidio sih ini?","18/4/2023, 10.18.36","1","No","4","No","https://www.tiktok.com/@palayyy_"
"=""7223225454722401050""","=""7223223871767708442""","=""6969715784919188481""","user8508009","MANUSIA SEDERHANA","40ngb","18/4/2023, 10.24.24","0","No","","","https://www.tiktok.com/@user8508009"
"=""7223229268841988890""","=""7223223871767708442""","=""7097862146495087617""","yogo963","🌻🌻🌻","buset banh","18/4/2023, 10.39.11","0","No","","","https://www.tiktok.com/@yogo963"
"=""7223238870216491802""","=""7223223871767708442""","=""6969715784919188481""","user8508009","MANUSIA SEDERHANA","🥰","18/4/2023, 11.16.33","0","No","","","https://www.tiktok.com/@user8508009"
"=""7223231032735073029""","=""7223223871767708442""","=""7005537749906457602""","winsa_100","Win.Arsy","lol phising cil","18/4/2023, 10.45.50","3","No","","","https://www.tiktok.com/@winsa_100"
"=""7223222917638963994""","","=""6919077333736670209""","riyelskirtt","Vlantass","""buka puasa berbagi""🤓
dosa jariyah bro, susah mutusinnya lu sendiri yg bakal kesusahan","18/4/2023, 10.14.37","1","No","0","No","https://www.tiktok.com/@riyelskirtt"
"=""7223206680962564891""","","=""6929642464294749186""","rfldi65","𝙉𝙞𝙥𝙤𝙣","lupakan tujuanmu king","18/4/2023, 09.11.26","1","No","0","No","https://www.tiktok.com/@rfldi65"
"=""7223201992524956443""","","=""7213924171859133467""","yazidwardana19","MATTHEW","@Alvin anak pak RT tolong cariin","18/4/2023, 08.53.43","1","No","0","No","https://www.tiktok.com/@yazidwardana19"
"=""7223196589647610651""","","=""6870411135172035586""","zyyxml.co","￴ ￴ ￴ ￴ ￴ ￴","di twiter banyak","18/4/2023, 08.32.14","1","No","0","No","https://www.tiktok.com/@zyyxml.co"
"=""7223195450256802587""","","=""7030069343086920709""","tama3from4","tamaa","24jam buka tiktok selalu ketinggalan berita terkini 🗿","18/4/2023, 08.28.04","1","No","0","No","https://www.tiktok.com/@tama3from4"
"=""7223191315688243994""","","=""6965394093811909634""","rehannn_6671","𝕽𝖊𝖞𝖞𝖞 𝖆𝖑𝖜𝖆𝖞𝖘","Ytta","18/4/2023, 08.12.01","1","No","0","No","https://www.tiktok.com/@rehannn_6671"
"=""7223190206920098587""","","=""7048093978189300762""","adit17.0","Aditt","gw yg gk tau itu vidio apaan sih","18/4/2023, 08.07.51","1","No","0","No","https://www.tiktok.com/@adit17.0"
"=""7223184764738798362""","","=""6887174160079979522""","ikanhiuuuu35","juku beto","bang hargai wanita","18/4/2023, 16.27.21","1","No","0","No","https://www.tiktok.com/@ikanhiuuuu35"
"=""7223183988033389339""","","=""6739366495112397826""","nasamasa","nasamasa","kok dia bisa bikin vidio kek gtu si?","18/4/2023, 07.43.34","1","No","2","No","https://www.tiktok.com/@nasamasa"
"=""7223205669867864859""","=""7223183988033389339""","=""7201530653548069889""","galih_khalqi","Anda Siapa?","buat sang penakluk hatinya bg😜😜😜😜","18/4/2023, 09.07.54","0","No","","","https://www.tiktok.com/@galih_khalqi"
"=""7223188189606429466""","=""7223183988033389339""","=""6564039083474665474""","lukluk2317","Bgnk","Gtw ngab coba aja tanya langsung","18/4/2023, 07.59.54","0","No","","","https://www.tiktok.com/@lukluk2317"
"=""7223182193274061595""","","=""7116670684290548738""","0reovarianrasaa","969 • Oreoo","rapih pokonya paling beda dari file lain 😆","18/4/2023, 07.36.40","1","No","1","No","https://www.tiktok.com/@0reovarianrasaa"
"=""7223244302251295514""","=""7223182193274061595""","=""7116670684290548738""","0reovarianrasaa","969 • Oreoo","ngapain gw udah paket komplit sendiri 🗿","18/4/2023, 11.37.36","0","No","","","https://www.tiktok.com/@0reovarianrasaa"
"=""7223179669256192795""","","=""6970210323458884609""","rrraracc","ararrr","gabole gitu anjirr wkwkwkkw","18/4/2023, 20.08.16","1","No","0","No","https://www.tiktok.com/@rrraracc"
"=""7223173257742320411""","","=""7141973491037897734""","rendyk59","𝙍𝙚𝙣&𝙣𝙪𝙧","dendam itu ada bahkan berlipat ganda !","18/4/2023, 07.02.21","1","No","0","No","https://www.tiktok.com/@rendyk59"
"=""7223171963086504730""","","=""6654375988127956994""","jay611_","ardijayy","@t a r i untungnya pacar ku anak baik"" jadi ga aneh😅","18/4/2023, 06.57.22","1","No","0","No","https://www.tiktok.com/@jay611_"
"=""7223167323389444890""","","=""6762804529891460098""","dersen_122","D","info yg punya full album king","18/4/2023, 06.39.24","1","No","1","No","https://www.tiktok.com/@dersen_122"
"=""7223495766328099610""","=""7223167323389444890""","=""6762804529891460098""","dersen_122","D","udh dapet ygy","19/4/2023, 03.53.15","0","No","","","https://www.tiktok.com/@dersen_122"
"=""7223153689124963098""","","=""7064552912429777946""","gnnjrcsmta","🕊️🇲🇪","@Ginanjar.Casmitaa","18/4/2023, 05.46.35","1","No","0","No","https://www.tiktok.com/@gnnjrcsmta"
"=""7223152982399927067""","","=""7193273348825039899""","ucitpao","bg yans","woyy apa sih kasi tau dong","18/4/2023, 05.43.25","1","No","0","No","https://www.tiktok.com/@ucitpao"
"=""7223148254007395099""","","=""6885100273439409154""","penggunaa.3",".","ini kenapa sii?","18/4/2023, 05.25.42","1","No","0","No","https://www.tiktok.com/@penggunaa.3"
"=""7223139441132667674""","","=""6832613288313865217""","iyamalih_","𝑴𝑨𝑳𝑰𝑯 💫","full album njir😂","18/4/2023, 04.51.12","1","No","1","No","https://www.tiktok.com/@iyamalih_"
"=""7223204952696750874""","=""7223139441132667674""","=""7007745965781632027""","_exaaa2","exxa","bagi","18/4/2023, 09.05.13","0","No","","","https://www.tiktok.com/@_exaaa2"
"=""7223133243825750810""","","=""7005874574929183749""","kazura..99","Kazura.","sini gua ada ful galeri","18/4/2023, 04.26.49","1","No","0","No","https://www.tiktok.com/@kazura..99"
"=""7223132975117173530""","","=""6831567163570062338""","rxy554","PriaIdaman44","udah lama🗿🤙","18/4/2023, 04.25.42","1","No","0","No","https://www.tiktok.com/@rxy554"
"=""7223132958361699078""","","=""6926062897932256257""","with.youuu_","impostor🎭","gua punya yg hannaaa","18/4/2023, 09.13.15","1","No","0","No","https://www.tiktok.com/@with.youuu_"
"=""7223132332139315994""","","=""7011147655113016326""","tioo_rahmat","tioo","ini kah yg viral itu😂","18/4/2023, 04.23.07","1","No","0","No","https://www.tiktok.com/@tioo_rahmat"
"=""7223130379020370714""","","=""7048925064004092954""","rifkyyy747","Rifkyy","kek nya baru kemaren liat","18/4/2023, 04.15.44","1","No","0","No","https://www.tiktok.com/@rifkyyy747"
"=""7223129293219562266""","","=""6874075577826919425""","wan_tuy","Wann🔥","sering buka tiktok ttep aja ketinggalan😅","18/4/2023, 04.11.37","1","No","0","No","https://www.tiktok.com/@wan_tuy"
"=""7223129191881016091""","","=""6956938441213641729""","rdtyaafrch","r","full album","18/4/2023, 04.11.09","1","No","1","No","https://www.tiktok.com/@rdtyaafrch"
"=""7223129469757965083""","=""7223129191881016091""","=""6819103346365924353""","alif_saputra.175","CALVIN🪐","bagi bng","18/4/2023, 04.12.18","0","No","","","https://www.tiktok.com/@alif_saputra.175"
"=""7223126014028038939""","","=""6939004069361533954""","wateverr01","farhankan","sumpah dia cantik banget plus itu pokoknya 😂","18/4/2023, 03.58.31","1","No","0","No","https://www.tiktok.com/@wateverr01"
"=""7223125660456878874""","","=""7073808195723281409""","isanz_","Nashi🍀","hutanya gundul gaes","18/4/2023, 03.57.23","1","No","0","No","https://www.tiktok.com/@isanz_"
"=""7223125006019412763""","","=""7127617917819143195""","econoo0","econoo0","solehot","18/4/2023, 03.54.44","1","No","0","No","https://www.tiktok.com/@econoo0"
"=""7223124992820232987""","","=""6850807209824371713""","socratesplato7","Ryyco_","AIB BANG HAPUS TAKUT NANTI JADI DOSA JARIYAH❗❗❗","18/4/2023, 03.54.42","1","No","0","No","https://www.tiktok.com/@socratesplato7"
"=""7223124917625602842""","","=""7087188674625995778""","1109112006r","ikii pake i","40 video,20 foto,4 livee","18/4/2023, 03.54.49","1","No","0","No","https://www.tiktok.com/@1109112006r"
"=""7223124800100631322""","","=""6724378097849877505""","iway1230","Dejan","yaelah yg pnya bagi ngpa,penasaran gw kga tau😴,selow ada gw ngerti ntar ada lah","18/4/2023, 03.54.02","1","No","0","No","https://www.tiktok.com/@iway1230"
"=""7223124313053053722""","","=""6846002068681016322""","rizkikoi","Rizki Koi","7nyimak","18/4/2023, 03.52.02","1","No","0","No","https://www.tiktok.com/@rizkikoi"
"=""7223120039742292763""","","=""7052653062942934042""","user6839393749","F","gw Cmn 10😂","18/4/2023, 03.35.51","1","No","5","No","https://www.tiktok.com/@user6839393749"
"=""7225505774398571291""","=""7223120039742292763""","=""7052653062942934042""","user6839393749","F","ups😂","24/4/2023, 13.53.06","0","No","","","https://www.tiktok.com/@user6839393749"
"=""7225088420494017307""","=""7223120039742292763""","=""6918066114522727426""","bluex9r","Bluex9R","bang @Arrzz.","23/4/2023, 10.54.11","0","No","","","https://www.tiktok.com/@bluex9r"
"=""7223124659662865179""","=""7223120039742292763""","=""6884529606805767170""","thatyou_","𝖆𝖗𝖎𝖎♛","bagi","18/4/2023, 03.53.35","0","No","","","https://www.tiktok.com/@thatyou_"
"=""7223124504473305883""","=""7223120039742292763""","=""7043192960108200987""","muanypulasi","🔌","aku kan menghilang","18/4/2023, 03.53.00","0","No","","","https://www.tiktok.com/@muanypulasi"
"=""7223120566337094427""","=""7223120039742292763""","=""6893847811457451010""","ppiddii","𝒉𝒆𝒏𝒅𝒚","inpo","18/4/2023, 03.37.56","0","No","","","https://www.tiktok.com/@ppiddii"
"=""7223116884580664090""","","=""6962620774595625989""","ssyrrrrr","Cowok Mu","bro gua pengen liat berbagi lah sama saya sesungguhnya berbagi itu suatu hal yang baik","18/4/2023, 03.23.23","1","No","0","No","https://www.tiktok.com/@ssyrrrrr"
"=""7223116493469942555""","","=""6845433758440719362""","kopikapalanxiety11","user9984512674025","jarjit: saya mau main juga","18/4/2023, 03.21.48","1","No","0","No","https://www.tiktok.com/@kopikapalanxiety11"
"=""7223114929555964699""","","=""7041939281498047490""","sidilzlowknowledge","dilynxxx","ingpo link","18/4/2023, 03.15.33","1","No","0","No","https://www.tiktok.com/@sidilzlowknowledge"
"=""7223112472721965850""","","=""7213223016086537217""","hadi_hijrah","<3","Apakah ini kesukaan mu king?","18/4/2023, 03.06.09","1","No","0","No","https://www.tiktok.com/@hadi_hijrah"
"=""7223109737477440261""","","=""6881832250096239618""","mbryn_an","Bryliannnn💎","mantap full album😂","18/4/2023, 02.55.01","1","No","1","No","https://www.tiktok.com/@mbryn_an"
"=""7223226669749945093""","=""7223109737477440261""","=""6881832250096239618""","mbryn_an","Bryliannnn💎","udh non full mas😂","18/4/2023, 10.29.04","0","No","","","https://www.tiktok.com/@mbryn_an"
"=""7223090616413340443""","","=""6990061018978616347""","airsaydev","Griezelle","c3k Twitter puasviralin","18/4/2023, 01.41.12","1","No","0","No","https://www.tiktok.com/@airsaydev"
"=""7223074726209405722""","","=""6921242773166015490""","m.alf1n","mmmttt🇦🇱🇦🇱","gila co katanya 3 hari 1jt saku nya🗿🗿🗿","18/4/2023, 14.19.45","1","No","0","No","https://www.tiktok.com/@m.alf1n"
"=""7223070339257058074""","","=""6976979374587528194""","haedareggi","haedareggi","mirip mantanku","18/4/2023, 00.22.35","1","No","0","No","https://www.tiktok.com/@haedareggi"
"=""7223060561709761307""","","=""6569514343452901377""","xyrennnns","xyren","ga bagi caper dek","17/4/2023, 23.44.34","1","No","0","No","https://www.tiktok.com/@xyrennnns"
"=""7223044659404636955""","","=""7120819299555853314""","riyanandr_","Riyan.","dapat dosa jariyah tu mba nya selamat ya","18/4/2023, 14.05.30","1","No","0","No","https://www.tiktok.com/@riyanandr_"
"=""7223023915831329562""","","=""6851457062573376514""","geminigyll","𐙚˙iee","sekarang gua tanya manfaat pacaran apa wkwk","18/4/2023, 07.41.37","1","No","0","No","https://www.tiktok.com/@geminigyll"
"=""7223019199046861595""","","=""7018365110843376641""","suryaaaa.ss","suryaa solat subuh 2 raka'at","biasa aja sih menurut ku","18/4/2023, 07.25.18","1","No","0","No","https://www.tiktok.com/@suryaaaa.ss"
"=""7223004078346847003""","","=""6958621664981910533""","tvd2209","🗿","mleyot cuy","18/4/2023, 06.45.30","1","No","0","No","https://www.tiktok.com/@tvd2209"
"=""7222996424740635418""","","=""6762772584901477377""","sabrinacantik70","Gilang sptra","bentar lagi udh mau lebaran eh dia malah viral malu sih pasti","18/4/2023, 09.59.06","1","No","0","No","https://www.tiktok.com/@sabrinacantik70"
"=""7222995578846036763""","","=""6714597473576813570""","dims_ma","𝘿𝙞𝙢𝙯𝙯","lupakan tujuanmu king😁","18/4/2023, 09.56.22","1","No","0","No","https://www.tiktok.com/@dims_ma"
"=""7222975305711158042""","","=""6851016499551273989""","rzlv404","Riz stecu","king??","18/4/2023, 05.30.40","1","No","0","No","https://www.tiktok.com/@rzlv404"
"=""7222969765936939803""","","=""6932261702365135877""","gabut2477","user3318759075410","pdahal dia catik lo broo","18/4/2023, 05.01.26","1","No","0","No","https://www.tiktok.com/@gabut2477"
"=""7222947649757676315""","","=""7037138851417146369""","__rynzzzzzz","Rynz⚡⚡","9 vidio+20foto+2live🗿","17/4/2023, 23.31.10","1","No","1","No","https://www.tiktok.com/@__rynzzzzzz"
"=""7223084096300794650""","=""7222947649757676315""","=""6970210769276191745""","hengky02_0","￴ ￴ ￴ ￴ ￴ ￴ ￴ ￴ ￴ ￴","bagi bang","18/4/2023, 01.15.58","0","No","","","https://www.tiktok.com/@hengky02_0"
"=""7222795286652732186""","","=""7057819667444286466""","forxixixl","forxixixi","cek☝️☝️","17/4/2023, 06.35.28","1","No","0","No","https://www.tiktok.com/@forxixixl"
"=""7222795227794686747""","","=""7057819667444286466""","forxixixl","forxixixi","cek aja👆👆","17/4/2023, 06.35.24","1","No","0","No","https://www.tiktok.com/@forxixixl"
"=""7222375060593754907""","","=""7221808375776429082""","salsanursabila24","salsanursabila","𝐂𝐞𝐤 𝐏𝐫𝐨𝐟𝐢𝐥 𝐤𝐮","16/4/2023, 03.24.46","1","No","0","No","https://www.tiktok.com/@salsanursabila24"
"=""7222306626610348826""","","=""7218587087255045146""","tiktokhangatid","tiktokhangat","TELEGRAM @tehbotolhot 😳","15/4/2023, 22.58.46","1","No","1","No","https://www.tiktok.com/@tiktokhangatid"
"=""7222308163142517530""","=""7222306626610348826""","=""6886841535641568258""","ridhosaputra237","ridho🐍","ente kadang""","15/4/2023, 23.04.39","0","No","","","https://www.tiktok.com/@ridhosaputra237"
"=""7221843798896624411""","","=""6926357026138768385""","xzyien15","Padil","tukar pulsa 25k aja nih klo mau.....","14/4/2023, 17.02.54","1","No","3","No","https://www.tiktok.com/@xzyien15"
"=""7223235159746003739""","=""7221843798896624411""","=""7122819469747307546""","kenu01scond","Raja.Pisang24","25k buat beli Vidio seperti itu
lebih baik diberikan kepada pengemis😇","18/4/2023, 11.02.05","0","No","","","https://www.tiktok.com/@kenu01scond"
"=""7222375036199486234""","=""7221843798896624411""","=""7221808375776429082""","salsanursabila24","salsanursabila","𝐂𝐞𝐤 𝐏𝐫𝐨𝐟𝐢𝐥 𝐤𝐮","16/4/2023, 03.24.40","0","No","","","https://www.tiktok.com/@salsanursabila24"
"=""7221876081623909147""","=""7221843798896624411""","=""6844717698459796482""","yziidi","Ziid","gua ada belasan","14/4/2023, 19.08.00","0","No","","","https://www.tiktok.com/@yziidi"
"=""7221474701755056923""","","=""6870317319122748417""","_dann241","`dann","kirim bang😳","13/4/2023, 17.10.34","1","No","2","No","https://www.tiktok.com/@_dann241"
"=""7222523970846917402""","=""7221474701755056923""","=""7200731683750102018""","wildanl985","danzgood","𝚍𝚊𝚔 𝚊𝚍𝚊","16/4/2023, 13.02.14","0","No","","","https://www.tiktok.com/@wildanl985"
"=""7221482207428412186""","=""7221474701755056923""","=""6886841535641568258""","ridhosaputra237","ridho🐍","cari di youtube link nya ada","13/4/2023, 17.39.37","0","No","","","https://www.tiktok.com/@ridhosaputra237"
"=""7592189439348343560""","","=""7088149065733899266""","_dans00","_dans","🔥","6/1/2026, 17.12.47","0","No","0","No","https://www.tiktok.com/@_dans00"
"=""7590405293538263815""","","=""6788070884357817345""","cadholden","🇦🇺","🤩","1/1/2026, 21.49.18","0","No","0","No","https://www.tiktok.com/@cadholden"
"=""7590328185678693127""","","=""6959785036750472193""","initimoy_bukantomi","🕷️timoy","🔥","1/1/2026, 16.50.04","0","No","0","No","https://www.tiktok.com/@initimoy_bukantomi"
"=""7552191114347021074""","","=""7003310823403045889""","anandasptyptra","nandasptyptra","@berbagi_link_viral2025:Viral Link mediafire📌📌-- link https://is.gd/oafOzd mediafire viral terbaru 2025 hari ini💞 KUMPULAN VIDEO TIKTOK VIRAL‼","20/9/2025, 22.18.43","0","No","0","No","https://www.tiktok.com/@anandasptyptra"
"=""7513139078126191376""","","=""6843950439138919425""","noentryyzx","galang","wkww ni link nyaa","7/6/2025, 16.36.59","0","No","0","No","https://www.tiktok.com/@noentryyzx"
"=""7506106005228192532""","","=""7473069363136087056""","yooy965","yoem...","@gio satoru:asupan video indo viral upload setiap hari disini ges
https://whatsapp.com/channel/0029Vb9HLz34tRryiC14f12G
ayo join,masih fresh 💦","19/5/2025, 17.45.12","0","No","0","No","https://www.tiktok.com/@yooy965"
"=""7506105915679326997""","","=""7473069363136087056""","yooy965","yoem...","@laura12121211:https://whatsapp.com/channel/0029VazbsB3CRs1mGzI0Fm3Y
cek nih ad yg terbarunya","19/5/2025, 17.44.44","0","No","0","No","https://www.tiktok.com/@yooy965"
"=""7503465887681282834""","","=""7013561476628448257""","_yxyzz_","All_","https://clickweb.terbaru01.biz.id/x/y0qmdlit","12/5/2025, 15.00.03","0","No","0","No","https://www.tiktok.com/@_yxyzz_"
"=""7502564765405037320""","","=""7498332058248021013""","_4cyaaa","gracyaaa","es3mpeh om3k
https://virall2025.m3d1af1re.web.id/mkt3bn8-ng/","10/5/2025, 04.43.51","0","No","0","No","https://www.tiktok.com/@_4cyaaa"
"=""7498358564315087623""","","=""6832894632717419521""","epanyoo.__","epann","link video↓
https://go.paid4link.com/NDT8y","28/4/2025, 20.41.00","0","No","0","No","https://www.tiktok.com/@epanyoo.__"
"=""7498357197387973383""","","=""6832894632717419521""","epanyoo.__","epann","@FEVM`:https://go.paid4link.com/NDT8y","28/4/2025, 20.35.44","0","No","0","No","https://www.tiktok.com/@epanyoo.__"
"=""7496405254993707784""","","=""7494608103175210001""","nanananan7293","Nana Nanan","https://videy-sb.biz.id/p-z/?r=hnH8a77","23/4/2025, 14.21.11","0","No","0","No","https://www.tiktok.com/@nanananan7293"
"=""7495711379287474962""","","=""6995750804451935234""","theycallmebendi","masukan teks","link saluran di vt yg gua sematkan yaa,, dosa tanggung masing-masing 🗿🗿","21/4/2025, 17.28.41","0","No","0","No","https://www.tiktok.com/@theycallmebendi"
"=""7494959585204372242""","","=""7467107379130188821""","username_7383921","‍￶","bantu follow dong https://whatsapp.com/channel/0029VavmVD34dTnTM3wxXp0g
dilarang sesaat/18+","19/4/2025, 16.51.15","0","No","0","No","https://www.tiktok.com/@username_7383921"
"=""7491582113058177799""","","=""7308659962439697413""","muh.hajar.azwad","azwad YDSTR","dm aja tersusun rapi di galeri","10/4/2025, 14.25.01","0","No","0","No","https://www.tiktok.com/@muh.hajar.azwad"
"=""7490181980010119943""","","=""7411043629118325765""","danzyzyo521","Sebriwing","Link viral dibawah!
https://go.paid4link.com/9sql0G6
https://go.paid4link.com/gYlEPdm
https://go.paid4link.com/sKK1yg7N
https://go.paid4link.com/IkUdWBO2
https://go.paid4link.com/BhfWOcF","6/4/2025, 19.51.45","0","No","0","No","https://www.tiktok.com/@danzyzyo521"
"=""7487829376940950327""","","=""6872693834137863170""","stevenson_rompon777","Steven","🔥","31/3/2025, 11.43.01","0","No","0","No","https://www.tiktok.com/@stevenson_rompon777"
"=""7480290007070049030""","","=""7479501489909482497""","kepo.yaa126","kepo yaa","jangan cek akun tiktoknya ( deweidwei ) dosa tanggung sendiri🤣🗿👀","11/3/2025, 04.06.03","0","No","0","No","https://www.tiktok.com/@kepo.yaa126"
"=""7480287826358420279""","","=""7479111878670369810""","fanzclippermlbb","Fanz Clipper Mlbb","jangan cek akun tiktoknya ( deweidwei ) dosa tanggung sendiri🤣🗿👀","11/3/2025, 03.57.34","0","No","0","No","https://www.tiktok.com/@fanzclippermlbb"
"=""7480278118474564359""","","=""7361744001591936006""","madzz.akustick","Mamadz Cover","https://click-resm1y2025.my.id/x/67cf490d0f423","11/3/2025, 03.20.03","0","No","0","No","https://www.tiktok.com/@madzz.akustick"
"=""7479122330741801783""","","=""7476329601167295495""","nyalapakaico","NyalaPakai","link","8/3/2025, 00.34.58","0","No","0","No","https://www.tiktok.com/@nyalapakaico"
"=""7478466528901202743""","","=""7477753986654487570""","putz5206","Putz","link disini","6/3/2025, 06.10.05","0","No","0","No","https://www.tiktok.com/@putz5206"
"=""7476286479719777044""","","=""7388842512730096645""","vynnn972_","vynnn183","https://whatsapp.com/channel/0029Vb3OumG6xCSR7mi3p72K
saluran baru netes nih 💦💦","28/2/2025, 09.10.11","0","No","0","No","https://www.tiktok.com/@vynnn972_"
"=""7472059757718274824""","","=""6666586428317597698""","welbarudak05","barudak","oke https://sfl.gl/8K8sWw0","16/2/2025, 23.48.14","0","No","0","No","https://www.tiktok.com/@welbarudak05"
"=""7470942685370254098""","","=""7066069922397062145""","riskyaldo","rizqi ald⛓️","🔥","13/2/2025, 23.33.28","0","No","0","No","https://www.tiktok.com/@riskyaldo"
"=""7470600747568022277""","","=""7470596717638108176""","miskahh79","Miskahh","hijab viral guys boc'l SMP
link di bio","13/2/2025, 01.26.43","0","No","0","No","https://www.tiktok.com/@miskahh79"
"=""7469874164028015378""","","=""6963222241933362177""","cikk1909","cik","https://whatsapp.com/channel/0029Vb0fX3y8fewpNK8tzM2z","11/2/2025, 02.27.16","0","No","0","No","https://www.tiktok.com/@cikk1909"
"=""7469158910437917447""","","=""7257096324720428034""","kiesempoi","Yinkie🐒","@armanpaddocae79:https://whatsapp.com/channel/0029VazbsB3CRs1mGzI0Fm3Y
cek nih ad yg terbarunyaa","9/2/2025, 04.12.22","0","No","0","No","https://www.tiktok.com/@kiesempoi"
"=""7468011339916460821""","","=""7417820301855228933""","sandyakbrr","Sandyy","https://whatsapp.com/channel/0029Vang1dRLY6d9xkMW6P1j","6/2/2025, 01.58.40","0","No","0","No","https://www.tiktok.com/@sandyakbrr"
"=""7466805678771094280""","","=""7401167453918938117""","ipanaripp","Arippstylee","https://whatsapp.com/channel/0029Vb4N8ltISTkGaPIS1D3l
masuk nihh baru buat, bakal UP TRUS VIDIO BARU TIAP HARI🥵🥵","2/2/2025, 19.59.48","0","No","0","No","https://www.tiktok.com/@ipanaripp"
"=""7466795757706937104""","","=""7358057078470231046""","pixxcees2h","𝐏𝐈𝐗𝐗✨","baru banget nonton gw wkwkwk 👇","2/2/2025, 19.21.13","0","No","0","No","https://www.tiktok.com/@pixxcees2h"
"=""7466559537043997458""","","=""7178503058849563675""","fredericccccck","husen","https://whatsapp.com/channel/0029Vb430um2ER6qfvsyhf1F
tinggal masuk udah ada semua","2/2/2025, 04.05.21","0","No","0","No","https://www.tiktok.com/@fredericccccck"
"=""7466546198812754706""","","=""7215669475466363931""","ball000010","R15Jordy","@armanpaddocae79: https://whatsapp.com/channel/0029VazbsB3CRs1mGzI0Fm3Y
cek nih ad yg terbarunya","2/2/2025, 03.13.05","0","No","0","No","https://www.tiktok.com/@ball000010"
"=""7465989298250203911""","","=""7367074163188270086""","toko_gua","toko_gua","go.paid4link.com/zSlT
janda masih pink
go.paid4link.com/UlqF1iZO
anak SMA di paksa guru
go.paid4link.com/Tshu6Ay
smp pamer body
go.paid4link.com/lD7mJWb
bocil kesakitan
go.paid4link.com/CGdH23E
pecah","31/1/2025, 15.11.56","0","No","0","No","https://www.tiktok.com/@toko_gua"
"=""7464801509546656533""","","=""7388842512730096645""","vynnn972_","vynnn183","https://whatsapp.com/channel/0029Vb3OumG6xCSR7mi3p72K
saluran baru netes nih 💦","28/1/2025, 10.22.54","0","No","0","No","https://www.tiktok.com/@vynnn972_"
"=""7464207652299277064""","","=""7439905244665398290""","cewekbarbar24","cewek barbar 24","p1nk terbaru nih
https://whaleslightestimposter.com/tf26hnc3?key=657d2a8f455913b1929ec47e36e00bb1","26/1/2025, 19.58.09","0","No","0","No","https://www.tiktok.com/@cewekbarbar24"
"=""7462138788351279892""","","=""7388842512730096645""","vynnn972_","vynnn183","https://whatsapp.com/channel/0029Vb3OumG6xCSR7mi3p72K
saluran baru netes nih 💦","21/1/2025, 06.11.41","0","No","0","No","https://www.tiktok.com/@vynnn972_"
"=""7461191085714801413""","","=""7389162525122642949""","sahrul.agung2367","cerruk","kirim link ny bg","18/1/2025, 16.53.04","0","No","0","No","https://www.tiktok.com/@sahrul.agung2367"
"=""7460991359429706516""","","=""7360458301659776006""","bos6youu","Boss6youuu","😁","18/1/2025, 03.57.47","0","No","0","No","https://www.tiktok.com/@bos6youu"
"=""7460815084106138384""","","=""7432217134375863297""","forland.hia","≠JustLanz?≠","terbaru link https://go.paid4link.com/tQ8aPOB","17/1/2025, 16.33.14","0","No","0","No","https://www.tiktok.com/@forland.hia"
"=""7460639415347397384""","","=""7438057108534953016""","halwyx","Halywixz","https://whatsapp.com/channel/0029Vay0apKJZg49rZz1OF33
Masuk update setiap hari","17/1/2025, 05.12.42","0","No","0","No","https://www.tiktok.com/@halwyx"
"=""7460617350091604753""","","=""6892745362219320321""","atepmulyana828","atepmulyana828","😁","17/1/2025, 03.46.54","0","No","0","No","https://www.tiktok.com/@atepmulyana828"
"=""7459732355541091077""","","=""6908939911967261697""","irkam_mendo","IRR🚀","yang ngasih bener gua follow","14/1/2025, 18.31.59","0","No","0","No","https://www.tiktok.com/@irkam_mendo"
"=""7459370140094939911""","","=""7355159008795591685""","zifa2994","Febri 👀👀👀👀","p","13/1/2025, 19.06.08","0","No","0","No","https://www.tiktok.com/@zifa2994"
"=""7458288043158782738""","","=""7439775885286278152""","fahresi.007","Fahresi 007","😁","10/1/2025, 21.07.01","0","No","0","No","https://www.tiktok.com/@fahresi.007"
"=""7458241603846275857""","","=""7261954520081728517""","wkwkwkp20","HEHE","😂","10/1/2025, 18.06.48","0","No","0","No","https://www.tiktok.com/@wkwkwkp20"
"=""7457794098372690705""","","=""7369208757006681094""","suaranetizen.ind","achanirvala","https://t.me/vipviraltiktokterbaru","9/1/2025, 13.10.16","0","No","0","No","https://www.tiktok.com/@suaranetizen.ind"
"=""7457646309023367943""","","=""7420451877042816006""","marselinobarus6","buaya tangkahen","bagi link nya lah bg","9/1/2025, 03.37.19","0","No","0","No","https://www.tiktok.com/@marselinobarus6"
"=""7456561728647234321""","","=""6956838717298541574""","putragen123","silent like my heart:)","terbaru bang syakirah,
https://go.paid4link.com/Rny0NE","6/1/2025, 08.18.47","0","No","0","No","https://www.tiktok.com/@putragen123"
"=""7454926094342685448""","","=""7087489374778770459""","abdu11108","abduu!!","🥰","1/1/2025, 19.40.49","0","No","0","No","https://www.tiktok.com/@abdu11108"
"=""7454840150805594897""","","=""7454048068129637383""","melimonika_12","meli","Niiii Bilangg apaa!!
https://videyy-ab.biz.id/v/?m=0Wi1Pvc7","1/1/2025, 14.07.27","0","No","0","No","https://www.tiktok.com/@melimonika_12"
"=""7454506680769315591""","","=""6966948696508580866""","fa_dil97","⚡💥☠️","😂😂😂","31/12/2024, 16.33.17","0","No","0","No","https://www.tiktok.com/@fa_dil97"
"=""7453582620782428934""","","=""7316549460116816901""","ziimodesantuy","Klzim™","😂","29/12/2024, 04.47.36","0","No","0","No","https://www.tiktok.com/@ziimodesantuy"
"=""7452743905680900884""","","=""7411557004491981830""","angelinoue7","reVa🫧","😂","26/12/2024, 22.32.52","0","No","0","No","https://www.tiktok.com/@angelinoue7"
"=""7452355319159587591""","","=""7317118811067499526""","risky28764","risky28764","😂","25/12/2024, 21.24.50","0","No","0","No","https://www.tiktok.com/@risky28764"
"=""7452318103918871304""","","=""7414933578112418822""","subursantoso21","D","https://chat.whatsapp.com/JQJSItEJYmF7QpmUxw3Bhe
Banyak yang viral"" Disni","25/12/2024, 19.00.27","0","No","0","No","https://www.tiktok.com/@subursantoso21"
"=""7452312702728602386""","","=""7452309362855412744""","hackserver26","PRIA NORMAL","gw juga punya itu mah","25/12/2024, 18.39.29","0","No","0","No","https://www.tiktok.com/@hackserver26"
"=""7451834404249666311""","","=""7294899342237189121""","wiraaone","jaatiii","@F:https://videy.co/v?id=EWEBR8cI","24/12/2024, 11.43.29","0","No","0","No","https://www.tiktok.com/@wiraaone"
"=""7449287352339677960""","","=""7392602553018303489""","zenbre.zen","Zenn","🥺","17/12/2024, 14.59.36","0","No","0","No","https://www.tiktok.com/@zenbre.zen"
"=""7449192565264614162""","","=""7431047539375506438""","usernemm654","kyouve","liat ya di mna","17/12/2024, 08.51.57","0","No","0","No","https://www.tiktok.com/@usernemm654"
"=""7448467843685548808""","","=""7383268919027942406""","farissh0x","0xfarissh","😁","15/12/2024, 09.59.32","0","No","0","No","https://www.tiktok.com/@farissh0x"
"=""7447816143930917637""","","=""6843328763632387073""","mattt202","Matt","🙏","13/12/2024, 15.51.12","0","No","0","No","https://www.tiktok.com/@mattt202"
"=""7447809367489217285""","","=""6511218349724663810""","mas_ws12","바나나 우유 🍌","🗿","13/12/2024, 15.24.39","0","No","0","No","https://www.tiktok.com/@mas_ws12"
"=""7447668208864527110""","","=""7035957745170383899""","battokkelapa","bulukk","😂😂😂","13/12/2024, 06.16.52","0","No","0","No","https://www.tiktok.com/@battokkelapa"
"=""7447638664795128577""","","=""7390491037317219333""","uaisul0","uaisul.03","😁","13/12/2024, 04.22.19","0","No","0","No","https://www.tiktok.com/@uaisul0"
"=""7447160175608447760""","","=""6872137436916564994""","wah_suka_king","waahhh","https://bicolink.com/OVBa632Px","11/12/2024, 21.25.06","0","No","0","No","https://www.tiktok.com/@wah_suka_king"
"=""7447137278101177094""","","=""6997739860116440066""","juandibahelah","Juwan D i","21detik doang kah?","11/12/2024, 19.56.25","0","No","0","No","https://www.tiktok.com/@juandibahelah"
"=""7446637496723653381""","","=""7389100802495071237""","bangmul1","Mul","😂😂😂","10/12/2024, 11.37.20","0","No","0","No","https://www.tiktok.com/@bangmul1"
"=""7444107487245288247""","","=""7442371751268992055""","raulraul86","Raul Raul","cek bio gua","3/12/2024, 16.52.51","0","No","0","No","https://www.tiktok.com/@raulraul86"
"=""7441140049594958600""","","=""6918285668373185537""","herlijaka26","Bang Her🐼","😁😁😁","25/11/2024, 16.03.55","0","No","0","No","https://www.tiktok.com/@herlijaka26"
"=""7440388703782290194""","","=""6841928443153908742""","manz_206","MaNz","🥰🥰🥰","23/11/2024, 15.28.17","0","No","0","No","https://www.tiktok.com/@manz_206"
"=""7440281953037959992""","","=""7321710923013915653""","hong.guan7","Hong Guan","jngn lupa mampir
https://whatsapp.com/channel/0029VaxkFbvAzNc1aj9L2t2Q","23/11/2024, 08.34.27","0","No","0","No","https://www.tiktok.com/@hong.guan7"
"=""7439786169259213623""","","=""7438505371167736848""","rabit_kesper","Rabit kesper","https://click-snih-newxz.biz.id/xz/673f595ccfef7/","22/11/2024, 00.30.22","0","No","1","No","https://www.tiktok.com/@rabit_kesper"
"=""7484823842327757623""","=""7439786169259213623""","=""7423011061248721925""","tehayangnyaho213","乂 • Ꮆɪɪ ࿐🇮🇩🇮🇩","omek🗿🗿","23/3/2025, 09.19.58","0","No","","","https://www.tiktok.com/@tehayangnyaho213"
"=""7437544244913062676""","","=""7128724963390276635""","tetepmajubsbs","TheM","@Infohub:https://go.paid4link.com/Pl5QXET","15/11/2024, 23.30.20","0","No","0","No","https://www.tiktok.com/@tetepmajubsbs"
"=""7436495611304887048""","","=""6960022187432838149""","ha_lucusekali","OjansuegajanV","info telegram video 👇","13/11/2024, 03.41.24","0","No","1","No","https://www.tiktok.com/@ha_lucusekali"
"=""7436495638118843143""","=""7436495611304887048""","=""6960022187432838149""","ha_lucusekali","OjansuegajanV","https://t.me/Tomarket_ai_bot/app?startapp=0000ocWR","13/11/2024, 03.41.29","0","No","","","https://www.tiktok.com/@ha_lucusekali"
"=""7430866522149716741""","","=""7010627807618319362""","mlbb.tiktok67","MLBB.TIKTOK67","info link","28/10/2024, 23.37.26","0","No","0","No","https://www.tiktok.com/@mlbb.tiktok67"
"=""7429589683799704326""","","=""7366838106588267525""","vcky532","nur cahya","Kalian belum tau video zahraa,shella,guru vs murid,penjual nasi kuning zoom, queen barbar🤣😅🤭yg pengn tau ku taro d bio full durasinya","25/10/2024, 13.02.50","0","No","0","No","https://www.tiktok.com/@vcky532"
"=""7421942891104453381""","","=""7188979693088900098""","musik_hit07","Fani Kussuma 2","d sini linknya: https://www.youtube.com/@Musikhit2","4/10/2024, 22.53.53","0","No","0","No","https://www.tiktok.com/@musik_hit07"
"=""7418803604633715462""","","=""7416657872333816837""","valenpangaribuanv","påmbeko!!","@faaz suka tejus:https://websiteeneww-xhsw.my.id/x/6602dd7cea5ee","26/9/2024, 11.27.17","0","No","0","No","https://www.tiktok.com/@valenpangaribuanv"
"=""7417509312065946374""","","=""7373485194529932294""","bintang_11233","Bintang","🥰🥰🥰","22/9/2024, 23.44.42","0","No","0","No","https://www.tiktok.com/@bintang_11233"
"=""7417431564084888326""","","=""7413965654338585605""","xeancuyy01","Xean","https://t.me/Tomarket_ai_bot/app?startapp=0001VOBR","22/9/2024, 18.42.57","0","No","0","No","https://www.tiktok.com/@xeancuyy01"
"=""7416280154118308613""","","=""7237105991123305478""","rh_store22","R&H store2","https://t.me/hamstEr_kombat_bot/start?startapp=kentId6867694110","19/9/2024, 16.14.52","0","No","0","No","https://www.tiktok.com/@rh_store22"
"=""7415350010025378565""","","=""85194169543""","anree.c","anree.c","ini ditelee tinggal liat ga pke ribet woy haha","17/9/2024, 04.05.22","0","No","1","No","https://www.tiktok.com/@anree.c"
"=""7415349987075670790""","=""7415350010025378565""","=""85194169543""","anree.c","anree.c","https://t.me/major/start?startapp=6670993421 😂","17/9/2024, 04.05.25","0","No","","","https://www.tiktok.com/@anree.c"
"=""7415349941000012550""","","=""85194169543""","anree.c","anree.c","ini ditele pdhal ada smua ga ribethaha","17/9/2024, 04.05.08","0","No","1","No","https://www.tiktok.com/@anree.c"
"=""7415349938790351622""","=""7415349941000012550""","=""85194169543""","anree.c","anree.c","https://t.me/major/start?startapp=6670993421 😂","17/9/2024, 04.05.11","0","No","","","https://www.tiktok.com/@anree.c"
"=""7414588109453968133""","","=""7391026885964776453""","rangga73405","follow / folback","Hayo ketauan loo🤭🫵🫵 ngapain buka komentar, mau cari apa loo... Aku laporin mak lu mau?...Udah tobat sana","15/9/2024, 02.48.55","0","No","0","No","https://www.tiktok.com/@rangga73405"
"=""7414316891961148166""","","=""7314498646866363398""","sateboy.1yy","pinzsate?","GABUNG AI FOTO DAN VIDIO JKT48 + BA ESPORT+TIKTOKER
https://whatsapp.com/channel/0029VajfkyaKwqSSeygans1t","14/9/2024, 09.16.21","0","No","0","No","https://www.tiktok.com/@sateboy.1yy"
"=""7412507974780158725""","","=""7221911963357594625""","gederio04","YoknE","Berbagi itu indah","9/9/2024, 12.16.56","0","No","0","No","https://www.tiktok.com/@gederio04"
"=""7410462283082744581""","","=""7408495241755821062""","ikan.tongkol63","Ikan Tongkol","😳😳😳","3/9/2024, 23.58.34","0","No","0","No","https://www.tiktok.com/@ikan.tongkol63"
"=""7410101868711920405""","","=""6843103184040543234""","bilatibamasa","huihui","https://02ip.ru/2hwed5","3/9/2024, 00.39.52","0","No","0","No","https://www.tiktok.com/@bilatibamasa"
"=""7408348353442333446""","","=""7367708805524308997""","royyyyy6y","roy","( GRUP 0K3P 1 )
https://chat.whatsapp.com/GctDMP7hMP11rfW0VwrgQu
( GRUP 0K3P 2 )
https://chat.whatsapp.com/Br4RKQnnrjlJSX92cZrqFX","29/8/2024, 07.15.23","0","No","0","No","https://www.tiktok.com/@royyyyy6y"
"=""7407495515723842309""","","=""6865788725876540417""","rofiqbroo","rofiqbroo","https://t.me/catsgang_bot/join?startapp=ba8r-2lwislO4a7cpXY3N","27/8/2024, 00.05.56","0","No","0","No","https://www.tiktok.com/@rofiqbroo"
"=""7404367975103218438""","","=""6914151875177595905""","bobyputrajaya","Bobyphasai🌲🪵","https://www.f777rp.com?chn=bnRfZjc3N2JldA==&id=NjQ4NTAxNzMw","18/8/2024, 13.49.36","0","No","0","No","https://www.tiktok.com/@bobyputrajaya"
"=""7404304172236309266""","","=""7388505556791084049""","imrizzz6","IM_Risss🕺💕","🤩🤩🤩","18/8/2024, 09.41.52","0","No","0","No","https://www.tiktok.com/@imrizzz6"
"=""7404274873893208874""","","=""7401174465163625515""","nobitaek07","nobitaek","link ada di VT gua🥰","18/8/2024, 07.48.48","0","No","0","No","https://www.tiktok.com/@nobitaek07"
"=""7402101014998270726""","","=""7298150106863535110""","mandzuull","ManDzul メ Melissa","https://chat.whatsapp.com/HC7e7jeFjiVGOKVWOBFXv7","12/8/2024, 11.12.34","0","No","0","No","https://www.tiktok.com/@mandzuull"
"=""7401303155185894150""","","=""7001764227606840326""","rhmn086","arstore684","https://vnshortener.com/TI4vHaH","10/8/2024, 07.36.28","0","No","0","No","https://www.tiktok.com/@rhmn086"
"=""7400226040230265606""","","=""7273782074804683781""","plufy10","p","https://bit.ly/viral-3menit","7/8/2024, 10.47.28","0","No","0","No","https://www.tiktok.com/@plufy10"
"=""7399701081699140358""","","=""7237126294562571269""","zakisukagamon","ZAKISUKAGAMON","link terbaru
liat vt aku","6/8/2024, 00.29.14","0","No","0","No","https://www.tiktok.com/@zakisukagamon"
"=""7399131881906127624""","","=""6873767519271224322""","imchrisbeautiful","Chrystalane💝💘💗🩷💜💗💘💗🤍","https://x.com/XTXCOLLECTION/status/1819942873347060206?t=ZKbC-GHV93DmyufrcsHbvg&s=19","4/8/2024, 11.10.42","0","No","0","No","https://www.tiktok.com/@imchrisbeautiful"
"=""7398138297963201285""","","=""7044667443961267202""","amarahku.menjadi.petaka","guild Barnas budak Tara sholat","https://t.me/DANAEvent_Bot?start=r03207233556","1/8/2024, 18.55.13","0","No","0","No","https://www.tiktok.com/@amarahku.menjadi.petaka"
"=""7397441299077153542""","","=""7077039715455222785""","masallumu00","RIZZ | ᴄɪʟʟ mengikuti •","🗿🗿🗿","30/7/2024, 21.50.29","0","No","0","No","https://www.tiktok.com/@masallumu00"
"=""7396361575818396421""","","=""7301566598400476166""","copong1133937373","fann","//videy.co/v?id=F667FMc5//videy.co/v?id=F667FMc5","28/7/2024, 00.29.44","0","No","0","No","https://www.tiktok.com/@copong1133937373"
"=""7395494725368054533""","","=""6959854317990790150""","woristudent","𝑹","https://chat.whatsapp.com/DYOU820HVKtLR4lhFIQg8s","25/7/2024, 16.25.38","0","No","0","No","https://www.tiktok.com/@woristudent"
"=""7395251873727415045""","","=""6959854317990790150""","woristudent","𝑹","https://chat.whatsapp.com/EJQIH4PniUlKKovf8DhODk","25/7/2024, 01.00.23","0","No","0","No","https://www.tiktok.com/@woristudent"
"=""7395094879699354374""","","=""6959854317990790150""","woristudent","𝑹","https://chat.whatsapp.com/KxRq3p8jrkSAWYlPwJgInm","24/7/2024, 15.05.31","0","No","0","No","https://www.tiktok.com/@woristudent"
"=""7393612819240141573""","","=""7385812530154898437""","sykirr__22","koneksi lambat","https://mmeediaafirrre.mejwh.cfd/lir/?cuan=Yp5SshJ","20/7/2024, 14.14.14","0","No","0","No","https://www.tiktok.com/@sykirr__22"
"=""7390326121793323782""","","=""7388506945593328645""","oranggilaa37","TZ_MAMALIA","https://klikdisinii.pq1bx.buzz/y.s.j/?zx=olic0QZV
Grup viral terbaru","11/7/2024, 17.40.03","0","No","0","No","https://www.tiktok.com/@oranggilaa37"
"=""7389580087358980869""","","=""7143795645273441307""","modennyni","a","sek mbo golek i cah
https://youtu.be/YIszVZ7pZkc?si=lcplnZGUCDGYEZfp","9/7/2024, 17.25.17","0","No","0","No","https://www.tiktok.com/@modennyni"
"=""7386482081077871366""","","=""7385151192470930437""","ds_decantparfum","ds_decantparfume","https://klikdisinixzx.vip-com1.my.id/cs/66820d0ce080b","1/7/2024, 09.03.16","0","No","0","No","https://www.tiktok.com/@ds_decantparfum"
"=""7384490931888964357""","","=""6880431404376540161""","nuvw.xyz","N","Nih linknya","26/6/2024, 00.16.29","0","No","0","No","https://www.tiktok.com/@nuvw.xyz"
"=""7384333776157803270""","","=""7022909467680392194""","qonita755","qonita🌻","🤨🤨🤨","25/6/2024, 14.06.48","0","No","0","No","https://www.tiktok.com/@qonita755"
"=""7384333763709190917""","","=""7022909467680392194""","qonita755","qonita🌻","🤔🤔🤔","25/6/2024, 14.06.44","0","No","0","No","https://www.tiktok.com/@qonita755"
"=""7381744208502096645""","","=""7092142283705893915""","scc_zaliii01","idklanz_","@Bedull 🌜:https://www.mediafire.com/file/fs88icisygp47cb/MsBreewc_Pink.mp4/file","18/6/2024, 14.37.55","0","No","0","No","https://www.tiktok.com/@scc_zaliii01"
"=""7381181296466559790""","","=""7368746565143938090""","mashanz999","Deinzz_27","@Paell || Aja:https://uwijx625w-vrl2024Lm14Isa.gettklik.my.id/viral","17/6/2024, 02.13.42","0","No","0","No","https://www.tiktok.com/@mashanz999"
"=""7381178140774777606""","","=""6956668567166075906""","akakdjxj","Gili.id","https://t.me/theYescoin_bot/Yescoin?startapp=H5jATc🗿","17/6/2024, 02.01.09","0","No","0","No","https://www.tiktok.com/@akakdjxj"
"=""7380967955267830533""","","=""7294565564150793221""","lazios_7","🌙","https://chat.whatsapp.com/JDsscEyWMToFVukTr2rMF2","16/6/2024, 12.25.37","0","No","0","No","https://www.tiktok.com/@lazios_7"
"=""7380360511642862344""","","=""7379722857162998802""","kukuku0089","Ada sini","https://t.me/sedapfree","14/6/2024, 21.08.15","0","No","0","No","https://www.tiktok.com/@kukuku0089"
"=""7377610606932099846""","","=""6707623886843872258""","hanxzli","Hannn.","https://linkterbaruxxx2024.link-vvip99.xyz/x/6662881e1cc7e","7/6/2024, 11.17.29","0","No","0","No","https://www.tiktok.com/@hanxzli"
"=""7376312654518141702""","","=""7331012421726897158""","muh.ridho182","MUH.RIDWAN","https://terbaruxx2024.danugan.my.id/x/661db415cf139","3/6/2024, 23.20.33","0","No","0","No","https://www.tiktok.com/@muh.ridho182"
"=""7375775274984145669""","","=""6960430642498012162""","rema4916","YT, | TzY)","https://mediafirre11139955.terbaru-ya.my.id/vhsfhqpdhdsih6/","2/6/2024, 13.26.38","0","No","0","No","https://www.tiktok.com/@rema4916"
"=""7375311044388848389""","","=""7207359634628543515""","rusdiempayertd","Q_as1","https://cliksiniii.efiles.biz.id/disini/665a5af4a1ebe","1/6/2024, 06.33.55","0","No","0","No","https://www.tiktok.com/@rusdiempayertd"
"=""7375110322003411718""","","=""6707623886843872258""","hanxzli","Hannn.","https://klikdisini.53izd.my.id/next/?id=f7e96e","31/5/2024, 17.34.58","0","No","0","No","https://www.tiktok.com/@hanxzli"
"=""7374792912545006341""","","=""7246440682448946182""","viralterbaru67","DEETZ","https://mediafirre.za.com/httpsmeddiafirebizidid21e74dc3
bergai itu indah","30/5/2024, 21.03.14","0","No","0","No","https://www.tiktok.com/@viralterbaru67"
"=""7374711367368688389""","","=""6871062788979721218""","hnngridho","1%","https://meddiafire.biz.id/?id=c58ad77c
SMPN 1 SANANKULON VIRAL","30/5/2024, 15.46.50","0","No","0","No","https://www.tiktok.com/@hnngridho"
"=""7374440142051083014""","","=""7282732835391357957""","abcdewxxxz","xiuxiu","@eldoang:udah nonton smua","29/5/2024, 22.14.20","0","No","0","No","https://www.tiktok.com/@abcdewxxxz"
"=""7374250457478660869""","","=""7356625756304655365""","branzzjasteb1","ABANG APOT","https://viral.klikdisinih.com/x/665692429fde2
Nih kak yang mah link terbaru","29/5/2024, 09.58.11","0","No","0","No","https://www.tiktok.com/@branzzjasteb1"
"=""7373665606677512966""","","=""7174625153498235905""","kiizzkroooor","kikkzxx","https://qw451.lxqt.xyz/disini/66544be78cb38 nih","27/5/2024, 20.08.39","0","No","0","No","https://www.tiktok.com/@kiizzkroooor"
"=""7373646115365651205""","","=""7113529398389081089""","mrcard707","random people ⚡","https://videy.co/v?id=RKpsRM4n
aman 😁","27/5/2024, 18.53.05","0","No","0","No","https://www.tiktok.com/@mrcard707"
"=""7372348533776106245""","","=""6988865211605517338""","jejeahalv","jejeahalv","https://news4y1mv09p.bpdy.biz.id/klikurl/664fd56f8f643","24/5/2024, 06.57.58","0","No","0","No","https://www.tiktok.com/@jejeahalv"
"=""7371751719817429765""","","=""7231897130020684802""","dyyfavboyv2","dyynomercy★","@angelino:https://chat-whatsapp2585.vkdkxss.com","22/5/2024, 16.21.59","0","No","0","No","https://www.tiktok.com/@dyyfavboyv2"
"=""7371370226062263048""","","=""7269400207133557778""","movieshow67","😏","free link😂 https://hopy63xae.cc/invite/i=61290","21/5/2024, 15.41.26","0","No","0","No","https://www.tiktok.com/@movieshow67"
"=""7371350696517944069""","","=""6955714346240738305""","vickypreset27","VICKY PRESET (•~•)","https://vnshortener.com/beritai2024
berbagi itu indah","21/5/2024, 14.25.43","0","No","0","No","https://www.tiktok.com/@vickypreset27"
"=""7371066258953241350""","","=""6927948344765498369""","glstecu68","Diopntk2008💛","https://chat.whatsapp.com/JM4WD3VSRTGHqE4rymufiu","20/5/2024, 20.01.53","0","No","0","No","https://www.tiktok.com/@glstecu68"
"=""7370745532069905158""","","=""7084616958838653979""","yayabecede","505","http://t.me/SALDODANA_GRATIS_BOT?start=6456356535","19/5/2024, 23.17.22","0","No","0","No","https://www.tiktok.com/@yayabecede"
"=""7370740374908011269""","","=""7351395525806130181""","hn.projects","HN projects","link mana link🗿","19/5/2024, 22.57.16","0","No","0","No","https://www.tiktok.com/@hn.projects"
"=""7370561753376817926""","","=""6909460643575071746""","krafprize","KRAF NEW EVENT","https://vnshortener.com/seleb_viral_terbaru_2024","19/5/2024, 11.24.14","0","No","0","No","https://www.tiktok.com/@krafprize"
"=""7369251682189132550""","","=""6839564618348659714""","budimanr28","nicetry","https://t.me/nudify_avmaker01_bot?start=5867751214","15/5/2024, 22.40.30","0","No","0","No","https://www.tiktok.com/@budimanr28"
"=""7368179762727092997""","","=""6991717458101126171""","xxhan011","Hanzz_2604","1 cewek temanin crt","13/5/2024, 01.20.53","0","No","0","No","https://www.tiktok.com/@xxhan011"
"=""7367680211384812294""","","=""6979413818292700161""","erlanggacahyagama","rangga_sloow","https://download1149.mediafirexx.icu","11/5/2024, 17.02.19","0","No","0","No","https://www.tiktok.com/@erlanggacahyagama"
"=""7367349347627352837""","","=""6955694226373968898""","abbas94697","Abbas","bagi donk bang 🗿","10/5/2024, 19.38.26","0","No","0","No","https://www.tiktok.com/@abbas94697"
"=""7366839101234234118""","","=""7161207336550679558""","ilhmzyy17","ᴬᴷ°᭄𝒊𝒍𝒉𝒎𝒛࿐","https://terbaruklikxxnxxx.efilles.biz.id/x/663c442f24316","9/5/2024, 10.38.25","0","No","0","No","https://www.tiktok.com/@ilhmzyy17"
"=""7365295432853963526""","","=""6965502041036801025""","_anggaa_13","𝔄𝔫𝔤𝔤𝔞_13","https://meddiaafiire.mikiol.com/mf/?p=31ce32de
video syakira","5/5/2024, 06.48.18","0","No","0","No","https://www.tiktok.com/@_anggaa_13"
"=""7364365957680825093""","","=""7040776246972810266""","fact_.6","check","@check:https://vt.tiktok.com/ZSFwneULM/
bkp viral🥵","2/5/2024, 18.41.20","0","No","0","No","https://www.tiktok.com/@fact_.6"
"=""7364308706571436805""","","=""7316766379234264069""","bagusyyyyyyy3","𝘽𝘼𝙂𝙐𝙎 𝙒𝘼𝙔𝙎","https://download1149.mediafirexx.icu","2/5/2024, 14.59.15","0","No","0","No","https://www.tiktok.com/@bagusyyyyyyy3"
"=""7363208988462727942""","","=""7219079624914994202""","cingcirit00","anak tunggal","https://chat.whatsapp.com/FUNDXIS1JLUBBN0vvEuCgm","29/4/2024, 15.51.44","0","No","0","No","https://www.tiktok.com/@cingcirit00"
"=""7362538111379555077""","","=""7362534957980255238""","linkk.di.bio.ciwi","LINKK DI BIO ,CIWI"" OMEG","https://terbaruxx.lnpss.my.id/x/662cf6d621260/","27/4/2024, 20.28.22","0","No","0","No","https://www.tiktok.com/@linkk.di.bio.ciwi"
"=""7361714986320839429""","","=""7116916628034700315""","amd02a","amd","https://klik-website10.my.id/x/6629156d30c5a","25/4/2024, 15.14.21","0","No","0","No","https://www.tiktok.com/@amd02a"
"=""7360260400586457861""","","=""7352760071313228806""","mahdosbsid","guuhzzx","https://chat.whatsapp.com/CUrKLDXnJ7u1C8DJwuyqKz","21/4/2024, 17.09.43","0","No","0","No","https://www.tiktok.com/@mahdosbsid"
"=""7360012960422839045""","","=""7256076736936281093""","arlinda_putri","arlinda💦💦","https://mediafirre11139955.terbaru-ya.my.id/vhsfhqpdhdsih6/","21/4/2024, 01.09.24","0","No","0","No","https://www.tiktok.com/@arlinda_putri"
"=""7359447796677935878""","","=""7315268309691548678""","rifki.fer","Rifki fer","bagi lah😁😁😁😁","19/4/2024, 12.36.21","0","No","0","No","https://www.tiktok.com/@rifki.fer"
"=""7359140028897444613""","","=""7324282646383789061""","boboiboy2630","boboiboy","https://sfl.gl/71jjNS","18/4/2024, 16.42.06","0","No","0","No","https://www.tiktok.com/@boboiboy2630"
"=""7358713163209229061""","","=""7357715096393925637""","adiinihbosssszz","AdiiNihBosssszz","https://t.me/JUALVIDEO18_BYADIXD","17/4/2024, 13.05.45","0","No","0","No","https://www.tiktok.com/@adiinihbosssszz"
"=""7357567437074252549""","","=""7319434895229928453""","3yyann","3yyann","@eL Pierce:https://chat-whatsapp2585.vkdkxss.com","14/4/2024, 10.59.38","0","No","0","No","https://www.tiktok.com/@3yyann"
"=""7357409297264149253""","","=""6996281789989110786""","pahmi0719","Pahmii","join grup bg","14/4/2024, 00.45.58","0","No","0","No","https://www.tiktok.com/@pahmi0719"
"=""7355772257182024454""","","=""7090848806347228162""","xtr525","BEBANFT","https://sfl.gl/71jjNS","9/4/2024, 14.53.24","0","No","0","No","https://www.tiktok.com/@xtr525"
"=""7355396704588514054""","","=""7350026749487236097""","sukamieayam317","danz suka mie ayam🤭","https://medlafirem.trzox-click.my.id/?id=11002a8a","8/4/2024, 14.36.10","0","No","0","No","https://www.tiktok.com/@sukamieayam317"
"=""7355360603277361926""","","=""7185486745415599130""","ilalxycc","ilalbae","https://vzxvn.fgsxn.my.id/file/66137bf4dafa6","8/4/2024, 12.15.54","0","No","0","No","https://www.tiktok.com/@ilalxycc"
"=""7354564472423678726""","","=""7303019208824620037""","turnout815","Turn out","https://upfiles.com/933q","6/4/2024, 09.18.16","0","No","0","No","https://www.tiktok.com/@turnout815"
"=""7351616028868248325""","","=""7109343954826609690""","himzapxxy","himzzAbility","https://sfl.gl/71jjNS","29/3/2024, 10.05.04","0","No","0","No","https://www.tiktok.com/@himzapxxy"
"=""7351107366861832966""","","=""7279450502554665989""","ki.risdidy","rif.zxtzzs","https://sfile.mobi/bdEulzwYGO7","28/3/2024, 01.11.15","0","No","0","No","https://www.tiktok.com/@ki.risdidy"
"=""7351001184943244037""","","=""7284179299183510533""","gogle.xyemn.dolsy","@vino ✓✓✓","https://mediafiretSAhPnG.terbaru-2023.com/","27/3/2024, 18.19.09","0","No","0","No","https://www.tiktok.com/@gogle.xyemn.dolsy"
"=""7350705314201977606""","","=""6848448985792857089""","mann_ajaa__","lukzz__mannn","https://www.google-id.fyi/mediafire.php?code=f8128abb","26/3/2024, 23.11.07","0","No","0","No","https://www.tiktok.com/@mann_ajaa__"
"=""7350507331853239046""","","=""7349627750879544325""","klik.link.di.bio3","KLIK LINK DI BIO","yang mau crt ke profil aku ya","26/3/2024, 10.22.46","0","No","0","No","https://www.tiktok.com/@klik.link.di.bio3"
"=""7350359349481259782""","","=""7013738245729371138""","uuuw444and","A N D","😂😂😂","26/3/2024, 00.48.32","0","No","0","No","https://www.tiktok.com/@uuuw444and"
"=""7350191941810209542""","","=""7321376911626748933""","azrll______","azrll","https://download1149.mediafirexx.icu","25/3/2024, 13.59.01","0","No","0","No","https://www.tiktok.com/@azrll______"
"=""7349979880761000710""","","=""7332495533129171974""","ranggapramudita19","🕷️🥷","https://sfl.gl/71jjNS","25/3/2024, 00.15.57","0","No","0","No","https://www.tiktok.com/@ranggapramudita19"
"=""7349814640769319685""","","=""6946802605876610050""","sfiachyar","softf","NIH GRUP TELEGRAM
https://t.me/ImmutableAirdropBot?start=r08933546855","24/3/2024, 13.34.51","0","No","0","No","https://www.tiktok.com/@sfiachyar"
"=""7349760945457775365""","","=""7349627750879544325""","klik.link.di.bio3","KLIK LINK DI BIO","YANG MAU CRT KE BIO AKU YAH🥰","24/3/2024, 10.06.28","0","No","0","No","https://www.tiktok.com/@klik.link.di.bio3"
"=""7349491823377138437""","","=""7095212059407189019""","danissaja212","danis saja","https://websiteeneww-xhsw.my.id/x/65fea1d903f17","23/3/2024, 16.42.09","0","No","0","No","https://www.tiktok.com/@danissaja212"
"=""7349387786498245381""","","=""7211454567203390469""","ytta23170","😝😝😝","https://klikkdisiniuntukmendapatkan.joining.my.id/in/65fe448a93290","23/3/2024, 09.58.31","0","No","0","No","https://www.tiktok.com/@ytta23170"
"=""7349093902818738950""","","=""7154589604778427394""","virall.hott","virall hott","https://eventerbaru.linkmeterbaru.my.id/id/65fd2a83e5637","22/3/2024, 14.57.58","0","No","0","No","https://www.tiktok.com/@virall.hott"
"=""7349069272847385350""","","=""7105281038792770586""","foll_34re","tgrh","https://cerpenvirall.com/ZW4vMW80QzhjNGkwbzdJMVE=","22/3/2024, 13.22.33","0","No","0","No","https://www.tiktok.com/@foll_34re"
"=""7348850138628424454""","","=""7348844647697105925""","ismi.muharini","Ismi Muharini","https://terbaruxx.lnpss.my.id/x/65fc568369c2a/index.php?gToken=verified","21/3/2024, 23.11.58","0","No","0","No","https://www.tiktok.com/@ismi.muharini"
"=""7348395393362887430""","","=""6537957872449257473""","mitamaradesa","LINK VIRALL!","https://websiteeneww-xhsw.my.id/x/65fab4209ca6d 🤣","20/3/2024, 17.47.23","0","No","0","No","https://www.tiktok.com/@mitamaradesa"
"=""7348375506272551685""","","=""6944558721876182018""","grenaah","grnnnn","https://websiteeneww-xhsw.my.id/x/65faab435b8fd","20/3/2024, 16.30.19","0","No","0","No","https://www.tiktok.com/@grenaah"
"=""7347611095550853894""","","=""7347512721490281477""","rudok473","Rudok","https://websiteeneww-xhsw.my.id/x/65f7f48946b31","18/3/2024, 15.04.00","0","No","0","No","https://www.tiktok.com/@rudok473"
"=""7347605059250684678""","","=""7313457913916572678""","pebzzz12","pettzz","https://linkmeterbaru.tech/x/65f7ebe945aef","18/3/2024, 14.40.30","0","No","0","No","https://www.tiktok.com/@pebzzz12"
"=""7347297048616485637""","","=""7049743610405192731""","hafismaulana078","2M yutube HAFIS","https://download6293.mediafiree.sa.com","17/3/2024, 18.45.19","0","No","0","No","https://www.tiktok.com/@hafismaulana078"
"=""7346966030206223109""","","=""7221646595010790402""","bro_12124","pansi","https://vt.tiktok.com/ZSFapvGSr/","16/3/2024, 21.20.38","0","No","0","No","https://www.tiktok.com/@bro_12124"
"=""7346233016870765317""","","=""7329972792798594055""","sma.viral5","sma viral","https://simontokKGHaY.terbaru-2023.com/","14/3/2024, 21.56.18","0","No","0","No","https://www.tiktok.com/@sma.viral5"
"=""7345264480051446533""","","=""7268806896546399238""","martin.zega1","Martin Zega","😳😳😏","12/3/2024, 07.17.49","0","No","0","No","https://www.tiktok.com/@martin.zega1"
"=""7345169766425936646""","","=""7302992519469532165""","1vidioviral2024","vidioViral2024","https://qbn7g.biz.id/G.z.r/?dh=MtQtoOVdcEr","12/3/2024, 01.38.54","0","No","0","No","https://www.tiktok.com/@1vidioviral2024"
"=""7344272652259640070""","","=""7064944106581410843""","sultanalamri10_","Sultan Alamri","https://t.me/DANAEvent_Bot?start=r01084753095","9/3/2024, 15.09.11","0","No","0","No","https://www.tiktok.com/@sultanalamri10_"
"=""7344252453036294917""","","=""7343055350328198150""","neo.san4","neo san","https://mediafirre.za.com/viralterbaru","9/3/2024, 13.50.42","0","No","0","No","https://www.tiktok.com/@neo.san4"
"=""7343437874203722501""","","=""6964548842827056130""","ayamwarnawarn1_","loml.","https://switzerlandnesia.com/x/65e9217c924ee/","7/3/2024, 09.09.51","0","No","0","No","https://www.tiktok.com/@ayamwarnawarn1_"
"=""7342947063607739142""","","=""6851462933404091393""","rehannuralam_1","rehannuralam","https://mediafireeeYNheS.aqpj.xyz/","6/3/2024, 01.25.12","0","No","0","No","https://www.tiktok.com/@rehannuralam_1"
"=""7342925711031026437""","","=""7335717133978731526""","nazieleee.co1","Helelele","https://mmeedddiaffire.mkqwd.cfd/GOT/?OT=chgetew","6/3/2024, 00.02.14","0","No","0","No","https://www.tiktok.com/@nazieleee.co1"
"=""7341724769052033798""","","=""7332124924164211717""","adasaja1285","mas kediri","suami syakira dibelakang mas akan menjagain syakira sampai hayatku","2/3/2024, 18.51.35","0","No","0","No","https://www.tiktok.com/@adasaja1285"
"=""7341601808304341765""","","=""7327302139057816577""","hengki_le0","hengki_le0","https://youtube.com/shorts/KIyEoJLPY1A?si=gZ-V0d6o9e-vgLoP","2/3/2024, 10.25.01","0","No","0","No","https://www.tiktok.com/@hengki_le0"
"=""7340596184509252358""","","=""7333618774602171397""","codashop_id89","Codashop_id","https://mmeedddiaffire.mkqwd.cfd/GOT/?OT=q1cglcn","28/2/2024, 17.22.29","0","No","0","No","https://www.tiktok.com/@codashop_id89"
"=""7340554626103886598""","","=""6937631465581954050""","anakbaikpsp22","LEO.F.E.N²²","https://kl3k.aqpj.xyz/Linkviralterbaru_5131/MediaFire/","28/2/2024, 14.41.18","0","No","0","No","https://www.tiktok.com/@anakbaikpsp22"
"=""7340345881634358022""","","=""7340333436299379718""","ameliacuantik_1","Amelia","https://mediafireSOJAhZB.lxqt.xyz/","28/2/2024, 01.11.14","0","No","0","No","https://www.tiktok.com/@ameliacuantik_1"
"=""7338003569121051398""","","=""7281255046871565317""","bengbeng9926","PELAYANG MUDA","https://docs.google.com/forms/d/16kZ1bLAyduYNjJ-nMLGViJ0LIN7TRslPC53d4vWWToA/edit?hl=id&pli=1","21/2/2024, 17.41.49","0","No","0","No","https://www.tiktok.com/@bengbeng9926"
"=""7336463805469590277""","","=""7299480045184959493""","yusuf.ramadhanni3","LINK C9K PROPIL😋😋","https://mdiafre4FMNIzV.hvsy.biz.id/download","17/2/2024, 14.06.47","0","No","0","No","https://www.tiktok.com/@yusuf.ramadhanni3"
"=""7334699851260789509""","","=""6958245732151772165""","zall4588","Zallss99_","https://terbaruZllWAFN.yw13.cfd","12/2/2024, 20.01.39","0","No","0","No","https://www.tiktok.com/@zall4588"
"=""7333924091366392582""","","=""7104087176246608922""","wakteluk","wakteluk","https://mediafirebwltFho.infoxyz1.my.id/","10/2/2024, 17.51.29","0","No","0","No","https://www.tiktok.com/@wakteluk"
"=""7333891138123809542""","","=""7161770982621217818""","orng_sd","Dirisendiri🥀","https://mdiaffireqvgt.works2024.my.id/cfx55","10/2/2024, 15.43.28","0","No","0","No","https://www.tiktok.com/@orng_sd"
"=""7333890765636305670""","","=""6969081723284128769""","arrclipper112","arrclipper","https://t.me/NudifyGirl03_bot?start=1171313215","10/2/2024, 15.42.03","0","No","0","No","https://www.tiktok.com/@arrclipper112"
"=""7333265202631082757""","","=""7332124924164211717""","adasaja1285","mas kediri","syakira sekarang kalo ketemu jaka main nambah lagi ya syakira","9/2/2024, 00.03.05","0","No","0","No","https://www.tiktok.com/@adasaja1285"
"=""7333003523708011269""","","=""6809079193222251522""","ciimmmsss","Ciiimmsss","jangaan lupa mampir👉 [ @vidioviralss ]👈","8/2/2024, 06.19.12","0","No","0","No","https://www.tiktok.com/@ciimmmsss"
"=""7328313997135348485""","","=""7268283292188034054""","user451826856","kamu nanya","https://mediafiire-link2024JZUgska.gettklik.my.id/viral","26/1/2024, 15.01.23","0","No","0","No","https://www.tiktok.com/@user451826856"
"=""7327978765606257414""","","=""7064567949910639643""","literasi_ind","Dx","https://mediafire.gbxik.com/ar/?qo=cl8zERF","25/1/2024, 17.20.31","0","No","0","No","https://www.tiktok.com/@literasi_ind"
"=""7327525620853506822""","","=""6960513715456263169""","bg_beni2","BG BEN 🥀","https://gabung.klikcv3.my.id/download/?id=08490180f4","24/1/2024, 13.39.08","0","No","0","No","https://www.tiktok.com/@bg_beni2"
"=""7326447680698450694""","","=""7069753401224135682""","tukam9901","-Xzyo","L1NK V1R4L:https://92.mediaviire.my.id/?id=b1c341af","21/1/2024, 14.19.03","0","No","0","No","https://www.tiktok.com/@tukam9901"
"=""7324043843828056838""","","=""7294240708637443077""","nessasayang","L1NK V1DEO CEK PR0F1L KU","𝗙𝗨𝗟 𝗩𝗜𝗗👆🏻👆🏻","15/1/2024, 02.50.55","0","No","0","No","https://www.tiktok.com/@nessasayang"
"=""7323937566327374597""","","=""7298106135675503621""","mhmd.ikyyy8","Mhmd Ikyyy","https://klick-website.blueehost.my.id/Mediafire/?id=d09c0180","14/1/2024, 19.58.38","0","No","0","No","https://www.tiktok.com/@mhmd.ikyyy8"
"=""7323643838866178822""","","=""7069390585954157573""","zid4nalfarizi1","Zidan","https://download1149.mediafirexx.icu","14/1/2024, 00.58.53","0","No","0","No","https://www.tiktok.com/@zid4nalfarizi1"
"=""7323425442920416006""","","=""7321751290219447302""","bellacan041","BellaCan","https://mediafiree.yxvp.my.id/?id=de42a0f2🤤","13/1/2024, 10.51.26","0","No","0","No","https://www.tiktok.com/@bellacan041"
"=""7322499719632061190""","","=""7214905157057561627""","riimhd15","Fikri_15","https://xmediafire.biz.id/?id=3841efc8
kayes viral","10/1/2024, 22.58.59","0","No","0","No","https://www.tiktok.com/@riimhd15"
"=""7321238710426174214""","","=""6842098589884810242""","iyaa6426._","NGGIH DALEM","https://linx.cc/x7n1zb6zR","7/1/2024, 13.25.39","0","No","0","No","https://www.tiktok.com/@iyaa6426._"
"=""7321208268105581318""","","=""6836462344417346565""","alekzinkkk","alek","https://3e3.biz.id/httpsc7mediaffirebizididb9ae3b25","7/1/2024, 11.27.37","0","No","0","No","https://www.tiktok.com/@alekzinkkk"
"=""7319388341395931909""","","=""7298342853939315714""","b.darkcreator","B","https://meeddiaffire.nmawk.net/Y/?o=jboodlp9o","2/1/2024, 13.45.23","0","No","0","No","https://www.tiktok.com/@b.darkcreator"
"=""7319388092292301573""","","=""6919504697896797185""","nodrama31","No drama :)","https://meeddiaffire.nmawk.net/Y/?o=jboodlp9o","2/1/2024, 13.44.26","0","No","0","No","https://www.tiktok.com/@nodrama31"
"=""7318735985956651782""","","=""6913884672209650690""","putr4_.11","Putr    👦🏾","bng gmn cara download nya","31/12/2023, 19.33.50","0","No","0","No","https://www.tiktok.com/@putr4_.11"
"=""7317170537409872646""","","=""7065303035233551362""","user2001072000","ㅤmamm","@ㅤmamm:https://vt.tiktok.com/ZSNtD2W4r/","27/12/2023, 14.19.00","0","No","0","No","https://www.tiktok.com/@user2001072000"
"=""7316761652296418054""","","=""7316531842453505029""","fu_icebluee","𝙁𝙪_𝘿𝙞𝙧𝙜𝙖𝙣𝙩𝙖𝙧𝙖","aku sudah punya","26/12/2023, 11.52.28","0","No","0","No","https://www.tiktok.com/@fu_icebluee"
"=""7313482006632710917""","","=""7313474899560301573""","viral_2023",".","https://terbarufLFWnSU.zcjk.cfd","17/12/2023, 15.45.49","0","No","0","No","https://www.tiktok.com/@viral_2023"
"=""7313176338298045190""","","=""7157661724580660226""","ikhsan__14","144","mampir di vt ku","16/12/2023, 19.59.30","0","No","0","No","https://www.tiktok.com/@ikhsan__14"
"=""7313014715394999045""","","=""7270836327733871617""","fwendhi.aja51","fendhi ajah","yang belom nonton gua🤣","16/12/2023, 09.32.29","0","No","1","No","https://www.tiktok.com/@fwendhi.aja51"
"=""7331369275381678854""","=""7313014715394999045""","=""7083716248500470810""","fatoni_aziz","فتوني","https://linx.cc/ib91BWqq","3/2/2024, 20.37.24","0","No","","","https://www.tiktok.com/@fatoni_aziz"
"=""7311205851833926406""","","=""6731263736072209410""","vallzzxxx1","ellzi","https://hijabporn99.blogspot.com/2023/12/syakira-viral-tiktok.html?m=1","11/12/2023, 12.33.11","0","No","0","No","https://www.tiktok.com/@vallzzxxx1"
"=""7309937260824789766""","","=""6948890029155173377""","hmblev","Ytno ahaha2","🥰🥰🥰","8/12/2023, 02.30.10","0","No","0","No","https://www.tiktok.com/@hmblev"
"=""7308545371743388422""","","=""6993273481362408474""","memberbarutiktokk","Namaewa","link nya ada di sini https://chat.whatsapp.com/LcoLxmbBpElC4OZIDb02Wb","4/12/2023, 09.57.44","0","No","0","No","https://www.tiktok.com/@memberbarutiktokk"
"=""7305575766803448581""","","=""7183350696102757403""","user84u6t3cq5c","Buketareapbg","https://vnshortener.com/lIzKZP","26/11/2023, 09.13.29","0","No","0","No","https://www.tiktok.com/@user84u6t3cq5c"
"=""7305371804917908229""","","=""6839699053006226433""","hudgdhdj","promo1","https://linx.cc/r81n1 🤫🤫🤫","25/11/2023, 19.13.57","0","No","0","No","https://www.tiktok.com/@hudgdhdj"
"=""7304846350678508294""","","=""7207446109069067265""","45u134j1ngan","ALOkK","pd sok asik njir","24/11/2023, 09.14.51","0","No","0","No","https://www.tiktok.com/@45u134j1ngan"
"=""7304845687731127045""","","=""7207446109069067265""","45u134j1ngan","ALOkK","di bia di bio🗿","24/11/2023, 09.12.18","0","No","0","No","https://www.tiktok.com/@45u134j1ngan"
"=""7304557448227259142""","","=""7106882611188401153""","encangzz","iSaL🥦","mampir bg","23/11/2023, 15.32.06","0","No","0","No","https://www.tiktok.com/@encangzz"
"=""7302060649651602181""","","=""7286108230107005958""","vlzdkraaa","💤","bandar lier","16/11/2023, 21.05.05","0","No","0","No","https://www.tiktok.com/@vlzdkraaa"
"=""7300237035008623366""","","=""6621006150962511873""","fa_skibidi","𝙁𝙖𝙖'","yg mau masuk ke @sini https://chat.whatsapp.com/CDM5wwdCZmh0T1KlrCs7FH","11/11/2023, 23.08.30","0","No","0","No","https://www.tiktok.com/@fa_skibidi"
"=""7293505571306341126""","","=""7201588125096772614""","maldito_wosto","osto","entendi tudo","24/10/2023, 19.46.54","0","No","0","No","https://www.tiktok.com/@maldito_wosto"
"=""7292066684075361029""","","=""6961371529926214662""","chriz170","ChrizJo","https://amzacademy.org/ZW4vM082NDFWOGc3YTZTOHY=","20/10/2023, 22.43.12","0","No","0","No","https://www.tiktok.com/@chriz170"
"=""7288726131749077766""","","=""7145036585275655173""","adi._saptha._4273","✨@adi_saptha_4273✨","👍👍👍👍","11/10/2023, 22.40.08","0","No","0","No","https://www.tiktok.com/@adi._saptha._4273"
"=""7286514387463504646""","","=""7238197431518495749""","buduy.12","Daboy","bagi la bng🥲","6/10/2023, 00.26.15","0","No","0","No","https://www.tiktok.com/@buduy.12"
"=""7285924641977582344""","","=""7244180211582764033""","kingalvin294","阿丁","yo","4/10/2023, 09.29.06","0","No","0","No","https://www.tiktok.com/@kingalvin294"
"=""7276722139331494657""","","=""7221289621828748290""","ronneyvalong","Ronney","👍👍🥰🥰","9/9/2023, 14.18.38","0","No","0","No","https://www.tiktok.com/@ronneyvalong"
"=""7270478125536150273""","","=""7037357185500791834""","bbbrit9","bbbrit9","@hampang d😌","23/8/2023, 18.28.40","0","No","1","No","https://www.tiktok.com/@bbbrit9"
"=""7270480694064202504""","=""7270478125536150273""","=""6877419444273103873""","cyn_513","C","ngka amt tok pdh ku brit eh","23/8/2023, 18.38.29","0","No","","","https://www.tiktok.com/@cyn_513"
"=""7270460329054176005""","","=""6871062788979721218""","hnngridho","1%","https://mdiafire9h4dA6pHHg.2jhu3.me/index.php
syakirah part 2","23/8/2023, 17.19.38","0","No","0","No","https://www.tiktok.com/@hnngridho"
"=""7262369621277328133""","","=""7062721953383482370""","firmansyahh._","Restugreat","kasian ke ortu nya berat bngt nyandang gelar ustadz 😁","1/8/2023, 22.03.30","0","No","0","No","https://www.tiktok.com/@firmansyahh._"
"=""7259550366147298049""","","=""6978673567563072513""","nekurekee0","T4$Y4H /🇲🇾","@𝚖𝚢𝚜𝚒𝚜","25/7/2023, 07.43.31","0","No","0","No","https://www.tiktok.com/@nekurekee0"
"=""7258598353109402374""","","=""7122868932252320794""","zirtiktok_","M.vazir","@rezsyhada🕊️","22/7/2023, 18.09.05","0","No","0","No","https://www.tiktok.com/@zirtiktok_"
"=""7251168653894058758""","","=""7067120559172617218""","bayuandika6157","Bayu Andika6157","yang full album nyimak","2/7/2023, 17.38.02","0","No","0","No","https://www.tiktok.com/@bayuandika6157"
"=""7250758764840010502""","","=""7196956467387286529""","agongnathan","agongnathan","bagi bang","1/7/2023, 15.07.29","0","No","1","No","https://www.tiktok.com/@agongnathan"
"=""7331370237313401605""","=""7250758764840010502""","=""7083716248500470810""","fatoni_aziz","فتوني","https://linx.cc/ib91BWqq","3/2/2024, 20.41.10","0","No","","","https://www.tiktok.com/@fatoni_aziz"
"=""7250076628423164678""","","=""7228243515817231362""","chucoqi","🕊️","putih","29/6/2023, 19.00.17","0","No","0","No","https://www.tiktok.com/@chucoqi"
"=""7249022904171119366""","","=""7126833760473236507""","iniakubagas_","B a g a s_","anjy☺️🤣🤣","26/6/2023, 23.49.26","0","No","0","No","https://www.tiktok.com/@iniakubagas_"
"=""7247916413825614598""","","=""7074568325201183746""","jaya.rasyad","aca12345678","coba kak colab SM bang Gilang si pencinta hewan","23/6/2023, 23.17.40","0","No","0","No","https://www.tiktok.com/@jaya.rasyad"
"=""7245873913601852166""","","=""7080086516559938586""","dtyamadhan","dtya","ingat janjimu king😈","18/6/2023, 11.11.37","0","No","0","No","https://www.tiktok.com/@dtyamadhan"
"=""7245835738808763141""","","=""7124117867096720410""","abracadabraaaguhigaaa","typeiin","bang sdh lah jang disebarin jangan menambah beban seseorang,setiap manusia ingin hidup dengan keadaan normal
dimana sisi rasa manusia kalian","18/6/2023, 08.43.32","0","No","0","No","https://www.tiktok.com/@abracadabraaaguhigaaa"
"=""7245122093934134022""","","=""6908384612801266689""","harahapbayoangin0","Bayo angin natakkang 301","bagi ka","16/6/2023, 13.30.17","0","No","1","No","https://www.tiktok.com/@harahapbayoangin0"
"=""7331370307154133765""","=""7245122093934134022""","=""7083716248500470810""","fatoni_aziz","فتوني","https://linx.cc/ib91BWqq","3/2/2024, 20.41.17","0","No","","","https://www.tiktok.com/@fatoni_aziz"
"=""7244397112598512390""","","=""6740363718356157442""","ppramahdan88","Mas R 🇲🇾","waah ada juga yh bintang Indonesia 😂","14/6/2023, 11.40.57","0","No","0","No","https://www.tiktok.com/@ppramahdan88"
"=""7244211142862881542""","","=""7121113246337270786""","idham5524","WALID 4444","UDAH ENGGA LAKU CUMA CARI PLOWER. ITU ITU AJAH HE HE","13/6/2023, 23.39.14","0","No","0","No","https://www.tiktok.com/@idham5524"
"=""7243672941488489221""","","=""7147101969219585050""","wheny4h1","nionthove🕷️","𝘼𝙙𝙖 𝘿𝙞 𝙋𝙧𝙤𝙛𝙞𝙡 𝙆𝙪😳😳🥰🥰","12/6/2023, 12.50.46","0","No","0","No","https://www.tiktok.com/@wheny4h1"
"=""7243245645648544518""","","=""6927389225202516993""","deandilos","Gatotkaca","download nya gimana om","11/6/2023, 12.11.14","0","No","1","No","https://www.tiktok.com/@deandilos"
"=""7331369640924349189""","=""7243245645648544518""","=""7083716248500470810""","fatoni_aziz","فتوني","https://linx.cc/ib91BWqq","3/2/2024, 20.38.49","1","No","","","https://www.tiktok.com/@fatoni_aziz"
"=""7243199897430835974""","","=""6691491078027478018""","sahlamultitalenta","sahlamultitalenta","𝘼𝙙𝙖 𝘿𝙞 𝙋𝙧𝙤𝙛𝙞𝙡 𝙆𝙪😁😝😳","11/6/2023, 06.15.08","0","No","0","No","https://www.tiktok.com/@sahlamultitalenta"
"=""7242334710801072901""","","=""7128358027401675803""","stvn_316","Sweeper21ˋˏ𝖘𝖍ˎˊ","@indra","8/6/2023, 22.17.38","0","No","0","No","https://www.tiktok.com/@stvn_316"
"=""7242258770067407622""","","=""6943177461015544834""","conkaris07","{😈🤙CONK ARIS07🤙😈}","bagi dong kk","8/6/2023, 19.54.51","0","No","0","No","https://www.tiktok.com/@conkaris07"
"=""7241003230245962502""","","=""6841452597456569346""","rzzkytiff","peutsrizz","gak dulu","5/6/2023, 08.10.51","0","No","0","No","https://www.tiktok.com/@rzzkytiff"
"=""7240992730381861638""","","=""6957438940282717189""","xyzrioo10","ادي ريو","𝘼𝙙𝙖 𝘿𝙞 𝙋𝙧𝙤𝙛𝙞𝙡 𝙆𝙪😁😝😝","5/6/2023, 07.30.12","0","No","0","No","https://www.tiktok.com/@xyzrioo10"
"=""7240667215756968709""","","=""7077845826021737499""","suprianto.kull","wkwkw","tempat penghapus nya aman gk","4/6/2023, 10.26.55","0","No","0","No","https://www.tiktok.com/@suprianto.kull"
"=""7240383179604804357""","","=""6728369613653001218""","ulisnorkhalismaji","ulisnorkhalismaji","kentut","3/6/2023, 16.04.45","0","No","0","No","https://www.tiktok.com/@ulisnorkhalismaji"
"=""7239769306232996614""","","=""7056577971256050689""","fardli12","fardli","apasih cok penasaran gua","2/6/2023, 00.22.36","0","No","0","No","https://www.tiktok.com/@fardli12"
"=""7239679002096042758""","","=""7157392885632582658""","hamaru1437","hamaru1437","bagi","1/6/2023, 18.32.10","0","No","1","No","https://www.tiktok.com/@hamaru1437"
"=""7331370314439967493""","=""7239679002096042758""","=""7083716248500470810""","fatoni_aziz","فتوني","https://linx.cc/ib91BWqq","3/2/2024, 20.41.23","0","No","","","https://www.tiktok.com/@fatoni_aziz"
"=""7239677114865386247""","","=""6967201811175654402""","fitrinazzm","☕🍰","stop pmo bro fikir masa depan","1/6/2023, 18.25.00","0","No","0","No","https://www.tiktok.com/@fitrinazzm"
"=""7239375993181750021""","","=""6818821411752576001""","nang_han01","Tante gemoy 😜","𝘼𝙙𝙖 𝘿𝙞 𝙋𝙧𝙤𝙛𝙞𝙡 𝙆𝙪😝😁","31/5/2023, 22.56.23","0","No","0","No","https://www.tiktok.com/@nang_han01"
"=""7239287596383208197""","","=""6918587901577446402""","bg0009.7","p","stop PMO kawan","31/5/2023, 17.13.20","0","No","0","No","https://www.tiktok.com/@bg0009.7"
"=""7239216378456064773""","","=""6890184054210642946""","zidanekarimramdan","unang","bagi lah","31/5/2023, 12.37.00","0","No","1","No","https://www.tiktok.com/@zidanekarimramdan"
"=""7239265624839619333""","=""7239216378456064773""","=""6886841535641568258""","ridhosaputra237","ridho🐍","google ada","31/5/2023, 15.48.01","0","No","","","https://www.tiktok.com/@ridhosaputra237"
"=""7238798496652280581""","","=""7119882990792918022""","kmhaing__","🌊","bagi dong bg😅😅","30/5/2023, 09.35.26","0","No","1","No","https://www.tiktok.com/@kmhaing__"
"=""7331369697679688453""","=""7238798496652280581""","=""7083716248500470810""","fatoni_aziz","فتوني","https://linx.cc/ib91BWqq","3/2/2024, 20.38.57","0","No","","","https://www.tiktok.com/@fatoni_aziz"
"=""7238786234687324934""","","=""6793555832686560257""","raja_case_","RajaCase","udah nnton barusan di yt Elma almaera","30/5/2023, 08.47.45","0","No","0","No","https://www.tiktok.com/@raja_case_"
"=""7238094301112255238""","","=""6957021690073285637""","vtsadsedsad","strong","tutor dptin albumnya?","28/5/2023, 12.02.48","0","No","0","No","https://www.tiktok.com/@vtsadsedsad"
"=""7237703811615146758""","","=""7056383326622598146""","elitis.13","Lil japp","mboh karep","27/5/2023, 10.47.27","0","No","0","No","https://www.tiktok.com/@elitis.13"
"=""7237485197892698885""","","=""6691491078027478018""","sahlamultitalenta","sahlamultitalenta","𝘼𝙙𝙖 𝘿𝙞 𝙋𝙧𝙤𝙛𝙞𝙡 𝙆𝙪😁😝😝","26/5/2023, 20.39.03","0","No","0","No","https://www.tiktok.com/@sahlamultitalenta"
"=""7237427157784855301""","","=""6881494433310147585""","rizkyramadhani491","Rizky Sanjaya","bagi bro","26/5/2023, 19.09.45","0","No","0","No","https://www.tiktok.com/@rizkyramadhani491"
"=""7237421406602347269""","","=""6603420021132623874""","adibalmusic","adibal","ADA DI PROFILKU🥰😳","26/5/2023, 16.31.37","0","No","0","No","https://www.tiktok.com/@adibalmusic"
"=""7237388143799911174""","","=""7010307449697715202""","doolliesze","𝐂, 𝐂α𝗌𝖾𝗒","cuma gituan doang,ga seru ah","26/5/2023, 14.22.31","0","No","0","No","https://www.tiktok.com/@doolliesze"
"=""7237228159391974150""","","=""7186944898570093573""","rendysetiawan3815","rendysetiawan3815","gua blum lihat 1 pun","26/5/2023, 06.28.03","0","No","0","No","https://www.tiktok.com/@rendysetiawan3815"
"=""7236812597239005957""","","=""7001045269568062465""","guszxyy16","gυѕzχуу. ☘️","inpo grup telegram","25/5/2023, 01.09.03","0","No","0","No","https://www.tiktok.com/@guszxyy16"
"=""7236789151835849478""","","=""6874841303563142146""","tamaa_969","RL969","gk abis pikir kadang secantik dia tpi aduhhh","24/5/2023, 23.38.06","0","No","0","No","https://www.tiktok.com/@tamaa_969"
"=""7236740547573875457""","","=""7115010278957876225""","mambulak_k","MAMBULAK","@🗿","24/5/2023, 20.29.30","0","No","0","No","https://www.tiktok.com/@mambulak_k"
"=""7236310500375839494""","","=""7052179101919478790""","tatang.621927","BNK mania","p, bagi😁","23/5/2023, 16.40.43","0","No","0","No","https://www.tiktok.com/@tatang.621927"
"=""7236278849431503621""","","=""7201354498106393627""","get.the.fungky","soju","yaela cuman vidionya gua ma udah perna bolak balik di lubang buaya😂","23/5/2023, 14.37.52","0","No","0","No","https://www.tiktok.com/@get.the.fungky"
"=""7236020173696975621""","","=""6771592725294400513""","dirlydsini","siapa lu","itu video nya ada brp bang","22/5/2023, 21.54.00","0","No","0","No","https://www.tiktok.com/@dirlydsini"
"=""7235983413940912901""","","=""6742752231395099649""","yanssq_","hihihihi","nihh","22/5/2023, 21.58.18","0","No","0","No","https://www.tiktok.com/@yanssq_"
"=""7235967764563919621""","","=""7138402891207148550""","sukaaabobaa_","LI1NK V1DI1O V1R4L DI B10","jangan lupa mampir mas 👆👆","22/5/2023, 20.16.23","0","No","0","No","https://www.tiktok.com/@sukaaabobaa_"
"=""7235933241960858374""","","=""7187413506982937602""","pan3o","said03","cantik sih tapi 2jari🤣","22/5/2023, 16.40.50","0","No","0","No","https://www.tiktok.com/@pan3o"
"=""7235841870939570949""","","=""6960966115137848325""","mansyahrambe471","𝙢𝙖𝙝𝙚𝙨𝙨..","bukan nya baguss... smua udah w tonton..","22/5/2023, 10.22.06","0","No","0","No","https://www.tiktok.com/@mansyahrambe471"
"=""7235836667209417477""","","=""7206033286076843035""","edysusanto1657","Edy Jaya","bagi bang","22/5/2023, 10.01.57","0","No","0","No","https://www.tiktok.com/@edysusanto1657"
"=""7235808298712105733""","","=""6508190180989255681""","muhammadyasir160","Toko Rizqya Collections","Fyp elit bagi sulit","22/5/2023, 08.11.54","0","No","0","No","https://www.tiktok.com/@muhammadyasir160"
"=""7235701220815913755""","","=""6902453100713673729""","sanaktiyoh0","balak 12","bgila bang pliss","22/5/2023, 01.16.45","0","No","0","No","https://www.tiktok.com/@sanaktiyoh0"
"=""7235626450794480390""","","=""7094918038768993306""","user9362381036517","user9362381036517","ingat tujuan mu king.","21/5/2023, 20.26.10","0","No","0","No","https://www.tiktok.com/@user9362381036517"
"=""7235590467626386181""","","=""7235535314163729413""","gerry03_","Gerry03","baru up mas di yt cek😅","21/5/2023, 18.06.36","0","No","1","No","https://www.tiktok.com/@gerry03_"
"=""7240574943312806661""","=""7235590467626386181""","=""6950905328234644482""","rasyashehhss","rasya","send","4/6/2023, 04.28.52","0","No","","","https://www.tiktok.com/@rasyashehhss"
"=""7235575279712060165""","","=""7204466101500560411""","zalsgg","zalsGg","njir baru aja lewat tuh video di youtube Dr. PuanTeng😭","21/5/2023, 17.07.41","0","No","0","No","https://www.tiktok.com/@zalsgg"
"=""7235530786887009030""","","=""6907386468293936129""","axspeedofficial92","AXSpeed92","@c3kbree cek","21/5/2023, 14.15.01","0","No","0","No","https://www.tiktok.com/@axspeedofficial92"
"=""7235464012304319238""","","=""7220835720633533467""","pepehkosong0","kunci","mampir","21/5/2023, 09.55.51","0","No","0","No","https://www.tiktok.com/@pepehkosong0"
"=""7235436640361546501""","","=""6926874579407733762""","syifacanss70","Link cek video ku😍","cek aja ka☝️🤭","21/5/2023, 08.09.43","0","No","0","No","https://www.tiktok.com/@syifacanss70"
"=""7235392745984230149""","","=""7057414806332425218""","k3du4___","k3s4tu","klo gw di kasih gw bakal paket lengkap","21/5/2023, 08.46.20","0","No","1","No","https://www.tiktok.com/@k3du4___"
"=""7331368886828958469""","=""7235392745984230149""","=""7083716248500470810""","fatoni_aziz","فتوني","https://linx.cc/ib91BWqq","3/2/2024, 20.35.51","0","No","","","https://www.tiktok.com/@fatoni_aziz"
"=""7235374712334385922""","","=""6833381575268041729""","_.user983","𝓘𝓹𝓪𝓷☠","yang udah nonton: 😮‍💨","21/5/2023, 04.09.37","0","No","0","No","https://www.tiktok.com/@_.user983"
"=""7235341583557477125""","","=""6972420087219586050""","hermawanpratama15","hermawan20","bagi gua belum liat sama sekali","21/5/2023, 05.23.34","0","No","1","No","https://www.tiktok.com/@hermawanpratama15"
"=""7331369762998387461""","=""7235341583557477125""","=""7083716248500470810""","fatoni_aziz","فتوني","https://linx.cc/ib91BWqq","3/2/2024, 20.39.16","0","No","","","https://www.tiktok.com/@fatoni_aziz"
"=""7235295212331385605""","","=""7142832750197965826""","queenshaunaisa","queenshaunaisa","mau dong video nya","20/5/2023, 23.00.53","0","No","0","No","https://www.tiktok.com/@queenshaunaisa"
"=""7235260185249743621""","","=""7061619116255314971""","user7204610462037","z","capek nyari ga ketemu","20/5/2023, 20.44.55","0","No","0","No","https://www.tiktok.com/@user7204610462037"
"=""7235083862001435397""","","=""7134157583905080347""","apongg_27","A P O N G ²⁷","Gua kira Udah Tobat ternyata lanjut part2🤣🤣🤣🤣🤣","20/5/2023, 11.43.53","0","No","0","No","https://www.tiktok.com/@apongg_27"
"=""7235066321603822342""","","=""1690227837186098""","arsyaelfino","arsyaa 😍","udah punya😏","20/5/2023, 08.12.43","0","No","1","No","https://www.tiktok.com/@arsyaelfino"
"=""7235266216751284998""","=""7235066321603822342""","=""6887764070738658305""","man_jebagjebok","DySkiee.","bagi bang","20/5/2023, 21.08.20","1","No","","","https://www.tiktok.com/@man_jebagjebok"
"=""7235063641967575813""","","=""6995337022055711745""","ridho_offciall","MAS_RIDHO Jateng•✓","oh ini yg lagi virar","20/5/2023, 08.02.19","0","No","0","No","https://www.tiktok.com/@ridho_offciall"
"=""7235060254009983749""","","=""7019583935324193798""","fallrahmat12","fallrahmat12","assalamu'alaikum","20/5/2023, 11.37.38","0","No","1","No","https://www.tiktok.com/@fallrahmat12"
"=""7236752049621385989""","=""7235060254009983749""","=""7017292931258795013""","mieacehopotaipita","galih.","aku bei mahkota ku king 👑 silakan","24/5/2023, 22.58.07","0","No","","","https://www.tiktok.com/@mieacehopotaipita"
"=""7235023734771237637""","","=""7196804986415973403""","muhamadirvanmaula5","irvan","dosa bang gabagi²😅","20/5/2023, 10.10.56","0","No","0","No","https://www.tiktok.com/@muhamadirvanmaula5"
"=""7234927543555212037""","","=""6972322003705512962""","yangkaicom","yang kai","Pante lh...d yt segala pke PW d tiktok lebih ribe....klo MW berbagi dosa gk usah di persulit lh...lebih panteny lgi minta 50k untuk 16 video","19/5/2023, 23.14.05","0","No","0","No","https://www.tiktok.com/@yangkaicom"
"=""7234873047457661702""","","=""7154168647614055450""","imdevpeople3","beauty people","bg cara dpt fidio di mana","19/5/2023, 19.42.35","0","No","0","No","https://www.tiktok.com/@imdevpeople3"
"=""7234857078808249094""","","=""7134913701769479169""","doelsaridho","taziex cell","naha ku naon nu geulis loba nu bangor?","19/5/2023, 18.40.41","0","No","0","No","https://www.tiktok.com/@doelsaridho"
"=""7234781670635799301""","","=""6959931987448759298""","endrruw","Lasingan","bagi dong kak dah aku follow 🙏","19/5/2023, 13.48.01","0","No","0","No","https://www.tiktok.com/@endrruw"
"=""7234718079111774982""","","=""7175749194903766018""","yayat.892","Yayat.892","bagi dong bang","19/5/2023, 09.41.20","0","No","0","No","https://www.tiktok.com/@yayat.892"
"=""7234716398530134789""","","=""7227059444701365250""","mas_lukxzz","LUKMAN PROJECT","dan Alhamdulillah nya saya tau dulu😂","19/5/2023, 09.34.48","0","No","0","No","https://www.tiktok.com/@mas_lukxzz"
"=""7234672375999529755""","","=""7140564718980432897""","qzrridwan","QZRridwan","GC usah banyak gaya punya ,klw GC mau bagi","19/5/2023, 06.45.21","0","No","0","No","https://www.tiktok.com/@qzrridwan"
"=""7234630065249780481""","","=""7039315273875375131""","bahricw","buken seleramu💫","untuk ap kek gini bg syg ank orang cbk berfikir dengan logika abg misalnya adex abg perepuan dia kek gitu jugk gimn... atau ank abg nantiknya..","19/5/2023, 04.00.14","0","No","0","No","https://www.tiktok.com/@bahricw"
"=""7234530999971103493""","","=""7206036061499655195""","2ph_botoss","2ph_botoss🚀","IQ7:JANGAN PERNAH MEUMBAR UMBARKAN AIB ORANG LAIN BG
TAPI KALO PINK BOLEH BAGI DONK😅","19/5/2023, 00.49.37","0","No","0","No","https://www.tiktok.com/@2ph_botoss"
"=""7234506158747599622""","","=""6984927044913005570""","septavin12","vinnz","ingat tujuan mu king","18/5/2023, 22.14.30","0","No","0","No","https://www.tiktok.com/@septavin12"
"=""7234452441609241349""","","=""6908930574221263874""","_putra9667","wel wel","cara nya kyk mano","18/5/2023, 16.30.28","0","No","0","No","https://www.tiktok.com/@_putra9667"
"=""7234332689369170693""","","=""6909827948153881601""","onal_muhammad16","onal_muhammad","cara dapat Vidio nya gimana bg","18/5/2023, 08.45.50","0","No","0","No","https://www.tiktok.com/@onal_muhammad16"
"=""7234164903123796741""","","=""7228640701986489350""","agungstiawan99_","agungsetiawan_","krim","18/5/2023, 00.25.06","0","No","0","No","https://www.tiktok.com/@agungstiawan99_"
"=""7234039157307097857""","","=""6960126908743222273""","deronz00","ERONZ","dasar bocil sagnean","17/5/2023, 13.46.49","0","No","0","No","https://www.tiktok.com/@deronz00"
"=""7234039046220940034""","","=""6960126908743222273""","deronz00","ERONZ","tobat2 ingat dunia cuma sementara","17/5/2023, 13.46.22","0","No","0","No","https://www.tiktok.com/@deronz00"
"=""7233693093013668613""","","=""7184082685530227739""","wildanprtma","willfx♈","berbagi ituh indah broo🤣","16/5/2023, 15.49.54","0","No","0","No","https://www.tiktok.com/@wildanprtma"
"=""7233407889184129818""","","=""7180695950871888897""","warkop_selir","WARKOP_SELIR","😁awwww","15/5/2023, 20.57.19","0","No","0","No","https://www.tiktok.com/@warkop_selir"
"=""7233390231042278170""","","=""7191842441518220314""","selma_1536","ancoerslow","1nk d1 b10 aku
👆👆","15/5/2023, 19.48.44","0","No","0","No","https://www.tiktok.com/@selma_1536"
"=""7233284125997253403""","","=""6938052835511567361""","alsyahfajri245","ALSYAH FAJRI","suka banget bahagia di atas penderitaan orang hebat warga wakanda","15/5/2023, 12.57.12","0","No","0","No","https://www.tiktok.com/@alsyahfajri245"
"=""7233274695797588762""","","=""6967547288140088322""","ptrady.1","A.waelach2","misi gagal king🙏","15/5/2023, 12.20.39","0","No","0","No","https://www.tiktok.com/@ptrady.1"
"=""7233270923825758977""","","=""6970652481756496897""","zhendrasabyan","zhendrasabyan","dimana sich tempat download nya","15/5/2023, 12.05.39","0","No","0","No","https://www.tiktok.com/@zhendrasabyan"
"=""7233185573757387547""","","=""6881892182073394177""","amatfaisalraw","Amat Raw","kiimee","15/5/2023, 06.35.02","0","No","0","No","https://www.tiktok.com/@amatfaisalraw"
"=""7232924759187882779""","","=""7118749255104152577""","anggapermana641","anggapermana641","cari aja @syafii_123","14/5/2023, 13.42.32","0","No","0","No","https://www.tiktok.com/@anggapermana641"
"=""7232868615010485018""","","=""7204466101500560411""","zalsgg","zalsGg","dh lihat di Yt Dr. PuanTeng","14/5/2023, 10.04.54","0","No","0","No","https://www.tiktok.com/@zalsgg"
"=""7232866728831664923""","","=""7147101969219585050""","wheny4h1","nionthove🕷️","𝘼𝙙𝙖 𝘿𝙞 𝙋𝙧𝙤𝙛𝙞𝙡 𝙆𝙪😁😝😝","14/5/2023, 09.57.29","0","No","0","No","https://www.tiktok.com/@wheny4h1"
"=""7232792957224141595""","","=""7232913329940562971""","rafly123jbeadd1","rafly123jbeadd","@syaakiraggngen12","14/5/2023, 13.40.53","0","No","0","No","https://www.tiktok.com/@rafly123jbeadd1"
"=""7232703528709096218""","","=""7012304898788525083""","putri1999_bandung","putri permata ningsih","dah sesat kmu teh","13/5/2023, 23.24.05","0","No","1","No","https://www.tiktok.com/@putri1999_bandung"
"=""7303971151024554757""","=""7232703528709096218""","=""6957954046493737989""","nandajikrullah","NANDE","masasih","22/11/2023, 01.12.41","0","No","","","https://www.tiktok.com/@nandajikrullah"
"=""7232534398686675713""","","=""7150227094135211035""","raff_ziqq","itzcapz.","dunia tempat meninggal
akhirat tempat tinggal
hidup tempat beramal
kubur tempat di soal
syurga tempat asal
neraka tempat menyesal","13/5/2023, 12.27.27","0","No","0","No","https://www.tiktok.com/@raff_ziqq"
"=""7232428040876753690""","","=""6892834100388021250""","muhammadfhatir84","nopi","@@@@@@@@@@@@@@@@@@@nnn mm mm mm mm....bbbbbbbbbbbbbbbbbbbbbb bbb.b.b.bb.bbbbbbbbbb.bbb: 0: 0: 0: 0: 0: 0: 0: 0: 0: 0: 0: 0: 0: 0: 0: 0: 0: 0: 0:@","13/5/2023, 05.35.16","0","No","0","No","https://www.tiktok.com/@muhammadfhatir84"
"=""7232427640052777755""","","=""6892834100388021250""","muhammadfhatir84","nopi","🙂","13/5/2023, 05.33.47","0","No","0","No","https://www.tiktok.com/@muhammadfhatir84"
"=""7232355851683201818""","","=""6835218955629954049""","widivxz","7L • Ꮃ i D i `亗","gw ada semua lengkap 🗿🤙","13/5/2023, 00.54.55","0","No","0","No","https://www.tiktok.com/@widivxz"
"=""7232332899114500890""","","=""6963300695471113217""","x.bot05","malan","gua ada ni","12/5/2023, 23.25.53","0","No","0","No","https://www.tiktok.com/@x.bot05"
"=""7232323319964762906""","","=""7120509545089139739""","minatozul97","minatozul","semoga dapat hidayah🥰🥰🥰. selagi masih hidup, dan mau bertobat.","12/5/2023, 22.48.30","0","No","0","No","https://www.tiktok.com/@minatozul97"
"=""7232303715028615963""","","=""7128775057342743553""","wildandossantos","🤴","cek profil aku🤤☝️👆","12/5/2023, 21.32.27","0","No","0","No","https://www.tiktok.com/@wildandossantos"
"=""7232287216817849115""","","=""6917630038519956482""","penikmat_ketikan","F  A  J  A  Rツ","Bg udh bang 😂","12/5/2023, 20.28.30","0","No","0","No","https://www.tiktok.com/@penikmat_ketikan"
"=""7232234006891823899""","","=""6523879819998363649""","kumpulan_yang_lagi_viral","user56229752565","langsung aja ☝️☝️","12/5/2023, 17.02.06","0","No","2","No","https://www.tiktok.com/@kumpulan_yang_lagi_viral"
"=""7232234043918697242""","=""7232234006891823899""","=""6523879819998363649""","kumpulan_yang_lagi_viral","user56229752565","jangan lupa mampir mas 👆👆","12/5/2023, 17.02.11","0","No","","","https://www.tiktok.com/@kumpulan_yang_lagi_viral"
"=""7232234012004877082""","=""7232234006891823899""","=""6523879819998363649""","kumpulan_yang_lagi_viral","user56229752565","cek prof aku 📌","12/5/2023, 17.02.08","0","No","","","https://www.tiktok.com/@kumpulan_yang_lagi_viral"
"=""7232209636169728794""","","=""7042262971502756866""","akbar_storee","user73550564824","@syakirah viral🔞 mampir yuk","12/5/2023, 15.27.35","0","No","0","No","https://www.tiktok.com/@akbar_storee"
"=""7232183857126376197""","","=""7175883526016992282""","janganlupamampir18","Asupanmu😋😁","mampir sini 👆","12/5/2023, 13.47.23","0","No","0","No","https://www.tiktok.com/@janganlupamampir18"
"=""7232159242488005403""","","=""7147101969219585050""","wheny4h1","nionthove🕷️","𝘼𝙙𝙖 𝘿𝙞 𝙋𝙧𝙤𝙛𝙞𝙡 𝙆𝙪😁😝😝","12/5/2023, 12.12.08","0","No","0","No","https://www.tiktok.com/@wheny4h1"
"=""7231934982926304026""","","=""6960224315434746885""","andi.hiriansya","kangnyampah620","LIAT LAH IRANG INI YANG SANGAT BANGGA MENYIMPANG KEJELEKAN SESEORANG","11/5/2023, 21.41.40","0","No","0","No","https://www.tiktok.com/@andi.hiriansya"
"=""7231857550809957147""","","=""6978711544784520198""","dfno03","fano _09 ~~~~~~","cantik luar dalam sih","11/5/2023, 21.11.05","0","No","0","No","https://www.tiktok.com/@dfno03"
"=""7231855004759802650""","","=""6947480804759258113""","_bang_okta_","Mas Gank ","hps aja bang, kasian 😁","11/5/2023, 20.11.13","0","No","0","No","https://www.tiktok.com/@_bang_okta_"
"=""7231850592255476506""","","=""7211454714759808005""","sebarrviral","user39246148224","cek prof aku 📌","11/5/2023, 20.35.46","0","No","0","No","https://www.tiktok.com/@sebarrviral"
"=""7231818039468704539""","","=""6939151139200680965""","danar3dewi","danar","()om mau ipon om (..)","11/5/2023, 14.08.01","0","No","0","No","https://www.tiktok.com/@danar3dewi"
"=""7231811748062708506""","","=""6728765552934552577""","user753584191013","™BENI)","aduh aku punya semua","11/5/2023, 13.43.27","0","No","0","No","https://www.tiktok.com/@user753584191013"
"=""7231780152194286363""","","=""7213367405946225666""","no_bio278","#DIKI IFT AP","bgi lh bre","11/5/2023, 11.40.56","0","No","0","No","https://www.tiktok.com/@no_bio278"
"=""7231527636975354625""","","=""6938316309743584257""","xndr4yy","rynwynaa. _","kesian syakiranya co,ampe trauma gamau kluar rumah gr gr hp hilang doang trus vidio pribadinya mlh disebar","10/5/2023, 19.20.49","0","No","0","No","https://www.tiktok.com/@xndr4yy"
"=""7231472084546323206""","","=""7053292102508479489""","himzytalwaysnt","-Himzyt Always Nt.","😏","10/5/2023, 15.45.15","0","No","0","No","https://www.tiktok.com/@himzytalwaysnt"
"=""7231437554149622554""","","=""7054425810057118721""","alshad_143","Alshad_143","Guru penjas full senyum.
Oh iya gua juga guru penjas soalnya haha 🤣","10/5/2023, 13.31.26","0","No","0","No","https://www.tiktok.com/@alshad_143"
"=""7231429583669084954""","","=""7220890289585423386""","pemburusolar00","..............................","SYAKIRAH DI MARI
ADA SYAKIRAH JANGAN BOLAK BALIK KAMAR MANDI","10/5/2023, 13.00.42","0","No","0","No","https://www.tiktok.com/@pemburusolar00"
"=""7231377943585850138""","","=""7219498420498596891""","irvangunawan700","You follow me and i folback","ouh come on follow me and stop pmo ok","10/5/2023, 09.40.35","0","No","0","No","https://www.tiktok.com/@irvangunawan700"
"=""7231372399475475226""","","=""7113556158471865346""","zalenderjimmy","Z","Ada nih bang","10/5/2023, 09.19.03","0","No","0","No","https://www.tiktok.com/@zalenderjimmy"
"=""7231214439785497370""","","=""7229798730119218203""","mhwwehwsad","ANJ SAD BANGST","https://52ia9gide3.mediaflare.biz/?id=58951b75","9/5/2023, 23.05.35","0","No","0","No","https://www.tiktok.com/@mhwwehwsad"
"=""7231140891154613019""","","=""7135553171321488411""","robi.kehidupan","robi","kalo semua cewek bilang kasihan maaf bagi laki"" tidak akan ada rasa kasihan Karana dia melakukan nya dengan kesadaran🌹","9/5/2023, 18.20.17","0","No","0","No","https://www.tiktok.com/@robi.kehidupan"
"=""7231134183228703515""","","=""7095654340032496641""","fany.madurah","anak indigo","smoga aku tidak melihat vidio yg bermaksiat atw yg di sebut zinah mata 😳","9/5/2023, 17.54.11","0","No","0","No","https://www.tiktok.com/@fany.madurah"
"=""7231131718941377306""","","=""6844779781834703873""","heerry56","Herry suryadi","yg nyebarin vidionya dosanya akan terus mengalir selama vidio itu msh ada hati"" hukum,menyebarkan aib orang.🥰","9/5/2023, 17.44.40","0","No","0","No","https://www.tiktok.com/@heerry56"
"=""7231126562208187162""","","=""6929403197380854785""","sahrilsyam01","@sahril Syam 332","Bangi bang","9/5/2023, 17.24.40","0","No","0","No","https://www.tiktok.com/@sahrilsyam01"
"=""7231125086349181723""","","=""7223292867178726405""","daniajah849","daniajah849","udah bang kasihan gw ga Tega co gimna lu di posisi dia bayangin","9/5/2023, 22.07.57","0","No","0","No","https://www.tiktok.com/@daniajah849"
"=""7231106322123637531""","","=""6793555832686560257""","raja_case_","RajaCase","udah liat di ytb dr. puanteng","9/5/2023, 16.06.03","0","No","0","No","https://www.tiktok.com/@raja_case_"
"=""7231090572999967514""","","=""6970138579231507462""","refirubiansiyah238","7 april🥳","bang tutor download pliss","9/5/2023, 15.05.20","0","No","1","No","https://www.tiktok.com/@refirubiansiyah238"
"=""7331369894791693062""","=""7231090572999967514""","=""7083716248500470810""","fatoni_aziz","فتوني","https://linx.cc/ib91BWqq","3/2/2024, 20.39.45","0","No","","","https://www.tiktok.com/@fatoni_aziz"
"=""7231085251887760155""","","=""6574042259405455361""","ruangcerita02","_...._","gua gak munafik.. dia emang cantik masalalu biarlah beralalu","9/5/2023, 14.44.29","0","No","0","No","https://www.tiktok.com/@ruangcerita02"
"=""7231079834569458459""","","=""6859678174003889153""","isnantorizqi20","Do'a IBU","ada di @STM | Aldi Tv","9/5/2023, 14.23.13","0","No","0","No","https://www.tiktok.com/@isnantorizqi20"
"=""7231067823006745370""","","=""7212657746214290433""","sinsah777","sinsah777","ndk lucu bg kyk gitu nghujat org","9/5/2023, 13.36.51","0","No","0","No","https://www.tiktok.com/@sinsah777"
"=""7231064671838176027""","","=""7171590748239004673""","me.cipiii","c🅰️ntikaAa🐳","Minimal bagi lah bngg!!🗿","9/5/2023, 13.24.34","0","No","1","No","https://www.tiktok.com/@me.cipiii"
"=""7331369910378283781""","=""7231064671838176027""","=""7083716248500470810""","fatoni_aziz","فتوني","https://linx.cc/ib91BWqq","3/2/2024, 20.39.53","0","No","","","https://www.tiktok.com/@fatoni_aziz"
"=""7230984566420194075""","","=""6986931846790808577""","senja_sn04","яα","org yg pertama myebarin, semoga hidupx tdk pernh tdk pernh mlakukn ksalahan.","9/5/2023, 08.14.22","0","No","0","No","https://www.tiktok.com/@senja_sn04"
"=""7230961957770691355""","","=""7210405649514611713""","gundulalus8","anu ku","tersusun rapi sama yg minta pap","9/5/2023, 06.46.20","0","No","1","No","https://www.tiktok.com/@gundulalus8"
"=""7231104685011682074""","=""7230961957770691355""","=""6840760130792702978""","inyeonju","jey 🐾","𝙖𝙙𝙖 𝙙𝙞 𝙥𝙧𝙤𝙛𝙞𝙡𝙠𝙪🥰","9/5/2023, 15.59.45","0","No","","","https://www.tiktok.com/@inyeonju"
"=""7230956848478733062""","","=""7106866196185023490""","areyouokey_2022","karL","yallah tutuplah aibku sebagaimana aku menghindari melihat aib org lain","9/5/2023, 06.25.47","0","No","0","No","https://www.tiktok.com/@areyouokey_2022"
"=""7230911231341724442""","","=""7229798730119218203""","mhwwehwsad","ANJ SAD BANGST","https://mediafireESDpPaZ.vip-crop8.cfd/","9/5/2023, 03.28.54","0","No","0","No","https://www.tiktok.com/@mhwwehwsad"
"=""7230898588620292869""","","=""6959037939591857158""","iksanthenaygril1","§anz•√","semakin banyak yg nonton semakin banyak pula pahala kau ....canda canda.....","9/5/2023, 08.17.00","0","No","0","No","https://www.tiktok.com/@iksanthenaygril1"
"=""7230895594717659930""","","=""7134025840372171777""","user.denray","ray","baru punya😁","9/5/2023, 02.28.22","0","No","1","No","https://www.tiktok.com/@user.denray"
"=""7231104648836383515""","=""7230895594717659930""","=""6840760130792702978""","inyeonju","jey 🐾","𝙖𝙙𝙖 𝙙𝙞 𝙥𝙧𝙤𝙛𝙞𝙡𝙠𝙪🥰","9/5/2023, 15.59.47","0","No","","","https://www.tiktok.com/@inyeonju"
"=""7230868233142076186""","","=""7045187033422398490""","nopal___10","Reni","ingat tujuan mu king!","9/5/2023, 00.42.15","0","No","0","No","https://www.tiktok.com/@nopal___10"
"=""7230832000819036934""","","=""7159531359235900418""","arildwi.k_0","A?","ingat dosa dan akhirat kingg","8/5/2023, 22.21.19","0","No","0","No","https://www.tiktok.com/@arildwi.k_0"
"=""7230822473411379994""","","=""7221086530378007554""","mirnakbcau","mirnakbcau","bagi bang","8/5/2023, 21.44.37","0","No","0","No","https://www.tiktok.com/@mirnakbcau"
"=""7230819571632145178""","","=""7110730523086308379""","fiqryhariansyah29","fiqryhariansyah29","😁","8/5/2023, 21.33.18","0","No","0","No","https://www.tiktok.com/@fiqryhariansyah29"
"=""7230816424200602395""","","=""7162549151476384769""","b03dy_tree","B03DY","Ud woii kshn depresii doi 😂😂","8/5/2023, 21.21.01","0","No","1","No","https://www.tiktok.com/@b03dy_tree"
"=""7231104695468639002""","=""7230816424200602395""","=""6840760130792702978""","inyeonju","jey 🐾","𝙖𝙙𝙖 𝙙𝙞 𝙥𝙧𝙤𝙛𝙞𝙡𝙠𝙪🥰","9/5/2023, 15.59.52","0","No","","","https://www.tiktok.com/@inyeonju"
"=""7230813190338118427""","","=""7228963249525097478""","zamallbastrad0","zamallbastrad","bagi🙏","9/5/2023, 11.57.15","0","No","0","No","https://www.tiktok.com/@zamallbastrad0"
"=""7230799994890060571""","","=""7008733058200028161""","waduhb3go","👊","setidaknya saya gangrusak saya gamau dapet yg rusak","8/5/2023, 20.17.16","0","No","1","No","https://www.tiktok.com/@waduhb3go"
"=""7231104654754693914""","=""7230799994890060571""","=""6840760130792702978""","inyeonju","jey 🐾","𝙖𝙙𝙖 𝙙𝙞 𝙥𝙧𝙤𝙛𝙞𝙡𝙠𝙪🥰","9/5/2023, 15.59.55","0","No","","","https://www.tiktok.com/@inyeonju"
"=""7230796869657281306""","","=""7177756388546282498""","winnnzzz_","winnz⚡","inget bro 1 pengliatan 40 amal ibadah mu ga di terima apalagi banyak vidinya","8/5/2023, 20.05.10","0","No","1","No","https://www.tiktok.com/@winnnzzz_"
"=""7231104699616805659""","=""7230796869657281306""","=""6840760130792702978""","inyeonju","jey 🐾","𝙖𝙙𝙖 𝙙𝙞 𝙥𝙧𝙤𝙛𝙞𝙡𝙠𝙪🥰","9/5/2023, 15.59.59","0","No","","","https://www.tiktok.com/@inyeonju"
"=""7230780279148905242""","","=""6762580686060225537""","alamsyah_1945","Bramm's01","Cek profil gw dah😂","8/5/2023, 19.00.48","0","No","0","No","https://www.tiktok.com/@alamsyah_1945"
"=""7230753760228934426""","","=""6836790765802243074""","wulann_comel1","L1NK CEK PR0F1LKU","𝘼𝙙𝙖 𝘿𝙞 𝙋𝙧𝙤𝙛𝙞𝙡 𝙆𝙪😏","8/5/2023, 17.17.49","0","No","0","No","https://www.tiktok.com/@wulann_comel1"
"=""7230753645209322266""","","=""6955067152379429889""","bheldoz","CBheldoz","ad yg minta?🤣","9/5/2023, 00.07.14","0","No","0","No","https://www.tiktok.com/@bheldoz"
"=""7230722985752249114""","","=""6786015373058704385""","sukaaabobaajugaa","Sendal Putus","buat cewek kalau cowok lu minta rekam beginian mending putusin aja, krn kalau dah viral yg malu ya yg ada di video (cewek). be smart girls","8/5/2023, 15.18.23","0","No","0","No","https://www.tiktok.com/@sukaaabobaajugaa"
"=""7230692048725885723""","","=""7230688560046670875""","asomasow269","Asomasoww","Gua ada nih😳","8/5/2023, 13.18.34","0","No","0","No","https://www.tiktok.com/@asomasow269"
"=""7230674343214334747""","","=""6856262684318417922""","thaa._prmt","permataaa","yang punya tp g pernah gw liat😎","8/5/2023, 19.39.03","0","No","1","No","https://www.tiktok.com/@thaa._prmt"
"=""7231104715550753562""","=""7230674343214334747""","=""6840760130792702978""","inyeonju","jey 🐾","𝙖𝙙𝙖 𝙙𝙞 𝙥𝙧𝙤𝙛𝙞𝙡𝙠𝙪🥰","9/5/2023, 16.00.03","0","No","","","https://www.tiktok.com/@inyeonju"
"=""7230672112313664283""","","=""7182533980679881730""","dhotpeot","DhotPeot","Bandar anying😂😂","8/5/2023, 12.01.16","0","No","0","No","https://www.tiktok.com/@dhotpeot"
"=""7230654386720195355""","","=""7211177001385018370""","dewadewsky196","Dewa","ada 48 vid syakirah ga bang","8/5/2023, 10.52.59","0","No","0","No","https://www.tiktok.com/@dewadewsky196"
"=""7230649155029926682""","","=""6690845525643936770""","kicekkk","Boy","kalo cuma mau nambah followers doang mending gak ush sook"" an vidio ada di profil","8/5/2023, 10.32.19","0","No","0","No","https://www.tiktok.com/@kicekkk"
"=""7230649089268171546""","","=""6690845525643936770""","kicekkk","Boy","kalo emng ada tinggal kasih lah","8/5/2023, 10.32.27","0","No","0","No","https://www.tiktok.com/@kicekkk"
"=""7230568362585588507""","","=""7173091622149882886""","valnozzzz","valllorant⚡","gk butuh vidio butuhnya dia langsung","8/5/2023, 15.50.55","0","No","1","No","https://www.tiktok.com/@valnozzzz"
"=""7231104748069831450""","=""7230568362585588507""","=""6840760130792702978""","inyeonju","jey 🐾","𝙖𝙙𝙖 𝙙𝙞 𝙥𝙧𝙤𝙛𝙞𝙡𝙠𝙪🥰😳","9/5/2023, 16.00.14","0","No","","","https://www.tiktok.com/@inyeonju"
"=""7230548202532225819""","","=""6891960492656395266""","user3762391151561","user3762391151561","cukup bang kasihan dia anak baik","8/5/2023, 04.00.19","0","No","0","No","https://www.tiktok.com/@user3762391151561"
"=""7230497657411994395""","","=""7178431273869296667""","sriauraaaa","Aura","dia cntikkk ko gtu sihh","8/5/2023, 00.44.16","0","No","0","No","https://www.tiktok.com/@sriauraaaa"
"=""7230495996885926682""","","=""6940899911220085766""","yzjawa","Lang""recink","akhir jaman.","8/5/2023, 11.50.25","0","No","0","No","https://www.tiktok.com/@yzjawa"
"=""7230489670553977626""","","=""6735411513332728834""","ilyasm_7","IM7","Kirim bang","8/5/2023, 00.13.01","0","No","1","No","https://www.tiktok.com/@ilyasm_7"
"=""7331369957462786821""","=""7230489670553977626""","=""7083716248500470810""","fatoni_aziz","فتوني","https://linx.cc/ib91BWqq","3/2/2024, 20.40.00","0","No","","","https://www.tiktok.com/@fatoni_aziz"
"=""7230458959424455451""","","=""7105667882994041857""","nyong_710","Ulfa Juzal","bagi bg","7/5/2023, 22.13.54","0","No","1","No","https://www.tiktok.com/@nyong_710"
"=""7331369034616013573""","=""7230458959424455451""","=""7083716248500470810""","fatoni_aziz","فتوني","https://linx.cc/ib91BWqq😬","3/2/2024, 20.36.30","0","No","","","https://www.tiktok.com/@fatoni_aziz"
"=""7230442089766650651""","","=""7227699352277189658""","sad_vibess1176","SAD VIBES🥀","di profil saya ☝️","8/5/2023, 12.59.09","0","No","0","No","https://www.tiktok.com/@sad_vibess1176"
"=""7230432241452385050""","","=""6919733076584481794""",".sssssssssssss.124","p","kasian cog orang nyaaa","7/5/2023, 20.30.10","0","No","0","No","https://www.tiktok.com/@.sssssssssssss.124"
"=""7230390866233787163""","","=""7098351564695995418""","acacioongdeh","acacioongdeh","udh bang kasian coba aja adek/Kaka lu kaya gitu terus di viral in pasti gak seneng kan?","7/5/2023, 17.49.49","0","No","0","No","https://www.tiktok.com/@acacioongdeh"
"=""7230359499893211930""","","=""7113256379678884890""","amelt67","cemong","bagi lah","7/5/2023, 15.47.50","0","No","2","No","https://www.tiktok.com/@amelt67"
"=""7370309022806885127""","=""7230359499893211930""","=""6820688272780755970""","alnosay","Not Rizz","https://sfl.gl/7LIOy","18/5/2024, 19.03.18","1","No","","","https://www.tiktok.com/@alnosay"
"=""7331369065107456774""","=""7230359499893211930""","=""7083716248500470810""","fatoni_aziz","فتوني","https://linx.cc/ib91BWqq","3/2/2024, 20.36.35","0","No","","","https://www.tiktok.com/@fatoni_aziz"
"=""7230347260306211610""","","=""7126317374349706242""","ambatukam_43524","audikaofficial_","L1NK D1 B1O KU","7/5/2023, 15.00.24","0","No","0","No","https://www.tiktok.com/@ambatukam_43524"
"=""7230334967544382235""","","=""7114661972469285914""","t3gazz","RFCㅤ•ㅤXGazz☂","udah kasian","7/5/2023, 14.12.50","0","No","0","No","https://www.tiktok.com/@t3gazz"
"=""7230333094108496667""","","=""7199460105183511579""","thxz_nadzz","Neumorthetic.","Cari aja akun nii🗿 @Araa Ahhh","7/5/2023, 14.05.48","0","No","0","No","https://www.tiktok.com/@thxz_nadzz"
"=""7230224219937587994""","","=""7159788320707839003""","flourencyah","Florence","pasti malu bgt tu kek y😅","7/5/2023, 07.03.27","0","No","0","No","https://www.tiktok.com/@flourencyah"
"=""7230181668216685339""","","=""7210214466636973082""","neko_riders","nekoriders","absen yg udh liat 👆","7/5/2023, 04.18.05","0","No","0","No","https://www.tiktok.com/@neko_riders"
"=""7230180215997023003""","","=""6954618709064270850""","sultanmalik_27","malik","coba waktu bisa di ulang sed sakira","7/5/2023, 04.12.26","0","No","0","No","https://www.tiktok.com/@sultanmalik_27"
"=""7230129806523466522""","","=""6957348552848000002""","trading_bot_all_pair","AiTrade","dia kenapa sih anj aing ketinggalan informasi cok","7/5/2023, 00.56.41","0","No","0","No","https://www.tiktok.com/@trading_bot_all_pair"
"=""7230121843856163610""","","=""7182374850424554502""","purbotiyoso","purbotiyoso","bagi dong bang","7/5/2023, 00.26.00","0","No","1","No","https://www.tiktok.com/@purbotiyoso"
"=""7331370012550841093""","=""7230121843856163610""","=""7083716248500470810""","fatoni_aziz","فتوني","https://linx.cc/ib91BWqq","3/2/2024, 20.40.13","0","No","","","https://www.tiktok.com/@fatoni_aziz"
"=""7230109674635379483""","","=""7071693143149691906""","yauw_ombiz431","Yauw Ombiz431","bang bagi bang","6/5/2023, 23.38.29","0","No","0","No","https://www.tiktok.com/@yauw_ombiz431"
"=""7230046221296943898""","","=""6727481946605159426""","0012gh00","0012GH","paling isi ny sholo😂😂😂","6/5/2023, 19.32.19","0","No","0","No","https://www.tiktok.com/@0012gh00"
"=""7229964280715445019""","","=""7230042238172054555""","bayy_suka_epep","BAYY","@syakiraviral","6/5/2023, 20.02.03","0","No","0","No","https://www.tiktok.com/@bayy_suka_epep"
"=""7229960678004704027""","","=""6958418514777129990""","milda_ja0022","xy.milda","kasihan dia bro udah jngn di sebar, bayangin, cewe yg lu sayng di posisi dia giman coba😑,udaj dewasakan,mikir ya","6/5/2023, 14.00.21","0","No","0","No","https://www.tiktok.com/@milda_ja0022"
"=""7229953885494362907""","","=""6927620532439843846""","bangbung_hideung41","Bangbung_Hideung🍁","gak percaya itu mah ngeramein doang biar viral, bukti nya sampe sekarang gua belum lihat video nya...tiap minta gak ada yg ngasih,berarti emang gak ad","6/5/2023, 13.34.15","0","No","0","No","https://www.tiktok.com/@bangbung_hideung41"
"=""7229953516197626629""","","=""6783996407868474370""",".laskarr","WENzzz","sok suci kelen","6/5/2023, 13.32.22","0","No","0","No","https://www.tiktok.com/@.laskarr"
"=""7229953499545617179""","","=""6927620532439843846""","bangbung_hideung41","Bangbung_Hideung🍁","penasaran...","6/5/2023, 13.32.27","0","No","0","No","https://www.tiktok.com/@bangbung_hideung41"
"=""7229910541208601349""","","=""6905591454611031042""","mdaimanasmawi","Mohd Aiman","sesungguhnya engkau membuka aib hamba Allah akan membuka aib MU","6/5/2023, 10.45.38","0","No","0","No","https://www.tiktok.com/@mdaimanasmawi"
"=""7229897328966320923""","","=""7163494373253792773""","rimexxs","REZAA","@syakirah69__ sabarr","6/5/2023, 18.42.52","0","No","0","No","https://www.tiktok.com/@rimexxs"
"=""7229896772792156955""","","=""6801764707419554818""","uak_bhogenk","👁️‍🗨️ - UAK Bhøgenk","gak bosen tah . . . 😅","6/5/2023, 14.44.10","0","No","0","No","https://www.tiktok.com/@uak_bhogenk"
"=""7229833054788551451""","","=""7229820215910827035""","adinari7","user43038129881","sumpuk","6/5/2023, 05.45.28","0","No","0","No","https://www.tiktok.com/@adinari7"
"=""7229725475395420955""","","=""6994433900543476738""","moba_sion1","I'm sion","sama","5/5/2023, 22.47.39","0","No","0","No","https://www.tiktok.com/@moba_sion1"
"=""7229696740822401818""","","=""7125578789984404482""","agis5490297902221","Agus Wijaya s","muka alah,,arap otak alah,,Brat✌️","5/5/2023, 20.56.00","0","No","0","No","https://www.tiktok.com/@agis5490297902221"
"=""7229583911193477915""","","=""7072800182153806875""","ekapratamaputra8","eka","minta dong file ny","5/5/2023, 13.38.29","0","No","0","No","https://www.tiktok.com/@ekapratamaputra8"
"=""7229386814439867163""","","=""7155182210039055387""","7indan","zeasstrore","Sedangkan gua mantannya","5/5/2023, 00.53.35","0","No","0","No","https://www.tiktok.com/@7indan"
"=""7229335625014985499""","","=""7143969630310122497""","ihksanmaulana34","ihksan maulana🤞","😂","4/5/2023, 21.34.54","0","No","0","No","https://www.tiktok.com/@ihksanmaulana34"
"=""7229322176963642117""","","=""7017392006599181318""","hhaikal5752","lupi 👻","uishhh 😳","4/5/2023, 20.42.23","0","No","0","No","https://www.tiktok.com/@hhaikal5752"
"=""7229310454756590362""","","=""6972556009794962434""","slametpurwantogeming0","slamet purwanto","Bagi bang plis tar gue follow tiktok lu bang blis","5/5/2023, 09.16.43","0","No","0","No","https://www.tiktok.com/@slametpurwantogeming0"
"=""7229289099689231130""","","=""7177237897312355329""","your.username.2","brrrrrrr🫀","kesian bg jangan 😁","5/5/2023, 08.21.36","0","No","0","No","https://www.tiktok.com/@your.username.2"
"=""7229288614601491206""","","=""7106071354189726746""","lyxxx03","fad","bgi","4/5/2023, 18.32.14","0","No","1","No","https://www.tiktok.com/@lyxxx03"
"=""7385737046280635141""","=""7229288614601491206""","=""6773561236603192322""","guardmard","GuardMard","https://t.me/hamsTer_kombat_bot/start?startapp=kentId2077455113","29/6/2024, 08.52.02","0","No","","","https://www.tiktok.com/@guardmard"
"=""7229285466775405338""","","=""7034759818984768513""","anakmamah0232","Adi","kawal sampe masuk TV 🗿","4/5/2023, 18.20.12","0","No","0","No","https://www.tiktok.com/@anakmamah0232"
"=""7229282291158401798""","","=""7174601318060508161""","kayzan_emperor","Kayzan","yuk sudah yuk cukup.. kita berupaya bantu tutup aib saudari kita dg tidak saling mnyebar dan mmbahas terus mnerus","4/5/2023, 18.07.36","0","No","0","No","https://www.tiktok.com/@kayzan_emperor"
"=""7229279278290256645""","","=""7203888620355666970""","ningsxaw16f","slstingsh","gw kasian sama syakirah
jangan ngumbar aib orang bang
gimana kalau suatu saat nanti aib Lo yang viral","4/5/2023, 17.56.01","0","No","0","No","https://www.tiktok.com/@ningsxaw16f"
"=""7229278163292177178""","","=""7221071427775595521""","arsafellix","Flxx.","Apa cuma aku yg belom liat","4/5/2023, 17.51.51","0","No","0","No","https://www.tiktok.com/@arsafellix"
"=""7229277202691605274""","","=""7009690291256443930""","bal.always.kettoy","BALL","gw yang baru dapetin vidionya doang🗿","4/5/2023, 17.48.04","0","No","0","No","https://www.tiktok.com/@bal.always.kettoy"
"=""7229270932152763162""","","=""6633341468164177921""","yuriza.11","𝙔𝙐𝙍𝙄ツ","Dah punya full album + fotonya😅","4/5/2023, 17.23.50","0","No","0","No","https://www.tiktok.com/@yuriza.11"
"=""7229248004959372058""","","=""7159246627537470491""","ahmadsadly7","ahmadsadly7","bgi""link","4/5/2023, 15.54.56","0","No","1","No","https://www.tiktok.com/@ahmadsadly7"
"=""7385736866883011334""","=""7229248004959372058""","=""6773561236603192322""","guardmard","GuardMard","https://t.me/hamsTer_kombat_bot/start?startapp=kentId2077455113","29/6/2024, 08.51.26","0","No","","","https://www.tiktok.com/@guardmard"
"=""7229234164725564186""","","=""6978751796110394369""","wahyuwahyu75805","Dimas_bochil","bagi lah","4/5/2023, 15.01.25","0","No","1","No","https://www.tiktok.com/@wahyuwahyu75805"
"=""7385737043015451397""","=""7229234164725564186""","=""6773561236603192322""","guardmard","GuardMard","https://t.me/hamsTer_kombat_bot/start?startapp=kentId2077455113","29/6/2024, 08.52.04","0","No","","","https://www.tiktok.com/@guardmard"
"=""7229192371220923162""","","=""7049229562195444737""","pgglajkmel","someone","𝙢𝙖𝙣𝙖 𝙨𝙞 𝙡𝙤𝙣𝙜 𝙣𝙮𝙖𝙖","4/5/2023, 12.19.15","0","No","0","No","https://www.tiktok.com/@pgglajkmel"
"=""7229156893464199941""","","=""7071204268028134401""","danialx07b","Nial 🉐","spe nie doaiii","4/5/2023, 10.01.00","0","No","0","No","https://www.tiktok.com/@danialx07b"
"=""7229151326914675458""","","=""6959792152583570438""","7icds","icadsbaik","kasihan hahahah","4/5/2023, 09.39.31","0","No","0","No","https://www.tiktok.com/@7icds"
"=""7229080929250968346""","","=""7094527626454467610""","a_genss","󱢏","bagi bng pelit","4/5/2023, 15.15.08","0","No","0","No","https://www.tiktok.com/@a_genss"
"=""7229078461125526299""","","=""7152141872286106626""","redtblackk","red black👹😋⚡","wkwkw cis dulu yang udah punya🤪🤫","4/5/2023, 04.57.16","0","No","0","No","https://www.tiktok.com/@redtblackk"
"=""7229077974338781979""","","=""7029351403966497819""","kesayangannyamama_","🤡","INFOKAN LINK DODSTREAM KING😁🙏","4/5/2023, 04.55.30","0","No","0","No","https://www.tiktok.com/@kesayangannyamama_"
"=""7229062436686840581""","","=""6989356246344647681""","hadika379","dika","emang dia ngapain sih penasaran bngt gua","4/5/2023, 03.54.39","0","No","0","No","https://www.tiktok.com/@hadika379"
"=""7229009728368542491""","","=""7165363797698675714""","seringcroot","Metto e Dhelem","salam hangat dari murid kakek sugiono 🗿","4/5/2023, 00.30.05","0","No","0","No","https://www.tiktok.com/@seringcroot"
"=""7229007427273048838""","","=""7070788648757724161""","riskawulan032","Riska aja gak sieh","pdhl cntk lohh , tp mo gimana lagi udh kesebar kan","4/5/2023, 00.21.01","0","No","0","No","https://www.tiktok.com/@riskawulan032"
"=""7229003461983142661""","","=""7081680015831106562""","rip2012011","@rip☄️","HP ilang","4/5/2023, 00.05.39","0","No","0","No","https://www.tiktok.com/@rip2012011"
"=""7228986852416881434""","","=""7145687828609270810""","jabaralvaseh7","Alvaseh","udh kasian beranda gua dipenuhin shakirah","3/5/2023, 23.01.23","0","No","0","No","https://www.tiktok.com/@jabaralvaseh7"
"=""7228977568689652507""","","=""7019646770494112794""","bgzick7","Bangzick","gw ngga munafik sih sumpah dia cantik,semua manusia punya aib masing², kalo kita bisa nutupin pasti dia bakal sayang banget sama kita Yaqin gw mah🥺☺️","3/5/2023, 22.25.19","0","No","0","No","https://www.tiktok.com/@bgzick7"
"=""7228931705133024027""","","=""7084142350683440130""","iksan_story01","bang,Moh:nur🎭","dah lah kasian emak nya nanggung malu bang Nga baik sebar sebarin😂","3/5/2023, 19.27.19","0","No","0","No","https://www.tiktok.com/@iksan_story01"
"=""7228927693886423809""","","=""6907233374675796993""","mieaunya","MieAuNya24","@HjiK24 kau mmg ada ni","3/5/2023, 19.11.44","0","No","0","No","https://www.tiktok.com/@mieaunya"
"=""7228905868434096922""","","=""7059536659188188187""","gprnhbhg","org jht","skip"" dlu bng","3/5/2023, 17.47.00","0","No","0","No","https://www.tiktok.com/@gprnhbhg"
"=""7228873489279632154""","","=""6893859756323275778""","rafdi2026","Riyaa ad","bagi lah kka","3/5/2023, 15.41.29","0","No","0","No","https://www.tiktok.com/@rafdi2026"
"=""7228866188116493083""","","=""6631868509994057729""","m26_team","M26™","yg penting sdh tau tahi lalatnya 🤭","3/5/2023, 15.13.08","0","No","0","No","https://www.tiktok.com/@m26_team"
"=""7228865615619703578""","","=""7011238721832797211""","alanandriannnn","allthejack","yg mau pillow gw he kasi tau caranya mudah sangat😂","3/5/2023, 15.11.03","0","No","0","No","https://www.tiktok.com/@alanandriannnn"
"=""7228861321550660378""","","=""7204423409303929883""","lu_follow_gua_folback02","Rendyx_87 🏴‍☠️","siapa sih yang sebarin?","3/5/2023, 14.54.31","0","No","0","No","https://www.tiktok.com/@lu_follow_gua_folback02"
"=""7228839025321198363""","","=""6981125202886296577""","klebun_mabe_songai02","Klebuneh.","gak ikut punya pacar, tpi aku dah tau semunya hehe","3/5/2023, 13.27.45","0","No","0","No","https://www.tiktok.com/@klebun_mabe_songai02"
"=""7228834970499334938""","","=""6537629115435565057""","pengantarrtidur_","pengantarrtidur_","langsung aja ☝️☝️","3/5/2023, 13.12.06","0","No","2","No","https://www.tiktok.com/@pengantarrtidur_"
"=""7228835008075891483""","=""7228834970499334938""","=""6537629115435565057""","pengantarrtidur_","pengantarrtidur_","jangan lupa mampir mas 👆👆","3/5/2023, 13.12.12","0","No","","","https://www.tiktok.com/@pengantarrtidur_"
"=""7228834982650168090""","=""7228834970499334938""","=""6537629115435565057""","pengantarrtidur_","pengantarrtidur_","cek prof aku 📌","3/5/2023, 13.12.09","0","No","","","https://www.tiktok.com/@pengantarrtidur_"
"=""7228812434412356378""","","=""6523879819998363649""","kumpulan_yang_lagi_viral","user56229752565","langsung aja ☝️☝️","3/5/2023, 11.44.54","0","No","2","No","https://www.tiktok.com/@kumpulan_yang_lagi_viral"
"=""7228812455790347035""","=""7228812434412356378""","=""6523879819998363649""","kumpulan_yang_lagi_viral","user56229752565","jangan lupa mampir mas 👆👆","3/5/2023, 11.44.59","0","No","","","https://www.tiktok.com/@kumpulan_yang_lagi_viral"
"=""7228812486177506075""","=""7228812434412356378""","=""6523879819998363649""","kumpulan_yang_lagi_viral","user56229752565","cek prof aku 📌","3/5/2023, 11.44.56","0","No","","","https://www.tiktok.com/@kumpulan_yang_lagi_viral"
"=""7228769757310567194""","","=""6530838404337664002""","draiver_muda26","Alan sukmawan","ahh ga seru video nyh😅","3/5/2023, 08.59.56","0","No","0","No","https://www.tiktok.com/@draiver_muda26"
"=""7228735807498470171""","","=""7089826677429847042""","distaams02","DISTA","krim dlu bang","3/5/2023, 06.48.16","0","No","0","No","https://www.tiktok.com/@distaams02"
"=""7228732658066162459""","","=""7211388832766592027""","adala392","caramel🍵","uda kesian dia aku sebagai cwe aja tkt kek gitu orang Semua ad kesalahan tapi slh ya kita memaafkan dia","3/5/2023, 06.35.46","0","No","0","No","https://www.tiktok.com/@adala392"
"=""7228720669328147205""","","=""7217370205696066587""","cokkkk026","akun tidak di kenal","minta bg","3/5/2023, 05.48.23","0","No","1","No","https://www.tiktok.com/@cokkkk026"
"=""7331370059669160709""","=""7228720669328147205""","=""7083716248500470810""","fatoni_aziz","فتوني","https://linx.cc/ib91BWqq","3/2/2024, 20.40.22","0","No","","","https://www.tiktok.com/@fatoni_aziz"
"=""7228672181579186971""","","=""7174710042057802753""","bramm.076","𝖘𝖎 𝖇𝖆𝖓𝖌𝖘𝖆𝖙","krm broo 😂🗿🗿","3/5/2023, 02.40.21","0","No","0","No","https://www.tiktok.com/@bramm.076"
"=""7228652301166232326""","","=""6934289105045226498""","nrrshmila","mila","Maka sesungguhnya jangan la kamu membuka aib seseorang !","3/5/2023, 01.22.59","0","No","0","No","https://www.tiktok.com/@nrrshmila"
"=""7228633248749159194""","","=""6868193461671101441""","rifkymuhammad13","iyaAh","Awokwowkwk pasti trauma ga bisa ke mana² soalnya di kenal banyak orang🤣","3/5/2023, 00.09.12","0","No","0","No","https://www.tiktok.com/@rifkymuhammad13"
"=""7228633052062171910""","","=""7071177245575332890""","xi0uu2","olelyy '","token gede","3/5/2023, 00.08.15","0","No","0","No","https://www.tiktok.com/@xi0uu2"
"=""7228623554454012698""","","=""6938976706468480001""","xhizya","࿔:౨ৎ","astaghfirullah astaghfirullah astaghfirullah astaghfirullah astaghfirullah astaghfirullah astaghfirullah astaghfirullah","2/5/2023, 23.31.29","0","No","0","No","https://www.tiktok.com/@xhizya"
"=""7228617000581776154""","","=""6962676001349321730""","szsydhtbt21","PATRAKSz💐","mintak","2/5/2023, 23.06.10","0","No","0","No","https://www.tiktok.com/@szsydhtbt21"
"=""7228616968583889690""","","=""6962676001349321730""","szsydhtbt21","PATRAKSz💐","aku bang","2/5/2023, 23.06.05","0","No","0","No","https://www.tiktok.com/@szsydhtbt21"
"=""7228613235561218842""","","=""6523879819998363649""","kumpulan_yang_lagi_viral","user56229752565","langsung aja ☝️☝️","2/5/2023, 22.51.38","0","No","2","No","https://www.tiktok.com/@kumpulan_yang_lagi_viral"
"=""7228613284084728603""","=""7228613235561218842""","=""6523879819998363649""","kumpulan_yang_lagi_viral","user56229752565","jangan lupa mampir mas 👆👆","2/5/2023, 22.51.44","0","No","","","https://www.tiktok.com/@kumpulan_yang_lagi_viral"
"=""7228613229777797915""","=""7228613235561218842""","=""6523879819998363649""","kumpulan_yang_lagi_viral","user56229752565","cek prof aku 📌","2/5/2023, 22.51.41","0","No","","","https://www.tiktok.com/@kumpulan_yang_lagi_viral"
"=""7228610252794266394""","","=""6958282527744640002""",".hamdamf","User12314307","bukannya file di dokumen?","2/5/2023, 22.40.00","0","No","0","No","https://www.tiktok.com/@.hamdamf"
"=""7228589869587612443""","","=""7011779011106538498""","ruby.cha7","𝙍𝙐𝘽𝙔 𝘾𝙃𝘼𝙉✝️","dan kamu bangga mengatakan nya?","2/5/2023, 21.20.46","0","No","0","No","https://www.tiktok.com/@ruby.cha7"
"=""7228575303777682203""","","=""7021153789059908610""","_mmecaa","meca🇬🇧","di twet ful bgt anying","2/5/2023, 20.24.25","0","No","0","No","https://www.tiktok.com/@_mmecaa"
"=""7228566198090744602""","","=""6523879819998363649""","kumpulan_yang_lagi_viral","user56229752565","langsung aja ☝️☝️","2/5/2023, 19.49.05","0","No","2","No","https://www.tiktok.com/@kumpulan_yang_lagi_viral"
"=""7228566249977103131""","=""7228566198090744602""","=""6523879819998363649""","kumpulan_yang_lagi_viral","user56229752565","jangan lupa mampir mas 👆👆","2/5/2023, 19.49.11","0","No","","","https://www.tiktok.com/@kumpulan_yang_lagi_viral"
"=""7228566233581929242""","=""7228566198090744602""","=""6523879819998363649""","kumpulan_yang_lagi_viral","user56229752565","cek prof aku 📌","2/5/2023, 19.49.08","0","No","","","https://www.tiktok.com/@kumpulan_yang_lagi_viral"
"=""7228559307850662683""","","=""6928396276208845826""","iqbal_frdn","SUPRA MAMBA","penasaran gue😅","2/5/2023, 19.22.16","0","No","0","No","https://www.tiktok.com/@iqbal_frdn"
"=""7228546766018626331""","","=""6599512709740478465""","caa.2107",".","Ada yg mau g vd ny😂🗿","2/5/2023, 18.33.46","0","No","0","No","https://www.tiktok.com/@caa.2107"
"=""7228546559595889435""","","=""7140790119879377947""","taherkrp_","𝓣𝓪𝓱𝓮𝓻✪","Syakira menghilang dari Lane🗿","2/5/2023, 18.32.59","0","No","0","No","https://www.tiktok.com/@taherkrp_"
"=""7228530420181566234""","","=""6758023537824777218""","amel23160","Urlove. MELLLL💐💗","sehat""cowo mahal","2/5/2023, 17.30.10","0","No","0","No","https://www.tiktok.com/@amel23160"
"=""7228529943561913114""","","=""6952289504703448065""","kiwi_121","키위","sini mampir kalo mau nonton","2/5/2023, 17.28.22","0","No","2","No","https://www.tiktok.com/@kiwi_121"
"=""7228534608148169499""","=""7228529943561913114""","=""6930442159548843009""","slsbilaa352","slsblaa","bagi","2/5/2023, 17.46.30","0","No","","","https://www.tiktok.com/@slsbilaa352"
"=""7228528584959460122""","","=""7169040802450293787""","ca.cahaya0","Cabegiling empat saudara","percaya lah yang menyebar kan Vidio atau foto sangat berdosa karena telah mengumbar aip orang😝","2/5/2023, 17.23.04","0","No","0","No","https://www.tiktok.com/@ca.cahaya0"
"=""7228515899623277338""","","=""6912975292303983618""","ruthyamanda","Pejuang Tombokan","Duta kamar mandi 😂","2/5/2023, 16.34.01","0","No","0","No","https://www.tiktok.com/@ruthyamanda"
"=""7228511983857910555""","","=""7094439933024306202""","wafercik2","Jonathan:v","jangan"" lu yang nemu HP nya banhhhhh🤔","2/5/2023, 16.18.39","0","No","0","No","https://www.tiktok.com/@wafercik2"
"=""7228508371140297498""","","=""7226263374517502978""","asepfauziasep01","꧁༒☬☠Izzy☠︎☬༒꧂","minta😭😭🗿","2/5/2023, 20.11.01","0","No","0","No","https://www.tiktok.com/@asepfauziasep01"
"=""7228485865068135195""","","=""7059032910762542081""","irmahaja97","btw nma lu siapa njir","aku ada video 😌","2/5/2023, 14.37.35","0","No","0","No","https://www.tiktok.com/@irmahaja97"
"=""7228482739455263514""","","=""6842658976732251138""","dani_saragih56","Dani_Saragih","udalh la woiy kasian dia,,klo udha ada video ny ydh simpan aj jngn di perpanjang lgi ,,kita jg gak tau klo lgi di posisi dia gimna","2/5/2023, 14.25.10","0","No","0","No","https://www.tiktok.com/@dani_saragih56"
"=""7228472722916639515""","","=""7013355795681182722""","fidaibnu","Fidaibnu","gk usah mnghujat biarin aj, knp Klian nyebarin bginian,, ingat kt sama2 pnd0sa","2/5/2023, 13.46.31","0","No","0","No","https://www.tiktok.com/@fidaibnu"
"=""7228468446617912090""","","=""6936020121761711105""","nopitfaisal","nopitfaisal","sehat sehat pria yang gapernah ngumbar aib orangg","2/5/2023, 13.29.48","0","No","0","No","https://www.tiktok.com/@nopitfaisal"
"=""7228463225683231515""","","=""7045036860142765057""","muhammadikramulla95","itink amat","sawah nya lumyan tebal 😁","2/5/2023, 13.09.40","0","No","0","No","https://www.tiktok.com/@muhammadikramulla95"
"=""7228458873877791494""","","=""7007794123940152347""","jali_146","jali_07","😂😂","2/5/2023, 12.52.20","0","No","0","No","https://www.tiktok.com/@jali_146"
"=""7228427564804899590""","","=""7155150828566725658""","rizalajaa07","sipamandar09","bosan gw anjing","2/5/2023, 10.50.57","0","No","0","No","https://www.tiktok.com/@rizalajaa07"
"=""7228418036989985563""","","=""6823555376852845570""","al.runners22","aldyyy","mana janji mu king👑","2/5/2023, 10.14.43","0","No","0","No","https://www.tiktok.com/@al.runners22"
"=""7228353542696190747""","","=""6578432673419804674""","dini.cihuy","Dini","saya punya 10 vidionya","2/5/2023, 06.04.29","0","No","0","No","https://www.tiktok.com/@dini.cihuy"
"=""7228322861660095259""","","=""7220979695524791298""","mazkyy23","-PrinceiKy ","bagi bang","2/5/2023, 04.05.00","0","No","0","No","https://www.tiktok.com/@mazkyy23"
"=""7228307543822172954""","","=""6770080613463524353""","rahmatmat53","Rahmat Mat","udalah we kasian orng tuanya, bukan itu tujuan kalian king🥺","2/5/2023, 03.05.23","0","No","0","No","https://www.tiktok.com/@rahmatmat53"
"=""7228304653317030683""","","=""7187292151259399169""","rikeemelia","rike","pengen liat penasaran😳","2/5/2023, 02.54.04","0","No","1","No","https://www.tiktok.com/@rikeemelia"
"=""7331370079526322949""","=""7228304653317030683""","=""7083716248500470810""","fatoni_aziz","فتوني","https://linx.cc/ib91BWqq","3/2/2024, 20.40.33","0","No","","","https://www.tiktok.com/@fatoni_aziz"
"=""7228291551432131355""","","=""7080861152074417154""","ryuuzin_takashii","— ryυυĸáιzé.","jangan umbar2 lagi","2/5/2023, 02.03.24","0","No","0","No","https://www.tiktok.com/@ryuuzin_takashii"
"=""7228291478937420570""","","=""7080861152074417154""","ryuuzin_takashii","— ryυυĸáιzé.","gw kesal ama org yg nyebarin nya anj","2/5/2023, 02.03.02","0","No","0","No","https://www.tiktok.com/@ryuuzin_takashii"
"=""7228289798346507035""","","=""6833312216106124290""","ssssspppppllllll_","riskaaa","@Saiful_$189","2/5/2023, 01.56.25","0","No","0","No","https://www.tiktok.com/@ssssspppppllllll_"
"=""7228259615052841733""","","=""6548162612848738305""","faisalmelati069","FaisalMelati69","Baru dapet 18 video nih sma fto, ada yg baru kah","1/5/2023, 23.59.05","0","No","3","No","https://www.tiktok.com/@faisalmelati069"
"=""7296774112399409925""","=""7228259615052841733""","=""7077929812853081090""","kyyskii_12","HoopsWithKyy","https://vnshortener.com/cQIH6S9😋","2/11/2023, 15.10.41","0","No","","","https://www.tiktok.com/@kyyskii_12"
"=""7228290573890355995""","=""7228259615052841733""","=""6904675224928371714""","daffa.klf","Daffauzi","bagi dong bang","2/5/2023, 01.59.35","0","No","","","https://www.tiktok.com/@daffa.klf"
"=""7228263590553076507""","=""7228259615052841733""","=""6919389126735873026""","rizkibest","papha_best","video nya cri dmana gan","2/5/2023, 00.14.50","0","No","","","https://www.tiktok.com/@rizkibest"
"=""7228225605350507290""","","=""7217416173435257858""","tragedhithaliekhu","tragedhithaliekhutank","kasian perempuan ini😔","1/5/2023, 21.47.22","0","No","0","No","https://www.tiktok.com/@tragedhithaliekhu"
"=""7228222739722715931""","","=""6673812529200530434""","riskiruskimw","jaka","yang udah nonton b aja","1/5/2023, 21.36.20","0","No","0","No","https://www.tiktok.com/@riskiruskimw"
"=""7228219220059112219""","","=""6752619778500330497""","sie_oong","￶￶⠀ ⠀ ⠀᠌ᅠᅠ","Hati2 sma gibah..
ap lagi mempertontonkan aib saudara seiman..
allah ndak tidur..
pasti semua ad blasan nya 🙏🙏🙏","1/5/2023, 21.22.32","0","No","0","No","https://www.tiktok.com/@sie_oong"
"=""7228199326425776923""","","=""6968841913202656257""","zeeinul","zeinullllll","Bnyk","1/5/2023, 20.05.22","0","No","2","No","https://www.tiktok.com/@zeeinul"
"=""7230101232702047002""","=""7228199326425776923""","=""6833984891621934082""","eko_andreansyah","eko_andrean","ah kw bacot aja","6/5/2023, 23.05.54","0","No","","","https://www.tiktok.com/@eko_andreansyah"
"=""7229205924593025818""","=""7228199326425776923""","=""6851880772720329729""","vv.bvva","firmann starla🕺🏻","bagiii","4/5/2023, 18.15.28","0","No","","","https://www.tiktok.com/@vv.bvva"
"=""7228194521241944858""","","=""7211107274324460570""","selyycans_2","ADMIN GARENAFREEFIREBGID","𝘼𝙙𝙖 𝘿𝙞 𝙋𝙧𝙤𝙛𝙞𝙡 𝙆𝙪😜","1/5/2023, 19.46.40","0","No","0","No","https://www.tiktok.com/@selyycans_2"
"=""7228177933833011995""","","=""7030733374348248090""","tiiiiihelek_06","HI, Ini Esti📍","barang siapa yg membuka aib orang lain maka Allah akan membuka aibny","1/5/2023, 18.42.27","0","No","0","No","https://www.tiktok.com/@tiiiiihelek_06"
"=""7228175659902223130""","","=""6821788441958040577""","teks_bermaknareaksion","Afiliat_creator","baguiiii","2/5/2023, 07.35.32","0","No","0","No","https://www.tiktok.com/@teks_bermaknareaksion"
"=""7228174379132715803""","","=""7152379186870420482""","url0ve_tiya","Tifara!!🌹","bgii","1/5/2023, 18.28.31","0","No","0","No","https://www.tiktok.com/@url0ve_tiya"
"=""7228157468864955163""","","=""7120516199063389211""","csyxxxxxxx","cysxx","wkwkwk","1/5/2023, 17.22.52","0","No","0","No","https://www.tiktok.com/@csyxxxxxxx"
"=""7228157450804019994""","","=""7120516199063389211""","csyxxxxxxx","cysxx","bgi kk","1/5/2023, 17.22.47","0","No","0","No","https://www.tiktok.com/@csyxxxxxxx"
"=""7228155984576185114""","","=""7223405181064709146""","krc_444","PP SDM TINGGI","jngan di viral Lin lagi Kasin orang nya sama keluarganya","1/5/2023, 17.17.07","0","No","0","No","https://www.tiktok.com/@krc_444"
"=""7228143440982229786""","","=""6912433256974779393""","bellaendut12","MBA B 🏴‍☠️🇪🇪 👹🌻","fb gw ig gw wa grup gw tentang syakirah 🗿","1/5/2023, 16.28.32","0","No","0","No","https://www.tiktok.com/@bellaendut12"
"=""7228141439951487771""","","=""6979956514405680130""","zxrajaja","zxraa.","barusan nonton😁😁","2/5/2023, 00.08.48","0","No","0","No","https://www.tiktok.com/@zxrajaja"
"=""7228139589801935643""","","=""7214412467967067137""","mhd_syahri_s","Mhd_syahril_sbl","bagi bg","1/5/2023, 16.13.42","0","No","0","No","https://www.tiktok.com/@mhd_syahri_s"
"=""7228137708929205018""","","=""7036926197573944322""","zifanaardilaaluni","👎🏻🤡","jangan di ungkit² kasihan keluarga nyaaaa,,ngertiin juga perasaan diaa","1/5/2023, 16.06.20","0","No","0","No","https://www.tiktok.com/@zifanaardilaaluni"
"=""7228134461791437595""","","=""6960222736341894146""","boboy1_4","ultramen","berbagi itu indah king","1/5/2023, 15.53.44","0","No","0","No","https://www.tiktok.com/@boboy1_4"
"=""7228129021250110235""","","=""7103166656197018651""","stylesumbar2","style sumbar 🤩","Kirim bg","1/5/2023, 15.32.34","0","No","0","No","https://www.tiktok.com/@stylesumbar2"
"=""7228119850995335962""","","=""6778047329888388097""","insialv48","v","Semoga yang menyebarkan aib seseorang akan di sebarkan aibnya pada hari kiamat","1/5/2023, 14.57.00","0","No","0","No","https://www.tiktok.com/@insialv48"
"=""7228117782670820123""","","=""7038604908182569986""","nafismaulana23","viwa23 siuuu","ada yg mau berbagai sama aku","1/5/2023, 14.48.57","0","No","0","No","https://www.tiktok.com/@nafismaulana23"
"=""7228112153919554330""","","=""6959137555837649922""","mandan356","KING OF BAR","kerja bagus kawan","1/5/2023, 21.16.06","0","No","0","No","https://www.tiktok.com/@mandan356"
"=""7228103630699741978""","","=""6995034268071429122""","kevinn_182","𝗣𝗲𝘁𝗶𝗿⚡","sekarang gua tau rahasia cewe","1/5/2023, 13.54.14","0","No","0","No","https://www.tiktok.com/@kevinn_182"
"=""7228100138799268634""","","=""6727631465419097089""","mamae_aleeya","romai_bhawell92","jadi kepo gue","1/5/2023, 13.40.43","0","No","1","No","https://www.tiktok.com/@mamae_aleeya"
"=""7228016237271106330""","=""7228100138799268634""","=""6572913026315698177""","djan_adja","Djan Adja","jangan kepo , hanya anak gunung ,","1/5/2023, 15.14.29","0","No","","","https://www.tiktok.com/@djan_adja"
"=""7228098995707495173""","","=""6842257848026907649""","yhrrzeedpee","yhrrzeedpee","cowo yg g pernah liat+nyari💗💐","1/5/2023, 13.35.49","0","No","0","No","https://www.tiktok.com/@yhrrzeedpee"
"=""7228098862845739781""","","=""7030697535530910722""","hafiz.sky97","hafiz.sky","kesianlah sama dia jugak","1/5/2023, 13.35.25","0","No","0","No","https://www.tiktok.com/@hafiz.sky97"
"=""7228096098849899290""","","=""6718256693707031554""","liaanaaa15","I am güzel","Menyebar aib seseorang pasti ada balasan","1/5/2023, 13.25.05","0","No","0","No","https://www.tiktok.com/@liaanaaa15"
"=""7228094599264600859""","","=""7103469968645342214""","man_npg","Ahmad Hermansyah","njirrr dri tdi vidio nih orng fyp terus d beranda gwa😏
jdi tmbah penasarn😳","1/5/2023, 13.19.15","0","No","0","No","https://www.tiktok.com/@man_npg"
"=""7228092986944078618""","","=""6958703357171909637""","glow_hunter1","Glow Hunter","berkatmu aku melanjutkan hobiku wahai wanita cantik:)","1/5/2023, 18.22.20","0","No","0","No","https://www.tiktok.com/@glow_hunter1"
"=""7228089416227586843""","","=""7081771190955836418""","aakdimaz1","Aak dimas kb","bagi ke kau dong biar dapat pahala😅","1/5/2023, 12.58.57","0","No","0","No","https://www.tiktok.com/@aakdimaz1"
"=""7228069309426254619""","","=""6958414813958865925""","reezaaaaaaaa117","🪩","bagi bro","1/5/2023, 11.40.55","0","No","0","No","https://www.tiktok.com/@reezaaaaaaaa117"
"=""7228067460087366426""","","=""7114339935029101595""","rafigrut","𝖆𝖋𝖎👀","pengen tau bg viral apaan","1/5/2023, 11.34.09","0","No","0","No","https://www.tiktok.com/@rafigrut"
"=""7228050338648965915""","","=""7152126426128811034""","adriansyahputra71","adrian🤙","apaan Emang nya bang","1/5/2023, 16.19.59","0","No","0","No","https://www.tiktok.com/@adriansyahputra71"
"=""7228047713828373274""","","=""7015906480412181530""","bayyy7112","bayuuu__","yng blm tu video nya nyimak aj","1/5/2023, 10.17.25","0","No","2","No","https://www.tiktok.com/@bayyy7112"
"=""7228373494235874075""","=""7228047713828373274""","=""136175156275834880""","arpelv2","arpl😹","mana","2/5/2023, 14.40.54","0","No","","","https://www.tiktok.com/@arpelv2"
"=""7228137941015872282""","=""7228047713828373274""","=""6952034583433315329""","finizulaika","fini","gua punya8","1/5/2023, 16.07.06","0","No","","","https://www.tiktok.com/@finizulaika"
"=""7228044893510894341""","","=""7127937259139154970""","xyrii25","𝖝𝖎𝖆🧿","nyerah dehh, gadapet dapet","1/5/2023, 10.05.57","0","No","0","No","https://www.tiktok.com/@xyrii25"
"=""7228037469013951258""","","=""6971298440114832386""","nguahhhhhhihi","sukaseblak","sht"" lannang mahal","1/5/2023, 15.53.20","0","No","0","No","https://www.tiktok.com/@nguahhhhhhihi"
"=""7228034583719363354""","","=""7068176888711201794""","butirantaiiii_","HamZzz","nyimak lengkap😏","1/5/2023, 09.26.41","0","No","0","No","https://www.tiktok.com/@butirantaiiii_"
"=""7228019064106468122""","","=""7043640566413214726""","rizzz700","melody","bagi","1/5/2023, 16.03.48","0","No","0","No","https://www.tiktok.com/@rizzz700"
"=""7228010297796690714""","","=""7083559417891996699""","plorensiajstin","plrnsia","1 menit kebawah semua GK seru ah","1/5/2023, 07.52.18","0","No","0","No","https://www.tiktok.com/@plorensiajstin"
"=""7227992886817325829""","","=""7032151077585093659""","mas_ang.32","aang🍂","dia knpa?","1/5/2023, 06.44.11","0","No","0","No","https://www.tiktok.com/@mas_ang.32"
"=""7227986672603431707""","","=""6841394526235673605""","user262176591","Muhammad Hairul Huda Fahrozy","Bangi bang","1/5/2023, 06.20.23","0","No","0","No","https://www.tiktok.com/@user262176591"
"=""7227981860101538586""","","=""6541205895853604866""","vanny2304","vanny 2304","Ya Allah Lindungilah aib²q dr org² yg Dzholim n Ahli Fitnah🙏🏼🤲😇💜","1/5/2023, 06.01.52","0","No","0","No","https://www.tiktok.com/@vanny2304"
"=""7227941899226678042""","","=""7047521132212552706""","reshiint","anjayy alok","yg mau pm gw","1/5/2023, 03.26.36","0","No","0","No","https://www.tiktok.com/@reshiint"
"=""7227931709475324699""","","=""7205142659969713158""","riiielz","RIIIELzz","aib org Jan di umbar² bang
ntr Lo di akhirat nyesel Lo🗿","1/5/2023, 02.47.01","0","No","0","No","https://www.tiktok.com/@riiielz"
"=""7227915831937090331""","","=""6536494569583853569""","veronsampel","Sampelo24","bagi lah bang","1/5/2023, 01.45.24","0","No","0","No","https://www.tiktok.com/@veronsampel"
"=""7227913033643885339""","","=""6930594545555276801""","ripanoyoga_","BRO BUNGKUS","pentil e lincip kulino di mot piki@V","1/5/2023, 01.34.36","0","No","0","No","https://www.tiktok.com/@ripanoyoga_"
"=""7227911887144403717""","","=""7111317737595241473""","kamunanyananya079","🤫","GK pengen tau😏","1/5/2023, 01.29.47","0","No","0","No","https://www.tiktok.com/@kamunanyananya079"
"=""7227907831617585946""","","=""6915753716932314113""","user.rigos","Og@l","kirimin bos","1/5/2023, 01.14.19","0","No","0","No","https://www.tiktok.com/@user.rigos"
"=""7227898843718304539""","","=""7179866813718152219""","tantepemuashasrat2","NYARI YG VIRAL LINK DI BIO","langsung aja ☝️☝️","1/5/2023, 00.39.29","0","No","0","No","https://www.tiktok.com/@tantepemuashasrat2"
"=""7227898826869719835""","","=""7179866813718152219""","tantepemuashasrat2","NYARI YG VIRAL LINK DI BIO","cek prof aku 📌","1/5/2023, 00.39.24","0","No","0","No","https://www.tiktok.com/@tantepemuashasrat2"
"=""7227898821225104155""","","=""7179866813718152219""","tantepemuashasrat2","NYARI YG VIRAL LINK DI BIO","jangan lupa mampir mas 👆👆","1/5/2023, 00.39.32","0","No","0","No","https://www.tiktok.com/@tantepemuashasrat2"
"=""7227897165610255130""","","=""6914218904789828610""","rshym_12","rshsym_","kasian cok","1/5/2023, 00.32.48","0","No","0","No","https://www.tiktok.com/@rshym_12"
"=""7227897088730235675""","","=""7101669590987850754""","intannurainiiiii__","intannurainiiiii__","guee dhh nonton smuaa njrttt","1/5/2023, 00.32.49","0","No","0","No","https://www.tiktok.com/@intannurainiiiii__"
"=""7227896404029899547""","","=""7051957220275520538""","dogundo","mas gundo","udah bang saihan😔","1/5/2023, 00.29.57","0","No","0","No","https://www.tiktok.com/@dogundo"
"=""7227892361559393050""","","=""6994810942945723419""","vendaaf","jati ngarang🧞‍♂️","kmar mandinya bagus wkwkwk","1/5/2023, 00.14.10","0","No","0","No","https://www.tiktok.com/@vendaaf"
"=""7227884636721087259""","","=""6859867179502306306""","yunizanceee","Y & O","gua kasian liat tu org","30/4/2023, 23.44.12","0","No","0","No","https://www.tiktok.com/@yunizanceee"
"=""7227883278769062683""","","=""6846010963294438401""","ferdinand_341","🌊🤙𝑭𝑬𝑹𝑫𝑰𝑵𝑨𝑵𝑫Ⓐⓡⓣ✏️🎨","""YANG NGA NGERTI CARI DI YANDEX!!""","30/4/2023, 23.38.55","0","No","0","No","https://www.tiktok.com/@ferdinand_341"
"=""7227869074574869275""","","=""7102304636892464155""","ul_aj44","paull•","bang, amal jariyah itu bentuknya bukan dari uang aja 😅","30/4/2023, 22.43.50","0","No","0","No","https://www.tiktok.com/@ul_aj44"
"=""7227866819888284442""","","=""7082371208720876571""","renoadian024","@Ren024","saya sudah melihat vidio nya king
hahaha. SEMUA 😎😎😎","30/4/2023, 22.35.00","0","No","0","No","https://www.tiktok.com/@renoadian024"
"=""7227863302389760795""","","=""7105286960554050561""","afifahhh_fitiyaaa02","fafa_Funny🎮🎸","udh bang kasian dia
kita GK tau perasaan diaa","30/4/2023, 22.21.23","0","No","0","No","https://www.tiktok.com/@afifahhh_fitiyaaa02"
"=""7227859412668744474""","","=""7069838494353179674""","ahmad3lbs","ahmad3lbs","udah lah bg kasihan","30/4/2023, 22.06.30","0","No","0","No","https://www.tiktok.com/@ahmad3lbs"
"=""7227857357149143835""","","=""6947189887184880641""","usernamew7372","nextar1212","bersih bngt woy","30/4/2023, 21.58.29","0","No","0","No","https://www.tiktok.com/@usernamew7372"
"=""7227811147344626458""","","=""6869944045050430469""","ravazayvinooo","rav","ingat tujuan mu king","30/4/2023, 18.59.03","0","No","0","No","https://www.tiktok.com/@ravazayvinooo"
"=""7227786848003949338""","","=""7047411935990367233""","andiputrieeee","𝐀𝐧𝐩𝐮𝐭𝐭𝐫𝐫_𝟏𝟗","Aib org Lncar di umbar Aib sndiri gak karuan","30/4/2023, 17.24.42","0","No","0","No","https://www.tiktok.com/@andiputrieeee"
"=""7227786191163933466""","","=""7217855692073108507""","tiiicng","scorpio🦂♏","apa gunanya","30/4/2023, 17.22.14","0","No","0","No","https://www.tiktok.com/@tiiicng"
"=""7227775909942657819""","","=""7213287358883841029""","arpanhrp0","arpanhrp947","ini mulu","30/4/2023, 20.41.53","0","No","0","No","https://www.tiktok.com/@arpanhrp0"
"=""7227770145585709850""","","=""6842896307410600966""","patra_kasandri","Ataaaaaaaaa","tukang gocok pulll senyum😅","30/4/2023, 16.19.56","0","No","0","No","https://www.tiktok.com/@patra_kasandri"
"=""7227765471453840155""","","=""7164383616939426843""","beatsage0","peroduk sunda","bagi lah bang","30/4/2023, 16.01.55","0","No","0","No","https://www.tiktok.com/@beatsage0"
"=""7227764395942003483""","","=""7142361077622801435""","hmm_1347","hmm","udh lahhh , takut bakal balik karma nya ke Ade / ank perempuan Klian nanti nya.","30/4/2023, 15.57.47","0","No","0","No","https://www.tiktok.com/@hmm_1347"
"=""7227752364635374362""","","=""6886998632358528002""","swingly_0","SwIngLY🚀","gw punya pm tiktok gw","30/4/2023, 15.11.02","0","No","0","No","https://www.tiktok.com/@swingly_0"
"=""7227747701920138010""","","=""7024341825176372250""","membenciiii_","DANNN","Gimana masihh aman","30/4/2023, 22.04.50","0","No","0","No","https://www.tiktok.com/@membenciiii_"
"=""7227742088317600517""","","=""7208001559007233030""","sandafitriana","ساندا فيتريانا","😩😩🗿","30/4/2023, 19.03.48","0","No","0","No","https://www.tiktok.com/@sandafitriana"
"=""7227733847416013573""","","=""6836143804379808770""","itsnailmutants","eternity","@user7286313111848 iki tah slurr?","30/4/2023, 13.58.57","0","No","0","No","https://www.tiktok.com/@itsnailmutants"
"=""7227732029645849370""","","=""7083061100450808834""","ahmadz182","Ahmad⚡⚡","Shakira","30/4/2023, 13.52.00","0","No","0","No","https://www.tiktok.com/@ahmadz182"
"=""7227724915830424347""","","=""7111935750916932609""","reenndyy2","Adiii","pria sejati tidak akan, membuka aib orng meskipun sering tersakita😏😅","30/4/2023, 13.24.34","0","No","0","No","https://www.tiktok.com/@reenndyy2"
"=""7227724727744299803""","","=""6849119393805239297""","user307820977","dakwah Islam","dpt 14","30/4/2023, 13.23.38","0","No","0","No","https://www.tiktok.com/@user307820977"
"=""7227723957092549402""","","=""7177296120803083269""","ijaall_ygy","oki ygyy","mknya jngn terlalu nutut kata kata cowo","30/4/2023, 21.24.57","0","No","0","No","https://www.tiktok.com/@ijaall_ygy"
"=""7227722247992345349""","","=""7032399486463984641""","iniitempattcerita","iniiuserrgalauu","gua udh punya cuma kasian pengen nyebarin karena dia cantik😳😬","30/4/2023, 13.13.51","0","No","0","No","https://www.tiktok.com/@iniitempattcerita"
"=""7227717478125896475""","","=""7122469503632360449""","bdirbfkhwbwkfi","someone","gw aja gk nada yg dapet","30/4/2023, 12.55.50","0","No","0","No","https://www.tiktok.com/@bdirbfkhwbwkfi"
"=""7227711267640869659""","","=""7162071625670935579""","rifkrmdnnn","Ɐ","berbagi itu indah maknya bagi lah aku Vidio nya","30/4/2023, 12.31.47","0","No","0","No","https://www.tiktok.com/@rifkrmdnnn"
"=""7227706268101329690""","","=""7135412148126139418""","febbyy1709","febyy","kasian","30/4/2023, 12.12.21","0","No","0","No","https://www.tiktok.com/@febbyy1709"
"=""7227698865682793242""","","=""6962538308073849857""","rifkiap37","bg ikyy","sehat selalu kkk ku😂","30/4/2023, 11.43.29","0","No","0","No","https://www.tiktok.com/@rifkiap37"
"=""7227690655412519707""","","=""7028924306889425922""","rizky_170303","Rizky17","#stop sebar aib orang","30/4/2023, 11.11.44","0","No","0","No","https://www.tiktok.com/@rizky_170303"
"=""7227687027281855258""","","=""7138721858199962625""","thomassjaya","Exe69","krim","30/4/2023, 10.57.59","0","No","0","No","https://www.tiktok.com/@thomassjaya"
"=""7227676744953234203""","","=""7223425984501695514""","rakmal827","rakmal","udah bg kasian dia sampe malu keluar rumah kita harus ngehargain dia","30/4/2023, 10.17.54","0","No","0","No","https://www.tiktok.com/@rakmal827"
"=""7227676025018254106""","","=""6914682160709387265""","dwibudiyanto959","jejeh","bangkai d tutup""pi pasti tercium jg bauny","30/4/2023, 10.15.15","0","No","0","No","https://www.tiktok.com/@dwibudiyanto959"
"=""7227673453040501531""","","=""6559538321511743490""","yad761","Yadi Doclo","padahl cantik","30/4/2023, 10.04.53","0","No","0","No","https://www.tiktok.com/@yad761"
"=""7227669931197645595""","","=""7086699638938125313""","temeng.51.bkz","temeng.51.bkz","kumpul yg blm tau","30/4/2023, 09.51.35","0","No","0","No","https://www.tiktok.com/@temeng.51.bkz"
"=""7227668309243052826""","","=""7086857631306023938""","ahmad.s069","ahmad.s069","gue nemu di galery full vd🥳😛","30/4/2023, 09.45.06","0","No","0","No","https://www.tiktok.com/@ahmad.s069"
"=""7227665418047406874""","","=""7221388310240134171""","dimzz7dimzz45","Dimzz▪︎","bayangin kalau di kakak lu atau adik lu🤣","30/4/2023, 09.34.14","0","No","0","No","https://www.tiktok.com/@dimzz7dimzz45"
"=""7227662701395854106""","","=""6884570434772812802""","lalasbrna_","anisusan","udahlah gausah disebar lagi kasian loh","30/4/2023, 09.23.25","0","No","0","No","https://www.tiktok.com/@lalasbrna_"
"=""7227658626335572762""","","=""7223949504733856795""","vande5636","Devan","gua ada","30/4/2023, 09.07.27","0","No","2","No","https://www.tiktok.com/@vande5636"
"=""7227660077036176154""","=""7227658626335572762""","=""7223949504733856795""","vande5636","Devan","2 rebu","30/4/2023, 09.13.05","0","No","","","https://www.tiktok.com/@vande5636"
"=""7227659868613444378""","=""7227658626335572762""","=""6873335823304082434""","symlvik","syamilbasayeff","mana","30/4/2023, 09.12.20","0","No","","","https://www.tiktok.com/@symlvik"
"=""7227657766658638619""","","=""6961398713692963845""","secret7life","@cyiaaa","BUAT LELAKI YG NAHAN BUAT GK LIAT SEMOGA SELALU DALAM LINDUNGAN ALLAH.
DIJAGA MATA SAMA IMANNYA YA!!","30/4/2023, 09.04.09","0","No","0","No","https://www.tiktok.com/@secret7life"
"=""7227656369834296090""","","=""6958840838911017986""","capras_27","Kluban Rawon","mantap😂","30/4/2023, 08.59.02","0","No","0","No","https://www.tiktok.com/@capras_27"
"=""7227645544662631194""","","=""7176600526364066818""","aeydimsum","aely? iya","inpooo2 woeee bagii jan pelit2 habis lebaran jg🗿","30/4/2023, 08.16.53","0","No","0","No","https://www.tiktok.com/@aeydimsum"
"=""7227634803217367835""","","=""7114661491672466458""","wongansor23","wong ansor","minimal Jagan di share di tiktok","30/4/2023, 07.35.00","0","No","0","No","https://www.tiktok.com/@wongansor23"
"=""7227623377576641306""","","=""7065156881724113921""","tataataalvye","🕷️🕸️","Anj pdhl cantik lo 😭 cowo nya juga udh sakitt","30/4/2023, 06.50.39","0","No","0","No","https://www.tiktok.com/@tataataalvye"
"=""7227623136454492954""","","=""7219472973631620122""","felaut6","Ali Pandi🦂","yg tau 😏 vidonya solo semua 😅","30/4/2023, 06.49.39","0","No","0","No","https://www.tiktok.com/@felaut6"
"=""7227612979893142298""","","=""6901331891685852161""","obitoid18","CharlyS","info link","30/4/2023, 06.10.14","0","No","0","No","https://www.tiktok.com/@obitoid18"
"=""7227612914244158234""","","=""6856021503466783746""","bocilff20193","user6273537711047","yang baik kirim","30/4/2023, 06.10.11","0","No","0","No","https://www.tiktok.com/@bocilff20193"
"=""7227612281483477766""","","=""6864084006591611905""","bargasprojects","BARGASPROJECTS 🦋","gua yang udah punya videonya🗿","30/4/2023, 06.07.17","0","No","0","No","https://www.tiktok.com/@bargasprojects"
"=""7227600926131094298""","","=""7199261425918100481""","putratunggaljaya76","Andrii 1212","@sebut saja slim","30/4/2023, 05.23.39","0","No","0","No","https://www.tiktok.com/@putratunggaljaya76"
"=""7227566319725626118""","","=""6883345411093070850""","_myawafrelliani","🫀","si bh merahhhh","30/4/2023, 03.08.53","0","No","0","No","https://www.tiktok.com/@_myawafrelliani"
"=""7227566111487034138""","","=""7060096155620082694""","kiki_sundaa17","kikiw","ada apa ini lewat beranda mulu","30/4/2023, 14.40.03","0","No","0","No","https://www.tiktok.com/@kiki_sundaa17"
"=""7227556160630489882""","","=""6978335985491133445""","ywwtiktok","mmm","Jagan kek gitu juga lah bang","30/4/2023, 02.29.41","0","No","0","No","https://www.tiktok.com/@ywwtiktok"
"=""7227554010135528218""","","=""6883785599155192833""","bob.sadimin45","pemanentomat","udahlah, kasihan orangnya. misalkan itu adik Lo sendiri gimana","30/4/2023, 02.21.28","0","No","0","No","https://www.tiktok.com/@bob.sadimin45"
"=""7227549713544954650""","","=""7218469381462148098""","adityaaaaaaaaa72","ADIT","Pada norkkk bch","30/4/2023, 02.04.48","0","No","0","No","https://www.tiktok.com/@adityaaaaaaaaa72"
"=""7227548204510249754""","","=""7212574534653936646""","user3055201334273","user3055201334273","bagi² dosa lah biar pro","30/4/2023, 01.58.58","0","No","0","No","https://www.tiktok.com/@user3055201334273"
"=""7227547985755276058""","","=""7037003449716900866""","yueeeeeeee8","You","@meihua_62 mbakku punya nggk, kudet gua🥺","30/4/2023, 01.57.57","0","No","4","No","https://www.tiktok.com/@yueeeeeeee8"
"=""7227628564919993115""","=""7227547985755276058""","=""7037003449716900866""","yueeeeeeee8","You","🤗","30/4/2023, 07.10.48","0","No","","","https://www.tiktok.com/@yueeeeeeee8"
"=""7227613201935303450""","=""7227547985755276058""","=""6640296675112550401""","mega_tiktok.com","♡Me☆Mega♡","sama""🥰","30/4/2023, 06.11.09","0","No","","","https://www.tiktok.com/@mega_tiktok.com"
"=""7227584237863551771""","=""7227547985755276058""","=""7037003449716900866""","yueeeeeeee8","You","hmmm,, ywda minal aidzin walfaidzin aja ya🙏🙏","30/4/2023, 04.18.44","0","No","","","https://www.tiktok.com/@yueeeeeeee8"
"=""7227567474249155354""","=""7227547985755276058""","=""6640296675112550401""","mega_tiktok.com","♡Me☆Mega♡","g punya 😁😁😁😁","30/4/2023, 03.13.34","0","No","","","https://www.tiktok.com/@mega_tiktok.com"
"=""7227546395442873114""","","=""6963275266891056133""","debudebuintan7","debudebuintan7","Wanita jaman sekarang sembunyi dibalik jilbabnya biar terlihat baik","30/4/2023, 01.51.47","0","No","0","No","https://www.tiktok.com/@debudebuintan7"
"=""7227538477537592090""","","=""7027465341296362498""","jerapah_masak_kecap","Jerapah masak kecap","gua cuma punya 6 doang","30/4/2023, 01.21.12","0","No","3","No","https://www.tiktok.com/@jerapah_masak_kecap"
"=""7227908251973763866""","=""7227538477537592090""","=""6959565694732911621""","bilawww.29","2229","link?","1/5/2023, 01.15.50","0","No","","","https://www.tiktok.com/@bilawww.29"
"=""7227673901550813978""","=""7227538477537592090""","=""7027465341296362498""","jerapah_masak_kecap","Jerapah masak kecap","cara bagiin lewat tiktok gimana","30/4/2023, 10.06.45","0","No","","","https://www.tiktok.com/@jerapah_masak_kecap"
"=""7227585806730347290""","=""7227538477537592090""","=""6763508736273581058""","aji071508","Dandi","bagi","30/4/2023, 04.24.50","0","No","","","https://www.tiktok.com/@aji071508"
"=""7227537780270809883""","","=""6954764819993216006""","melot59","limit","apaan sih ini.","30/4/2023, 01.18.13","0","No","0","No","https://www.tiktok.com/@melot59"
"=""7227535519092736794""","","=""7168667594587964443""","prayoko_123","prayoko","info link","30/4/2023, 01.09.32","0","No","0","No","https://www.tiktok.com/@prayoko_123"
"=""7227534530579759899""","","=""6958081753571607557""","putih_1168","Maulana Ikhsan","Mohon maaf lahir dan batin Ya","30/4/2023, 01.05.46","0","No","0","No","https://www.tiktok.com/@putih_1168"
"=""7227519978907714331""","","=""6884102572270748674""","jihan_zahrinaa","JIHAN👑","Bangi bang","30/4/2023, 14.16.30","0","No","0","No","https://www.tiktok.com/@jihan_zahrinaa"
"=""7227519210350707483""","","=""6768404560954557442""","julfikardjaguna","Julfikar Djaguna","bagi dong bang","30/4/2023, 00.06.14","0","No","0","No","https://www.tiktok.com/@julfikardjaguna"
"=""7227516494858797850""","","=""6842961749163967490""","12345rudik","Rudik ahmad","info vidio","29/4/2023, 23.55.52","0","No","0","No","https://www.tiktok.com/@12345rudik"
"=""7227516117266678555""","","=""6971703615174460418""","ngecapkecap","WA'duh","fyp ku di penuhi syakirah semua","29/4/2023, 23.54.26","0","No","0","No","https://www.tiktok.com/@ngecapkecap"
"=""7227514130080678683""","","=""7028472490666738689""","asepuloh03","asepuloh03","bagi","29/4/2023, 23.46.42","0","No","0","No","https://www.tiktok.com/@asepuloh03"
"=""7227511641327649563""","","=""7116184762691716098""","p.tri.x","petrix💫","gmn cara dapattin video.x😅","29/4/2023, 23.37.00","0","No","0","No","https://www.tiktok.com/@p.tri.x"
"=""7227511032184832794""","","=""6962138244574790657""","agussandoyo3","agussandoyo3","beri penjelasan lah bang guwe nyarinya sampai pusing 7keliling🥺, apa kasih 1 vidio yg asli biar gak penasaran","29/4/2023, 23.34.42","0","No","0","No","https://www.tiktok.com/@agussandoyo3"
"=""7227510099298927387""","","=""6870860896643040258""","bojonepesek87","*PaToL*PS","kalo mau follow aku","29/4/2023, 23.30.46","0","No","0","No","https://www.tiktok.com/@bojonepesek87"
"=""7227510097987126043""","","=""6870860896643040258""","bojonepesek87","*PaToL*PS","udah liat semua","29/4/2023, 23.30.58","0","No","0","No","https://www.tiktok.com/@bojonepesek87"
"=""7227509412959978242""","","=""6962568717146784774""","dwioktafredianto8","Akusiapah","bagii dongg","29/4/2023, 23.27.58","0","No","0","No","https://www.tiktok.com/@dwioktafredianto8"
"=""7227509311496569626""","","=""6910521817229902853""","topanlawas","Topan Lawas 72","Udh dpt dan msh ada donk lmyn ada 20 film","29/4/2023, 23.27.55","0","No","1","No","https://www.tiktok.com/@topanlawas"
"=""7227534304413893402""","=""7227509311496569626""","=""6945432109164184578""","threyoo.3to5","oytes🥀","bagi","30/4/2023, 01.04.53","0","No","","","https://www.tiktok.com/@threyoo.3to5"
"=""7227508816518284058""","","=""6970658091399316482""","sil.2456","ngeden manual","Diman ada viral di situ fyp ku semua","29/4/2023, 23.25.58","0","No","0","No","https://www.tiktok.com/@sil.2456"
"=""7227508126463181573""","","=""6614025412442406913""","andir_77","ANDIR","smua blang pada udah ada,tapi sangat kikir memberi link aja ngak mau,apa lg beras nya ya 😂","29/4/2023, 23.23.00","0","No","0","No","https://www.tiktok.com/@andir_77"
"=""7227504985008915226""","","=""7058070431807882241""","sanakragill","aku siapa?","cantik doank aslinya","29/4/2023, 23.11.05","0","No","0","No","https://www.tiktok.com/@sanakragill"
"=""7227504767689835290""","","=""7083975777313719323""","izanagii.x.alaska","izanami","emang video apa sihk ??","30/4/2023, 13.07.17","0","No","0","No","https://www.tiktok.com/@izanagii.x.alaska"
"=""7227504736629441307""","","=""6802607656617018369""","riski_stories","ＳＡＰＵＴＲＡ","kasian cewe nya","29/4/2023, 23.09.53","0","No","0","No","https://www.tiktok.com/@riski_stories"
"=""7227502480362488602""","","=""6928125847586096129""","lisaarianti6235","_mᥲ𝗍ᥴһᥣᥲ𝗍𝗍t🍵✧","cma brang mrah yg mau berbagi","29/4/2023, 23.01.12","0","No","0","No","https://www.tiktok.com/@lisaarianti6235"
"=""7227502267376796443""","","=""6877159367789052930""","x.c.z27","Wong Jero","emang ada apa si Woy dengan dia","29/4/2023, 23.00.35","0","No","0","No","https://www.tiktok.com/@x.c.z27"
"=""7227500480711508762""","","=""7210381689842910235""","sahamaneh947","gabut","Kalo udah gini kn siapa lgi yg di salahin coba 🤣","29/4/2023, 22.53.27","0","No","0","No","https://www.tiktok.com/@sahamaneh947"
"=""7227500217397297947""","","=""6987289903466759169""","raaaaa_551","iyaaaa","uda liat tadi woi","29/4/2023, 22.52.29","0","No","9","No","https://www.tiktok.com/@raaaaa_551"
"=""7228547992591237914""","=""7227500217397297947""","=""6874903485465527297""","ssila330","ssila","flbk kirim","2/5/2023, 18.38.16","0","No","","","https://www.tiktok.com/@ssila330"
"=""7228050218360668955""","=""7227500217397297947""","=""7202575341482738715""","cimi_cimi77","kltayr_081","bagi bang","1/5/2023, 10.27.17","0","No","","","https://www.tiktok.com/@cimi_cimi77"
"=""7227392850426102554""","=""7227500217397297947""","=""7188802805871395842""","hangar1878","pnzz","kg ada","30/4/2023, 00.17.42","0","No","","","https://www.tiktok.com/@hangar1878"
"=""7227512097750516506""","=""7227500217397297947""","=""6987289903466759169""","raaaaa_551","iyaaaa","cari nama grup fb (AKU DJ MW)","29/4/2023, 23.38.33","0","No","","","https://www.tiktok.com/@raaaaa_551"
"=""7227509255766754075""","=""7227500217397297947""","=""7022894435558081562""","_b_u_r_a_q_","😈__B_U_R_A_Q""186!","gmn cara nya","29/4/2023, 23.27.41","0","No","","","https://www.tiktok.com/@_b_u_r_a_q_"
"=""7227509194168369947""","=""7227500217397297947""","=""7022894435558081562""","_b_u_r_a_q_","😈__B_U_R_A_Q""186!","GK ad","29/4/2023, 23.27.18","0","No","","","https://www.tiktok.com/@_b_u_r_a_q_"
"=""7227508217801687834""","=""7227500217397297947""","=""6987289903466759169""","raaaaa_551","iyaaaa","liat di fb","29/4/2023, 23.23.31","0","No","","","https://www.tiktok.com/@raaaaa_551"
"=""7227507910073647898""","=""7227500217397297947""","=""7022894435558081562""","_b_u_r_a_q_","😈__B_U_R_A_Q""186!","bgi lahhh","29/4/2023, 23.22.16","0","No","","","https://www.tiktok.com/@_b_u_r_a_q_"
"=""7227503211313120005""","=""7227500217397297947""","=""7117419269189977115""","ainiaha835","ainiaha835","flbk kirim","29/4/2023, 23.03.53","1","No","","","https://www.tiktok.com/@ainiaha835"
"=""7227499490097431297""","","=""7033201969368974363""","ardian_ian09","@ian🐒","mantap vidiony","29/4/2023, 22.49.31","0","No","1","No","https://www.tiktok.com/@ardian_ian09"
"=""7227502330151912198""","=""7227499490097431297""","=""7117419269189977115""","ainiaha835","ainiaha835","mauuu","29/4/2023, 23.00.26","0","No","","","https://www.tiktok.com/@ainiaha835"
"=""7227497480401175322""","","=""6952817206913778689""","kevinminion09","kang Ambon DJ","bagi ngab","29/4/2023, 22.41.59","0","No","0","No","https://www.tiktok.com/@kevinminion09"
"=""7227496153960366874""","","=""7198147700071973889""","jandrisyaputra","jandri","apalah daya ku yang ngak tau apa"" 😌","29/4/2023, 22.36.46","0","No","0","No","https://www.tiktok.com/@jandrisyaputra"
"=""7227493502006838043""","","=""6851928036897883137""","elsamayory_","e","gaboleh gtuu, kita semua punya aib dan bagi perempuan jangan saling menyebarkan kita sesama prempuan saling suport bukan saling menjatuhkan","29/4/2023, 22.26.29","0","No","0","No","https://www.tiktok.com/@elsamayory_"
"=""7227492833925727003""","","=""6960621593999803393""","acilselfi","MamaRania","gimana barudak ???","29/4/2023, 22.23.59","0","No","0","No","https://www.tiktok.com/@acilselfi"
"=""7227489050667877147""","","=""7219306772548191258""","narvqey","Qeys?","Yg jaga presiden memang ketat
ingat disisi mu ada malaikat","29/4/2023, 22.09.15","0","No","0","No","https://www.tiktok.com/@narvqey"
"=""7227486212981392155""","","=""6958680193800143878""","kmolll","WONG","ada di twitt gk bg","30/4/2023, 09.46.55","0","No","0","No","https://www.tiktok.com/@kmolll"
"=""7227485074127242011""","","=""6970966150826886146""","_tyaaoktaviani","Tyaaa🦋","dri syahirah kita bljr bhwa cantik blm tentu mhl cui🗿","29/4/2023, 21.53.42","0","No","0","No","https://www.tiktok.com/@_tyaaoktaviani"
"=""7227484879565865755""","","=""7173472746076587009""","nandahardiansyah91","nandahardiansyah91","kita sama"" pendosa bero inget itu","29/4/2023, 21.52.55","0","No","0","No","https://www.tiktok.com/@nandahardiansyah91"
"=""7227484128613729051""","","=""7139735116859999258""","putrobaren",".","orang yang menyebarkan aib orang lain itu lebih berat dosa nya😌","29/4/2023, 21.50.05","0","No","0","No","https://www.tiktok.com/@putrobaren"
"=""7227481483601429274""","","=""7214143420716827649""","bebeneri92","jul","ko aku gaada penasaran2nya
malah kesian keorangnya","29/4/2023, 21.39.43","0","No","0","No","https://www.tiktok.com/@bebeneri92"
"=""7227477599625626395""","","=""6891957994381460481""","hafifa1367258819044","hafifa 1367258819044","siapa yg punya vedio yg hadir doh piiss ku cari tkda dapat2 d","29/4/2023, 21.24.40","0","No","0","No","https://www.tiktok.com/@hafifa1367258819044"
"=""7227477058452505370""","","=""6751684487380583426""","qusyairi07pmg","qusyairi","coli","29/4/2023, 21.22.41","0","No","0","No","https://www.tiktok.com/@qusyairi07pmg"
"=""7227472976395567899""","","=""6747942922316710913""","mpot2708","Nurshop2303","Nasib nasib shakira haduuhh, pasti malu nya ampe ke ubun ubun","29/4/2023, 21.06.40","0","No","0","No","https://www.tiktok.com/@mpot2708"
"=""7227471226166919962""","","=""7104131386017809413""","_putrisjaaa","Anak Keempat🍃","padahal dia cantik lho tapi sayang bgt","29/4/2023, 20.59.58","0","No","0","No","https://www.tiktok.com/@_putrisjaaa"
"=""7227469851290764058""","","=""6952779674611663874""","akuu_imahh1","i m a h h","cis yang 24jam buka tt tapi sering ketinggalan","29/4/2023, 20.54.36","0","No","0","No","https://www.tiktok.com/@akuu_imahh1"
"=""7227468791834411802""","","=""7149468831793988635""","wavethicheu","sseanwoo","ini apa dah","29/4/2023, 20.50.24","0","No","0","No","https://www.tiktok.com/@wavethicheu"
"=""7227468041867871002""","","=""6984611034229605378""","fadilah_kholik20","F","gua masih punya nih","29/4/2023, 20.47.31","0","No","0","No","https://www.tiktok.com/@fadilah_kholik20"
"=""7227458507326063387""","","=""6965096304104047617""","fik36","🚀","udah pada liat gak video x🤣🤣","29/4/2023, 20.10.35","0","No","0","No","https://www.tiktok.com/@fik36"
"=""7227456306419237658""","","=""7213351989349319707""","andriuofb7o","Zen","gua tau tapi belum dapet filenya 😭","29/4/2023, 20.02.01","0","No","0","No","https://www.tiktok.com/@andriuofb7o"
"=""7227455941216781083""","","=""7173607296516539419""","satu0162","satu01","Baru 7 weyyy","30/4/2023, 03.56.08","0","No","0","No","https://www.tiktok.com/@satu0162"
"=""7227454907393082139""","","=""7220821233460626433""","user6223915094780","user6223915094780","Vidio nya mantap","29/4/2023, 19.56.40","0","No","0","No","https://www.tiktok.com/@user6223915094780"
"=""7227454496518243098""","","=""7223669876618839046""","editor_kyess","Ceffyboyyy!!","kasian cok","30/4/2023, 01.29.34","0","No","0","No","https://www.tiktok.com/@editor_kyess"
"=""7227451978431333126""","","=""7221911251520242690""","schaaa.22","a","jangan lupa dosa jariyah nya ya","29/4/2023, 19.45.07","0","No","0","No","https://www.tiktok.com/@schaaa.22"
"=""7227451512619041562""","","=""6958028290837742598""","krikkrik077","jangkrik 🏏","NYIMAK YING AHH TE APALL LURR AHH PUYEUNGG","29/4/2023, 19.43.21","0","No","0","No","https://www.tiktok.com/@krikkrik077"
"=""7227449921892057882""","","=""6910629908041892865""","billieathere","₿illy","Shakira menghilang dari lane","29/4/2023, 19.37.19","0","No","0","No","https://www.tiktok.com/@billieathere"
"=""7227447538722669317""","","=""6946570794151822337""","alaskasagara","alaska","bro bro mikir lah wkwk, kasian udh. jangan terus²an di sebar aib nya atau videonya. kasian mental dia","29/4/2023, 19.27.55","0","No","0","No","https://www.tiktok.com/@alaskasagara"
"=""7227447295138333466""","","=""7178782451292193794""","1_.alyamaulinadarwis5","𓍯","Bagi vdio nya donggg","29/4/2023, 19.27.09","0","No","0","No","https://www.tiktok.com/@1_.alyamaulinadarwis5"
"=""7227446120027849499""","","=""6949474127784199169""","ndussari01","Sukaonta","yg baik bagi napa;)","30/4/2023, 04.42.52","0","No","0","No","https://www.tiktok.com/@ndussari01"
"=""7227445266948506394""","","=""7026219442163074075""","sempak_porenjes","saya porenjes","ya ampun dia malu gak yah?","29/4/2023, 19.19.09","0","No","0","No","https://www.tiktok.com/@sempak_porenjes"
"=""7227444919765615365""","","=""7131030917627610113""","hanjig5","hanjig5","sekasap kaka😂","29/4/2023, 19.17.42","0","No","0","No","https://www.tiktok.com/@hanjig5"
"=""7227441107830883099""","","=""7194075484065334274""","maasalll2","mass all","bagi lah","29/4/2023, 19.03.04","0","No","0","No","https://www.tiktok.com/@maasalll2"
"=""7227440939281908507""","","=""7038802218790994949""",".kepooo02",".","Sbnernya klo aib ga boleh disebar tp akar mslhnya ad di tuan putri.","29/4/2023, 19.02.22","0","No","0","No","https://www.tiktok.com/@.kepooo02"
"=""7227440223679791899""","","=""6869319598099448834""","akugila481","Cancer🐝","aku ga kenal sama mba cantik, tapi aku liat orang lain post aibmu mba saya ikut sakit hati","29/4/2023, 18.59.40","0","No","0","No","https://www.tiktok.com/@akugila481"
"=""7227438750421336859""","","=""7114692707612361729""","queeee0n","niaaaaa","mintakkkkkkk","29/4/2023, 18.53.52","0","No","0","No","https://www.tiktok.com/@queeee0n"
"=""7227437498933723931""","","=""7059000825767724034""","ferrygenk12","Ferry🚀","yg udah punya bilek😂","29/4/2023, 18.49.05","0","No","0","No","https://www.tiktok.com/@ferrygenk12"
"=""7227436982048719643""","","=""7118646087426294810""","dafarmdan","dafa","aku g peduli bngsd","30/4/2023, 01.57.04","0","No","0","No","https://www.tiktok.com/@dafarmdan"
"=""7227435738723599130""","","=""7111954123956667418""","jiot1235","jiott","cantik loh padhl toh kok.... 😭😭","29/4/2023, 18.42.18","0","No","1","No","https://www.tiktok.com/@jiot1235"
"=""7227485186787033882""","=""7227435738723599130""","=""7065389634936046619""","putradika99","putraaa","Dia kenapa kak?","29/4/2023, 21.54.19","0","No","","","https://www.tiktok.com/@putradika99"
"=""7227435016426849051""","","=""6800930397989798914""","ramdan.editz","dan","heran kok bisa bocor videonya ya:l","29/4/2023, 18.39.32","0","No","0","No","https://www.tiktok.com/@ramdan.editz"
"=""7227433602014479130""","","=""6929441668434576385""","hidayatt86","Hidayat 01662.","rela begadang demi mencari syakirah berada","30/4/2023, 03.36.57","0","No","0","No","https://www.tiktok.com/@hidayatt86"
"=""7227430763314414362""","","=""7199954433433863195""","butterfly_faaaaaaaa","🦋","itu Poto anying","29/4/2023, 18.23.01","0","No","0","No","https://www.tiktok.com/@butterfly_faaaaaaaa"
"=""7227430296370299674""","","=""6912835453357442049""","androslibaw","ipanansukma","link nya buka bawah","29/4/2023, 18.21.06","0","No","0","No","https://www.tiktok.com/@androslibaw"
"=""7227430163322766107""","","=""6962602409274442754""","abdul_0.9","tokecang","punyaaaaa🗿","30/4/2023, 06.30.19","0","No","0","No","https://www.tiktok.com/@abdul_0.9"
"=""7227429659180335898""","","=""6965743605898314754""","yusufwilliam_","Yusuf William","aku ada 12 video","30/4/2023, 06.35.56","0","No","0","No","https://www.tiktok.com/@yusufwilliam_"
"=""7227427988513227547""","","=""6934330292829668354""","mhmdshrlfzi06","shrl_","Bagii lah king","30/4/2023, 00.42.41","0","No","0","No","https://www.tiktok.com/@mhmdshrlfzi06"
"=""7227426784471368475""","","=""7183190766519829531""","cantika_zyyz","cantikaqueen","Astofirullah itu sama aja berbagi aib orang gasih kan dosaa","29/4/2023, 18.07.29","0","No","0","No","https://www.tiktok.com/@cantika_zyyz"
"=""7227426489515246362""","","=""7152043721079931906""","scoopnuna","scoopnuna","ga bahaya ta?","29/4/2023, 18.06.25","0","No","0","No","https://www.tiktok.com/@scoopnuna"
"=""7227425490313691931""","","=""7060116160940229634""","sedangmencariketenangan0","Ruang Fana","keren lu gitu?","29/4/2023, 18.02.21","0","No","0","No","https://www.tiktok.com/@sedangmencariketenangan0"
"=""7227424747733730074""","","=""7223632935785251842""","claraapricilliya","Raa","dia knpa oyy","29/4/2023, 17.59.37","0","No","0","No","https://www.tiktok.com/@claraapricilliya"
"=""7227424450156905243""","","=""7225943703080158210""","akbar_r626","Akbar","Syakira slebeww","29/4/2023, 17.58.29","0","No","0","No","https://www.tiktok.com/@akbar_r626"
"=""7227422542541521691""","","=""6808226193293509634""","m1robet9078","destrucción","@anak_pahaji @jihadutt @faisal_230894 @lakatan_bahinti alasan cepat vokam nongki😂😂","29/4/2023, 17.51.09","0","No","0","No","https://www.tiktok.com/@m1robet9078"
"=""7227420567778001691""","","=""7141625388438406171""","darma7262","darma7262","bangke ni apa an si 🗿","29/4/2023, 17.43.20","0","No","0","No","https://www.tiktok.com/@darma7262"
"=""7227418224400155419""","","=""7179045794296890370""","adeear_3","4dĕe🪷⛓️","beranda gw full syakira ada apasih","29/4/2023, 17.34.20","0","No","0","No","https://www.tiktok.com/@adeear_3"
"=""7227417475951117083""","","=""7001400352474874882""","user157427885","f","@,:orng lain sibuk nyebar link
gue malahan kasihan sama dia, mentalnya pasti down bgt
yg kaya dia banyak, cmn ga kesebar aja","29/4/2023, 17.31.18","0","No","0","No","https://www.tiktok.com/@user157427885"
"=""7227417058413265690""","","=""6938057030871974914""","__riskyawan","__riskyawan","gaboleh woi wkwk","29/4/2023, 17.29.50","0","No","0","No","https://www.tiktok.com/@__riskyawan"
"=""7227416951999071003""","","=""6942911024673539073""","king_radtor","~WAHYU🚀🥊","padahal cantik 😌","29/4/2023, 17.29.20","0","No","0","No","https://www.tiktok.com/@king_radtor"
"=""7227414137772196635""","","=""6685078511164933122""","rohmantheblues","Rohman Theblues","semoga dia sabar","29/4/2023, 17.18.27","0","No","0","No","https://www.tiktok.com/@rohmantheblues"
"=""7227413935888515866""","","=""6944620826868630530""","ptriay_03","yuksss","@0%","29/4/2023, 17.17.45","0","No","0","No","https://www.tiktok.com/@ptriay_03"
"=""7227413648107455258""","","=""7177497813797684225""","micael_amat","MADE⚡","gw udahh nonton 😳","29/4/2023, 17.16.25","0","No","0","No","https://www.tiktok.com/@micael_amat"
"=""7227410472428077851""","","=""7044530129469473794""","dhooo_112","i'do","fyp shakira hungkul tapi urang te boga vidiona hiji ogeee","29/4/2023, 21.01.33","0","No","0","No","https://www.tiktok.com/@dhooo_112"
"=""7227408579917185818""","","=""6912414197352236034""","user6140351101853","Riski Adian","rusak rusak😂","29/4/2023, 16.56.57","0","No","0","No","https://www.tiktok.com/@user6140351101853"
"=""7227408339671679771""","","=""6932614594239595521""","cuaa08","Njwaokrami","b-bang","29/4/2023, 16.56.03","0","No","0","No","https://www.tiktok.com/@cuaa08"
"=""7227407691416978202""","","=""6883090528344785925""","godlekyou","Dedenn","udah gue follow tuh","29/4/2023, 16.53.29","0","No","0","No","https://www.tiktok.com/@godlekyou"
"=""7227405968517448475""","","=""7168067817954575386""","narutonaruto574","Narutohokage7","bagi lahh bang","29/4/2023, 16.46.41","0","No","0","No","https://www.tiktok.com/@narutonaruto574"
"=""7227403332242064155""","","=""7063037790695719942""","biduanmungilonty","putrii🦖","bangga beut nyimpen aib orang, padahal diri nya sendiri juga punya aib","29/4/2023, 16.36.29","0","No","0","No","https://www.tiktok.com/@biduanmungilonty"
"=""7227403034522551066""","","=""7224862329492636699""","vikkyprayoga","vikkyprayoga","itu nonton gimna dh 😳","29/4/2023, 16.35.24","0","No","0","No","https://www.tiktok.com/@vikkyprayoga"
"=""7227402473195209498""","","=""6875463104181781506""","kamuseorang34","tehtarik","PASTI DIA RUGII 😂","29/4/2023, 16.33.17","0","No","0","No","https://www.tiktok.com/@kamuseorang34"
"=""7227402137831260934""","","=""7226807094111962139""","agen2635","REN SUNDA²","ketinggalan informasi gue ada apa sih
apa soal yang kaya di bio gue
orang di suka","29/4/2023, 16.31.46","0","No","0","No","https://www.tiktok.com/@agen2635"
"=""7227402091361600283""","","=""6919677117883024390""","celokaemian","mi'an_GSHK","info link😂","29/4/2023, 16.31.39","0","No","0","No","https://www.tiktok.com/@celokaemian"
"=""7227401946578158363""","","=""6766944855510139906""","cewejaehyun12","jaehyun, jimin, kamu🌷","kasian cuyy mnaa cantik lagi","29/4/2023, 16.31.05","0","No","0","No","https://www.tiktok.com/@cewejaehyun12"
"=""7227401676016239387""","","=""7196526268035171329""",".cinnyyy","CINNYYY","apakah dia akan bunuh diri dengan semua ke viralan ini?😳","29/4/2023, 16.30.01","0","No","0","No","https://www.tiktok.com/@.cinnyyy"
"=""7227400797411164955""","","=""6987564141963723802""","vaniagutina7","ani","kg ngertii","29/4/2023, 16.26.42","0","No","0","No","https://www.tiktok.com/@vaniagutina7"
"=""7227400759834428187""","","=""6987564141963723802""","vaniagutina7","ani","knp si woii","29/4/2023, 16.26.38","0","No","0","No","https://www.tiktok.com/@vaniagutina7"
"=""7227398891524096795""","","=""7086745281711342618""","teukual04","@,santri gabut","ga cantik ga viral🙃","30/4/2023, 00.28.18","0","No","0","No","https://www.tiktok.com/@teukual04"
"=""7227398695791952667""","","=""7152094604397397018""","delta_kyshaa","cwejht","eh bisa ga sih gausah viralin gtu kasian lu semua yang udh nonton mikir perasaan syakirah sama keluarganya gaa?","29/4/2023, 16.18.30","0","No","0","No","https://www.tiktok.com/@delta_kyshaa"
"=""7227396596371489562""","","=""7164208749133431835""","currencyflay","QZ","izin afk yah 🥲","29/4/2023, 16.10.35","0","No","0","No","https://www.tiktok.com/@currencyflay"
"=""7227395641830916891""","","=""6964569093010883585""","virg.oooo_","♍","gua cuma 5😆","29/4/2023, 21.03.32","0","No","1","No","https://www.tiktok.com/@virg.oooo_"
"=""7227487770633503515""","=""7227395641830916891""","=""6992451395627156507""","4n1sa__","anis","bagi bang","29/4/2023, 22.04.21","0","No","","","https://www.tiktok.com/@4n1sa__"
"=""7227395327740281626""","","=""7078179575910024194""","ferrysalim145","Ferry Salim416","bagi ngap penasar Cok🤣🤣","29/4/2023, 16.05.25","0","No","0","No","https://www.tiktok.com/@ferrysalim145"
"=""7227394831202124571""","","=""7100142272264733698""","ardibayuwiranataa","KLENYEM","bagilah cape kali","29/4/2023, 16.03.35","0","No","0","No","https://www.tiktok.com/@ardibayuwiranataa"
"=""7227394645864432411""","","=""7135430150300599323""","selalu_tiaraa","tiar🅰️💫","udah lah kasian dia, tutup rapat aib saudaramu maka Allah akan menutup aib mu insyaAllah","29/4/2023, 22.09.45","0","No","0","No","https://www.tiktok.com/@selalu_tiaraa"
"=""7227394200509170458""","","=""7004135256933516289""","rizki_oktafiansyah27","Pemecah","bagi banh 😂","29/4/2023, 16.01.13","0","No","0","No","https://www.tiktok.com/@rizki_oktafiansyah27"
"=""7227392958236476186""","","=""7065557193119073307""","muhammadsoleh4119","rasyid","aku punya bg","29/4/2023, 15.56.25","0","No","3","No","https://www.tiktok.com/@muhammadsoleh4119"
"=""7227460403118261018""","=""7227392958236476186""","=""7203384769270612994""","febrihryy","LA purple","bang🥺","29/4/2023, 20.18.00","0","No","","","https://www.tiktok.com/@febrihryy"
"=""7227318127942845210""","=""7227392958236476186""","=""6975683075837985793""","stwbryyee","🌻","bagi.","29/4/2023, 16.48.07","0","No","","","https://www.tiktok.com/@stwbryyee"
"=""7227394101464843035""","=""7227392958236476186""","=""6957365074571740165""","renobarrak1","Reno Barr’ak","bagi lah🗿","29/4/2023, 16.00.46","0","No","","","https://www.tiktok.com/@renobarrak1"
"=""7227392947543671578""","","=""6959151749216093190""","fadilgzaja","Botak tampan🌟","gw yg gtau apa² hnya bisa diam😳","29/4/2023, 15.56.06","0","No","0","No","https://www.tiktok.com/@fadilgzaja"
"=""7227392932243129114""","","=""7111310033619371010""","nittaaaaaa_9","sayangg","apaan sih gua g paham","29/4/2023, 15.56.05","0","No","0","No","https://www.tiktok.com/@nittaaaaaa_9"
"=""7227391701772452635""","","=""7066184528394437633""","rz_19_02_4","zee","heran gua org² bisa dapetnya gimna y🤔
tapi ga mau tau sih😂😂😂","29/4/2023, 19.56.52","0","No","0","No","https://www.tiktok.com/@rz_19_02_4"
"=""7227391478334702362""","","=""6802627998140630018""","dkysportsofficial","DKY SPORTS","yg gua heran siapa yg nybarin nya","29/4/2023, 15.50.38","0","No","0","No","https://www.tiktok.com/@dkysportsofficial"
"=""7227391284204782363""","","=""7102333383304741890""","rara.6810","- raà 𝗛𝘂𝗻𝘁𝗲𝗿𝘀","ngpa dh ni mulu yg lewat","29/4/2023, 15.49.43","0","No","0","No","https://www.tiktok.com/@rara.6810"
"=""7227390762404053787""","","=""7003364086768927746""","sgxlexuz1","foryou","wkwkkw","29/4/2023, 15.47.43","0","No","0","No","https://www.tiktok.com/@sgxlexuz1"
"=""7227389884103852826""","","=""7149027010982102043""","anak_senja98","scorpio🦂","asli gua gak tau sama sekali ini tentang apa","29/4/2023, 15.44.15","0","No","0","No","https://www.tiktok.com/@anak_senja98"
"=""7227389467313013530""","","=""7185796378169328667""","kamu_nanyeea11","kamu_nanyeea11","aaaaa kuku gua rusak_-","29/4/2023, 15.42.53","0","No","0","No","https://www.tiktok.com/@kamu_nanyeea11"
"=""7227389097500918554""","","=""7199628204595905537""","qkleon23","QK • Leon","gue dah nonton 😁","29/4/2023, 15.41.25","0","No","0","No","https://www.tiktok.com/@qkleon23"
"=""7227388899465675546""","","=""7224011273649914906""","user6a6nop2k7c","gg","buset ada apa lgi sih","29/4/2023, 15.40.24","0","No","0","No","https://www.tiktok.com/@user6a6nop2k7c"
"=""7227388596738638618""","","=""6966198830572635137""","ikmalaljrllh__","THIS IS IKMAL 🐌💨","bgi weh","29/4/2023, 15.39.26","0","No","0","No","https://www.tiktok.com/@ikmalaljrllh__"
"=""7227388360485749530""","","=""6969937566171907073""","bayusptraa___","Bayyy","@thom____ P","29/4/2023, 15.38.22","0","No","1","No","https://www.tiktok.com/@bayusptraa___"
"=""7227425904698966810""","=""7227388360485749530""","=""6573603100312813570""","thmsfrlnd","tomhayeeee","gong tak download memoriku bek 🗿","29/4/2023, 18.04.04","0","No","","","https://www.tiktok.com/@thmsfrlnd"
"=""7227387991693443866""","","=""6798378991351841793""","sasaaligatorganas","sasaaligatorganass🐋","oh ini alasan cwo cri yg cantik😨
karena klo cantik pasti rame konten ny☝️😎","29/4/2023, 15.37.02","0","No","0","No","https://www.tiktok.com/@sasaaligatorganas"
"=""7227387215403238170""","","=""6766928677718803457""","bulshit00","19","sehat "" cowo mahal","29/4/2023, 15.34.02","0","No","0","No","https://www.tiktok.com/@bulshit00"
"=""7227387198420566811""","","=""7151749084453307394""","ds.986","Lat","aku dah punya semua 😂","29/4/2023, 22.08.59","0","No","3","No","https://www.tiktok.com/@ds.986"
"=""7228623848806449946""","=""7227387198420566811""","=""6938976706468480001""","xhizya","࿔:౨ৎ","astaghfirullah astaghfirullah astaghfirullah astaghfirullah astaghfirullah astaghfirullah astaghfirullah astaghfirullah","2/5/2023, 23.32.43","2","No","","","https://www.tiktok.com/@xhizya"
"=""7227508903202145050""","=""7227387198420566811""","=""6686033066283041793""","xyz.an6","alfiannn","minta bro","29/4/2023, 23.26.26","1","No","","","https://www.tiktok.com/@xyz.an6"
"=""7227494111397839643""","=""7227387198420566811""","=""7104219306624320538""","ftyna11","moon  •  11","bgi🗿","29/4/2023, 22.28.55","1","No","","","https://www.tiktok.com/@ftyna11"
"=""7227387068811756314""","","=""6944859720126137346""","friskilabeltaaa","friskilabeltaaa","gua ketinggalan apa gimn ni","29/4/2023, 15.33.25","0","No","0","No","https://www.tiktok.com/@friskilabeltaaa"
"=""7227387020221334299""","","=""6953197168783066114""","rosanaalyami","Rossa","folow Ig ku gaesss
rssalymi","29/4/2023, 15.33.18","0","No","0","No","https://www.tiktok.com/@rosanaalyami"
"=""7227386097306452762""","","=""6961719800520459269""","username50.___","user4162518761","udah lah cok kasian diaa","29/4/2023, 15.29.41","0","No","0","No","https://www.tiktok.com/@username50.___"
"=""7227386035994460955""","","=""6660800357985419266""","deku21_0","Fiank mansur","Hubungan selesai aib terurai🥵🤣","29/4/2023, 15.29.29","0","No","0","No","https://www.tiktok.com/@deku21_0"
"=""7227385244194013979""","","=""7038587025775739906""","ripallsabastian","Ripall","ahh kirah bisa aja😅😅","29/4/2023, 15.26.29","0","No","0","No","https://www.tiktok.com/@ripallsabastian"
"=""7227385030199788294""","","=""6683298536148681730""","azllbg03","🌷","rill cuy galeri gua penuh sm vt dia ahaha","29/4/2023, 15.25.19","0","No","0","No","https://www.tiktok.com/@azllbg03"
"=""7227384913049223963""","","=""6887610245339366402""","style.969","0%","ketinggalan mulu cok","29/4/2023, 15.25.06","0","No","0","No","https://www.tiktok.com/@style.969"
"=""7227384295752696582""","","=""7052249022974690306""","ammall440","Pea borro💸","cuma foto ka video dong 😂","29/4/2023, 15.22.32","0","No","0","No","https://www.tiktok.com/@ammall440"
"=""7227383792855712538""","","=""7118307951295104002""","si_baek","ini sibaek","UDH LIAT DI MISTER IKAL","29/4/2023, 15.20.50","0","No","0","No","https://www.tiktok.com/@si_baek"
"=""7227382707163661082""","","=""6821143414102574082""","nocktail445777","Nocktail","rapih beud anjay😂","29/4/2023, 15.16.29","0","No","0","No","https://www.tiktok.com/@nocktail445777"
"=""7227382331006419738""","","=""7011853272807425026""","supportwoi","Sanz ✓","tag akun aslinya bang","29/4/2023, 15.15.07","0","No","0","No","https://www.tiktok.com/@supportwoi"
"=""7227381678631666459""","","=""1690225345067010""","silfifatmaa","siLVI","@kudet racing037","29/4/2023, 15.12.22","0","No","0","No","https://www.tiktok.com/@silfifatmaa"
"=""7227379266190721819""","","=""6726156940763988994""","lismayani529","Ilis Lismayani","ada yang mau?😂","29/4/2023, 15.03.10","0","No","0","No","https://www.tiktok.com/@lismayani529"
"=""7227378311386579739""","","=""7080435512980636677""","prasty_27_","𝘈𝘳𝘪𝘭 𝘯𝘱𝘤🏴‍☠️","tertinggal berita 🗿","29/4/2023, 21.33.28","0","No","0","No","https://www.tiktok.com/@prasty_27_"
"=""7227377721529254683""","","=""6854763294977459202""","yourboy3008","e","kasian lol","29/4/2023, 14.57.12","0","No","0","No","https://www.tiktok.com/@yourboy3008"
"=""7227377371111686939""","","=""6967689934338229249""","glak_sky3","🅰️ndryy ","Video viral 18+👇
medfre029clmk.nte-co-id.live","29/4/2023, 14.55.52","0","No","0","No","https://www.tiktok.com/@glak_sky3"
"=""7227376475404862234""","","=""7012601277784523777""","iraaa_xya","`d for dillaa","perasaan dri tdi dia Mulu yg lewat emg dia npa sihh??","29/4/2023, 14.52.13","0","No","0","No","https://www.tiktok.com/@iraaa_xya"
"=""7227376293275321115""","","=""7035570958648263681""","aiinil_muthrah","ainil","@Anyak 🌻 nyo euk yg lon pegah sinong nyo","29/4/2023, 14.51.29","0","No","0","No","https://www.tiktok.com/@aiinil_muthrah"
"=""7227375632421929754""","","=""7130905329358291994""","yxdn__","☠️","mana cantik lgi","29/4/2023, 14.49.07","0","No","0","No","https://www.tiktok.com/@yxdn__"
"=""7227373688550179590""","","=""6803631838004855809""","zii_kraamaulida","zikr🅰️","gue yg punya banyak bilek:🗿🤙🏻🤙🏻","29/4/2023, 18.49.29","0","No","0","No","https://www.tiktok.com/@zii_kraamaulida"
"=""7227371840094765851""","","=""7008126247671497729""","abeng_065","Bambang_065","saya mah cuma punya 7","29/4/2023, 14.34.17","0","No","0","No","https://www.tiktok.com/@abeng_065"
"=""7227370968380965658""","","=""7207408886738027521""","uwongtulus346","𝐒𝐔𝐏𝐑𝐀 𝐌𝐀𝐊","norak lh","29/4/2023, 14.31.04","0","No","0","No","https://www.tiktok.com/@uwongtulus346"
"=""7227369992714388250""","","=""6794622099240584194""","alamlatahzan.com","RAHUL TANPA ANJELI","@Pengejar Glory 😂😂","29/4/2023, 14.27.13","0","No","0","No","https://www.tiktok.com/@alamlatahzan.com"
"=""7227368180069630726""","","=""7129289093876483099""","chapitou3","chapitou3","bagus""😂😂","29/4/2023, 14.19.54","0","No","0","No","https://www.tiktok.com/@chapitou3"
"=""7227365693711975195""","","=""7016588440880858139""","rifkykchil07","RIFKY KCHIL07🍁","nonton baru part. 4","29/4/2023, 14.10.31","0","No","0","No","https://www.tiktok.com/@rifkykchil07"
"=""7227364957208314651""","","=""6864058993401463810""","aqua_girl92","tantan","saknoo e tala arek iku","29/4/2023, 14.07.34","0","No","0","No","https://www.tiktok.com/@aqua_girl92"
"=""7227362403969106715""","","=""7204050025243673627""","etzu.oi","KANG 𝑴𝒂𝒏𝒏","stop lah kaya gitu, dia wanita ibumu wanita jga🥺 dimna hatimu,jagn di sebar kasian","29/4/2023, 13.57.56","0","No","0","No","https://www.tiktok.com/@etzu.oi"
"=""7227362272716260123""","","=""7197418234562888730""","ikiyybasitgm0","kyy","mana cantik lagi","29/4/2023, 13.57.18","0","No","0","No","https://www.tiktok.com/@ikiyybasitgm0"
"=""7227360688237560603""","","=""6876170393205261313""","lausapempruy__7","ayes☄️🇺🇸","gw ad nih 16 video 13 foto","29/4/2023, 18.39.40","0","No","0","No","https://www.tiktok.com/@lausapempruy__7"
"=""7227360051177128731""","","=""6746825780842988546""","rkaelssiana","Rika","knp gw selalu ketinggalan berita anjing 🗿","29/4/2023, 13.48.31","0","No","0","No","https://www.tiktok.com/@rkaelssiana"
"=""7227359799368303386""","","=""6853325911959847938""","d_wildan16","d.wildan😎","bagi😂","29/4/2023, 13.47.39","0","No","0","No","https://www.tiktok.com/@d_wildan16"
"=""7227358421345993498""","","=""7144214439632962565""","megarealme","ヒストリちゃん kawaii:v","g tau yg jelas memper malu kn dirinya sendiri ☝️","29/4/2023, 13.42.11","0","No","0","No","https://www.tiktok.com/@megarealme"
"=""7227358003221152538""","","=""7087495030005744667""","kubimsu122","geledekpetir⚡","bangga lah bangga","29/4/2023, 13.40.48","0","No","0","No","https://www.tiktok.com/@kubimsu122"
"=""7227356870695109402""","","=""7179215285853144090""","punyavitriacantk05032005","𝕱𝖊𝖇𝖗𝖎.𝕽𝖔𝖘𝖎𝖙𝖆_","Peh mas di kei 5 opo Piro no mas peh😂😂","29/4/2023, 13.36.17","0","No","0","No","https://www.tiktok.com/@punyavitriacantk05032005"
"=""7227355511056958235""","","=""6958623931390673925""","ygygppa",".","ga ngerti lakh","29/4/2023, 13.30.56","0","No","0","No","https://www.tiktok.com/@ygygppa"
"=""7227354322194023194""","","=""6899989843200836610""","wanda_gaming012","Wanda setia","bang plis lama2 gua mati penasaran nih setiap ada berita GK tau berita apa","29/4/2023, 13.26.19","0","No","0","No","https://www.tiktok.com/@wanda_gaming012"
"=""7227353170527552283""","","=""7138366878442996763""","sasasajaa1","sasagapapa","jangan kasihan itu aib dia","29/4/2023, 13.22.05","0","No","0","No","https://www.tiktok.com/@sasasajaa1"
"=""7227351535398863643""","","=""6932012094062740481""","katapi_","Nalton","baru dapat 5 hahha","29/4/2023, 13.15.49","0","No","0","No","https://www.tiktok.com/@katapi_"
"=""7227350464689095451""","","=""6984229387432494082""","jahegepuk_51","Madz💫","apasih kaya gini di share , mana coba loat","29/4/2023, 13.11.29","0","No","0","No","https://www.tiktok.com/@jahegepuk_51"
"=""7227350370523415322""","","=""7193002838283912219""","aacuu20","acuu","punya gw lengkap sih tapi 10 k😂","29/4/2023, 13.11.23","0","No","0","No","https://www.tiktok.com/@aacuu20"
"=""7227349927549797146""","","=""6707750762137994242""","komangsudiarta5332","komangsudiarta5332","bagi boss","29/4/2023, 13.09.26","0","No","0","No","https://www.tiktok.com/@komangsudiarta5332"
"=""7227347913494938394""","","=""6797664263994950658""","sapigoyeng_","nitzzz💤","akibat kepo fb sy hilang kendali fukyu tenan😊","29/4/2023, 13.01.38","0","No","1","No","https://www.tiktok.com/@sapigoyeng_"
"=""7228081186085258011""","=""7227347913494938394""","=""7065261947424556058""","maszeh9688","Bro","lol 😆","1/5/2023, 12.27.10","1","No","","","https://www.tiktok.com/@maszeh9688"
"=""7227347619323134746""","","=""7164689997723091970""","drexx48","drexx","nyesel gue cuma punya 2 video.. 😏","29/4/2023, 13.00.25","0","No","0","No","https://www.tiktok.com/@drexx48"
"=""7227345930386539290""","","=""6867476194184446977""","korban.perasan02","anak lanang😎","bagi dong bang😳penasaran nih 😳😳","29/4/2023, 12.54.00","0","No","0","No","https://www.tiktok.com/@korban.perasan02"
"=""7227345440508936987""","","=""7116186612454720518""","sitiiaisyah58","si bungsu","perasaan fyp gua dia mulu knp sihh?","29/4/2023, 12.52.10","0","No","0","No","https://www.tiktok.com/@sitiiaisyah58"
"=""7227345230424687386""","","=""6807699710586815490""","kkeey19","keyy stecu","bgii🗿","29/4/2023, 12.51.26","0","No","0","No","https://www.tiktok.com/@kkeey19"
"=""7227345229749043995""","","=""7187277287044727834""","ig_sa67","dito000","syaaa 191 😂","29/4/2023, 12.51.18","0","No","0","No","https://www.tiktok.com/@ig_sa67"
"=""7227345122287174406""","","=""6969032604537291778""","firdaus_384","Nur syahwal","ingat laa disana nnt satu persatu dpertanyakan.","29/4/2023, 12.50.32","0","No","0","No","https://www.tiktok.com/@firdaus_384"
"=""7227342238500651781""","","=""7082225994312336410""","anaindah19","Indahanashop19.","😂sekarang tau kan yang terlihat polos lebih astagfirullah dari pada anak yang terlihat nakal polll","29/4/2023, 12.39.13","0","No","0","No","https://www.tiktok.com/@anaindah19"
"=""7227341677484540698""","","=""7019749896337835034""","jorgee2606","TW£NTY.$|X","udah nonton gw😁 masih ad di galeri saya","29/4/2023, 12.37.44","0","No","0","No","https://www.tiktok.com/@jorgee2606"
"=""7227337595667317530""","","=""7061901861444436994""","kingraffi_66","Mass Raffi⚡","Ngerii atas hijab bawah jepang","29/4/2023, 12.21.45","0","No","0","No","https://www.tiktok.com/@kingraffi_66"
"=""7227334976249250587""","","=""6956061235210470402""","syaaynh","Nah03Ky","ayolah berbagi","29/4/2023, 12.11.38","0","No","0","No","https://www.tiktok.com/@syaaynh"
"=""7227334717791257371""","","=""6962802263812703233""","sandi_frndl","ꜱᴀɴᴅɪ","YTTA 🗿","29/4/2023, 18.35.55","0","No","0","No","https://www.tiktok.com/@sandi_frndl"
"=""7227334417038557979""","","=""7103092288029787138""","ijamzzz.11","$$$","info yang mau","29/4/2023, 12.09.17","0","No","0","No","https://www.tiktok.com/@ijamzzz.11"
"=""7227333937374298906""","","=""6971997329570972673""","vi_scor_","ipyy","tolong jgn di sebar luas kan, soalnya itu aib syakira 🙏","29/4/2023, 12.07.34","0","No","0","No","https://www.tiktok.com/@vi_scor_"
"=""7227330523969733403""","","=""6943622451796886529""","yonn_kyy","Yonn.","udah nonton barapa eps bro","29/4/2023, 11.54.21","0","No","0","No","https://www.tiktok.com/@yonn_kyy"
"=""7227329871361016603""","","=""6850991504371893249""","_aliyakkk_","alyaaaaaaimuppppp.","apaasihh woyy kaga tau gwhh","29/4/2023, 11.51.47","0","No","0","No","https://www.tiktok.com/@_aliyakkk_"
"=""7227328932181377819""","","=""6859967108810343426""","dimzzz972","dimzz","gua punya semuanya","29/4/2023, 11.48.11","0","No","0","No","https://www.tiktok.com/@dimzzz972"
"=""7227326775611785990""","","=""6560333195085529090""","yeenpalokandey","MAT TOYEN","xbaikk xberbagi","29/4/2023, 11.39.13","0","No","0","No","https://www.tiktok.com/@yeenpalokandey"
"=""7227326504550957850""","","=""6958120946185454593""","mieacehilike","mie aceh","udh mls gw nonton gituan muka gw mulus doang tapi kusam","29/4/2023, 11.38.38","0","No","2","No","https://www.tiktok.com/@mieacehilike"
"=""7227330093982122778""","=""7227326504550957850""","=""6958120946185454593""","mieacehilike","mie aceh","yaaa","29/4/2023, 11.52.37","0","No","","","https://www.tiktok.com/@mieacehilike"
"=""7227328026606273307""","=""7227326504550957850""","=""7101640753033905154""","monaagstn","Mona Agustina","hahahahhh","29/4/2023, 11.44.48","0","No","","","https://www.tiktok.com/@monaagstn"
"=""7227325743398945562""","","=""7029672928469271553""","dwiiiiiiiikaa","dwidika","gw yang uda tw🗿","29/4/2023, 11.35.59","0","No","0","No","https://www.tiktok.com/@dwiiiiiiiikaa"
"=""7227325418419421957""","","=""6804421320257078273""","user8818862170329","Wan 0211","ada nih Vidio nyh wkwk","29/4/2023, 11.34.00","0","No","0","No","https://www.tiktok.com/@user8818862170329"
"=""7227325103415231259""","","=""6850699587486450690""","mpanmau_","0%","@amr.vanmountt ape lagi nie","29/4/2023, 11.33.28","0","No","0","No","https://www.tiktok.com/@mpanmau_"
"=""7227324859973747483""","","=""1690186351673377""","aii.elll","`®aae!!★","baru nonton 1 😭🤘","29/4/2023, 11.32.31","0","No","0","No","https://www.tiktok.com/@aii.elll"
"=""7227324388315153158""","","=""6877422029911786498""","kholis_ky1","Karles","mintaaaa","29/4/2023, 11.30.02","0","No","0","No","https://www.tiktok.com/@kholis_ky1"
"=""7227319951676687131""","","=""7064561346478457858""","user3937570181037","Adit","maksudnya apa ini aku ketinggalan berita","29/4/2023, 11.13.07","0","No","0","No","https://www.tiktok.com/@user3937570181037"
"=""7227319712333988634""","","=""6963014921509340161""","mhdardiansyah0901","mhdardiansyah0901","berbagi itu indah woy.","29/4/2023, 19.21.01","0","No","0","No","https://www.tiktok.com/@mhdardiansyah0901"
"=""7227319465062007578""","","=""7103433191779795970""","gentong651","Mas R","Mau sampe kapan kau umbar aib orang lain","29/4/2023, 11.11.28","0","No","0","No","https://www.tiktok.com/@gentong651"
"=""7227318350992671515""","","=""6894586308866442242""","hanzz_xyberr","Rikurr_","gua punya 6 fideo nya wkwkwkw😂","29/4/2023, 18.52.19","0","No","0","No","https://www.tiktok.com/@hanzz_xyberr"
"=""7227312819367609115""","","=""7172871378982011906""","kanaybye","theonlyseven","kasian woi","29/4/2023, 10.45.37","0","No","0","No","https://www.tiktok.com/@kanaybye"
"=""7227312344698569498""","","=""6937943671661413377""","akuntidakada443","......","guwe yg udah nonton full episode full senyum😁","29/4/2023, 10.43.55","0","No","0","No","https://www.tiktok.com/@akuntidakada443"
"=""7227311154384454427""","","=""7030394339906880517""","apryprik1","otat_yes sir?","jngan sebarin aib orang
gw aja punya semua vidionya diem aj🤐","29/4/2023, 10.39.25","0","No","0","No","https://www.tiktok.com/@apryprik1"
"=""7227307212820087579""","","=""7112277212368159746""","whatever21042000","whatever21042000","saya tukar dgn pulsa","29/4/2023, 10.23.44","0","No","0","No","https://www.tiktok.com/@whatever21042000"
"=""7227302037984953115""","","=""7021177101919896577""","notmemaybe8","NOT ME ?","bg udh bg ora kasian napa??","29/4/2023, 10.03.52","0","No","0","No","https://www.tiktok.com/@notmemaybe8"
"=""7227299269782684443""","","=""76771858897""","rizkyravael95","Rizky_R ♈","Kpan lagii punya Video cwek cantik😂😂","29/4/2023, 09.53.23","0","No","0","No","https://www.tiktok.com/@rizkyravael95"
"=""7227299171479339803""","","=""6760110557535519745""","aranottiara","araaku","ini apa si","29/4/2023, 09.52.27","0","No","0","No","https://www.tiktok.com/@aranottiara"
"=""7227295605948269338""","","=""7139928992375456770""","iyahaa2","hhhaa27","knpa gua kelat info Mulu Yallah kasian tapi kesalahan dia naro yg kaya gitu di geleri","29/4/2023, 09.38.52","0","No","0","No","https://www.tiktok.com/@iyahaa2"
"=""7227294455153394458""","","=""7148015618670265346""","bapae.tri","PA TRI","liat video gua bang kocak lohh","29/4/2023, 09.34.41","0","No","0","No","https://www.tiktok.com/@bapae.tri"
"=""7227294325663040283""","","=""7217766582587180059""","dikomentar24_","[ L1NK V1R4L D1 K0M3NT4R ]","cek profil gue","29/4/2023, 09.34.18","0","No","0","No","https://www.tiktok.com/@dikomentar24_"
"=""7227293368510219034""","","=""7027120539500889114""","dirahasriani","Ratu_syurga🦭","pliss deh
apsih????
jlsin baik² woyy","29/4/2023, 09.30.28","0","No","0","No","https://www.tiktok.com/@dirahasriani"
"=""7227289855361057537""","","=""6805606527299306497""","sumar736","Sumar","ternyata bikin nagih😁","29/4/2023, 09.16.11","0","No","0","No","https://www.tiktok.com/@sumar736"
"=""7227289173949039386""","","=""7054893037281264642""","upa1_","fa","semua org jga punya AIB,tpi kesian jga klo di sebar""in terus,kalian ga kesian apa,coba posisi klian yg kyak gitu,ancur bgt pasti.","29/4/2023, 09.13.45","0","No","0","No","https://www.tiktok.com/@upa1_"
"=""7227287385741771526""","","=""6932731973584847873""","hery.26_","hery..91","ksihan dpet dia hny kbagian sisa ny syng nikahin mahal2😏","29/4/2023, 09.06.27","0","No","0","No","https://www.tiktok.com/@hery.26_"
"=""7227284368895656731""","","=""6972422563070804993""","_ourstory19.25_","_ourstory19.25_","saya juga punya wahahah","29/4/2023, 08.55.15","0","No","1","No","https://www.tiktok.com/@_ourstory19.25_"
"=""7227288764179104538""","=""7227284368895656731""","=""7224229300986217473""","rosyad282","r","bagi","29/4/2023, 09.12.31","0","No","","","https://www.tiktok.com/@rosyad282"
"=""7227280397214090010""","","=""7036078887114310682""","dyyrawr4","dyy's","tapi kamu ga secantik freya😴","29/4/2023, 17.21.47","0","No","0","No","https://www.tiktok.com/@dyyrawr4"
"=""7227280127519998747""","","=""7066394475866817563""","dwiyy01","dwi?","ngapaa sii","29/4/2023, 08.38.58","0","No","0","No","https://www.tiktok.com/@dwiyy01"
"=""7227275270986007323""","","=""7043992126501864474""","suchitasagianti","korizen. NURKORi","jgn membuka aib orang lain ,semoga Abang yg pertama menutup aib orang ?","29/4/2023, 08.20.14","0","No","0","No","https://www.tiktok.com/@suchitasagianti"
"=""7227274439452099354""","","=""7030638888600699905""","_bilbilbilaa","𝕭𝖎𝖑𝖆𝖆𝖆","yng udh liat bilek","29/4/2023, 08.16.49","0","No","0","No","https://www.tiktok.com/@_bilbilbilaa"
"=""7227274102939190043""","","=""6686033066283041793""","xyz.an6","alfiannn","minta yang file foto dong","29/4/2023, 08.15.32","0","No","0","No","https://www.tiktok.com/@xyz.an6"
"=""7227269204528792346""","","=""7190321949431972869""","pragosloiki","PRAGOSKIH","bisa lah bagi file nya🗿","29/4/2023, 07.56.39","0","No","0","No","https://www.tiktok.com/@pragosloiki"
"=""7227266656527418139""","","=""7076015739128562693""","_iyoanakbaik","SAT💥🦅","hanya seorang raja yang tak tergoda 😇","29/4/2023, 17.53.47","0","No","0","No","https://www.tiktok.com/@_iyoanakbaik"
"=""7227264684478513946""","","=""7175914286132626459""","madzoke6","bagusssg","anj mana si vid nya","29/4/2023, 07.39.02","0","No","0","No","https://www.tiktok.com/@madzoke6"
"=""7227262396757951238""","","=""6832906686601528321""","ammoyy_04","ammoyprssti","bgii😭","29/4/2023, 12.33.22","0","No","0","No","https://www.tiktok.com/@ammoyy_04"
"=""7227260492846301978""","","=""7151827894661989403""","username911_111","_𝐅𝐇𝐁𝐃𝟗𝟏𝟏","semoga allah membuka aib mu di akhirat. see you bro","29/4/2023, 07.22.44","0","No","0","No","https://www.tiktok.com/@username911_111"
"=""7227258051890479899""","","=""6832639116414567426""","mayariziq","Maya ahmad","yg nyebar jahat","29/4/2023, 07.13.10","0","No","0","No","https://www.tiktok.com/@mayariziq"
"=""7227257162963338011""","","=""6549208069899943937""","aansadardiri","Aan","apem apemm","29/4/2023, 07.10.05","0","No","0","No","https://www.tiktok.com/@aansadardiri"
"=""7227255538647810821""","","=""7153655244945638402""","anaktambang027","casper044","gw mlh kasihan anjing.","29/4/2023, 07.02.55","0","No","0","No","https://www.tiktok.com/@anaktambang027"
"=""7227254924609487643""","","=""7213986418233869313""","akunbot0972","hyps","Dosa jariyah","29/4/2023, 07.01.09","0","No","0","No","https://www.tiktok.com/@akunbot0972"
"=""7227254228618724123""","","=""6958633340228338694""","_siiasan","SI ASAN","Gw sebagai temen deket syakirah kecewa sihh","29/4/2023, 06.58.07","0","No","0","No","https://www.tiktok.com/@_siiasan"
"=""7227250021078532891""","","=""7077826883203073050""","j_mbottt","ckingduwa01","gua punya Vidio nya 3😂","29/4/2023, 06.42.11","0","No","0","No","https://www.tiktok.com/@j_mbottt"
"=""7227248944035169030""","","=""6539837779588792321""","samudrodjoko25gmail.com","it's in me","kasihan ortunya","29/4/2023, 06.37.16","0","No","0","No","https://www.tiktok.com/@samudrodjoko25gmail.com"
"=""7227245151546278682""","","=""7096511390941266971""","_dein_01","Deles","anj dari tadi Mulu ini lewat ada apa sihhh","29/4/2023, 06.23.19","0","No","0","No","https://www.tiktok.com/@_dein_01"
"=""7227239047410860826""","","=""7037396310903587842""","rahimanpasolle","&_R4H1M4N-$","tolong lah gak usah di posting kasian orang nya pasti malu cba aja kalian bayangin klo kalian di posisi dia gmna rasanya
mohon pengertiannya 😁","29/4/2023, 05.59.09","0","No","0","No","https://www.tiktok.com/@rahimanpasolle"
"=""7227238078573593370""","","=""7200171755687363610""","ndnkrmhhh._","nadine","hee aku punya videone lho,tpi 8 video wkwk","29/4/2023, 14.11.45","0","No","0","No","https://www.tiktok.com/@ndnkrmhhh._"
"=""7227233634569421594""","","=""7106030887389709339""","ayyizaa.ya","🧚","ini knp sih","29/4/2023, 05.38.16","0","No","0","No","https://www.tiktok.com/@ayyizaa.ya"
"=""7227231379149488922""","","=""7124808907474273307""","cahyacahya6548","cahyacahya","sebarin bang smpe habis wkwk","29/4/2023, 05.29.21","0","No","0","No","https://www.tiktok.com/@cahyacahya6548"
"=""7227230601899361051""","","=""6954534305183990785""","ddh_v","lya","@leeeee_feliixxzzswzss","29/4/2023, 05.26.32","0","No","1","No","https://www.tiktok.com/@ddh_v"
"=""7227268311272456986""","=""7227230601899361051""","=""7176240333956072450""","indarasd","inidesty","ada ada","29/4/2023, 07.53.18","0","No","","","https://www.tiktok.com/@indarasd"
"=""7227210511480390427""","","=""7066089626540803078""","sxcxx_024","Sindiyy","kok ketinggalan gua,duh gak bisa nih 😳","29/4/2023, 04.08.16","0","No","0","No","https://www.tiktok.com/@sxcxx_024"
"=""7227208392053703451""","","=""7181468082454955034""","alfintiktok76","Aurel_ punya","50","29/4/2023, 04.00.16","0","No","0","No","https://www.tiktok.com/@alfintiktok76"
"=""7227208365150962459""","","=""7181468082454955034""","alfintiktok76","Aurel_ punya","udh liat semua🤤😋","29/4/2023, 04.00.04","0","No","0","No","https://www.tiktok.com/@alfintiktok76"
"=""7227202640509223706""","","=""7199205184294388738""","rinaldi_shop9","RinShopp","udh bang kasian , gimana kalo keluarga kalian di sebar orng gak tega kan,, mental nya juga kena takutnya plis la belajar berfikir dgn bijak yah tolong","29/4/2023, 03.38.01","0","No","0","No","https://www.tiktok.com/@rinaldi_shop9"
"=""7227202042900153115""","","=""6868100221847487490""","frben_","ben","Baru ntn 2 anjr","29/4/2023, 03.35.29","0","No","0","No","https://www.tiktok.com/@frben_"
"=""7227182774091629339""","","=""7197678211906995226""","farzzzzz_000","farzzzz typoo","susah nyari link gampang broo geleri gw penuh sama Vidio ini smpe ngleg hp gw Cok full album pkonyah sksksksk🗿","29/4/2023, 02.20.40","0","No","0","No","https://www.tiktok.com/@farzzzzz_000"
"=""7227180997103321883""","","=""7097881316556866566""","yt_lancelottiktok","Pance","tim yg udh nonton 🤤🤤🤤","29/4/2023, 02.13.49","0","No","0","No","https://www.tiktok.com/@yt_lancelottiktok"
"=""7227178837800583962""","","=""7180355508632617986""","akmalakmal5521","akmalakmal5521","bagi broo","29/4/2023, 14.33.03","0","No","0","No","https://www.tiktok.com/@akmalakmal5521"
"=""7227175458831434523""","","=""7091623021211501574""","zvnanllaa","zze","@laalapoou","29/4/2023, 14.26.18","0","No","0","No","https://www.tiktok.com/@zvnanllaa"
"=""7227173358575190789""","","=""6959976144759407621""","_rendi440","Rendi248","yang 14mb","29/4/2023, 01.43.55","0","No","0","No","https://www.tiktok.com/@_rendi440"
"=""7227164911917794075""","","=""7096052800820364315""","torowin2","torowin2","udh bang kasihan","29/4/2023, 01.11.20","0","No","0","No","https://www.tiktok.com/@torowin2"
"=""7227162111700009754""","","=""7018372788021199873""","xx_taa33","Ca_syasya","kan salah dia juga woe tebar2 aurat rasain kan viral😏","29/4/2023, 01.00.33","0","No","0","No","https://www.tiktok.com/@xx_taa33"
"=""7227160236728566555""","","=""6995593818398983170""","ynsanz2","i'm yan","28 dong","29/4/2023, 00.53.12","0","No","0","No","https://www.tiktok.com/@ynsanz2"
"=""7227156102969393947""","","=""7184409723013071873""",".irham6","《《☆•irham•☆》》","tiap aku sekrol ni semua","29/4/2023, 00.37.10","0","No","0","No","https://www.tiktok.com/@.irham6"
"=""7227153544424063770""","","=""6943662758479119361""","parhannxyz","Ahanz","bagi😂","29/4/2023, 00.27.14","0","No","0","No","https://www.tiktok.com/@parhannxyz"
"=""7227153512332182298""","","=""7215895078102565890""","extrajosw","ahmad_","bisalh berbagi 😁","29/4/2023, 00.27.08","0","No","0","No","https://www.tiktok.com/@extrajosw"
"=""7227150163415368475""","","=""6783764348839871490""","bagusii5","mallboro","udah punya 7 nih","29/4/2023, 11.41.00","0","No","2","No","https://www.tiktok.com/@bagusii5"
"=""7228164708913824539""","=""7227150163415368475""","=""6783764348839871490""","bagusii5","mallboro","mau kirim lewat mna bingung","2/5/2023, 04.20.16","0","No","","","https://www.tiktok.com/@bagusii5"
"=""7227335549794140954""","=""7227150163415368475""","=""6958262205637280774""","kaca_ebreg","@Kaca_ebreg","bagi bang","29/4/2023, 12.13.40","0","No","","","https://www.tiktok.com/@kaca_ebreg"
"=""7227149628214100763""","","=""6532246567864565762""","tole2._","-","Aneh aja sih dia gak merugikan siapapun termsuk orng"" ini tpi vid ny di bagikan ke publik😏😏 .. serndah itukh cara mncari Folower?","29/4/2023, 00.12.06","0","No","0","No","https://www.tiktok.com/@tole2._"
"=""7227144897442595610""","","=""6982159960289674242""","uuser110497","Santo Athanasya","cowok selingku banyak yang hujat
cewe selingku cuma hilaf","28/4/2023, 23.53.53","0","No","0","No","https://www.tiktok.com/@uuser110497"
"=""7227143981116080922""","","=""6971361200882418690""",".mikel28_",".mikel28_","diam seperti cupu
bergerak mendapatkan semua video mu","28/4/2023, 23.50.06","0","No","0","No","https://www.tiktok.com/@.mikel28_"
"=""7227143450062504710""","","=""6764553013060830210""","semboyrusli_","SeM®","hutannya lebat cuk","28/4/2023, 23.47.49","0","No","0","No","https://www.tiktok.com/@semboyrusli_"
"=""7227139247172485915""","","=""6970557447930070021""","178_yaya","່","pasti dia malu keluar rumah🥺,kasian ya","28/4/2023, 23.31.39","0","No","0","No","https://www.tiktok.com/@178_yaya"
"=""7227139083566859034""","","=""6971000161300808706""","khairulrij4l","kenzo","bagi lah bg","28/4/2023, 23.31.13","0","No","0","No","https://www.tiktok.com/@khairulrij4l"
"=""7227139075760063238""","","=""7174540403344786459""","ndiraaut","27`^","baru 8 nih","28/4/2023, 23.30.51","0","No","1","No","https://www.tiktok.com/@ndiraaut"
"=""7227149699378217755""","=""7227139075760063238""","=""6801353036041880577""","wann.50","WANN☮️","bgi bang","29/4/2023, 00.12.17","0","No","","","https://www.tiktok.com/@wann.50"
"=""7227138018859090715""","","=""6953308699868808194""","_jekyy21","jekky","yok bisa yok mulai 1 sampai 20🥰","28/4/2023, 23.27.00","0","No","0","No","https://www.tiktok.com/@_jekyy21"
"=""7227137235064259333""","","=""7146535095973102618""","siskafiona0","-net you","kerem lh Wee Vidio nyaa gosahh pelitt² kli klen","28/4/2023, 23.23.41","0","No","0","No","https://www.tiktok.com/@siskafiona0"
"=""7227134974812701466""","","=""6739503408666051585""","sgtrspop_","sgtrs♐","kasian sih, tpi klo ad duonya keknya mntap wkwow","28/4/2023, 23.15.02","0","No","0","No","https://www.tiktok.com/@sgtrspop_"
"=""7227134891170120475""","","=""7177650899799720961""","suaminyancut","Sopian slowly","mental dia down banget
tapi mungkin Allah menunjukan pasti ada selalu hikmahnya
jdi jangan gtu lagi yaaa
jgn solo harus double😅😅😅😅","28/4/2023, 23.14.50","0","No","0","No","https://www.tiktok.com/@suaminyancut"
"=""7227134311718257410""","","=""6960105440815629314""","ressss.aaaaaaaaa","MazRess","salhnya pcran","28/4/2023, 23.12.20","0","No","0","No","https://www.tiktok.com/@ressss.aaaaaaaaa"
"=""7227132340818969370""","","=""7177281373546529793""","dectser","milikmu","bagi lh","28/4/2023, 23.04.52","0","No","0","No","https://www.tiktok.com/@dectser"
"=""7227131950954693403""","","=""7162070637689750530""","al150603_","Ini si AL","bagi","28/4/2023, 23.03.25","0","No","0","No","https://www.tiktok.com/@al150603_"
"=""7227130114496037659""","","=""6897477521073390594""","reym814","reym814","gak tau aja doanya ora terdholimi ini contohnya yang dholimi","28/4/2023, 22.56.24","0","No","0","No","https://www.tiktok.com/@reym814"
"=""7227130001434198811""","","=""6963597454718485505""","ridhoa995","ridhoa99","ini cewe knpa sih gua ketinggalan zaman nih","28/4/2023, 22.55.56","0","No","0","No","https://www.tiktok.com/@ridhoa995"
"=""7227129987328295707""","","=""6945714933439710209""","syaaaaasq","sorrygafomo","mukanya gitu bngt","28/4/2023, 22.55.47","0","No","0","No","https://www.tiktok.com/@syaaaaasq"
"=""7227129499770831643""","","=""6862520539027014657""","j4sindxyy","iG:J4sindxyy","minimal bagi"" gys","28/4/2023, 22.54.03","0","No","0","No","https://www.tiktok.com/@j4sindxyy"
"=""7227128591955444507""","","=""7143121188591830018""","tikalvrs_","nothing","udah lagi kasian.","28/4/2023, 22.50.28","0","No","0","No","https://www.tiktok.com/@tikalvrs_"
"=""7227127844354212635""","","=""7023392211924665350""","com_intel_id","intel","col mek","29/4/2023, 12.31.37","0","No","0","No","https://www.tiktok.com/@com_intel_id"
"=""7227127487057429274""","","=""6929876835749069830""","november_vibes","Ñövêmbëŕ_Víbêš","udah udah lah.. fyp barang yg ssst... kasian anak orang.. nangis tar 😂😂","28/4/2023, 22.46.09","0","No","0","No","https://www.tiktok.com/@november_vibes"
"=""7227126351445132058""","","=""7162034936333255682""","ahmadaldih6","alll","percuma cantik kalo begitu😅😅","28/4/2023, 22.41.34","0","No","0","No","https://www.tiktok.com/@ahmadaldih6"
"=""7227126170055328538""","","=""6990251599906587650""","booh406","່","saya punya","28/4/2023, 22.41.02","0","No","0","No","https://www.tiktok.com/@booh406"
"=""7227122520523244315""","","=""7047823924318979073""","novin603","Via🎧🕸️🌷🌈","bagi bng","28/4/2023, 22.26.45","0","No","0","No","https://www.tiktok.com/@novin603"
"=""7227121590319858458""","","=""6837703507358761985""","hlmhnay","نايل)","gw tau gr2 temn cowok gw post di sw.","28/4/2023, 22.23.18","0","No","0","No","https://www.tiktok.com/@hlmhnay"
"=""7227119252401160987""","","=""7121688717543588866""","crescentmoon_07","Saiiiii","daritadi fyp nya kek gini trus... tapi gatau kenapa 🙄","28/4/2023, 22.14.03","0","No","0","No","https://www.tiktok.com/@crescentmoon_07"
"=""7227117618237588251""","","=""6907819418399966214""","ijinberdakwah11","MUSLIM","bagi lah Abang","29/4/2023, 10.06.36","0","No","0","No","https://www.tiktok.com/@ijinberdakwah11"
"=""7227117340593423130""","","=""6948749002821846021""","ucupp.reall","️","sudh bnyk fyp yg viral tapi untungnya gua ngg
pnsran nyari bgnian jdi skip aj lah 🗿☝️","28/4/2023, 22.06.47","0","No","0","No","https://www.tiktok.com/@ucupp.reall"
"=""7227116908579390234""","","=""7138049530930758683""","tiara52954","Tiara","hadeh bukanya tutup aib org bang lu malah ngumbar.","28/4/2023, 22.05.08","0","No","0","No","https://www.tiktok.com/@tiara52954"
"=""7227116486212191003""","","=""6877243600654517250""","andi5370","Andi Iwan","assalamualaikum cantik","28/4/2023, 22.03.26","0","No","0","No","https://www.tiktok.com/@andi5370"
"=""7227115902964941595""","","=""7052148964485202945""","taestarfallmlbb","aev,TaeKlein","kasian sumpah","28/4/2023, 22.01.08","0","No","0","No","https://www.tiktok.com/@taestarfallmlbb"
"=""7227114597328306971""","","=""6651810620499771394""","gstkomngebit","gstkomngebit","emang ga punya rasa kasian ?","28/4/2023, 21.56.03","0","No","0","No","https://www.tiktok.com/@gstkomngebit"
"=""7227113586442044187""","","=""6888166058864690177""","wigaaaaa1","WIG🅰️","pw nya apa bangg","28/4/2023, 21.52.06","0","No","0","No","https://www.tiktok.com/@wigaaaaa1"
"=""7227113297425416986""","","=""6896823082141352961""","plokatom","plokatom","bagi oi","28/4/2023, 21.50.59","0","No","0","No","https://www.tiktok.com/@plokatom"
"=""7227112388553999131""","","=""6701126246146016257""","kennalfawi25","kennalfawi25","coba kirim😂","28/4/2023, 21.47.35","0","No","0","No","https://www.tiktok.com/@kennalfawi25"
"=""7227110070520431386""","","=""6610567737855508481""","miskadahmad","Miskad Ahmad","kasian dia sendirian, kenapa enggak bilang k aq aj klu pengen😂","28/4/2023, 21.38.26","0","No","0","No","https://www.tiktok.com/@miskadahmad"
"=""7227109786440041243""","","=""6885859211629151233""","dniiuw18","Tofaaa","gw ada full vidio coyy banyak banget dia buat","28/4/2023, 21.37.20","0","No","0","No","https://www.tiktok.com/@dniiuw18"
"=""7227109726395728666""","","=""7217276516043408386""","bungasmjntk_","bungasmjntk_","malah di jj in🗿","28/4/2023, 21.37.16","0","No","0","No","https://www.tiktok.com/@bungasmjntk_"
"=""7227108424689419035""","","=""7221987294848156698""","almadalhany","mantan buronan","apa coy , gua abis Los streak","28/4/2023, 21.32.14","0","No","0","No","https://www.tiktok.com/@almadalhany"
"=""7227106799312126747""","","=""7098977734744245249""","xyyyzzz352","xys","infoo linkkkkkkkkkk","28/4/2023, 21.25.50","0","No","0","No","https://www.tiktok.com/@xyyyzzz352"
"=""7227104782384759554""","","=""7129084592078668802""","aryl123347","risma","udah lah bro ksian diaaaa","28/4/2023, 21.17.49","0","No","0","No","https://www.tiktok.com/@aryl123347"
"=""7227103862825747205""","","=""6782101654810002433""","liliilyzee","liilyzeee","okey aku ga tau ini kenapa tapi liat orang orang kok pada ini yah😔apalagi yang cw²","28/4/2023, 21.14.14","0","No","0","No","https://www.tiktok.com/@liliilyzee"
"=""7227103588920984347""","","=""7084605363064914971""","rismatzkyy","cimaa💐","kok ak ga punya?","28/4/2023, 21.13.28","0","No","0","No","https://www.tiktok.com/@rismatzkyy"
"=""7227099988052132634""","","=""6795605330153587713""","jemieeee2","K","udah woee kasiannnnn","28/4/2023, 20.59.27","0","No","0","No","https://www.tiktok.com/@jemieeee2"
"=""7227096353044906778""","","=""7028505644634702874""","taniaafya","nia","isi branda ni mulu anjayy
kasih tau gak woyyy ni knpee","28/4/2023, 20.45.12","0","No","0","No","https://www.tiktok.com/@taniaafya"
"=""7227094555262468891""","","=""6845485328989586433""","jojoxxwkwk","jojo 🚬","Syakira,ciya,mika semua tersusun rapih digaleri ku","28/4/2023, 20.38.21","0","No","0","No","https://www.tiktok.com/@jojoxxwkwk"
"=""7227093747279725338""","","=""7224338795591238682""","deviimeilanni","eviii","YTTA","28/4/2023, 20.35.09","0","No","0","No","https://www.tiktok.com/@deviimeilanni"
"=""7227093189852660507""","","=""6509121064407875585""","sagigurl232","Princess","yang pertama nyebarin siapa ya kasihan tau 🥺","28/4/2023, 20.33.03","0","No","0","No","https://www.tiktok.com/@sagigurl232"
"=""7227091808173998874""","","=""6958781861243028481""","putrasandores07","ROYAL Paradise•","barangnya shakira bagus bet dah","28/4/2023, 20.27.43","0","No","0","No","https://www.tiktok.com/@putrasandores07"
"=""7227091022944322331""","","=""7012814205171155974""","rsn2759","kokbisaAI","udah bang, kesian dia gmn kalau misalnya dia itu anak lu","29/4/2023, 06.12.09","0","No","0","No","https://www.tiktok.com/@rsn2759"
"=""7227090490775831323""","","=""7082954824845165569""","ghinazulfamusyaropa","@♫₊˚.🎧 ✧ g for ghina","gw yng dlu pernah satu pesantren sama dia bilek:🗿","28/4/2023, 20.22.34","0","No","0","No","https://www.tiktok.com/@ghinazulfamusyaropa"
"=""7227090421322072858""","","=""6988491710448665601""","userjly265","misel.angle","kasian cantik²🗿","28/4/2023, 20.22.12","0","No","0","No","https://www.tiktok.com/@userjly265"
"=""7227090038408102683""","","=""6763173402791658497""","momeykiul","momeykiul","gatau apa apa sumpah dah","28/4/2023, 20.20.47","0","No","0","No","https://www.tiktok.com/@momeykiul"
"=""7227088265680569114""","","=""6957655929983026178""","thefishandthecat","🍀","tetanggane nek roh auto julid","28/4/2023, 20.13.53","0","No","0","No","https://www.tiktok.com/@thefishandthecat"
"=""7227085972742193946""","","=""7016729786317128705""","wiwinyunada","ويوين","👌👈","29/4/2023, 00.52.32","0","No","0","No","https://www.tiktok.com/@wiwinyunada"
"=""7227085521632658202""","","=""7075598915144614914""","06s0r41","506","sehat² cowo mahal","28/4/2023, 20.03.12","0","No","0","No","https://www.tiktok.com/@06s0r41"
"=""7227085323742184218""","","=""6829724175160132609""","imoyimoy4","imoyy","ikut prihatin,,semoga netizen bisa memaafkan bukan memanfaatkannya","28/4/2023, 20.02.35","0","No","0","No","https://www.tiktok.com/@imoyimoy4"
"=""7227084410159579931""","","=""7012855336731362305""","choco2i5","ig:|| whiffle.marshmallows_","ksian oii pada g punya hati smua cba lu smua diposisi dia gimn,gd kemanusiaan bngt dh","28/4/2023, 19.58.55","0","No","0","No","https://www.tiktok.com/@choco2i5"
"=""7227082610823627546""","","=""7222942129256383515""","yoga_prtam","Era kls 8a Mts","hmm krna hp y ilngg
truss bergaii 🤣","29/4/2023, 08.16.38","0","No","0","No","https://www.tiktok.com/@yoga_prtam"
"=""7227081503799247617""","","=""7178020315716191238""","aidilhilmy","𝓭𝓲𝓵","Akhir zaman👌","28/4/2023, 19.47.27","0","No","0","No","https://www.tiktok.com/@aidilhilmy"
"=""7227080481690927877""","","=""6957229231631057925""","userr202038738281","666","tobat bg.login ml Bae gua Estes hyper","28/4/2023, 19.43.32","0","No","0","No","https://www.tiktok.com/@userr202038738281"
"=""7227080391857095430""","","=""7144761954652488706""","user7343262377744","@kopisusu","bagi bang","28/4/2023, 19.43.11","0","No","0","No","https://www.tiktok.com/@user7343262377744"
"=""7227079712701924123""","","=""1690148671587346""","andrimashailla1","Andri 🕊;🦋","fyp elit
berbagi sulit. 😏","28/4/2023, 19.40.39","0","No","0","No","https://www.tiktok.com/@andrimashailla1"
"=""7227079706154877723""","","=""7054488027234763802""","asriyati023","asriyati024","video ee dlu e","28/4/2023, 19.40.40","0","No","0","No","https://www.tiktok.com/@asriyati023"
"=""7227077993193161499""","","=""6718180777610150914""","yfaaa0604","🌷","dah liat gwe","28/4/2023, 19.34.06","0","No","0","No","https://www.tiktok.com/@yfaaa0604"
"=""7227076961402110746""","","=""7203227785741075461""","santi_layla","santi layla","ᴀsʟɪ ᴘᴀᴋᴇ sᴏᴅ","28/4/2023, 19.30.00","0","No","0","No","https://www.tiktok.com/@santi_layla"
"=""7227076750177174299""","","=""7214156762176537626""","jokomandhuuu","EF EF","gw punya video nya cuma 1","28/4/2023, 19.29.11","0","No","0","No","https://www.tiktok.com/@jokomandhuuu"
"=""7227076488134296347""","","=""6827740561564386305""","_teknisibalap","_teknisibalap","mbak Syakira nya cantik dan juga normal..😂","28/4/2023, 19.28.15","0","No","0","No","https://www.tiktok.com/@_teknisibalap"
"=""7227074336312984346""","","=""6880881990813156353""","nad154yeaa","kepoo","seht selalu buat cwo yg kek gtu","28/4/2023, 19.19.46","0","No","0","No","https://www.tiktok.com/@nad154yeaa"
"=""7227073571271918362""","","=""7075390871504946203""","putradenegrat4","S H P","SUMPAH OTAK NGELEG","28/4/2023, 19.16.46","0","No","0","No","https://www.tiktok.com/@putradenegrat4"
"=""7227068720152920858""","","=""6963806940959605762""","25_november06","R","gw punya pas lagi nyong","29/4/2023, 06.35.07","0","No","0","No","https://www.tiktok.com/@25_november06"
"=""7227068523788649242""","","=""7204832499054527515""","lia081aja","Lia aja081","Napa sih Weh kasih info lh","28/4/2023, 18.57.21","0","No","0","No","https://www.tiktok.com/@lia081aja"
"=""7227067439418213147""","","=""6815214830469039105""","wadekiwkiw","Yakulttt🦉","gua punya sihh. tpi kasian aja sebar","28/4/2023, 18.53.07","0","No","0","No","https://www.tiktok.com/@wadekiwkiw"
"=""7227067310862746395""","","=""6882316837246419969""","renglebbhek","4xsenju","sumpah stelah tau kasus nya gw kasian sebaiknya yg punya jan disebarkan lagi dan bagaimana jika ini terjadi pada kita","28/4/2023, 18.52.37","0","No","0","No","https://www.tiktok.com/@renglebbhek"
"=""7227067288913658650""","","=""7109364561313170433""","ivorydream6","iya","ini nih yg gw takutin wkwk","28/4/2023, 18.52.28","0","No","0","No","https://www.tiktok.com/@ivorydream6"
"=""7227065511477396229""","","=""6825783936619529218""","mak.jawa0","Mak jawa","Untung pemeran nya Cantik🥺motif e dendam kayak nya.","28/4/2023, 18.45.27","0","No","0","No","https://www.tiktok.com/@mak.jawa0"
"=""7227064548934271770""","","=""7023292552417903622""","si_dah1","Sidahh ♡","bgi Dong bg","28/4/2023, 18.41.53","0","No","0","No","https://www.tiktok.com/@si_dah1"
"=""7227063380497335067""","","=""6959973737963209729""","popcron3y","Xuyan♡","syakirah adalah penerus arachu🤣🤘","28/4/2023, 22.45.30","0","No","0","No","https://www.tiktok.com/@popcron3y"
"=""7227062743659922202""","","=""6923724599084909574""","liaaw.ww","liaaa🍓","muluss bgtt yaaaa😔","28/4/2023, 18.34.55","0","No","0","No","https://www.tiktok.com/@liaaw.ww"
"=""7227062398967595802""","","=""6954376404280771585""","spotifyinajaaa","harussamakamu","g lucu seriusan g lucu,hargai privasi org lain,ini bukan perihal baperan bngt atau apa tapi ini emg g bisa dibikin bercandaan woi kasihan kk nya","28/4/2023, 18.33.31","0","No","0","No","https://www.tiktok.com/@spotifyinajaaa"
"=""7227062308651729691""","","=""7120865089771176961""","ingat_tujuanmu_king_","wan____eslebebww🫣🗿","udah lah berhenti kasian mbak nya","28/4/2023, 22.20.51","0","No","0","No","https://www.tiktok.com/@ingat_tujuanmu_king_"
"=""7227060274879267610""","","=""6931278930914755586""","februarypisces___","izal⚡️","bagi bro","28/4/2023, 18.25.10","0","No","0","No","https://www.tiktok.com/@februarypisces___"
"=""7227059959405593371""","","=""7014819466697524225""","tshazztns1","aca","Cwo¹ kl lu mau muka Lu sehat aura lu sehat , Ga ush nnton bginian Perbanyak Sholat","28/4/2023, 18.24.04","0","No","0","No","https://www.tiktok.com/@tshazztns1"
"=""7227059898755269402""","","=""7095669803691803654""","manzz_aja74","Manzzz","bagi cuk, berbagai itu indah😂","29/4/2023, 00.29.39","0","No","0","No","https://www.tiktok.com/@manzz_aja74"
"=""7227059735987913499""","","=""6525610373414961153""","user1237856902","MIX SEVEN™~","adasih mw ksih tw gk cra cepatny","28/4/2023, 18.23.15","0","No","0","No","https://www.tiktok.com/@user1237856902"
"=""7227059047777780506""","","=""6865085585859101697""","meylestari_0","Mey Lestarii💫","numpang pansos segitunya.","28/4/2023, 18.20.31","0","No","0","No","https://www.tiktok.com/@meylestari_0"
"=""7227058243646014234""","","=""6929999267343909890""","hazelnut__202","AL🪐","gua udh full album 1 GB lebih🗿","28/4/2023, 18.17.27","0","No","3","No","https://www.tiktok.com/@hazelnut__202"
"=""7227086135742726938""","=""7227058243646014234""","=""6839877957453235202""","chippbunnyss","girls🍎","lololo ga bahaya ta","28/4/2023, 20.05.47","0","No","","","https://www.tiktok.com/@chippbunnyss"
"=""7227082584257364762""","=""7227058243646014234""","=""6962474652091319302""","benii742","benny20","bagi kak pliis🙏","28/4/2023, 19.51.50","0","No","","","https://www.tiktok.com/@benii742"
"=""7227067522598585114""","=""7227058243646014234""","=""6906787839947768834""","vegaputih84","vegaputih84","bgii bngg","28/4/2023, 18.53.17","0","No","","","https://www.tiktok.com/@vegaputih84"
"=""7227056711395410714""","","=""7116099162659783681""","jsnnniiii23","jsnnniiii23","astaghfirullah padahal cantik😳","28/4/2023, 18.11.34","0","No","0","No","https://www.tiktok.com/@jsnnniiii23"
"=""7227054776667472666""","","=""6843663600617161729""","unknow160503","Prayogaaaa_🪐","yg warna maron oke bang,bening😂","28/4/2023, 18.03.59","0","No","0","No","https://www.tiktok.com/@unknow160503"
"=""7227054389822374662""","","=""7206315852910707739""","hodie742","je","𝙩𝙪𝙝 𝙩𝙞𝙣𝙜𝙜𝙖𝙡 𝙨𝙖𝙡𝙞𝙣☝️","28/4/2023, 18.02.14","0","No","0","No","https://www.tiktok.com/@hodie742"
"=""7227053458746196762""","","=""7023506502518670362""","dhhfjkfyissty_fijfdil","hhhhh__","sak mene bolo 🤲","28/4/2023, 17.58.58","1","No","4","No","https://www.tiktok.com/@dhhfjkfyissty_fijfdil"
"=""7227354806090973978""","=""7227053458746196762""","=""7023506502518670362""","dhhfjkfyissty_fijfdil","hhhhh__","njjl tak copykan link e","29/4/2023, 13.28.12","0","No","","","https://www.tiktok.com/@dhhfjkfyissty_fijfdil"
"=""7227313446621659906""","=""7227053458746196762""","=""6739116123906753538""","miftahh_123","tahhh","gak duwe tele mas","29/4/2023, 10.47.34","0","No","","","https://www.tiktok.com/@miftahh_123"
"=""7227312063978390299""","=""7227053458746196762""","=""7023506502518670362""","dhhfjkfyissty_fijfdil","hhhhh__","nek tele akeh bolo😂","29/4/2023, 10.43.02","0","No","","","https://www.tiktok.com/@dhhfjkfyissty_fijfdil"
"=""7227310723264791297""","=""7227053458746196762""","=""6739116123906753538""","miftahh_123","tahhh","kei to bolo😅","29/4/2023, 10.37.06","0","No","","","https://www.tiktok.com/@miftahh_123"
"=""7227053318769574682""","","=""6848906508127028226""","ryansyah202","Arselino's","gw punya nih beberapa","28/4/2023, 17.58.24","0","No","0","No","https://www.tiktok.com/@ryansyah202"
"=""7227051429567202074""","","=""6926192121657558018""","ohyaaaa45","Mexdown","sedekah","28/4/2023, 17.51.07","0","No","0","No","https://www.tiktok.com/@ohyaaaa45"
"=""7227051294556504858""","","=""7158108693129053186""","hanipbiasaja","hanipppp","gmn caranya sihh woy","28/4/2023, 17.50.30","0","No","3","No","https://www.tiktok.com/@hanipbiasaja"
"=""7227061025517716251""","=""7227051294556504858""","=""7010266742161556506""","rsyamlxxi","sera ?","mn banh?","28/4/2023, 18.28.14","0","No","","","https://www.tiktok.com/@rsyamlxxi"
"=""7227053328307864347""","=""7227051294556504858""","=""6816602054237553665""","ilzam.28","ilzam.28","mana bang","28/4/2023, 17.58.28","0","No","","","https://www.tiktok.com/@ilzam.28"
"=""7227052242460984091""","=""7227051294556504858""","=""7220410882453685274""","user2428626927945","ups24","sini gw ada bro ,","28/4/2023, 17.54.13","0","No","","","https://www.tiktok.com/@user2428626927945"
"=""7227051239262864154""","","=""7121145694975001605""","mrestuaditya3","dh¡tz4you","bgi bg","29/4/2023, 02.55.29","0","No","0","No","https://www.tiktok.com/@mrestuaditya3"
"=""7227050296882610949""","","=""6927719195649459202""","mohdazmie.97","user14592536415","koyak bh😂","28/4/2023, 17.46.25","0","No","0","No","https://www.tiktok.com/@mohdazmie.97"
"=""7227048832322814726""","","=""7109048027672151066""","in.piyaaa","Piyaaa'","kalo cwo ku simpan""ke gini gw putusin sdh","28/4/2023, 17.40.38","0","No","0","No","https://www.tiktok.com/@in.piyaaa"
"=""7227048061733110554""","","=""7186684233318138906""","user4963067122607","$e/em:k","kalian g kasian gtu sama dia???..maaf nanya,🙏🙏","28/4/2023, 17.37.50","0","No","0","No","https://www.tiktok.com/@user4963067122607"
"=""7227047687340884763""","","=""6938765714665653250""","akubalaram69","balaram","Apa emng ny cuk","28/4/2023, 17.36.23","0","No","0","No","https://www.tiktok.com/@akubalaram69"
"=""7227046479219082011""","","=""7034497031008093185""","balshittt","BALSHITTT","Berisik suara air keran suuuu","28/4/2023, 17.31.54","0","No","0","No","https://www.tiktok.com/@balshittt"
"=""7227044210187600667""","","=""7118215840733905947""","cdut_08","IcaSukaSilat🥋","yakin g ada yg mau bagi?","28/4/2023, 17.22.56","0","No","0","No","https://www.tiktok.com/@cdut_08"
"=""7227043480513839898""","","=""6828107584635421697""","ellyermawati022","Panggil Aja Ell","kasian cok","28/4/2023, 17.20.14","0","No","0","No","https://www.tiktok.com/@ellyermawati022"
"=""7227043141869552385""","","=""6599594203444117506""","denz_1501","Sila_nomor2🦎","vidionya udah nyampai papua 😆","28/4/2023, 17.18.39","0","No","0","No","https://www.tiktok.com/@denz_1501"
"=""7227042844610315034""","","=""6505697212130181121""","userjnx1s3bo85","Ndi","Sebenar nya kita semua punya aib masing masing dan sekarang mari nikmati aib nya dlu banana papaya","28/4/2023, 17.17.37","0","No","0","No","https://www.tiktok.com/@userjnx1s3bo85"
"=""7227038730371924763""","","=""6884152388895458306""","arianto.yustina","HANTU LAUT","bagi dlu dong","28/4/2023, 17.01.49","0","No","0","No","https://www.tiktok.com/@arianto.yustina"
"=""7227037234749473563""","","=""7152771039180751874""","syaacxc","s","dia ngirim itu ke siapa sih?","28/4/2023, 16.55.53","0","No","0","No","https://www.tiktok.com/@syaacxc"
"=""7227036783904146203""","","=""6937285229729170434""","mhamdrhmat_","Muhammad Rahmat","kasian woyy, stop sebar ga sih viral anjay soalnya","28/4/2023, 16.54.14","0","No","0","No","https://www.tiktok.com/@mhamdrhmat_"
"=""7227033775024046875""","","=""6806224905227813889""","gilbertw001","gilbertxx_","dah nonton cry","28/4/2023, 16.42.35","0","No","1","No","https://www.tiktok.com/@gilbertw001"
"=""7226983302283297563""","=""7227033775024046875""","=""7021374559103779845""","an.zizaa","2005","knpa sih,serius nanya","28/4/2023, 18.08.44","0","No","","","https://www.tiktok.com/@an.zizaa"
"=""7227033139591463686""","","=""6963617005305021441""","jeme_kite...11","jeme kite","mantap sekali 🤤","28/4/2023, 16.39.51","0","No","0","No","https://www.tiktok.com/@jeme_kite...11"
"=""7227031908060201754""","","=""6889644939584504833""","sapzz_19","inivirgo𖣂","tersusun rapih dan aman terkendali","28/4/2023, 16.35.29","0","No","0","No","https://www.tiktok.com/@sapzz_19"
"=""7227030972838544154""","","=""6968460949527970817""","fahri7p0","dutzz,strongboys28","bagi bg aduhh","28/4/2023, 16.31.38","0","No","0","No","https://www.tiktok.com/@fahri7p0"
"=""7227027712988168966""","","=""6974255142436094977""","user2505280710","felyciaa┐(￣ヘ￣)┌ for u.","kasian ga sih?","28/4/2023, 16.18.46","0","No","0","No","https://www.tiktok.com/@user2505280710"
"=""7227026775607853851""","","=""7177029921512342533""","sila34210","✿༄ɴᴇᴇᴄʜᴀɴ࿐🐣","woi bagi² lahh Cok berbagi itu indah Lo wey","28/4/2023, 16.15.31","0","No","0","No","https://www.tiktok.com/@sila34210"
"=""7227026249792914202""","","=""7224521071869002754""","modegelap6308","modegelap6308","knp sih bg","28/4/2023, 16.13.26","0","No","0","No","https://www.tiktok.com/@modegelap6308"
"=""7227025661624894235""","","=""6847461185348977665""","rickybe01","Unknown","Bagi bang","28/4/2023, 16.11.01","0","No","0","No","https://www.tiktok.com/@rickybe01"
"=""7227025001966027546""","","=""7058956712590558209""","brownfirst","cassie","gua senang berbagi loh","28/4/2023, 16.08.33","0","No","1","No","https://www.tiktok.com/@brownfirst"
"=""7226917748156629787""","=""7227025001966027546""","=""6907434908768125953""","madeline.6x7","Keychain","😄","28/4/2023, 17.09.13","0","No","","","https://www.tiktok.com/@madeline.6x7"
"=""7227024231895925509""","","=""7169591365760156698""","ccntsly_","👽","nonton habis lebaran🙏","28/4/2023, 16.05.16","0","No","0","No","https://www.tiktok.com/@ccntsly_"
"=""7227024119891018498""","","=""6556470495251546113""","mil_zammil03","Zammil 03🐧","untung abang 2 baik sekali udah ada di broser","28/4/2023, 16.04.51","0","No","0","No","https://www.tiktok.com/@mil_zammil03"
"=""7227023771974337306""","","=""7033912381328770074""","boman_050602","Nuraazura","boleh kirim????","28/4/2023, 16.03.58","0","No","0","No","https://www.tiktok.com/@boman_050602"
"=""7227021729100628762""","","=""7196690292283622426""",".ikel21","kvln","gk bsa ngomong lagi","28/4/2023, 15.55.53","0","No","0","No","https://www.tiktok.com/@.ikel21"
"=""7227021652662682394""","","=""6965787551677531138""","ciaaaulsz02","Auliaauulsz🌷","kasiaannn 😌","28/4/2023, 15.55.24","0","No","1","No","https://www.tiktok.com/@ciaaaulsz02"
"=""7226938528806224666""","=""7227021652662682394""","=""7021374559103779845""","an.zizaa","2005","kenapa emang nya","28/4/2023, 18.08.59","0","No","","","https://www.tiktok.com/@an.zizaa"
"=""7227020888616583942""","","=""6963340722772165634""","nandaputriy","🌬ᴺᵃⁿᵈᵃᵃ","tidak penasaran","28/4/2023, 15.52.19","0","No","0","No","https://www.tiktok.com/@nandaputriy"
"=""7227017647120040731""","","=""7115810702245594139""","ugihhh14","Gatau","ling mn Ling oi","28/4/2023, 15.40.08","0","No","0","No","https://www.tiktok.com/@ugihhh14"
"=""7227016732870476571""","","=""7028820800102892570""","zeng_xinyue_","Li Chen (李晨)","santai bang bandar mainya rapi bos","28/4/2023, 15.36.31","0","No","0","No","https://www.tiktok.com/@zeng_xinyue_"
"=""7227015817841607451""","","=""7163900749398262811""","namendkado22","are you okey?","gue dh tegok ngeri amat mba 😅","28/4/2023, 15.33.03","0","No","0","No","https://www.tiktok.com/@namendkado22"
"=""7227015081845162757""","","=""6980314403011658754""","chanell2561tania","tania","ini knp sih gak paham gw?","28/4/2023, 15.29.45","0","No","0","No","https://www.tiktok.com/@chanell2561tania"
"=""7227013568058802970""","","=""7215975476002571291""","qorytamdany0","qorytamdany@gmail.com","bagi dong bang","28/4/2023, 15.24.14","0","No","0","No","https://www.tiktok.com/@qorytamdany0"
"=""7227013102716584731""","","=""7219689950794974226""","renitaagaciaww","renitaagaciaww","Knp sii pdhal kn aib orng","28/4/2023, 15.22.16","0","No","0","No","https://www.tiktok.com/@renitaagaciaww"
"=""7227010963685147418""","","=""6836762973592503298""","sopowe__","Me Name","full ready hhaha","28/4/2023, 15.14.07","0","No","0","No","https://www.tiktok.com/@sopowe__"
"=""7227010899156222747""","","=""6965827033776751617""","babayoba8","babayo69","ada ga relawan disni penasaran bngt ama vidionya","28/4/2023, 15.13.59","0","No","0","No","https://www.tiktok.com/@babayoba8"
"=""7227008552043758363""","","=""7063098303575245826""","sayangkamu8971","chiken D rice","sak mane 🤲 lo","28/4/2023, 15.04.38","0","No","0","No","https://www.tiktok.com/@sayangkamu8971"
"=""7227008509849502491""","","=""6960195336620295173""","rais1872","Rais_koe","@m.esca_ @markkulbetz selalu di hati","28/4/2023, 15.04.34","0","No","0","No","https://www.tiktok.com/@rais1872"
"=""7227008102326813467""","","=""6830057110848537601""","frairyyraaa","rawwraaa","@garomng__","28/4/2023, 15.03.05","0","No","1","No","https://www.tiktok.com/@frairyyraaa"
"=""7227116606463050522""","=""7227008102326813467""","=""7186177701575803931""","sheyyy11_","shey","oh ini","28/4/2023, 22.03.53","0","No","","","https://www.tiktok.com/@sheyyy11_"
"=""7227005739947737883""","","=""6973537431744316418""","mhmmdsahdinor","sahdi😎😎😎","gak tau sumpah😳","28/4/2023, 14.53.45","0","No","0","No","https://www.tiktok.com/@mhmmdsahdinor"
"=""7227005520497820442""","","=""7189188021932622850""","4uraa11","Raaa","yg nnton pda gaa tkt dosaa ya?","28/4/2023, 14.53.05","0","No","0","No","https://www.tiktok.com/@4uraa11"
"=""7227003451821474586""","","=""7191298517574517761""","zrennytss","meii","gw yg udh punya😳😂","28/4/2023, 14.45.02","0","No","4","No","https://www.tiktok.com/@zrennytss"
"=""7227103948833817371""","=""7227003451821474586""","=""7222202488329634842""","farzxz_1333","farz137","mana bg bgi","28/4/2023, 21.14.47","0","No","","","https://www.tiktok.com/@farzxz_1333"
"=""7227068153983992581""","=""7227003451821474586""","=""6907195537108517890""","arnaaulia1","arna Aulia","mau dong","28/4/2023, 18.55.36","0","No","","","https://www.tiktok.com/@arnaaulia1"
"=""7227009446932448027""","=""7227003451821474586""","=""7059534942569169922""","username19020312","nniissaa_","mau dongg","28/4/2023, 15.08.17","0","No","","","https://www.tiktok.com/@username19020312"
"=""7227003780453221147""","=""7227003451821474586""","=""6969775233466074114""","prestianyhana","hana","lokit nganb","28/4/2023, 14.46.16","0","No","","","https://www.tiktok.com/@prestianyhana"
"=""7227002539492852507""","","=""6992096627826476037""","_v1aaaaa","pia","mauuu","28/4/2023, 14.41.22","0","No","1","No","https://www.tiktok.com/@_v1aaaaa"
"=""7227076276212515611""","=""7227002539492852507""","=""7063381106058740737""","guegfjeno_","Zaa Suka Jeno.◜◡◝","di twitter ad kok","28/4/2023, 19.27.22","0","No","","","https://www.tiktok.com/@guegfjeno_"
"=""7227002383359230746""","","=""6764315299318105089""","md.setyawan","00.04°✓","hnya kegiatan biasa","28/4/2023, 14.40.44","0","No","0","No","https://www.tiktok.com/@md.setyawan"
"=""7227001689366201115""","","=""6657816209432690689""","subaryxzz","𝐁𝐚𝐤𝐫𝐨𝐨𝐧","yg blum tau mari cari tau😂","28/4/2023, 14.38.08","0","No","0","No","https://www.tiktok.com/@subaryxzz"
"=""7227001645082493723""","","=""6983120478726636546""","ntannyra","intannn","@ana💥","28/4/2023, 14.37.56","0","No","1","No","https://www.tiktok.com/@ntannyra"
"=""7227003824883057435""","=""7227001645082493723""","=""7153544033968407554""","_ndnfa","ana","njaii","28/4/2023, 14.46.20","0","No","","","https://www.tiktok.com/@_ndnfa"
"=""7227001233142367003""","","=""6848783753977611266""","dike_angraaini","dike_angraaini","Lima puluhh😂","28/4/2023, 14.36.12","0","No","0","No","https://www.tiktok.com/@dike_angraaini"
"=""7226999989137867547""","","=""6940463905613399041""","ainunnanang","Boboiboy","@Mas_Ahmad yareh gell","28/4/2023, 14.31.33","0","No","0","No","https://www.tiktok.com/@ainunnanang"
"=""7226998963344458502""","","=""7113817704058110978""","ipehaja45","ipehaja45","sumpah ga ngerti ,apa aku memang ga tau ketinggalan ya","28/4/2023, 14.27.10","0","No","0","No","https://www.tiktok.com/@ipehaja45"
"=""7226998809221694234""","","=""6953058881719780353""","gctiater","ry","astagfirullah jagan di sebarin kasihan loh aibnya di sebar dmna""😌jadi kasian liat kakaknya😔","28/4/2023, 21.31.28","0","No","0","No","https://www.tiktok.com/@gctiater"
"=""7226994138469237531""","","=""7043778882650539014""","trihaikalmulyaniputra","ig:trihaikal_","sama bang","28/4/2023, 20.15.17","0","No","0","No","https://www.tiktok.com/@trihaikalmulyaniputra"
"=""7226992180396884762""","","=""7161701053624501274""","itz_via_27","siskaa","astaghfirullah haladim","28/4/2023, 14.01.18","0","No","0","No","https://www.tiktok.com/@itz_via_27"
"=""7226992045218235162""","","=""6906418203611366402""","ramdanim22","R","@krisna_mi","28/4/2023, 14.00.42","0","No","0","No","https://www.tiktok.com/@ramdanim22"
"=""7226989738607002395""","","=""6538938449636966401""","pakuning19","Tanpa Nama","ini mode hijab ya gaes yak😂😂😂 klo udh mode warr beuhhhhh dahsyat.. single fighter....😁","28/4/2023, 13.51.43","0","No","0","No","https://www.tiktok.com/@pakuning19"
"=""7226989484654592774""","","=""7198161284352279553""","peju4ngringgit","💢bang reges💯","kirim","28/4/2023, 13.50.28","0","No","0","No","https://www.tiktok.com/@peju4ngringgit"
"=""7226989278399808282""","","=""7212136183300080642""","piansiregar123","Pian Siregar","anjir gua bisa gak tau yh","28/4/2023, 13.50.00","0","No","0","No","https://www.tiktok.com/@piansiregar123"
"=""7226988665489572634""","","=""6906706042467107841""","deriz_93","deriz_93","ketika tangan jadi andalan😂","28/4/2023, 13.47.28","0","No","0","No","https://www.tiktok.com/@deriz_93"
"=""7226988522728227589""","","=""6997569718781625346""","aisyadel","𝓐","uda uda kasian","28/4/2023, 13.46.43","0","No","0","No","https://www.tiktok.com/@aisyadel"
"=""7226988359209009946""","","=""7156460017498129414""","manusia_hancurr","Manusia hancur-sehancurnya","heh kesian woy dia gk salah cmn ada yang nyebarin karna hp nya ilang
dia jadi malu kalo keluar","28/4/2023, 13.46.17","0","No","2","No","https://www.tiktok.com/@manusia_hancurr"
"=""7233556953175016219""","=""7226988359209009946""","=""7156460017498129414""","manusia_hancurr","Manusia hancur-sehancurnya","maaf ga dulu","16/5/2023, 06.36.21","0","No","","","https://www.tiktok.com/@manusia_hancurr"
"=""7231865694957568794""","=""7226988359209009946""","=""7129856828452733978""","inii_aallll","All",":https://khaddavi.net/tt817 FULL ALBUM NO PW","11/5/2023, 17.12.49","0","No","","","https://www.tiktok.com/@inii_aallll"
"=""7226986009223971611""","","=""6959126105375966213""","aca_xye","acaa.","pnya tpi saat di donwnlod kn bisq tuh tpi saat udg slesai kedonwlond kita hrus estrak/masukin kta sndi aku gk tau kta sndiny yg tau bisa kasih tau gk","28/4/2023, 13.37.08","0","No","0","No","https://www.tiktok.com/@aca_xye"
"=""7226985926449546011""","","=""6899626698586506242""","debeobei_05","debeobei","kasian woi jangan di sebarin ..kelen nanggung dosanya","28/4/2023, 19.17.11","0","No","0","No","https://www.tiktok.com/@debeobei_05"
"=""7226985843235390209""","","=""7172543278335345666""","shrlggk","22 𝘼𝙥𝙧𝙞𝙡","Berbagi itu indah lo, bagi bagi dong 😁","28/4/2023, 13.36.23","0","No","0","No","https://www.tiktok.com/@shrlggk"
"=""7226985776255451910""","","=""6867497516327339013""","nizamgai","NIZAM","bgi² lh walaupun 1 aj gpp😌😌","28/4/2023, 13.35.59","0","No","0","No","https://www.tiktok.com/@nizamgai"
"=""7226980932569105178""","","=""7208110691612869633""","ahmadzaini.gmail.com","Laaakecill💋","maksud Vidio itu apa bngt","28/4/2023, 13.17.29","0","No","0","No","https://www.tiktok.com/@ahmadzaini.gmail.com"
"=""7226979915887264539""","","=""6833166119534298113""","ro_tv_channel","ROtv","pdhal cntik😳tp sayang🥱","28/4/2023, 13.13.40","0","No","0","No","https://www.tiktok.com/@ro_tv_channel"
"=""7226979887587558170""","","=""6959829626684441605""","dka1122","433","𝘼𝙙𝙖 𝘿𝙞 𝙋𝙧𝙤𝙛𝙞𝙡 𝙆𝙪😝","28/4/2023, 13.13.24","0","No","0","No","https://www.tiktok.com/@dka1122"
"=""7226979092615365403""","","=""6865626897356964866""","an_story96","彡AN_ˢᵀᴼᴿʸ彡","orang polos mau tau jg nie","28/4/2023, 13.10.16","0","No","0","No","https://www.tiktok.com/@an_story96"
"=""7226978935044850459""","","=""6884110064613999617""","apasiiigajeeee","heni","link anjinh","28/4/2023, 13.09.51","0","No","0","No","https://www.tiktok.com/@apasiiigajeeee"
"=""7226978721021444890""","","=""6867507232268715010""","tahuwalikmbknanajos","01017","sehat² buat cwo² yg belum liat☺️☝️","28/4/2023, 13.08.52","0","No","0","No","https://www.tiktok.com/@tahuwalikmbknanajos"
"=""7226978391856186138""","","=""7148753451887248386""","ashaacuyy","saa","Alhamdulillah belum liat","28/4/2023, 13.07.29","0","No","0","No","https://www.tiktok.com/@ashaacuyy"
"=""7226977927966671617""","","=""6912791387943814145""","marlon_jawapride","Taurus","dosa jariyah bro","28/4/2023, 13.05.34","0","No","0","No","https://www.tiktok.com/@marlon_jawapride"
"=""7226975369147237146""","","=""7154740565089715201""","tegaarr31","ist_byii","tobat bro lu di pandang baik di luar sana karena aib lu masih tertutup karena Allah 🥰","28/4/2023, 12.55.47","0","No","0","No","https://www.tiktok.com/@tegaarr31"
"=""7226971513949192986""","","=""6883851220084769793""","citrayuliana37","[30/7 19.41] 💐: Ay","@wulann","28/4/2023, 19.05.46","0","No","0","No","https://www.tiktok.com/@citrayuliana37"
"=""7226969115151860507""","","=""7181823711728747521""","rhmaaanisaa6","Ra___777⚡","akhir jaman😌","28/4/2023, 12.31.46","0","No","0","No","https://www.tiktok.com/@rhmaaanisaa6"
"=""7226969082250216219""","","=""7006128619807589377""","muhammadadiputra68","Adiputra","Nora sumpah lu min,lu baru nyebur yah.udah lama viral nya.malah ditambah viral lagi di tiktok bayangin posisi lu disitu gimana perasaan nya","28/4/2023, 12.31.25","0","No","0","No","https://www.tiktok.com/@muhammadadiputra68"
"=""7226966515638731547""","","=""7127168458806772738""","hairilmusab67","Hairil mus'ab","Rill Cucu Sugiono😂","28/4/2023, 12.21.34","0","No","0","No","https://www.tiktok.com/@hairilmusab67"
"=""7226966215250887450""","","=""7026937482370040859""","user5764037133584","Rian132","B aja padahal","28/4/2023, 12.20.23","0","No","0","No","https://www.tiktok.com/@user5764037133584"
"=""7226966042337198874""","","=""7037443462144410625""","uduksoposopo15","YpA15","ku kira??
dan ternyata...","28/4/2023, 12.19.49","0","No","0","No","https://www.tiktok.com/@uduksoposopo15"
"=""7226966009918718725""","","=""6943544423636632577""","iraaaa771","gperlutauu","@fitrisyaurahmi","28/4/2023, 12.19.18","0","No","0","No","https://www.tiktok.com/@iraaaa771"
"=""7226965980621521691""","","=""6832847640105141250""","rrrpenasaran","rrrpenasaran","yg ga tau itu rahasia cewek masa g tau☺️","28/4/2023, 17.30.06","0","No","0","No","https://www.tiktok.com/@rrrpenasaran"
"=""7226961869205635866""","","=""6960170776734450694""","ariya_nandi11","ARIYA NANDI_11🇵🇹","apa sih,kok kakak tu lewat beranda mulu🤔","28/4/2023, 12.03.32","0","No","0","No","https://www.tiktok.com/@ariya_nandi11"
"=""7226961146452099867""","","=""7207296987326514203""","shelllaaaaa_aeeeee","shella","gw adaa nihh","28/4/2023, 12.00.55","0","No","0","No","https://www.tiktok.com/@shelllaaaaa_aeeeee"
"=""7226960372027917082""","","=""6960877940494418949""","chuaks_hlab","ChuaKs_HLAB","gw ada ni cuma 8 vidionya","28/4/2023, 11.57.47","0","No","0","No","https://www.tiktok.com/@chuaks_hlab"
"=""7226959696287171354""","","=""7015899140480812034""","_abellkuu","abell","gwe punyaa 🙏","28/4/2023, 11.55.03","0","No","0","No","https://www.tiktok.com/@_abellkuu"
"=""7226957591557243674""","","=""7035245857402307585""","nyiuwnyiuw","apingg🎀","kasian loh","28/4/2023, 11.47.07","0","No","0","No","https://www.tiktok.com/@nyiuwnyiuw"
"=""7226955227316405018""","","=""7093503704384848897""","mirrorball242","rice cakes","kasian aib nya diumbar kemana mana😔","28/4/2023, 11.37.58","0","No","0","No","https://www.tiktok.com/@mirrorball242"
"=""7226954528787546886""","","=""7126167325447390209""","kyalaayw","³","apa sihh ini","28/4/2023, 11.34.48","0","No","0","No","https://www.tiktok.com/@kyalaayw"
"=""7226954471891321626""","","=""7204791874757215233""","isriwiltai","xyrghb","gw liat di twitter ngk bisa di buka, njirr padahal penasaran tingkat dewa","28/4/2023, 11.34.44","0","No","0","No","https://www.tiktok.com/@isriwiltai"
"=""7226954401095795482""","","=""6891908369737597954""","_siall","huhaheho","gua punya semuaaa vid sm ft nya","28/4/2023, 16.57.43","0","No","2","No","https://www.tiktok.com/@_siall"
"=""7228796754722833178""","=""7226954401095795482""","=""6891908369737597954""","_siall","huhaheho","follow","3/5/2023, 15.12.01","0","No","","","https://www.tiktok.com/@_siall"
"=""7227042230107767579""","=""7226954401095795482""","=""7151568237812220954""","iamchicken23","YourOnlyRma","bgi","28/4/2023, 17.15.24","0","No","","","https://www.tiktok.com/@iamchicken23"
"=""7226952681020490523""","","=""7037093673280570370""","andyysputraaa","Andi_","gua punya semua foto dan video,baru aja siap nonton sambil menyendiri😁","28/4/2023, 11.27.55","0","No","0","No","https://www.tiktok.com/@andyysputraaa"
"=""7226952636711764762""","","=""7208896241563075611""","muhcagil","extrajos. 😶‍🌫️","emang ini cewek napa","28/4/2023, 11.27.45","0","No","0","No","https://www.tiktok.com/@muhcagil"
"=""7226952587575051034""","","=""6841176177068475393""","abbasarifin","Abbas Arifin","pemersatu bangsa","28/4/2023, 11.27.22","0","No","0","No","https://www.tiktok.com/@abbasarifin"
"=""7226950367500796699""","","=""6864530924181996546""","dirisendiri_123","me","hati hati ya para cewek kalau kayak gini malah dapet dosa jariyah","28/4/2023, 11.18.53","0","No","0","No","https://www.tiktok.com/@dirisendiri_123"
"=""7226948941795132186""","","=""7202534971221935130""","abdul_mawon","pengagum rahasiamu","uda nnton aku","28/4/2023, 11.13.39","0","No","1","No","https://www.tiktok.com/@abdul_mawon"
"=""7226954227892110106""","=""7226948941795132186""","=""6897161328726410241""","gesa788","gezaa","bagiii","28/4/2023, 11.33.52","0","No","","","https://www.tiktok.com/@gesa788"
"=""7226948776743666458""","","=""6808504245869020161""","apririzky4","Bocah cemen","Asatjim 😂","28/4/2023, 15.36.58","0","No","0","No","https://www.tiktok.com/@apririzky4"
"=""7226948321200571162""","","=""7171669289567667201""","0805azasyach_","1411.cz","lama lama gw banting ni hp, fyp isinya syakira mulu","28/4/2023, 11.10.54","0","No","0","No","https://www.tiktok.com/@0805azasyach_"
"=""7226948186148455195""","","=""6605736988056698881""","queen03.24","yusob677","krmlah dlu","28/4/2023, 16.42.31","0","No","0","No","https://www.tiktok.com/@queen03.24"
"=""7226947917633913627""","","=""7120155112949023745""","amelput15","mell","hhha bang gw mah di sembunyiin vdio nyaa🤣","28/4/2023, 11.09.41","0","No","0","No","https://www.tiktok.com/@amelput15"
"=""7226947511284826906""","","=""7200164684253709318""","hinatachan1686gxe0","hinatachan1686","ada apa sih penasaran aq","28/4/2023, 16.42.54","0","No","0","No","https://www.tiktok.com/@hinatachan1686gxe0"
"=""7226946918593053467""","","=""6962733856059704322""","imbajr.4","imba jr.🔥","anjir gua udh liat..","28/4/2023, 20.01.56","0","No","0","No","https://www.tiktok.com/@imbajr.4"
"=""7226946898198987547""","","=""7097571595837359130""","jnrdy_ady","APEK ADI","👍","28/4/2023, 11.05.27","0","No","0","No","https://www.tiktok.com/@jnrdy_ady"
"=""7226946754997486362""","","=""6835174874874086402""","hau.a","shaa ⋆.𐙚 ̊","bagii dng pgn tauu jg","28/4/2023, 11.04.59","0","No","0","No","https://www.tiktok.com/@hau.a"
"=""7226942838528197403""","","=""6918763092953465858""","efendol","Rhamd Efendy","info link","28/4/2023, 10.49.43","0","No","0","No","https://www.tiktok.com/@efendol"
"=""7226942469682086683""","","=""7019682757987173378""","putraaji5959","Ajisaka","Karna penasaran jdinya aq cari videonya, trnyata ketemu juga...
Astagfirullah...","28/4/2023, 19.51.57","0","No","0","No","https://www.tiktok.com/@putraaji5959"
"=""7226941790070326043""","","=""6887795832860034050""","xyourrpm","🐣","kasian dia bang","28/4/2023, 10.45.58","0","No","1","No","https://www.tiktok.com/@xyourrpm"
"=""7226942032907502363""","=""7226941790070326043""","=""6881135263276450821""","dreyyaacc","drey🍓","iya","28/4/2023, 10.46.40","0","No","","","https://www.tiktok.com/@dreyyaacc"
"=""7226941498394182427""","","=""7130545299093521435""","putra07580","pk.lurah","awok² mantap","28/4/2023, 10.44.43","0","No","0","No","https://www.tiktok.com/@putra07580"
"=""7226939986801017626""","","=""6811035655708296194""","vv.muttt","Tiaa🕊️","ituh temen gw","28/4/2023, 10.39.06","0","No","0","No","https://www.tiktok.com/@vv.muttt"
"=""7226939824622961435""","","=""6996163566680228865""","gemini_18696","Gemini","hadeh isi fyp syakirah terus","28/4/2023, 10.38.03","0","No","0","No","https://www.tiktok.com/@gemini_18696"
"=""7226939368890942235""","","=""6854902951879361538""","acuy59","acuy59","bagi gan","28/4/2023, 10.36.21","0","No","0","No","https://www.tiktok.com/@acuy59"
"=""7226936506984039195""","","=""7181344709008344091""","laalbicelleste7","albiceleste","heran yaa begituan di vidio sendiri aduh gak ngerti dah😂","28/4/2023, 10.25.35","0","No","0","No","https://www.tiktok.com/@laalbicelleste7"
"=""7226936374116860698""","","=""6967466917515559938""","arkaneysaalfhar15","DAENG Ark","Kirim lag","28/4/2023, 10.24.59","0","No","0","No","https://www.tiktok.com/@arkaneysaalfhar15"
"=""7226935746174714650""","","=""6685296123366982658""","ctrcllst","c","ha?","28/4/2023, 10.22.28","0","No","0","No","https://www.tiktok.com/@ctrcllst"
"=""7226934856034206490""","","=""7171537536497583109""","nokjanah4","cahaya Surya","gw gak ngerti anjing","28/4/2023, 10.18.56","0","No","0","No","https://www.tiktok.com/@nokjanah4"
"=""7226932734794597147""","","=""6611174919114997761""","entokji","andayan","hrusnya jngan difiralkan karna setiap orang pasti juga pernah begitu.","28/4/2023, 10.10.48","0","No","0","No","https://www.tiktok.com/@entokji"
"=""7226929256604009222""","","=""6947627357551199233""","mrss_3036","S_S","the real perawan 🫰🇮🇩🫢","28/4/2023, 09.56.39","0","No","0","No","https://www.tiktok.com/@mrss_3036"
"=""7226928374785590043""","","=""6709337759591236610""","secndxz_","🐊","@M ?","28/4/2023, 15.04.41","0","No","0","No","https://www.tiktok.com/@secndxz_"
"=""7226928243201524507""","","=""7156820269670450181""","andidadanf","user139792253068","assalamualaikum 😅","28/4/2023, 14.35.54","0","No","0","No","https://www.tiktok.com/@andidadanf"
"=""7226926608044311323""","","=""7077816527328920602""","nostalgiaaa72","RIVAN L.A.","gua tebak pasti lantai kamar mandi nya warna hijau+berbulu😂","28/4/2023, 09.47.08","0","No","0","No","https://www.tiktok.com/@nostalgiaaa72"
"=""7226924974736687899""","","=""7075392668990489602""","ridoramadhan28","CR","Inget Dosa Bng","28/4/2023, 09.40.48","0","No","0","No","https://www.tiktok.com/@ridoramadhan28"
"=""7226923900504113947""","","=""6992814964114392066""","barra.shakeel","Bara Shakeel","full album tersusun rapi ni boss 😁","28/4/2023, 09.36.42","0","No","0","No","https://www.tiktok.com/@barra.shakeel"
"=""7226917159590806299""","","=""6972133658580763649""","kikiadit_","ikyy⚡","cantik sih,tapi sayang","28/4/2023, 17.20.22","0","No","0","No","https://www.tiktok.com/@kikiadit_"
"=""7226916391973864218""","","=""6529683512784928770""","mualihmuatir26","MTC OFFICIAL","mantap 😅","28/4/2023, 09.07.31","0","No","2","No","https://www.tiktok.com/@mualihmuatir26"
"=""7227009311942673179""","=""7226916391973864218""","=""6934578498774926337""","nnevay","ricaa es cream🍨","ke gt pink?","28/4/2023, 15.07.44","0","No","","","https://www.tiktok.com/@nnevay"
"=""7226937036870583067""","=""7226916391973864218""","=""6886841535641568258""","ridhosaputra237","ridho🐍","pink bro","28/4/2023, 10.27.20","1","No","","","https://www.tiktok.com/@ridhosaputra237"
"=""7226914535437239067""","","=""6863473137448600578""","sahim.com1","@SAhim","gue hnya punya 16 vidio","28/4/2023, 09.00.33","0","No","0","No","https://www.tiktok.com/@sahim.com1"
"=""7226907740390998811""","","=""6817332149763998722""","mas_henkkk","MAS HENKKK","up","28/4/2023, 08.33.40","0","No","0","No","https://www.tiktok.com/@mas_henkkk"
"=""7226904161600815877""","","=""6854984239450227714""","mejikom45","sekutu om walid","info2","28/4/2023, 08.19.17","0","No","0","No","https://www.tiktok.com/@mejikom45"
"=""7226898657105412891""","","=""6861121765260657665""","alot466","Tisu_kering🫆","yg d kasih pap kurang beruntung apa LG, gua aja nonton deg2 an😂","28/4/2023, 07.58.28","0","No","0","No","https://www.tiktok.com/@alot466"
"=""7226898519863952155""","","=""6858033149240574977""","wongspele125","WONG SPELE","ingat tujuan kita king","28/4/2023, 07.58.04","0","No","0","No","https://www.tiktok.com/@wongspele125"
"=""7226897510710231814""","","=""7205974837444772891""","asmaramlbb1","Boleh Panggil Az🔍","luar dalam cantik 🥰","28/4/2023, 07.53.30","0","No","0","No","https://www.tiktok.com/@asmaramlbb1"
"=""7226896526475330331""","","=""6866953817511756801""","al_farizqy_72","Afif AL_Farizqy_999","padahal ada yang baru lagi ee yang viral stakira 😅","28/4/2023, 07.50.26","0","No","0","No","https://www.tiktok.com/@al_farizqy_72"
"=""7226893678534411035""","","=""7178154040927847450""","muh.haikalputra1","Ikal07","njrrr gueee kepoooo","28/4/2023, 07.39.37","0","No","0","No","https://www.tiktok.com/@muh.haikalputra1"
"=""7226891384233919258""","","=""6782404781643727874""","4tak4","Angga 4tak","Alhamdulillah masih gg tau nonton.. gg nyangka iman ku masih tebel ☺️","28/4/2023, 07.30.38","0","No","0","No","https://www.tiktok.com/@4tak4"
"=""7226887508583432986""","","=""6985958214328206337""","rojekcongslet","rojek slenge'an","bagi woi sombong banget lu pada","28/4/2023, 07.15.38","0","No","0","No","https://www.tiktok.com/@rojekcongslet"
"=""7226887005975511835""","","=""6896986026293363713""","rullcute023","rinaᥫ᭡ᥫ᭡","ingat tujuan mu king 👑","28/4/2023, 13.48.05","0","No","0","No","https://www.tiktok.com/@rullcute023"
"=""7226882330287391515""","","=""6897093372772598789""","kicong03","@Wahyu","coba minta bang😁","28/4/2023, 14.57.42","0","No","0","No","https://www.tiktok.com/@kicong03"
"=""7226881856938296090""","","=""6874797935437431810""","katuaan1","AhMaD","bagi dong bang gue lebih butuh ini dari pada thr","28/4/2023, 06.53.23","0","No","0","No","https://www.tiktok.com/@katuaan1"
"=""7226880891015562010""","","=""6958825407404721157""","bekti191","Rizki Subekti","aku punya😂","28/4/2023, 06.49.47","0","No","0","No","https://www.tiktok.com/@bekti191"
"=""7226879195451507482""","","=""7181553605551424514""","shen_angelis","suseje","kesian ama ka shakira pasti ďia trauma","28/4/2023, 06.43.09","0","No","0","No","https://www.tiktok.com/@shen_angelis"
"=""7226877447861355290""","","=""7054768693951218715""","12yuhu_","🕸","bang jgn di bagiin y itu aib kasian kakak nya ntr abg juga dosa jariyah lohh","28/4/2023, 06.36.34","0","No","0","No","https://www.tiktok.com/@12yuhu_"
"=""7226875961085264667""","","=""7054130295386096641""","macdemarcofan924","nathann","gak dibuka kok bg","28/4/2023, 06.30.39","0","No","0","No","https://www.tiktok.com/@macdemarcofan924"
"=""7226875357555114779""","","=""7014941922704589825""","keanumorrysvaendi","Kazekage morrrys","skip","28/4/2023, 06.28.26","0","No","0","No","https://www.tiktok.com/@keanumorrysvaendi"
"=""7226874383184626458""","","=""7002149110006645766""","ferieka18","BANGJAZZ","untung punya videonya","28/4/2023, 06.24.33","0","No","0","No","https://www.tiktok.com/@ferieka18"
"=""7226871909869372186""","","=""7132299963741160474""","jupjoker","ahmad","dh lha gk ngerti ajg","28/4/2023, 06.14.36","0","No","0","No","https://www.tiktok.com/@jupjoker"
"=""7226871357819159322""","","=""6751717384321451009""","wanggujr","Wanggu Jr","rasa penasaranq udah terobati,,,total 16 mp4,,masih mencari kurangnya 🥰","28/4/2023, 06.12.32","0","No","0","No","https://www.tiktok.com/@wanggujr"
"=""7226869268280509210""","","=""6958798957808059398""","sigabepartombus","sigabepartombus","dah gw liat pun smua vidio nya 😏","28/4/2023, 06.04.35","0","No","0","No","https://www.tiktok.com/@sigabepartombus"
"=""7226866088692105990""","","=""7180830800027485211""","xyz_byhanz","Fidsukanasi","buat umat muslim jangan di umbar atw di cari , soalny dlm islam tidak di perbolehkan","28/4/2023, 10.55.58","0","No","0","No","https://www.tiktok.com/@xyz_byhanz"
"=""7226858741667545883""","","=""7139488966331696154""","fikkk2606","₳•BABYBOY","aib orang kawan","28/4/2023, 05.23.26","0","No","0","No","https://www.tiktok.com/@fikkk2606"
"=""7226850775116645146""","","=""6953438589490283521""","rizkiii371","R","team sat set","28/4/2023, 04.52.44","0","No","0","No","https://www.tiktok.com/@rizkiii371"
"=""7226838241445708571""","","=""6967512945526817794""","lucyy000","EL rey","maaf sebelumnya bang aku jga udh punya 😅","28/4/2023, 04.03.58","0","No","3","No","https://www.tiktok.com/@lucyy000"
"=""7227010452126761754""","=""7226838241445708571""","=""7040270698552755206""","sahiraaaamani","akuuuuuu sahiraa","bagiii","28/4/2023, 15.12.04","0","No","","","https://www.tiktok.com/@sahiraaaamani"
"=""7226868155888796443""","=""7226838241445708571""","=""6967512945526817794""","lucyy000","EL rey","🤚aku sudah punya","28/4/2023, 06.00.23","0","No","","","https://www.tiktok.com/@lucyy000"
"=""7226867231857967898""","=""7226838241445708571""","=""6976217056270205954""","prayuda8","prayuda'obey","𝘼𝙙𝙖 𝘿𝙞 𝙋𝙧𝙤𝙛𝙞𝙡 𝙆𝙪🥺🥺","28/4/2023, 05.56.45","0","No","","","https://www.tiktok.com/@prayuda8"
"=""7226837093501879066""","","=""7115225288287765531""","stand_.upps","dhikaa","coba bang krim","28/4/2023, 03.59.27","0","No","0","No","https://www.tiktok.com/@stand_.upps"
"=""7226836141155533594""","","=""7163322109480158235""","rgjoooo","tidak tahu","buat pelajaran bagi yg lain... betapa mudahnya bagi allah","28/4/2023, 03.55.38","0","No","0","No","https://www.tiktok.com/@rgjoooo"
"=""7226832090779091738""","","=""6898035014090081282""","perdi_sebastian","perdi","aku ada 10 video","28/4/2023, 03.39.53","0","No","1","No","https://www.tiktok.com/@perdi_sebastian"
"=""7226867270604817178""","=""7226832090779091738""","=""6976217056270205954""","prayuda8","prayuda'obey","𝘼𝙙𝙖 𝘿𝙞 𝙋𝙧𝙤𝙛𝙞𝙡 𝙆𝙪🥺🥺","28/4/2023, 05.56.47","0","No","","","https://www.tiktok.com/@prayuda8"
"=""7226827557936186139""","","=""6954570084518315009""","a_pha_","seru_","@sya.5919 neh","28/4/2023, 03.22.17","0","No","0","No","https://www.tiktok.com/@a_pha_"
"=""7226827514663043867""","","=""7195378101475755034""","gilabola_9","GILA BOLA","masih bocil..","28/4/2023, 03.22.02","0","No","1","No","https://www.tiktok.com/@gilabola_9"
"=""7226867255862395675""","=""7226827514663043867""","=""6976217056270205954""","prayuda8","prayuda'obey","𝘼𝙙𝙖 𝘿𝙞 𝙋𝙧𝙤𝙛𝙞𝙡 𝙆𝙪😳😳","28/4/2023, 05.56.51","0","No","","","https://www.tiktok.com/@prayuda8"
"=""7226824575626085147""","","=""6958695831961338886""","1lakilakibrengsek","Siapa","gw jg ada cmn bedanya gw gk pamer, nikmatin aja sndirii tanpa d sebar luaskan","28/4/2023, 03.10.35","0","No","0","No","https://www.tiktok.com/@1lakilakibrengsek"
"=""7226819113245836059""","","=""7027779235821765634""","dolphinthelimit",".","emang apaan ya we.. gw cowok gamer ga tau yang viral"" apaan dah","28/4/2023, 02.49.27","0","No","1","No","https://www.tiktok.com/@dolphinthelimit"
"=""7226867289642844954""","=""7226819113245836059""","=""6976217056270205954""","prayuda8","prayuda'obey","𝘼𝙙𝙖 𝘿𝙞 𝙋𝙧𝙤𝙛𝙞𝙡 𝙆𝙪🥺🥺","28/4/2023, 05.56.53","0","No","","","https://www.tiktok.com/@prayuda8"
"=""7226816652389319451""","","=""6975331358693917698""","im_kojel325","im_KoJEL","bagi bang","28/4/2023, 02.39.57","0","No","0","No","https://www.tiktok.com/@im_kojel325"
"=""7226812434509972250""","","=""7223826144348734465""","partirur","jezalchristian","bagi lah bg","28/4/2023, 02.23.42","0","No","0","No","https://www.tiktok.com/@partirur"
"=""7226810917203198746""","","=""7012835404824134658""","prapucinno","tataa 🐞🐞","yang udh nonton 🗿💅","28/4/2023, 02.17.45","0","No","0","No","https://www.tiktok.com/@prapucinno"
"=""7226810433579205402""","","=""7107198901123597314""","awentyg","You","kirm Napa si pelit amat😏😏","28/4/2023, 02.15.55","0","No","0","No","https://www.tiktok.com/@awentyg"
"=""7226806811608761114""","","=""6832502146564310018""","dickysartono","🔥🔥🔥","Gagal hijrah gara2 dia 🤦","28/4/2023, 02.01.51","0","No","0","No","https://www.tiktok.com/@dickysartono"
"=""7226805533843866394""","","=""6769169333504902146""","maskeceng28","kacong area","mntak vidionya bang","28/4/2023, 01.56.56","0","No","0","No","https://www.tiktok.com/@maskeceng28"
"=""7226803195039793946""","","=""6775944399245820930""","siraju1998","Muhammad Sirajuddin","semoga dg teguran ini kak syakira berubah jd jauh lebih baik lagi dan mau berubah.jangn pernah mrasa lebih baik dr kk syakira🥰","28/4/2023, 01.47.32","0","No","0","No","https://www.tiktok.com/@siraju1998"
"=""7226801204021478171""","","=""7148183795492799515""","indhragurrero_27","Bg Uccok_19","bossan kuy😅","28/4/2023, 01.40.00","0","No","1","No","https://www.tiktok.com/@indhragurrero_27"
"=""7226867596666422042""","=""7226801204021478171""","=""6976217056270205954""","prayuda8","prayuda'obey","𝘼𝙙𝙖 𝘿𝙞 𝙋𝙧𝙤𝙛𝙞𝙡 𝙆𝙪😳😳","28/4/2023, 05.58.10","0","No","","","https://www.tiktok.com/@prayuda8"
"=""7226799183558247195""","","=""6937488146981618689""","knyongee","Ek.story♻️","adakah sedekahh","28/4/2023, 01.32.13","0","No","0","No","https://www.tiktok.com/@knyongee"
"=""7226798374405505819""","","=""6892709039768962050""","kruger_37","D.","jagalah aib saudara sesama muslim insya Allah ntar di hari kiamat Allah akan sembunyikan aib mu kawan","28/4/2023, 01.29.00","0","No","0","No","https://www.tiktok.com/@kruger_37"
"=""7226798243530523418""","","=""6809131042878309378""","agiarff","Agi Arff","hidupkan VPN mu dan mari telusuri google mu🤣","28/4/2023, 01.28.31","0","No","0","No","https://www.tiktok.com/@agiarff"
"=""7226790898062263066""","","=""6654239194023591938""","rivalalexsa.0","_KONCO 12_","@rikodwiaguss","28/4/2023, 00.59.53","0","No","1","No","https://www.tiktok.com/@rivalalexsa.0"
"=""7226790941590487835""","=""7226790898062263066""","=""6654239194023591938""","rivalalexsa.0","_KONCO 12_","cek cek","28/4/2023, 01.00.06","0","No","","","https://www.tiktok.com/@rivalalexsa.0"
"=""7226787457982546714""","","=""7217808031216075783""","drunnk.text","Nann","@𝙎𝙖𝙡𝙯𝙖. Iki opo se kok fyp truss","28/4/2023, 00.46.36","0","No","1","No","https://www.tiktok.com/@drunnk.text"
"=""7226867697089512218""","=""7226787457982546714""","=""6976217056270205954""","prayuda8","prayuda'obey","𝘼𝙙𝙖 𝘿𝙞 𝙋𝙧𝙤𝙛𝙞𝙡 𝙆𝙪🥺🥺","28/4/2023, 05.58.22","0","No","","","https://www.tiktok.com/@prayuda8"
"=""7226786647093429019""","","=""7213759721390949402""","janet01945","janet01945","kasian cu","28/4/2023, 00.43.27","0","No","0","No","https://www.tiktok.com/@janet01945"
"=""7226783784401027846""","","=""7170640502046999554""","utara36rafi","rafi","yg lain mantap bro buah rambutan nya aja lpa mau di buang rambut nya hahaha","28/4/2023, 00.32.10","0","No","0","No","https://www.tiktok.com/@utara36rafi"
"=""7226777400468947738""","","=""6787743137789674498""","taufiq________","Taufiq","inilah kenapa tujuan gw selalu gagal karena tak kuasa menahan cobaan atau godaan 😂","28/4/2023, 00.07.37","0","No","0","No","https://www.tiktok.com/@taufiq________"
"=""7226776246015771419""","","=""7170382377938650114""","fat_cat23","fat_cat23","bagi lh","28/4/2023, 00.03.02","0","No","0","No","https://www.tiktok.com/@fat_cat23"
"=""7226776207245853467""","","=""7170382377938650114""","fat_cat23","fat_cat23","BG mna bg","28/4/2023, 00.02.56","0","No","0","No","https://www.tiktok.com/@fat_cat23"
"=""7226775007849874181""","","=""6913882961587192833""","jerryjhee_6","jerryjhee","dia ngapain sih","27/4/2023, 23.58.07","0","No","0","No","https://www.tiktok.com/@jerryjhee_6"
"=""7226770123678499611""","","=""6979003937576141826""","joelsyahputralimbong","JOEL LIMBONG","info?","27/4/2023, 23.39.16","0","No","0","No","https://www.tiktok.com/@joelsyahputralimbong"
"=""7226769698104541978""","","=""6959163842697921541""","gskowgelsja","gehsjkrpebaahlw","Kuruss amat tu cewekk","27/4/2023, 23.37.47","0","No","0","No","https://www.tiktok.com/@gskowgelsja"
"=""7226766308482482971""","","=""7088688504364499970""","hanif7181","prepare","di bagi lah.walau pun itu zholim😁😁😁😁","27/4/2023, 23.24.28","0","No","0","No","https://www.tiktok.com/@hanif7181"
"=""7226763176679277339""","","=""7132137903019688987""","zoy_dabyy","zoy_dabyy","minta bng gua blom tau","27/4/2023, 23.12.29","0","No","0","No","https://www.tiktok.com/@zoy_dabyy"
"=""7226761642314875649""","","=""6967346889826894849""","mekk_king150","danil","udah bosan liat nya","27/4/2023, 23.06.23","0","No","0","No","https://www.tiktok.com/@mekk_king150"
"=""7226757033214001946""","","=""6691554105327322114""","abcdefgh475","26%🎧🐢","padahal cantik lo dia, ko bisa ya","27/4/2023, 22.48.30","0","No","0","No","https://www.tiktok.com/@abcdefgh475"
"=""7226756509056516890""","","=""7002992609472005147""","be_love___","bee__love___x_x","hoby banget manen doss","27/4/2023, 22.46.30","0","No","0","No","https://www.tiktok.com/@be_love___"
"=""7226753426088428315""","","=""7083445250911699970""","_arlanart","RevonArt","janda ni","27/4/2023, 22.34.41","0","No","0","No","https://www.tiktok.com/@_arlanart"
"=""7226753315946021658""","","=""7149303241805071361""","zahratunnisa322","zara","isine ngono kabehh","28/4/2023, 13.14.36","0","No","2","No","https://www.tiktok.com/@zahratunnisa322"
"=""7227402152808596251""","=""7226753315946021658""","=""6957926619294352385""","lshayw","e","eee cah ikii","29/4/2023, 16.31.54","1","No","","","https://www.tiktok.com/@lshayw"
"=""7227000726177071898""","=""7226753315946021658""","=""7212918695969833986""","igarayz_13","arayz","artinya apa bang Messi😂","28/4/2023, 14.34.17","0","No","","","https://www.tiktok.com/@igarayz_13"
"=""7226751867668316955""","","=""6848473358703772674""","_m4tchaenak","putriee`","cakep bner anjgh","27/4/2023, 22.28.22","0","No","0","No","https://www.tiktok.com/@_m4tchaenak"
"=""7226751861695644443""","","=""7111263734593405978""","fidigzx","XZIBIT","@yogagcembung813 golek i tod","27/4/2023, 22.28.21","0","No","3","No","https://www.tiktok.com/@fidigzx"
"=""7226906485338014491""","=""7226751861695644443""","=""6957968718265910278""","yoksskece.ya","Yoga Bukan Yogi*","hihi😂","28/4/2023, 08.29.09","0","No","","","https://www.tiktok.com/@yoksskece.ya"
"=""7226901289501360922""","=""7226751861695644443""","=""7111263734593405978""","fidigzx","XZIBIT","yo kui leh lagek viral golek i biasane we pinter ok","28/4/2023, 08.08.43","0","No","","","https://www.tiktok.com/@fidigzx"
"=""7226899452781708058""","=""7226751861695644443""","=""6957968718265910278""","yoksskece.ya","Yoga Bukan Yogi*","apane","28/4/2023, 08.01.34","0","No","","","https://www.tiktok.com/@yoksskece.ya"
"=""7226748238690796315""","","=""6896533655682827266""","khoirul2504","Khoirul Anwar","gua kasih tau cara download di web,tp follow dulu gais","27/4/2023, 22.14.34","0","No","0","No","https://www.tiktok.com/@khoirul2504"
"=""7226746621894574874""","","=""6986132736747373570""","opex_kun","Ope'x","bagi bg pliss","27/4/2023, 22.08.05","0","No","0","No","https://www.tiktok.com/@opex_kun"
"=""7226745999561638683""","","=""6955273028675142658""","uyojho.boganitotabuan","AMIN RAIS","muka pemain","27/4/2023, 22.05.49","0","No","0","No","https://www.tiktok.com/@uyojho.boganitotabuan"
"=""7226744304110535451""","","=""7177985039270642714""","yudik52","👉Yudik👈","bagi dong bg film y","27/4/2023, 21.59.09","0","No","0","No","https://www.tiktok.com/@yudik52"
"=""7226743821169083163""","","=""6960156197938250754""","ratu.disa","disaacnti🤪","ksian:( Gatau sekacau apa mental dia sekarang cuma krna cwo anj*ng","27/4/2023, 21.57.12","0","No","0","No","https://www.tiktok.com/@ratu.disa"
"=""7226743546870383387""","","=""7139438197750612994""","jiyoup","jiyoupppp🐿️🦫","kalian jahat😡😡😡😡","27/4/2023, 21.56.13","0","No","0","No","https://www.tiktok.com/@jiyoup"
"=""7226739711367398171""","","=""7156058119251969050""","strallbase","STR ALLBASE","beda orang","27/4/2023, 21.41.12","0","No","0","No","https://www.tiktok.com/@strallbase"
"=""7226739312817423130""","","=""7040050039373513730""","jlzmii","amiii.","hati² KARMA IS REAL IN YOUR LIFE.","27/4/2023, 21.39.46","0","No","0","No","https://www.tiktok.com/@jlzmii"
"=""7226738087212630811""","","=""7209396073134212114""","mukaramm8","xxramm","dh liat di ytb Ram Official di 😁","27/4/2023, 21.35.06","0","No","0","No","https://www.tiktok.com/@mukaramm8"
"=""7226736446761386779""","","=""6953547537265542146""","sarina.ina0328","272🖤","kasian banget njirt gmn perasaan ceweknya psti depresi banget coba semua orang yg dh tau diam aj gtu GK ush sebar"" gtu","27/4/2023, 21.28.44","0","No","0","No","https://www.tiktok.com/@sarina.ina0328"
"=""7226735404082234138""","","=""7051076368394896411""","_yasssss0","@yas","biasa netizen mh gini andai adek lu gitu juga apakah gk malu","27/4/2023, 21.24.36","0","No","3","No","https://www.tiktok.com/@_yasssss0"
"=""7226744799582257947""","=""7226735404082234138""","=""6953547537265542146""","sarina.ina0328","272🖤","gk mikir perasaanx ne","27/4/2023, 22.00.58","0","No","","","https://www.tiktok.com/@sarina.ina0328"
"=""7226744050597872411""","=""7226735404082234138""","=""7051076368394896411""","_yasssss0","@yas","biasa para warga +62","27/4/2023, 21.58.12","0","No","","","https://www.tiktok.com/@_yasssss0"
"=""7226736798842503962""","=""7226735404082234138""","=""6953547537265542146""","sarina.ina0328","272🖤","banget njirt","27/4/2023, 21.29.55","0","No","","","https://www.tiktok.com/@sarina.ina0328"
"=""7226733920767181595""","","=""7080969516574966810""","agungxmateriil","Agungfirdaus","yang penasaran buka playstore, download browser anti blokir, klik pencarian syakira viral tiktok
done.","27/4/2023, 21.18.58","0","No","0","No","https://www.tiktok.com/@agungxmateriil"
"=""7226732422863094554""","","=""7062968880323085313""","cmleaa_2","keYla","kasian cuyy jgn gitu lahh","27/4/2023, 21.13.03","0","No","0","No","https://www.tiktok.com/@cmleaa_2"
"=""7226732223402476315""","","=""6969055382229877765""","ajiprmana","Demonsky","cantik sih tapi sayang banget ga bisa jaga mahkota nya 😏😏","27/4/2023, 21.12.11","0","No","0","No","https://www.tiktok.com/@ajiprmana"
"=""7226730982316081947""","","=""6748621647907406850""","fandy503","efand 94","gua jadi kasihan liatnya orang tuanya perasaan gimana yah kalau tau","27/4/2023, 21.07.20","0","No","0","No","https://www.tiktok.com/@fandy503"
"=""7226729584657351450""","","=""7199588545613399066""","raflystore12","jbrafly","viral @syakiraviralgede","28/4/2023, 09.43.33","0","No","0","No","https://www.tiktok.com/@raflystore12"
"=""7226728434327044891""","","=""6970886773404795906""","alifvindo","AV","coba smua cewe cntik hp nya ilang😳,
beh tambah gede ni rudal","27/4/2023, 20.57.30","0","No","0","No","https://www.tiktok.com/@alifvindo"
"=""7226725449639969562""","","=""6562752103554367490""","selamatlelewali","PADA IDI","perempuan juga gituyah😁","27/4/2023, 20.46.03","0","No","0","No","https://www.tiktok.com/@selamatlelewali"
"=""7226724287163532059""","","=""6705751654958695425""","user9241303524541","abdul karim","bagi bg","27/4/2023, 20.41.27","0","No","0","No","https://www.tiktok.com/@user9241303524541"
"=""7226723335794508549""","","=""7186843479333700610""","fary6452","Very","Hhhh Membagikan Aib Orang. Sungguh Sempurna 😎","27/4/2023, 20.37.36","0","No","0","No","https://www.tiktok.com/@fary6452"
"=""7226722074067862299""","","=""6731253658346865666""","opet10_0",".👀","bagi dong satupun gk ada nih","27/4/2023, 20.32.53","0","No","0","No","https://www.tiktok.com/@opet10_0"
"=""7226721000989573893""","","=""6958683507217253382""","coolhand97","ČóóŁHÂŃĐ","😳😳😳","27/4/2023, 20.28.34","0","No","0","No","https://www.tiktok.com/@coolhand97"
"=""7226720773380211483""","","=""6845531386410288130""","petani_cmk","Malik","cantik luar dalam,😁","27/4/2023, 20.27.40","0","No","0","No","https://www.tiktok.com/@petani_cmk"
"=""7226720220618113798""","","=""7212996555716248584""","user265699245330","Jhonson👑","emang apaan co gue gak tauu🧐","27/4/2023, 20.25.30","0","No","2","No","https://www.tiktok.com/@user265699245330"
"=""7226724767915000581""","=""7226720220618113798""","=""7212996555716248584""","user265699245330","Jhonson👑","pensar emng knpaa","27/4/2023, 20.43.09","0","No","","","https://www.tiktok.com/@user265699245330"
"=""7226632002660778779""","=""7226720220618113798""","=""6983214343261537281""","zakyhou","mbah jek 3y","gak usah tau ntar tau😏","27/4/2023, 20.27.19","0","No","","","https://www.tiktok.com/@zakyhou"
"=""7226719974516638490""","","=""6935301027072689154""","as_f1r","𝙰𝚜𝚏𝚊𝚛","itu yang suka sebarkan aibnya orang, pasti keturunannya sama seperti itu","27/4/2023, 20.24.40","0","No","0","No","https://www.tiktok.com/@as_f1r"
"=""7226717630940791579""","","=""7122783144612660250""","arinputrim22","ariin","@bilqyis:tidak ada manusia yg luput dari kesalahan, stop jangan sebarkan vidio saya","27/4/2023, 20.15.32","0","No","0","No","https://www.tiktok.com/@arinputrim22"
"=""7226717567031853850""","","=""6836718163754435586""","aialfiaialfi","usaha barang bekas","ouhh aku baru tau ternyata ka Syakira begitu hmmmmmmm deh jd y 🙂🙃","27/4/2023, 20.15.18","0","No","0","No","https://www.tiktok.com/@aialfiaialfi"
"=""7226716763877737242""","","=""6769411062410494978""","iyan_tralala2","iyan","cek di yt KENTAL MANIS","27/4/2023, 20.12.11","0","No","0","No","https://www.tiktok.com/@iyan_tralala2"
"=""7226716316803089178""","","=""7060127026179294210""","bangb672","Bang Kum","definisi "" manusia tidak ada yang sempurna ""","27/4/2023, 20.10.35","0","No","0","No","https://www.tiktok.com/@bangb672"
"=""7226715942783370010""","","=""7017043600391504898""","iwang2820","iwang2820","ingat bro. matahari sudah mendekat ke kepala kita wkwkwk. ingat !","27/4/2023, 20.08.58","0","No","0","No","https://www.tiktok.com/@iwang2820"
"=""7226715814895321883""","","=""7049289771080549378""","ihlas325","ihlas140 kasi pahu","berbagi itu indah bang.","27/4/2023, 20.08.33","0","No","0","No","https://www.tiktok.com/@ihlas325"
"=""7226715497823060763""","","=""7185263404175787010""","hi_looksfashion","muhammad nourif","saya doakan semakin banyak yang menonton dosa untuk hisab hisabnya dialihkan kepada yang membagikan dan yang menontonnya","27/4/2023, 20.07.19","0","No","0","No","https://www.tiktok.com/@hi_looksfashion"
"=""7226715476646478619""","","=""7025860459338089498""","santrigus_iqdam","Santri_Gus Iqdam","mestinya prihatin temen2, Ini AIB jgn di sebar,,,","27/4/2023, 20.07.19","0","No","0","No","https://www.tiktok.com/@santrigus_iqdam"
"=""7226715457695351558""","","=""7123878419926254593""","_cut_isra","ESCOBAR  🔥","link 🔗","27/4/2023, 20.06.58","0","No","0","No","https://www.tiktok.com/@_cut_isra"
"=""7226714837933736730""","","=""6969052953643222018""","ramdan_ar","RARahmat","kasian woy","27/4/2023, 20.04.52","0","No","0","No","https://www.tiktok.com/@ramdan_ar"
"=""7226714394112901915""","","=""7106138168747672578""","ootdgenz.id","outfitoftheday muslimah","warga twitter sangat meresahkan 😅😅😅😅","27/4/2023, 20.03.03","0","No","0","No","https://www.tiktok.com/@ootdgenz.id"
"=""7226712233202926362""","","=""6787908174709064706""","hitammawar25","Mawar Hitam","SESUNGGUHNYA TIPU DAYA WANITA ITU SANGAT DAHSYAT ( Qs. Yusuf : 28 )","27/4/2023, 19.54.40","0","No","0","No","https://www.tiktok.com/@hitammawar25"
"=""7226711816490189574""","","=""7119310751421121562""","mafiananas","fendik aulia","saya bnyak","27/4/2023, 19.52.50","0","No","0","No","https://www.tiktok.com/@mafiananas"
"=""7226711430190646042""","","=""7133205357484835866""","kforjz","tau","selalu ketinggalan asyu","27/4/2023, 19.51.30","0","No","0","No","https://www.tiktok.com/@kforjz"
"=""7226709822959698715""","","=""7204423331080209414""","riskiikki953","riskhy","bagi bang😂😳","27/4/2023, 19.45.25","0","No","0","No","https://www.tiktok.com/@riskiikki953"
"=""7226709484282069786""","","=""6799508616250164225""","paulinnnnnnnnn_13","رينيهاندياني","apaan sih njir ketinggalan berita gue","27/4/2023, 19.44.04","0","No","0","No","https://www.tiktok.com/@paulinnnnnnnnn_13"
"=""7226709003182687003""","","=""7181856928212894746""","panteq333","panteq123","bang mau bang","27/4/2023, 19.42.10","0","No","0","No","https://www.tiktok.com/@panteq333"
"=""7226708343375840026""","","=""7164565618170987547""","promotiktok132","INFO PROMO TIKTOK","Seberapa nyeselnya dia","27/4/2023, 19.39.31","0","No","0","No","https://www.tiktok.com/@promotiktok132"
"=""7226707693675004698""","","=""6609504141214171138""","siabng5","Farel Muhammad","brang nya bgus bnget gak ada lawan galeri ku bnyak😂","27/4/2023, 19.37.14","0","No","0","No","https://www.tiktok.com/@siabng5"
"=""7226706393494373146""","","=""6935039844901798914""","benny_varyzt","🅥︎🅐︎🅡︎🅨︎🅩︎🅣︎96","𝚜𝚊𝚝𝚞 𝚏𝚘𝚕𝚍𝚎𝚛 𝚔𝚞𝚍𝚞𝚜😁😁😁","27/4/2023, 19.32.01","0","No","0","No","https://www.tiktok.com/@benny_varyzt"
"=""7226705157758092058""","","=""7047449104394077211""","kelicurgangk","aveng","bagi bang plisss😫🙏🙏🙏","27/4/2023, 19.27.18","0","No","0","No","https://www.tiktok.com/@kelicurgangk"
"=""7226705043843777306""","","=""7096383196586083330""","sadvibess219","sad_vibes🍂","gw punya 6 Cok
aslinya berapa","27/4/2023, 19.26.51","0","No","0","No","https://www.tiktok.com/@sadvibess219"
"=""7226704465352065818""","","=""7007337390353056770""","mantan_mu99","Iqball🥀","sabar dx smoga suatu sa,at ada seseorang yg bisa nrima adx apa ada nya, manusia tak pernh luput dari kslhan🤲🤲🤲🥰","27/4/2023, 19.24.30","0","No","0","No","https://www.tiktok.com/@mantan_mu99"
"=""7226701950200627995""","","=""7065628642692547585""","maira_kl","maiya🧚","knp sih njir","27/4/2023, 19.14.50","0","No","0","No","https://www.tiktok.com/@maira_kl"
"=""7226701321108783898""","","=""7107964011191698459""","celoboyk","vkso","tutup aib org lain, allah akan tutup aibmu","28/4/2023, 01.51.30","0","No","0","No","https://www.tiktok.com/@celoboyk"
"=""7226699708634776346""","","=""6958831826425840641""","sanmax321","Sanmax10","ada apa ini rame rame🌚","27/4/2023, 19.06.12","0","No","0","No","https://www.tiktok.com/@sanmax321"
"=""7226699685343265562""","","=""6985903577215124507""","supermarco010","supermarco","nyarii nya dimna bangsat","28/4/2023, 06.12.49","0","No","0","No","https://www.tiktok.com/@supermarco010"
"=""7226697520898048795""","","=""6864150672251372546""","varledold._","Varled⚡","bagi bg😁😁","27/4/2023, 18.57.42","0","No","0","No","https://www.tiktok.com/@varledold._"
"=""7226696751716303642""","","=""7146455422182294529""","zulfikal31","amel hana","bagi lh bg, 😁😁","27/4/2023, 18.54.34","0","No","0","No","https://www.tiktok.com/@zulfikal31"
"=""7226696363428791045""","","=""6786162154376365057""","grendel_fram","Rifanefendy","Bagi dok☝️","27/4/2023, 18.52.55","0","No","0","No","https://www.tiktok.com/@grendel_fram"
"=""7226692133507842842""","","=""6948780426031072258""","herrydaihatsusampit","Herry Daihatsu Sampit","bahagia sekali kalian 😏","27/4/2023, 18.36.47","0","No","0","No","https://www.tiktok.com/@herrydaihatsusampit"
"=""7226691309619462939""","","=""7064415712798131227""","mandili07","MN","jngan gara2 mau di like ato d follow.klian rela mngumbar2 aib sseorang.","27/4/2023, 23.22.23","0","No","0","No","https://www.tiktok.com/@mandili07"
"=""7226688696970740507""","","=""6965460793363301378""","duniamikroskopis","unknown","udah tersusun rapi di drive 🤣","27/4/2023, 23.26.14","0","No","0","No","https://www.tiktok.com/@duniamikroskopis"
"=""7226687674018366234""","","=""7158472526032077850""","anakmudaallinprabow","anak muda all in prabowo","udah nonton cuma 6 vidio doang adanya","27/4/2023, 18.19.27","0","No","3","No","https://www.tiktok.com/@anakmudaallinprabow"
"=""7226756473035817755""","=""7226687674018366234""","=""7158472526032077850""","anakmudaallinprabow","anak muda all in prabowo","di link webset banyak","27/4/2023, 22.46.23","0","No","","","https://www.tiktok.com/@anakmudaallinprabow"
"=""7226685975979705115""","","=""7178102364762702853""","johanes_heyper","༆Hʸᵖᵉʳ᭄★J.S","bagi bagi lahhh kak
selagi bulan suci lohhh","28/4/2023, 02.29.09","0","No","0","No","https://www.tiktok.com/@johanes_heyper"
"=""7226685825407419162""","","=""6956168100580983810""","rsjaya86","RS.86","gw paling benci dgn akun link ada dibio gw.. gk ada link yg lgsg bisa buka ja","27/4/2023, 18.12.06","0","No","0","No","https://www.tiktok.com/@rsjaya86"
"=""7226684946080842523""","","=""7198634359871915009""","icha_0853.akunkedua","cia aja","jujur dia kenapa soalnya dri kmren freya semua fyp ku","28/4/2023, 05.08.34","0","No","1","No","https://www.tiktok.com/@icha_0853.akunkedua"
"=""7226867146076619546""","=""7226684946080842523""","=""6976217056270205954""","prayuda8","prayuda'obey","𝘼𝙙𝙖 𝘿𝙞 𝙋𝙧𝙤𝙛𝙞𝙡 𝙆𝙪😁😁","28/4/2023, 05.56.34","0","No","","","https://www.tiktok.com/@prayuda8"
"=""7226684527829517083""","","=""6898660290121466881""","kade_465","kade777","idola 🤗","28/4/2023, 07.51.10","0","No","0","No","https://www.tiktok.com/@kade_465"
"=""7226684159405949701""","","=""6679652401127982082""","epan.hollix","epan'H","penasaran sama pcr nya yg mnt2 video dia gimana ya apa bertagung jwb nikahin dia 😁","27/4/2023, 18.05.36","0","No","0","No","https://www.tiktok.com/@epan.hollix"
"=""7226684130698986267""","","=""7103213878025438234""","user9133731515390","nazwasafiraa","info link","27/4/2023, 18.05.35","0","No","0","No","https://www.tiktok.com/@user9133731515390"
"=""7226684040203551514""","","=""7045561072992797722""","lhadiwr","tnclfh🚀","bagi bagi lah cuy😂","27/4/2023, 18.05.22","0","No","0","No","https://www.tiktok.com/@lhadiwr"
"=""7226683829057880858""","","=""7013339077878137858""","adrian_evano_aditiya","comel mue","qw ketinggalan rek addass","27/4/2023, 18.04.35","0","No","0","No","https://www.tiktok.com/@adrian_evano_aditiya"
"=""7226683626557424410""","","=""6894945084682175493""","yougkhen1","yong banda","bagi dong bang penasaran","28/4/2023, 05.58.00","0","No","0","No","https://www.tiktok.com/@yougkhen1"
"=""7226683411124077318""","","=""7104976172299125762""","rndyka88","Rend","udh punya😁","27/4/2023, 18.02.36","0","No","9","No","https://www.tiktok.com/@rndyka88"
"=""7226780673351861019""","=""7226683411124077318""","=""7040777787749303322""","bsjajwushs","cCcCa","mauu liattt","28/4/2023, 00.20.18","0","No","","","https://www.tiktok.com/@bsjajwushs"
"=""7226725000156283675""","=""7226683411124077318""","=""7082202833936647169""","land_sukabengbeng","beng²suka land","bagi bang","27/4/2023, 20.44.05","0","No","","","https://www.tiktok.com/@land_sukabengbeng"
"=""7226687374394917658""","=""7226683411124077318""","=""7130723642719077382""","batherfly_","𝙵𝚊𝚕𝚜𝚎 𝚑𝚘𝚙𝚎 ","Ngeri juga mbak nya","27/4/2023, 18.18.18","0","No","","","https://www.tiktok.com/@batherfly_"
"=""7226687312586244891""","=""7226683411124077318""","=""7130723642719077382""","batherfly_","𝙵𝚊𝚕𝚜𝚎 𝚑𝚘𝚙𝚎 ","Bagi bg","27/4/2023, 18.18.00","0","No","","","https://www.tiktok.com/@batherfly_"
"=""7226684100886250267""","=""7226683411124077318""","=""7151461636632200194""","gss_frnndo","Gss_frnndo","Bagi bg","27/4/2023, 18.05.33","0","No","","","https://www.tiktok.com/@gss_frnndo"
"=""7226683906249048859""","=""7226683411124077318""","=""77355924517""","indrindy4","indrindy","gmna ngirimnya wkwkw","27/4/2023, 18.04.42","0","No","","","https://www.tiktok.com/@indrindy4"
"=""7226683798762160902""","=""7226683411124077318""","=""7104976172299125762""","rndyka88","Rend","boleh aja","27/4/2023, 18.04.11","0","No","","","https://www.tiktok.com/@rndyka88"
"=""7226683613755310874""","=""7226683411124077318""","=""77355924517""","indrindy4","indrindy","bagi bng","27/4/2023, 18.03.36","0","No","","","https://www.tiktok.com/@indrindy4"
"=""7226683403315233563""","","=""7197692935349519386""","aprian1997","Aprian97","bacol","27/4/2023, 18.02.51","0","No","0","No","https://www.tiktok.com/@aprian1997"
"=""7226680625116447515""","","=""7045171703772693530""","ramacomen_","d4ni_","tim yg nyari tapi g nemu""😅","27/4/2023, 17.51.58","0","No","0","No","https://www.tiktok.com/@ramacomen_"
"=""7226680179702186778""","","=""7196163939356689434""","momkeenan3","mommy Keenan Elramdan","tetangga gue😅","27/4/2023, 17.50.15","0","No","8","No","https://www.tiktok.com/@momkeenan3"
"=""7226651173704401690""","=""7226680179702186778""","=""7038991960329192454""","andreanopanser","mas andreano🦖","wkwkwk anjir🤣","27/4/2023, 21.26.50","0","No","","","https://www.tiktok.com/@andreanopanser"
"=""7226700817407312667""","=""7226680179702186778""","=""7196163939356689434""","momkeenan3","mommy Keenan Elramdan","iya nih huhu","27/4/2023, 19.10.28","0","No","","","https://www.tiktok.com/@momkeenan3"
"=""7226590577507992346""","=""7226680179702186778""","=""7038991960329192454""","andreanopanser","mas andreano🦖","wkwk pnya aib tetangga sndiri😅","27/4/2023, 18.20.03","0","No","","","https://www.tiktok.com/@andreanopanser"
"=""7226687675951579930""","=""7226680179702186778""","=""7196163939356689434""","momkeenan3","mommy Keenan Elramdan","ga liat dia kluar ruma si hehe","27/4/2023, 18.19.26","0","No","","","https://www.tiktok.com/@momkeenan3"
"=""7226687568611574555""","=""7226680179702186778""","=""7196163939356689434""","momkeenan3","mommy Keenan Elramdan","sriuss wk","27/4/2023, 18.19.04","0","No","","","https://www.tiktok.com/@momkeenan3"
"=""7226687060538229530""","=""7226680179702186778""","=""7091557156465886209""","papagacor96","PaketHemat","Meledakkkkk 😅","27/4/2023, 18.17.01","1","No","","","https://www.tiktok.com/@papagacor96"
"=""7226594608435430170""","=""7226680179702186778""","=""7038991960329192454""","andreanopanser","mas andreano🦖","yg bener😮","27/4/2023, 18.02.01","0","No","","","https://www.tiktok.com/@andreanopanser"
"=""7226683006747984667""","=""7226680179702186778""","=""6817125322972185602""","userr10748639925","userr10748639925","Kena mental ga ka dia","27/4/2023, 18.01.22","0","No","","","https://www.tiktok.com/@userr10748639925"
"=""7226679629594428162""","","=""7199957378233697282""","naufal2814096767","Ayyu🥀","bagi king","27/4/2023, 17.48.01","0","No","0","No","https://www.tiktok.com/@naufal2814096767"
"=""7226679308039144218""","","=""6970242167466001409""","ardianfauzi17","Ozy乂😎","salam 2 jari","27/4/2023, 17.47.06","0","No","0","No","https://www.tiktok.com/@ardianfauzi17"
"=""7226678632952890139""","","=""6619132650124001282""","renamejii","JiiMuJii","gini amat gak punya grub wa.","27/4/2023, 17.44.23","0","No","0","No","https://www.tiktok.com/@renamejii"
"=""7226678419844186906""","","=""7008521186200749057""","bilaaa._30","biilla","ngeri","27/4/2023, 17.43.31","0","No","0","No","https://www.tiktok.com/@bilaaa._30"
"=""7226677717084914458""","","=""6957748333054231553""","vikyafrico","Viky","udh semua gua,untuk nonton nya pas udh lebrn","27/4/2023, 17.40.52","0","No","2","No","https://www.tiktok.com/@vikyafrico"
"=""7226866203783758618""","=""7226677717084914458""","=""6957748333054231553""","vikyafrico","Viky","tapi cuma situs nya doang😅","28/4/2023, 05.52.51","0","No","","","https://www.tiktok.com/@vikyafrico"
"=""7226780783049720603""","=""7226677717084914458""","=""7040777787749303322""","bsjajwushs","cCcCa","pengenn liattt","28/4/2023, 00.20.44","0","No","","","https://www.tiktok.com/@bsjajwushs"
"=""7226677533252616986""","","=""6556380070298091521""","_xxv_pinn","pinn3","emg ada yg baru lagi soalny ud ad 38 ama foto
emg kek apasi yg baru","27/4/2023, 17.40.08","0","No","0","No","https://www.tiktok.com/@_xxv_pinn"
"=""7226676781553107738""","","=""7019575022922499098""","nitameliaa8","Nitaa💤","GK kebayang malu nya sama tetangga nya yakin..tapi kasihan","27/4/2023, 17.37.10","0","No","0","No","https://www.tiktok.com/@nitameliaa8"
"=""7226676314534871813""","","=""7033988334645085210""","rakyatchiayi","Mas _Y","anjirr cantikk","27/4/2023, 17.35.12","0","No","0","No","https://www.tiktok.com/@rakyatchiayi"
"=""7226674809802097435""","","=""7151771737036768262""","mirsyadadijaya","Fadil 04","bgi lah","27/4/2023, 21.25.56","0","No","0","No","https://www.tiktok.com/@mirsyadadijaya"
"=""7226673756222915354""","","=""6715267980340675585""","azizudin20","udin","ada apa sih","27/4/2023, 17.25.27","0","No","0","No","https://www.tiktok.com/@azizudin20"
"=""7226670494019781403""","","=""6885269721056052226""","wanglin1608","wanglin1608","baru aja nonton 😌","27/4/2023, 17.12.54","0","No","3","No","https://www.tiktok.com/@wanglin1608"
"=""7226674041649005339""","=""7226670494019781403""","=""6920550891180426242""","haikal_vibes","KALZ","nonton dimana bang","27/4/2023, 17.26.31","0","No","","","https://www.tiktok.com/@haikal_vibes"
"=""7226671036439462682""","=""7226670494019781403""","=""7205509073554572289""","millitano_","millitano","punya videonya bro?","27/4/2023, 17.15.00","0","No","","","https://www.tiktok.com/@millitano_"
"=""7226670983065748250""","=""7226670494019781403""","=""7194402133784527898""","marieana_sycee12","Muse_Cecee🎀","liat sih😳","27/4/2023, 17.14.34","0","No","","","https://www.tiktok.com/@marieana_sycee12"
"=""7226670407716733723""","","=""6963320039353320449""","reyy01.7","Yudhaaaaaa","ciss yg udh dpt link🗿","27/4/2023, 21.56.17","0","No","0","No","https://www.tiktok.com/@reyy01.7"
"=""7226669324625838875""","","=""6996260946466014209""","riskirahman243","radit","padahal b aja","27/4/2023, 17.08.14","0","No","0","No","https://www.tiktok.com/@riskirahman243"
"=""7226668946647188250""","","=""7127184458465264646""","kelvinn876","kelvinn613","mak din tang tatanggeh mase😅","27/4/2023, 20.31.16","0","No","0","No","https://www.tiktok.com/@kelvinn876"
"=""7226667332206150427""","","=""6801843550461740033""","idriskagawa","Idris Kagawa","bang gimana kalow anak kamu di gini kan.. stop bang kasian 😳","27/4/2023, 17.00.37","0","No","0","No","https://www.tiktok.com/@idriskagawa"
"=""7226667185220256539""","","=""6927237622155199489""","nyeemot","Mantaptop","bagi bang","27/4/2023, 16.59.53","0","No","0","No","https://www.tiktok.com/@nyeemot"
"=""7226666620596470555""","","=""6796487230409606146""","usergagahs","SUMARJO","seharusnya yg nemuin hp Syakira yg di cari.bkn ngehujat syakira.pribadi cewek/cwok.tapi sy ttp brtrima kasih","27/4/2023, 16.57.54","0","No","0","No","https://www.tiktok.com/@usergagahs"
"=""7226664978018927387""","","=""6947326314077357058""","ziaasf","💅🏻","mudahan cowo gw ga nonton","27/4/2023, 16.51.30","0","No","0","No","https://www.tiktok.com/@ziaasf"
"=""7226664780755698459""","","=""6901597276276343809""","kazesilhoueska","IC | Kaze Silhoueska","knp dah gw ngga tau","27/4/2023, 16.50.39","0","No","0","No","https://www.tiktok.com/@kazesilhoueska"
"=""7226664355105145627""","","=""6822056064663929858""","emma12346_","farass","cek provil ku cuy","27/4/2023, 16.48.51","0","No","0","No","https://www.tiktok.com/@emma12346_"
"=""7226663081055830811""","","=""6909144494371243009""","renowkp_","𐍂’","Astaghfirullah zaman ini semakin berbahaya 🙏","27/4/2023, 16.43.56","0","No","0","No","https://www.tiktok.com/@renowkp_"
"=""7226662832732226330""","","=""7154331408285844482""","ryoidrisjanuarti","yoongg_97","aib orng kasian dia malu nya keinget seumur idup nya","27/4/2023, 16.43.03","0","No","0","No","https://www.tiktok.com/@ryoidrisjanuarti"
"=""7226662791972373274""","","=""7126853802006807579""","kikiiw_0","𝓴𝓲𝓴𝓲𝓲  𐔌՞. .՞𐦯","apasi mksdnya ga ngrti dr td cwe ini mulu fyp gue","27/4/2023, 16.42.56","0","No","0","No","https://www.tiktok.com/@kikiiw_0"
"=""7226661762392900379""","","=""6905609567599330305""","razors_07","figoptra_","bagi ngab ntr barter 😁","27/4/2023, 16.39.05","0","No","0","No","https://www.tiktok.com/@razors_07"
"=""7226660127053529883""","","=""6854145223855358977""","aditya_tubagus_pratama07","aditya_tubagus_pratama270","gua cuman punya yang dia lgi di kamar mandi😅","27/4/2023, 16.32.26","0","No","0","No","https://www.tiktok.com/@aditya_tubagus_pratama07"
"=""7226659846758007579""","","=""7156970102038053914""","_november127","_november127","kasihan","27/4/2023, 16.31.40","0","No","0","No","https://www.tiktok.com/@_november127"
"=""7226659842974237466""","","=""7142098866673976347""","lovestoryy90","LOVE_STORY29","😳😳","27/4/2023, 16.31.30","0","No","0","No","https://www.tiktok.com/@lovestoryy90"
"=""7226658979841065755""","","=""7223378439230637074""","alinlin031","alinlin031","@meldaa🕊️ ko Punjab videox","27/4/2023, 16.28.13","0","No","1","No","https://www.tiktok.com/@alinlin031"
"=""7227120559560835866""","=""7226658979841065755""","=""7217714182261769242""","_meldaananda","ice princess❄️","punya dong","28/4/2023, 22.19.14","0","No","","","https://www.tiktok.com/@_meldaananda"
"=""7226658628547674907""","","=""7016277566370006022""","masskhen","Mass'khen🍁","bagi bang","28/4/2023, 00.24.46","0","No","0","No","https://www.tiktok.com/@masskhen"
"=""7226658403577185050""","","=""7158366377002009602""","jasa_renovasirumah","jabrik","bagi bro","27/4/2023, 22.45.09","0","No","0","No","https://www.tiktok.com/@jasa_renovasirumah"
"=""7226658360481170202""","","=""6809245282091566082""","kdp1623","K A D A P","bagi om","27/4/2023, 23.18.17","0","No","0","No","https://www.tiktok.com/@kdp1623"
"=""7226655351323525914""","","=""6876288392562246661""","capeee93","🕊","bgi sih penasaran","27/4/2023, 16.14.05","0","No","0","No","https://www.tiktok.com/@capeee93"
"=""7226655036066857755""","","=""6820812039197606914""","sall_sulsel","SALL ?","tetap semangat mbak Syakirah mungkin orang yg ikut bongkar aib mu mungkin orang yg paling gk pernah buat kesalahan","27/4/2023, 21.56.23","0","No","0","No","https://www.tiktok.com/@sall_sulsel"
"=""7226653153084703514""","","=""6987580322662056961""","aboy1234566","A","kirim bagi bagi dosa aja kita plis","27/4/2023, 16.05.36","0","No","0","No","https://www.tiktok.com/@aboy1234566"
"=""7226651399189332763""","","=""7085004076614861850""","randisevan","Kagaminerf","beras habis.
ya bahas aib aib orang..itu kan video pribadi Dy..
ngapain pula di panas2 in gini.kasihan Dy bro..","27/4/2023, 15.58.41","0","No","0","No","https://www.tiktok.com/@randisevan"
"=""7226650389285667611""","","=""6824359473726309377""","cecepgorbacev0","Cecep Gorbacev","sat set... nyari tetep zonk ngabrs😆😆😆","27/4/2023, 21.51.38","0","No","0","No","https://www.tiktok.com/@cecepgorbacev0"
"=""7226650162244272922""","","=""7205883568504882178""","sarulj","mio_m3_zals","astagfirullah tobat bng","27/4/2023, 15.54.06","0","No","0","No","https://www.tiktok.com/@sarulj"
"=""7226649391086879515""","","=""7094250495828870150""","afifshofya0","Fif SHN","kasian sy liatnya timbang k sodara sendiria","27/4/2023, 21.01.10","0","No","0","No","https://www.tiktok.com/@afifshofya0"
"=""7226649060387717890""","","=""6808421627949679618""","mzzzz471","MAz","kopet","27/4/2023, 15.49.29","0","No","0","No","https://www.tiktok.com/@mzzzz471"
"=""7226648094602068741""","","=""6856732367928509442""","citto_93","Citto","B aja kok ribut amat...","27/4/2023, 15.45.36","0","No","0","No","https://www.tiktok.com/@citto_93"
"=""7226647783087489819""","","=""7095578875429897217""","modeofline","modeofline","tanpa di sadari kmu bongkar aibmu sendiri 😂😂😂","27/4/2023, 15.44.43","0","No","0","No","https://www.tiktok.com/@modeofline"
"=""7226646298434061082""","","=""7205470574234371078""","x1yrt16_","surya","bg bgi bg","27/4/2023, 22.27.18","0","No","0","No","https://www.tiktok.com/@x1yrt16_"
"=""7226645319395607322""","","=""6870866797231473665""","adam_kurniawan24","AbiAdam","gua punya bang","27/4/2023, 15.35.12","0","No","1","No","https://www.tiktok.com/@adam_kurniawan24"
"=""7226690855124697882""","=""7226645319395607322""","=""7089533568074236930""","istkass","phipooo","bagi","27/4/2023, 18.31.42","0","No","","","https://www.tiktok.com/@istkass"
"=""7226637161755624218""","","=""7025523055233582081""","glenna_shaywa01","hi","astga","27/4/2023, 15.03.37","0","No","0","No","https://www.tiktok.com/@glenna_shaywa01"
"=""7226636844107252506""","","=""6922732113432609794""","syahfridanita","15MEIULTAHKU.","Uda dong kasian diupp terusssss","27/4/2023, 15.02.14","0","No","0","No","https://www.tiktok.com/@syahfridanita"
"=""7226636217999016731""","","=""6964819421672997894""","azan_444","azan magrib✨","bagi dulu bang 😁","27/4/2023, 20.27.43","0","No","0","No","https://www.tiktok.com/@azan_444"
"=""7226635111880934170""","","=""6970754150120784897""","bariul_walid","Bariul_w","nyari sampe pegel nih tangan gak nemu²","27/4/2023, 14.55.26","0","No","0","No","https://www.tiktok.com/@bariul_walid"
"=""7226633747607733019""","","=""7010760518806635547""","story_simba","smb_story","tadi baru liat🗿","27/4/2023, 20.20.21","0","No","3","No","https://www.tiktok.com/@story_simba"
"=""7226684045680509722""","=""7226633747607733019""","=""7010760518806635547""","story_simba","smb_story","chat🤣","27/4/2023, 21.40.53","0","No","","","https://www.tiktok.com/@story_simba"
"=""7226738892577358619""","=""7226633747607733019""","=""7042983055393113114""","official.alqahhar001","SIDO MUKTI V2","bagi bro🗿","27/4/2023, 21.38.12","0","No","","","https://www.tiktok.com/@official.alqahhar001"
"=""7226625040476226330""","=""7226633747607733019""","=""7210417164313756678""","taa4ever0","AlwaysDelz","Di yt mana","27/4/2023, 20.21.37","0","No","","","https://www.tiktok.com/@taa4ever0"
"=""7226633680712991515""","","=""7098932862423188481""","cosmetindo.id","Store Cld","gadulu deh soalnya udh janji ama diri sendiri☝","27/4/2023, 14.49.56","0","No","0","No","https://www.tiktok.com/@cosmetindo.id"
"=""7226633089266893594""","","=""6963880577443480581""","bacot.kah","beatkampar⚡","@Aririn🐣","27/4/2023, 14.47.52","0","No","0","No","https://www.tiktok.com/@bacot.kah"
"=""7226632722177327898""","","=""7090368861158278171""","cidaaa011","pacar maung🐯","@chaskiiiiii","27/4/2023, 14.46.26","0","No","1","No","https://www.tiktok.com/@cidaaa011"
"=""7226634469356569371""","=""7226632722177327898""","=""7208816809800533019""","chaskiiiiii","Lynn","🌚","27/4/2023, 14.53.17","0","No","","","https://www.tiktok.com/@chaskiiiiii"
"=""7226628679302955803""","","=""6511120781891420161""","yockfals","Amang Baraya Bexzoel","solo karir semua kan gda yang berdua nya","27/4/2023, 14.30.27","0","No","0","No","https://www.tiktok.com/@yockfals"
"=""7226621234242814747""","","=""6904115074240676865""","aditya12_04","user48876685120","info apk live streaming","27/4/2023, 21.42.47","0","No","0","No","https://www.tiktok.com/@aditya12_04"
"=""7226618326175777563""","","=""7130794649615074330""","sciafryniii_","not ur typee","@♑ info","27/4/2023, 13.50.17","0","No","1","No","https://www.tiktok.com/@sciafryniii_"
"=""7226641631964693274""","=""7226618326175777563""","=""6862402893224543234""","_peceee","💋","shit🤌🏻","27/4/2023, 15.20.52","0","No","","","https://www.tiktok.com/@_peceee"
"=""7226616144232104731""","","=""6921008012498256898""","ermanto27","Ermanto Bondan","Suatu saat yang mengubar aib orang lain, aibnya sendiri akan terbongkar, sudahlah kawan kasihan syakirah'nya. 🙏🏻","27/4/2023, 13.41.57","0","No","0","No","https://www.tiktok.com/@ermanto27"
"=""7226613690529809179""","","=""6903946966951724034""","herygzh","separuh anatomi pohon","Oe aku ketinggalan jaman pleaseee kasih tau lah","27/4/2023, 17.50.41","0","No","0","No","https://www.tiktok.com/@herygzh"
"=""7226612309178123009""","","=""7005851141523686402""","asadkhoirulhumam","Dann_cok","bacot doang dtanya vidio nya g mau ngasih anjing","27/4/2023, 13.26.46","0","No","1","No","https://www.tiktok.com/@asadkhoirulhumam"
"=""7226612367978169090""","=""7226612309178123009""","=""7005851141523686402""","asadkhoirulhumam","Dann_cok","semua pada gitu anjg cuma nyari fyp","27/4/2023, 13.27.04","0","No","","","https://www.tiktok.com/@asadkhoirulhumam"
"=""7226611053923189530""","","=""6802572901943837698""","risal_saing","risal_saing","apaann sih Gue ngak paham 😳","27/4/2023, 13.22.04","0","No","0","No","https://www.tiktok.com/@risal_saing"
"=""7226610419271287579""","","=""7019848993049461762""","1kim_znw","୨୧","napa dah di fyp w ni cwe mulu","27/4/2023, 13.19.46","0","No","0","No","https://www.tiktok.com/@1kim_znw"
"=""7226608812878152475""","","=""6901205469979067394""","buhory09","telorgulung","Udah napa bro jangan kasian","27/4/2023, 13.13.31","0","No","0","No","https://www.tiktok.com/@buhory09"
"=""7226606773691433754""","","=""7079638356729431041""","julakanum913","julak anum♊","gw baru dapet 8 vid 😁","27/4/2023, 13.05.36","0","No","1","No","https://www.tiktok.com/@julakanum913"
"=""7226638307962209051""","=""7226606773691433754""","=""6793561562860520450""","lanni_260","ラニ","bgi bg","27/4/2023, 15.08.02","0","No","","","https://www.tiktok.com/@lanni_260"
"=""7226605711689499419""","","=""7064945354710270978""","tarkids16","Tamat","lihat Vidio buka komen lanjut scrol","27/4/2023, 13.01.34","0","No","0","No","https://www.tiktok.com/@tarkids16"
"=""7226605681096672026""","","=""6960293306505544706""","marchelldarwin17","Marchell_Darwin","bagilah donk","27/4/2023, 13.01.29","0","No","0","No","https://www.tiktok.com/@marchelldarwin17"
"=""7226605622669722395""","","=""6935671900706440194""","rafa_silva092001","Rafa_silva09","kasian","27/4/2023, 13.01.15","0","No","0","No","https://www.tiktok.com/@rafa_silva092001"
"=""7226605028625498906""","","=""7077191801991513114""","anggra_tm","𝘼𝘼 GG","lewat di branda ini mulu, ada apa ini. guwa baru bangun","27/4/2023, 12.58.44","0","No","0","No","https://www.tiktok.com/@anggra_tm"
"=""7226604848681599771""","","=""7203724930663875611""","mayalatolato","poppy45","ada di profil ku","27/4/2023, 12.58.05","0","No","0","No","https://www.tiktok.com/@mayalatolato"
"=""7226604283503674113""","","=""6691518638354859010""","widawidul6","Wida Widul","boleh bagi,, boss vdiony..cri belum dapat,,","27/4/2023, 12.55.43","0","No","0","No","https://www.tiktok.com/@widawidul6"
"=""7226603904694731546""","","=""7040497328910730241""","user3506819768280","user3506819768280","minimal share lah anj 🗿","27/4/2023, 12.54.22","0","No","0","No","https://www.tiktok.com/@user3506819768280"
"=""7226603669511602971""","","=""7154642309870289946""","4alwayssss","fan","yg udah nonton mana nich😂","27/4/2023, 12.53.31","0","No","0","No","https://www.tiktok.com/@4alwayssss"
"=""7226602181922980634""","","=""6684064172357780482""","pride28_","Calon Jenazah","nga dlu😁, gw udh taubat","27/4/2023, 19.46.36","0","No","0","No","https://www.tiktok.com/@pride28_"
"=""7226597928428585754""","","=""7211071464404812802""","juaribana1","juaribana1","apaan si,ni orang lewat beranda gw terus","27/4/2023, 12.31.20","0","No","0","No","https://www.tiktok.com/@juaribana1"
"=""7226597074840748827""","","=""6828996405438415874""","kapan_uwu","Duta Komentar 📢","Era pencarian dimulai !
Mari mencari ONE PIECE video Syakira ..😅😅","27/4/2023, 12.27.49","0","No","0","No","https://www.tiktok.com/@kapan_uwu"
"=""7226595546113491739""","","=""7048560836071310337""","lamsamdui","Lamsamdui","hemcet bereum","27/4/2023, 12.21.56","0","No","0","No","https://www.tiktok.com/@lamsamdui"
"=""7226592680930460442""","","=""6963164139615503361""","user9703861854283","duger","cok gimana caranya cok","27/4/2023, 12.10.52","0","No","0","No","https://www.tiktok.com/@user9703861854283"
"=""7226590721087963931""","","=""7077394740694959131""","nsanisa18","n","baru dapet 9","27/4/2023, 12.03.30","0","No","3","No","https://www.tiktok.com/@nsanisa18"
"=""7226392951319921435""","=""7226590721087963931""","=""7036636864048202778""","ryannnnn678","ryann","di canel mister viral ada semua","27/4/2023, 12.25.50","0","No","","","https://www.tiktok.com/@ryannnnn678"
"=""7226590450194023195""","","=""6525884650451664897""","ziyan160716","Aan suryana","kinclong pokoknya","27/4/2023, 12.02.16","0","No","0","No","https://www.tiktok.com/@ziyan160716"
"=""7226590387236946715""","","=""6992786260747027458""","ecyyyyyyyyy__","əč","jgn di sebar lg ksian","27/4/2023, 12.01.54","0","No","0","No","https://www.tiktok.com/@ecyyyyyyyyy__"
"=""7226590246107054875""","","=""6733860967656702978""","jozz344","KK 'J🔥","BAGI DUNK...BLM ADA 1PUN AKU...😭","27/4/2023, 12.01.21","0","No","0","No","https://www.tiktok.com/@jozz344"
"=""7226590082449408794""","","=""7168786359732552705""","agijabiyoue","starboy","udah punya😂😂😂","27/4/2023, 12.00.47","0","No","0","No","https://www.tiktok.com/@agijabiyoue"
"=""7226589997644923675""","","=""6915697449969681409""","puteramex","Ôcah Ķecil","semangat kk😉","27/4/2023, 12.00.25","0","No","0","No","https://www.tiktok.com/@puteramex"
"=""7226588208174564122""","","=""7161086528625509378""","lutfialfadjri","lutfialfadjri","kasian cok","27/4/2023, 11.53.39","0","No","0","No","https://www.tiktok.com/@lutfialfadjri"
"=""7226588035209872155""","","=""6702956660070286337""","rajatani237","raja tani","di galery gue juga tersusun rapi.. syakirah terimakasih sudah berbagi, cantik mu luar dalam","27/4/2023, 11.52.51","0","No","0","No","https://www.tiktok.com/@rajatani237"
"=""7226587169316668186""","","=""6803149561927107586""","byyy112","Rmb","semua nya solo ga seru 😂","27/4/2023, 11.49.31","0","No","0","No","https://www.tiktok.com/@byyy112"
"=""7226585745438688027""","","=""7215583287431218203""","trialestaritrialestaride","triaa sukaa duda keren💍🤩","Ada apa?","27/4/2023, 16.45.10","0","No","0","No","https://www.tiktok.com/@trialestaritrialestaride"
"=""7226585528258478874""","","=""7082260937838691354""","85choyajha","si Tampan Rupawan","gw udah tamat nnton semuanya , pas khatam lgsg bkin nasi kuning","27/4/2023, 11.43.20","0","No","0","No","https://www.tiktok.com/@85choyajha"
"=""7226584845286687514""","","=""7003625423091614722""","cobra3293","Nakama","THR terbaik tahun ini ya
vidio dia😂","27/4/2023, 11.40.29","0","No","0","No","https://www.tiktok.com/@cobra3293"
"=""7226584462098809627""","","=""6875232142097269762""","togellajeh","togell ajee","bagi bang","27/4/2023, 11.38.49","0","No","0","No","https://www.tiktok.com/@togellajeh"
"=""7226583908761469723""","","=""6623644082928615425""","adioy_","Masss Adii","skipp","27/4/2023, 11.36.54","0","No","0","No","https://www.tiktok.com/@adioy_"
"=""7226581913736692506""","","=""6718575952115598337""","amandasari.1","d","krim","27/4/2023, 11.29.12","0","No","0","No","https://www.tiktok.com/@amandasari.1"
"=""7226580932059955995""","","=""7050449973799945217""","wxzl23","wzz","gw udah janji ama Allah","27/4/2023, 17.20.02","0","No","0","No","https://www.tiktok.com/@wxzl23"
"=""7226580627465765658""","","=""6892725034974086145""","uculmendi","ItqonSs Falls Cherbo","full koleksi 😂","27/4/2023, 11.24.19","0","No","1","No","https://www.tiktok.com/@uculmendi"
"=""7226585309961519898""","=""7226580627465765658""","=""7168482527823283202""","wahyujupiter6","wahyujupiter96","bagi dong bg","27/4/2023, 11.42.23","0","No","","","https://www.tiktok.com/@wahyujupiter6"
"=""7226579813694522138""","","=""7160167441271833602""","yovieaandongki","yovieaandongki","cuma ada 6","27/4/2023, 11.20.56","0","No","0","No","https://www.tiktok.com/@yovieaandongki"
"=""7226579095751852827""","","=""6960375732917388294""","pejuanghamas3","Ri","Yg blum nonton🗿
yg udah nonton 😋😋","27/4/2023, 11.18.14","0","No","0","No","https://www.tiktok.com/@pejuanghamas3"
"=""7226576094237066011""","","=""6963081265538122758""","bangferyy","Ferrr","bagi kali bg","27/4/2023, 11.06.48","0","No","0","No","https://www.tiktok.com/@bangferyy"
"=""7226575067151762181""","","=""7056776288250430491""","bansssx1234","unsrr","dan nonton cok","27/4/2023, 11.02.15","0","No","0","No","https://www.tiktok.com/@bansssx1234"
"=""7226574876714582810""","","=""7001754398797251585""","r.m.risqullah","R.M.Risqullah","pny rek BCA kn ngab","27/4/2023, 11.02.07","0","No","0","No","https://www.tiktok.com/@r.m.risqullah"
"=""7226572074918855451""","","=""6942816960036652034""","riyan.br","Rian","tersusun rapi di galeri gw😅","27/4/2023, 10.51.11","0","No","0","No","https://www.tiktok.com/@riyan.br"
"=""7226570074802586395""","","=""6800967394266416130""","rinrin660","Rina","Hijab blm tentu suci 😂😂","27/4/2023, 10.43.27","0","No","0","No","https://www.tiktok.com/@rinrin660"
"=""7226569634601632538""","","=""7067359260075099137""","enjoy171717","Raden-Budiman","Bagii woooyyy🥺","27/4/2023, 10.41.42","0","No","0","No","https://www.tiktok.com/@enjoy171717"
"=""7226568716950602523""","","=""7086951898256229382""","abtujuh","Flesha store","Taubat ah aku ndak mau liat yg lain lg cukup cukup cukup","27/4/2023, 10.38.05","0","No","0","No","https://www.tiktok.com/@abtujuh"
"=""7226568557299319578""","","=""6879731034032784385""","_masfaqihh","ᅠ","bekicot nya item wkw","27/4/2023, 10.37.40","0","No","0","No","https://www.tiktok.com/@_masfaqihh"
"=""7226566818851259163""","","=""7158705366888875010""","username99999999.9","joks official","kasihan cok","27/4/2023, 10.30.33","0","No","0","No","https://www.tiktok.com/@username99999999.9"
"=""7226565380549411610""","","=""7207269771346527234""","hanyallihat","Adiesta Bayu","bagi fulll album","27/4/2023, 10.25.08","0","No","0","No","https://www.tiktok.com/@hanyallihat"
"=""7226561210325746458""","","=""6966567879161119745""","sirkani13","Sirkani","gak jelas...
ada apa an sih","27/4/2023, 10.09.08","0","No","0","No","https://www.tiktok.com/@sirkani13"
"=""7226558297527206683""","","=""7157689598965023770""","rickikurniawan73","rickikurniawan495","karna penasaran nongol trus ni cew ..gw unduh ..dan ternyata ...pantesan😅","27/4/2023, 14.04.06","0","No","0","No","https://www.tiktok.com/@rickikurniawan73"
"=""7226554400209928987""","","=""7136922862589969435""","cleverleyto","cleverleyto","gakkkkkkk,,,,,gakk... jgn sampai ga nonton","27/4/2023, 09.42.39","0","No","0","No","https://www.tiktok.com/@cleverleyto"
"=""7226551477719630598""","","=""7105398792439219227""","ophang7","MD.Brother","udah pernah ngerasain yg ini","27/4/2023, 09.30.45","0","No","0","No","https://www.tiktok.com/@ophang7"
"=""7226550750960042778""","","=""7151640283599324161""","user6382450881795","leo nardo","apaan sih woii..kok gue ktinggalan","27/4/2023, 09.28.36","0","No","0","No","https://www.tiktok.com/@user6382450881795"
"=""7226550350521877274""","","=""7176073726463017986""","zuhdan_18","zuhdan","kasih dong bang2","27/4/2023, 09.26.44","0","No","0","No","https://www.tiktok.com/@zuhdan_18"
"=""7226550349762069274""","","=""7083019782367249410""","whyryyyyyyyyy","Ryyy","dari tadi lewat fyp gue, tapi gue gak ngerti maksudnya 😌","27/4/2023, 09.26.53","0","No","0","No","https://www.tiktok.com/@whyryyyyyyyyy"
"=""7226548426325295899""","","=""7058902223593800710""","remaja_2008","Zakx Turu++","🗿","27/4/2023, 09.19.17","0","No","0","No","https://www.tiktok.com/@remaja_2008"
"=""7226545891032285978""","","=""6849957436918825985""","_arifin_il","AriffinIlham","anjaii gua ada 😂","27/4/2023, 09.09.37","0","No","0","No","https://www.tiktok.com/@_arifin_il"
"=""7226545596059632410""","","=""6555036007619739650""","kentiskedil","EM0N, YATIM","akhirnya liat juga setalah 2 hari mencari nya😂","27/4/2023, 09.08.31","0","No","0","No","https://www.tiktok.com/@kentiskedil"
"=""7226544338050138906""","","=""7092910258624136193""","aaasssdaaarrr","asta","kasian. jgn di public lagi lah kawan","27/4/2023, 09.03.59","0","No","0","No","https://www.tiktok.com/@aaasssdaaarrr"
"=""7226543235517874970""","","=""7153887511043179522""","yanraa18_","Troli Yanraa💋","info link😂","27/4/2023, 08.59.20","0","No","0","No","https://www.tiktok.com/@yanraa18_"
"=""7226542720247350043""","","=""7075669950312793114""","adikancel20","ditokk","bagi brooo","27/4/2023, 14.41.05","0","No","0","No","https://www.tiktok.com/@adikancel20"
"=""7226542069107671835""","","=""6895881178625377286""","hamputr4","Ilham Putra02","47 menit cuma dengerin dia ngobrol😂","27/4/2023, 15.15.07","0","No","0","No","https://www.tiktok.com/@hamputr4"
"=""7226540173008896794""","","=""7023421186358363163""","aniyu427","ANISSAH","apasih pada ributin ini","27/4/2023, 08.47.21","0","No","0","No","https://www.tiktok.com/@aniyu427"
"=""7226538131456639771""","","=""7018231225216615451""","masosa212","Masosa212","kasihan, memanfaatkan aib seseorang. Ingat Bro, Tuhan menutupi aib kita, jika berkehendak suatu saat nanti aib kita yg akan viral.","27/4/2023, 08.39.25","0","No","0","No","https://www.tiktok.com/@masosa212"
"=""7226537308639281946""","","=""7185940590776943622""","ikka180500","sibungsuh ikkah","nyimak aja..😂😂","27/4/2023, 13.57.39","0","No","0","No","https://www.tiktok.com/@ikka180500"
"=""7226534587907638043""","","=""7120173344104383489""","humairamundzir_","orang cantik","gua punya 27vidio 37foto wkwk","27/4/2023, 08.25.51","0","No","0","No","https://www.tiktok.com/@humairamundzir_"
"=""7226532600839717659""","","=""6644137357195771905""","nandeeee15","NannStore🛍","gw ada ni","27/4/2023, 08.18.11","0","No","2","No","https://www.tiktok.com/@nandeeee15"
"=""7226736835635446554""","=""7226532600839717659""","=""6937534824131920898""","excape34","mw","cepat ngilangnya😂","27/4/2023, 21.30.07","0","No","","","https://www.tiktok.com/@excape34"
"=""7226539491389113115""","=""7226532600839717659""","=""7017036282468942849""","kynn419","NDRAAㅤDㅤSINI々","bgi npa BG🗿","27/4/2023, 08.45.02","0","No","","","https://www.tiktok.com/@kynn419"
"=""7226531766063891201""","","=""6606917351080673281""","langk4k4tone","보스 텔렘부크 Ａ'ᵐ𝓑𝐄𝕞","krm","27/4/2023, 08.14.31","0","No","0","No","https://www.tiktok.com/@langk4k4tone"
"=""7226530921960178459""","","=""7220242963841057818""","turuboy__","Mending Turu","dosa jariyah hahh","27/4/2023, 08.11.48","0","No","0","No","https://www.tiktok.com/@turuboy__"
"=""7226530418266702619""","","=""6928643015112131586""","a.b.c.d.909","...","bagilah","27/4/2023, 08.10.02","0","No","0","No","https://www.tiktok.com/@a.b.c.d.909"
"=""7226528705534870298""","","=""6991051478288188418""","nan_one1","Nan","Oalah emng knp dia","27/4/2023, 08.03.12","0","No","0","No","https://www.tiktok.com/@nan_one1"
"=""7226528065793540891""","","=""6964646083327575042""","mochilham009","✨moch Ilham✨","hdr suport pg","27/4/2023, 08.00.29","0","No","0","No","https://www.tiktok.com/@mochilham009"
"=""7226527924580795163""","","=""6984596184821580801""","jakafn07","ⓚⓐⓐ","bagila","27/4/2023, 08.00.11","0","No","0","No","https://www.tiktok.com/@jakafn07"
"=""7226527041938719514""","","=""6965160163138257922""","gamerskaciw","lams'zyb","Syakira b aja","27/4/2023, 07.56.28","0","No","0","No","https://www.tiktok.com/@gamerskaciw"
"=""7226524065866744603""","","=""6858099894117237762""","gatau.432","yogi","jgn gitu bg kasian","27/4/2023, 07.45.10","0","No","0","No","https://www.tiktok.com/@gatau.432"
"=""7226521830180848411""","","=""6938343737982829570""","ren.lnx","Pak Desa","awalnya aku kasian, tapi setelah liat live nya Oh ternyata memang cewe bgini yasudahlah","27/4/2023, 07.36.14","0","No","1","No","https://www.tiktok.com/@ren.lnx"
"=""7226525808533750554""","=""7226521830180848411""","=""6798937711862334466""","agimgbastian12","AgimGbastian","live nya dmana emg?","27/4/2023, 07.52.04","0","No","","","https://www.tiktok.com/@agimgbastian12"
"=""7226521677253165850""","","=""6881967235462038529""","ssrchannel29","lentera @97","ada apaan ya,,kok muka Kaka ini terus yg fyp yaa😏","27/4/2023, 07.35.53","0","No","0","No","https://www.tiktok.com/@ssrchannel29"
"=""7226520828715172635""","","=""7187432794002785306""","boraxskangdadang8","sky","viral di beranda gua baru hari ini","27/4/2023, 07.32.21","0","No","0","No","https://www.tiktok.com/@boraxskangdadang8"
"=""7226520795257701147""","","=""6960543752613102598""","mancess11","HR🔹","bdw gayungnya biru ygy😁","27/4/2023, 07.32.24","0","No","0","No","https://www.tiktok.com/@mancess11"
"=""7226516141619069723""","","=""6886737014092645377""","caspeer29","casper","sekali fyp jiwa kepoku langsung meronta² dan akhirnya sekali cari ketemu juga👍👍","27/4/2023, 07.14.32","0","No","0","No","https://www.tiktok.com/@caspeer29"
"=""7226514670555005723""","","=""7093465557995029506""","attaillah00","MUHAMMAD RISKI","gw dh nonton videonya 16 sumpah gw ciduk anjir","27/4/2023, 07.08.36","0","No","0","No","https://www.tiktok.com/@attaillah00"
"=""7226511448981357339""","","=""7096490830399226882""","bangyinn02","Bang Y I N N ••","udh nonton bg😁","27/4/2023, 06.56.14","0","No","0","No","https://www.tiktok.com/@bangyinn02"
"=""7226511405666190107""","","=""6918178980361290754""","feri..a","Feri Anggara85","bang udah bang🤣","27/4/2023, 06.55.54","0","No","0","No","https://www.tiktok.com/@feri..a"
"=""7226510429320725275""","","=""6583581703753891841""","parhannoer3","Parhan Sf313","bagi dong bang 😁","27/4/2023, 06.52.18","0","No","0","No","https://www.tiktok.com/@parhannoer3"
"=""7226510416209167130""","","=""7134141000323613698""","vwxyyzzzzzzzz","Lithiumm","222","27/4/2023, 06.52.16","0","No","0","No","https://www.tiktok.com/@vwxyyzzzzzzzz"
"=""7226509623872111366""","","=""6509445605647351810""","papahzoya_","papahzoya♥️","😂😂😂😂😂😁","27/4/2023, 06.48.26","0","No","0","No","https://www.tiktok.com/@papahzoya_"
"=""7226509122963227398""","","=""6913753418130457605""","lanzxiieyardiles","LzDailyShop","🥰🥰","27/4/2023, 06.46.27","0","No","0","No","https://www.tiktok.com/@lanzxiieyardiles"
"=""7226507159713153819""","","=""7174388396255806466""","lf.ald","ALD","gua punya full album 😆🤣","27/4/2023, 12.34.18","0","No","7","No","https://www.tiktok.com/@lf.ald"
"=""7226622229487354650""","=""7226507159713153819""","=""6791506060009210882""","ohhryy12","onyonkonpon","ayo lah berbagi itu indah","27/4/2023, 14.05.25","0","No","","","https://www.tiktok.com/@ohhryy12"
"=""7226382096390390554""","=""7226507159713153819""","=""7174388396255806466""","lf.ald","ALD","wkwkwk 🤣","27/4/2023, 12.55.29","0","No","","","https://www.tiktok.com/@lf.ald"
"=""7226603972843422491""","=""7226507159713153819""","=""6617183240623751169""","4ldy_30","_4Ldy_","Bisa kali d share😂","27/4/2023, 12.54.37","0","No","","","https://www.tiktok.com/@4ldy_30"
"=""7226505355357340443""","=""7226507159713153819""","=""7174388396255806466""","lf.ald","ALD","yg sabar bang 🤣","27/4/2023, 12.53.52","0","No","","","https://www.tiktok.com/@lf.ald"
"=""7226603447554425627""","=""7226507159713153819""","=""6617183240623751169""","4ldy_30","_4Ldy_","Sumpah gw ktinggalan bg😅","27/4/2023, 12.52.50","0","No","","","https://www.tiktok.com/@4ldy_30"
"=""7226544889562055450""","=""7226507159713153819""","=""7174388396255806466""","lf.ald","ALD","yakin bang 😆😂","27/4/2023, 12.52.09","0","No","","","https://www.tiktok.com/@lf.ald"
"=""7226603098709869338""","=""7226507159713153819""","=""6617183240623751169""","4ldy_30","_4Ldy_","Bagi lah bg😂","27/4/2023, 12.51.31","0","No","","","https://www.tiktok.com/@4ldy_30"
"=""7226519861038760731""","=""7226507159713153819""","=""7174388396255806466""","lf.ald","ALD","mau TWU gak 😆😂","27/4/2023, 12.45.12","0","No","","","https://www.tiktok.com/@lf.ald"
"=""7226423158211167003""","=""7226507159713153819""","=""7174388396255806466""","lf.ald","ALD","pertanyaan yg langkah 🤣","27/4/2023, 12.43.05","0","No","","","https://www.tiktok.com/@lf.ald"
"=""7226507003278902042""","","=""6994870337944470534""","bebanludek","TITITIMUT","gw yg ada32 vid😏","27/4/2023, 06.38.57","0","No","0","No","https://www.tiktok.com/@bebanludek"
"=""7226499548033991450""","","=""7156111754950919195""","quantato_13","13","malas","27/4/2023, 06.10.04","0","No","0","No","https://www.tiktok.com/@quantato_13"
"=""7226497815303619355""","","=""6968470437144691714""","sykkkkk2","JETT","konten doang gak bagi","27/4/2023, 06.03.13","0","No","0","No","https://www.tiktok.com/@sykkkkk2"
"=""7226494708050101018""","","=""6984434637674562587""","r__ruiy","R""-_-","yg 40 video kah?","27/4/2023, 05.51.10","0","No","0","No","https://www.tiktok.com/@r__ruiy"
"=""7226494645868823322""","","=""6605918348624560129""","anak_udin85","Anak@UDIN","cuma 8😂","27/4/2023, 05.50.42","0","No","2","No","https://www.tiktok.com/@anak_udin85"
"=""7226634514276156187""","=""7226494645868823322""","=""6605918348624560129""","anak_udin85","Anak@UDIN","😂😂😅","27/4/2023, 14.53.08","0","No","","","https://www.tiktok.com/@anak_udin85"
"=""7226609415288914715""","=""7226494645868823322""","=""6930807817641477122""","ahmadjay05","SaNs","bagi","27/4/2023, 13.15.47","0","No","","","https://www.tiktok.com/@ahmadjay05"
"=""7226489117868180250""","","=""6786532315482670081""","ihya.aja","Ihyateam","itu vidio apaan sih penasaran gw nyari ga nemu nemu","27/4/2023, 05.29.05","0","No","1","No","https://www.tiktok.com/@ihya.aja"
"=""7226481891493528347""","","=""7172193026806006811""","exdibar_nofri","Exdibar Nofri","Luar biasa","27/4/2023, 05.01.02","0","No","0","No","https://www.tiktok.com/@exdibar_nofri"
"=""7226480494081835803""","","=""7207013520163488774""","rynxz0110","️","bagii lhhh ngabbbbb berbagi itu indah tidak membuat mu miskinn👍🗿","27/4/2023, 04.55.38","0","No","0","No","https://www.tiktok.com/@rynxz0110"
"=""7226479050394714906""","","=""7185047005453583386""","rojismith123","bokir","link vt","27/4/2023, 04.50.18","0","No","0","No","https://www.tiktok.com/@rojismith123"
"=""7226478324443824923""","","=""6864563151250867202""","adiy_iclikkk99","adiy pakek y","buwat apa simpan foto/vido orang 😏😏","27/4/2023, 04.47.14","0","No","0","No","https://www.tiktok.com/@adiy_iclikkk99"
"=""7226477343815926554""","","=""6895736796522480642""","_handres","CIO gagal🤡💳💴💵","kasihan orng nya .nyebarin aib nya orng 🙏","27/4/2023, 04.43.38","0","No","0","No","https://www.tiktok.com/@_handres"
"=""7226476496730129157""","","=""6955067366099600386""","mfadli0103","mfadli0103","bagi bang","27/4/2023, 04.39.48","0","No","0","No","https://www.tiktok.com/@mfadli0103"
"=""7226459526836257563""","","=""7023970267647493147""","arifghozali4","@ARIF97","ketika kran air mengalir di kamar mandi tapi ini bukan tentang air ....","27/4/2023, 03.34.11","0","No","0","No","https://www.tiktok.com/@arifghozali4"
"=""7226451656207418139""","","=""6966961789088023558""","bay4473","dapin","we sandi nya apa info sandi","27/4/2023, 03.03.31","0","No","0","No","https://www.tiktok.com/@bay4473"
"=""7226448632371249947""","","=""6868881706507158530""","vinollsambas123","🀄","bagi bang","27/4/2023, 14.26.19","0","No","0","No","https://www.tiktok.com/@vinollsambas123"
"=""7226447067497055002""","","=""7024186616491885569""","wawanautogarage","WAWAN PURWANTO","master of conan","27/4/2023, 02.45.53","0","No","0","No","https://www.tiktok.com/@wawanautogarage"
"=""7226446997121024795""","","=""7174780437570864130""","_raffff21","🦔","pamer doang","27/4/2023, 02.45.38","0","No","0","No","https://www.tiktok.com/@_raffff21"
"=""7226444827158725381""","","=""7030345485115687938""","aliadiali8","aliadiali8","parah ni cewek aduh","27/4/2023, 02.36.48","0","No","0","No","https://www.tiktok.com/@aliadiali8"
"=""7226444019743654683""","","=""6917752545319879681""","sinkon13","eb'x","gak seru mainya sendiri 😂","27/4/2023, 02.34.05","0","No","0","No","https://www.tiktok.com/@sinkon13"
"=""7226442969463767834""","","=""7065315680095110170""","refkilinaldi","Ricky","Berdasarkan penilaian yg sudah gw review dengan mata yg 100% melek dari atas sampai bawah. dia berhak mendapatkan ⭐⭐⭐⭐⭐ dari gw 😋🥰😍","27/4/2023, 02.29.48","0","No","0","No","https://www.tiktok.com/@refkilinaldi"
"=""7226442442996187931""","","=""7130499316862796827""","rezadirgahayu07","Dirga07⚡","cantik boleh clmk jangan 😏😅😅","27/4/2023, 02.27.56","0","No","0","No","https://www.tiktok.com/@rezadirgahayu07"
"=""7226440447521899291""","","=""7062292209672569857""","adi_s.112","Adi saputra","alhamdulillah masih bertahan","27/4/2023, 02.20.06","0","No","0","No","https://www.tiktok.com/@adi_s.112"
"=""7226436853649490715""","","=""6992064832665584641""","pualenglur","pualenglur","bagi","27/4/2023, 02.06.14","0","No","0","No","https://www.tiktok.com/@pualenglur"
"=""7226436056533926683""","","=""6976586828704171010""","normali62","buggy","Lupakan semuanya king","27/4/2023, 02.02.58","0","No","0","No","https://www.tiktok.com/@normali62"
"=""7226431392023544581""","","=""7005980937394144257""","rby.ajj","𝕽𝖃 𝖕𝖆𝖎𝖕𝖆𝖑","wayahna KA barudak wo, tong sagawayah wayahna pepejeh oyemah omat Kade hilap","27/4/2023, 01.44.42","0","No","0","No","https://www.tiktok.com/@rby.ajj"
"=""7226430440164262658""","","=""6534557874906103809""","rudyaryanda69","Rudy Aryanda🎭","janjiku telah ku ingkari🥺","27/4/2023, 01.41.10","0","No","0","No","https://www.tiktok.com/@rudyaryanda69"
"=""7226430277081629466""","","=""6792117873281287169""","angelcomelll","im fine ?","@arya","27/4/2023, 01.40.46","0","No","0","No","https://www.tiktok.com/@angelcomelll"
"=""7226426462785258266""","","=""6964337832341046274""","muhyusuf2345","muhyusuf2345","udah liat semua","27/4/2023, 01.25.52","0","No","0","No","https://www.tiktok.com/@muhyusuf2345"
"=""7226419419407811355""","","=""6907450469628052482""","02januari1995","Capricorn🦊","bagi","27/4/2023, 00.58.29","0","No","0","No","https://www.tiktok.com/@02januari1995"
"=""7226419268631069466""","","=""6711644563360793601""","kodokrawa67","kodok rawa","semangat bg emg berat megang iman di akhir zaman ini","27/4/2023, 00.57.52","0","No","0","No","https://www.tiktok.com/@kodokrawa67"
"=""7226416424762655515""","","=""7091622351155397634""","hansnata645","Aan💫","info bg GK paham viral nya shakira","27/4/2023, 00.46.47","0","No","0","No","https://www.tiktok.com/@hansnata645"
"=""7226414556279931674""","","=""6995917912741905410""","yogifrayoga05","Yogi Frayoga","udah liat bro biasa aja","27/4/2023, 00.39.31","0","No","0","No","https://www.tiktok.com/@yogifrayoga05"
"=""7226410381945766682""","","=""7165751446837969922""","awanokta0","Zhang Xiang (张可)","otw yandex😂","27/4/2023, 00.23.28","0","No","0","No","https://www.tiktok.com/@awanokta0"
"=""7226409900183962370""","","=""6798321893701141510""","rickinelsonvaz","Ricki","Cuma dapat 14 Video😂😂😂","27/4/2023, 00.21.24","0","No","2","No","https://www.tiktok.com/@rickinelsonvaz"
"=""7226508438196257562""","=""7226409900183962370""","=""6921484806417515521""","sakaaaaa57","saka","dpet dr mana bang","27/4/2023, 06.44.37","0","No","","","https://www.tiktok.com/@sakaaaaa57"
"=""7226428941711639322""","=""7226409900183962370""","=""6746334866235474945""","cikak24","Cikak","bagi broo","27/4/2023, 01.35.35","0","No","","","https://www.tiktok.com/@cikak24"
"=""7226404424237859611""","","=""6793654790671221761""","rickybb2","ricky bang boy","apalah daya ku yang ketinggalan berita😅😅","27/4/2023, 00.00.08","0","No","0","No","https://www.tiktok.com/@rickybb2"
"=""7226403342536590107""","","=""7014999644385199105""","rull_0909","S_","stop it!!!","26/4/2023, 23.56.11","0","No","0","No","https://www.tiktok.com/@rull_0909"
"=""7226401747240567557""","","=""7174373619396051970""","kamusiapany","Holifatullah","aku udah liat wk","26/4/2023, 23.49.38","0","No","0","No","https://www.tiktok.com/@kamusiapany"
"=""7226401365148418843""","","=""7164191913998156801""","rhastiana","Rhas🧚‍♂️","astagfirullah aib orang","26/4/2023, 23.48.31","0","No","0","No","https://www.tiktok.com/@rhastiana"
"=""7226399294689346330""","","=""6861702195135874050""","maliki_tarigan","Kioo🤖","emang nya dia kenapa sih","26/4/2023, 23.40.28","0","No","0","No","https://www.tiktok.com/@maliki_tarigan"
"=""7226397828619748102""","","=""6938501485761397761""","apabiru09","lif","aku juga dah punya","26/4/2023, 23.34.25","0","No","0","No","https://www.tiktok.com/@apabiru09"
"=""7226395634268439323""","","=""7135673655946691586""","userrxif4noce1","nana","plis bagi dong","26/4/2023, 23.26.03","0","No","0","No","https://www.tiktok.com/@userrxif4noce1"
"=""7226394114790179610""","","=""7057011849850749953""","ekoprasetyo00000","Eko prasetyo","lebih ngeri punya tukang servis hp....😏😏😏","26/4/2023, 23.20.13","0","No","0","No","https://www.tiktok.com/@ekoprasetyo00000"
"=""7226393937505764122""","","=""7057011849850749953""","ekoprasetyo00000","Eko prasetyo","sebagai tukang servis hp....gua gak kaget....😏😏😏","26/4/2023, 23.19.38","0","No","0","No","https://www.tiktok.com/@ekoprasetyo00000"
"=""7226393665022427931""","","=""6909710472489780226""","elong233","ortu","ap cuman poto² dia aja dan mau berbagi ,di bulan puasa karna semua potonya manis²","26/4/2023, 23.18.31","0","No","0","No","https://www.tiktok.com/@elong233"
"=""7226392352427655962""","","=""7085129280112690202""","id031710","id0317109899","gimna bree emang video nya sya gatau 😂","26/4/2023, 23.13.26","0","No","0","No","https://www.tiktok.com/@id031710"
"=""7226391540670022426""","","=""6875266366699963394""","papilc08","mas_iib","info","26/4/2023, 23.10.13","0","No","0","No","https://www.tiktok.com/@papilc08"
"=""7226389222389859099""","","=""6980730995743179778""","ibraramadhon903","ibraramadhon903","gua nggk tau apa apa","26/4/2023, 23.01.10","0","No","0","No","https://www.tiktok.com/@ibraramadhon903"
"=""7226388572704932634""","","=""7113057541152687130""","suryagwn","srya","p yg punya bole la berbagi sedikit","26/4/2023, 22.58.40","0","No","0","No","https://www.tiktok.com/@suryagwn"
"=""7226388522160538394""","","=""6957409208888706049""","awawah754","sudiAH","enak bnr ya jdi cwonya njirrr","26/4/2023, 22.58.37","0","No","0","No","https://www.tiktok.com/@awawah754"
"=""7226388148308869914""","","=""6941330430516478977""","sandyaga6","san'c di","pengen","26/4/2023, 22.57.05","0","No","0","No","https://www.tiktok.com/@sandyaga6"
"=""7226386180722606875""","","=""6957902004865844225""","vexpxl","Vex Pixel","gak faham","26/4/2023, 22.49.21","0","No","0","No","https://www.tiktok.com/@vexpxl"
"=""7226386023444824859""","","=""6558011515021803522""","tatianggraeni5","Tati Anggraeni","ini kasus ap si ...ketinggalan akunya","26/4/2023, 22.48.48","0","No","0","No","https://www.tiktok.com/@tatianggraeni5"
"=""7226385492014924571""","","=""7081983367495992321""","dolphin2736","Yasir","berbagilah karena berbagi tidak membuatmu miskin🥰","26/4/2023, 22.46.51","0","No","0","No","https://www.tiktok.com/@dolphin2736"
"=""7226385456097870598""","","=""7081041544895906818""","resaaaaa0921","sa","shrsnya vdio nya gak usah di sbr kasian SMA kakak nya ... kita kan juga manusia shrsnya harus Sling menutupi aib seseorang .. kasian kak nya loh🥺🥺","26/4/2023, 22.46.23","0","No","0","No","https://www.tiktok.com/@resaaaaa0921"
"=""7226385066795287323""","","=""7020542298370917402""","mobatmabit09","YANGTERLUPAKN","semoga makin laris dek jualannya😅😅😅","26/4/2023, 22.45.06","0","No","0","No","https://www.tiktok.com/@mobatmabit09"
"=""7226384949418427163""","","=""7159427665618748443""","blablabla._553","blablabla","sumpah kasian sama teteh nyaa yng nahan malu teroma gk tau hrs gimnaa bingung campur aduk solusinya keluar loby🤣","27/4/2023, 11.22.39","0","No","0","No","https://www.tiktok.com/@blablabla._553"
"=""7226384480678724378""","","=""7116851893792490523""","congbahulll","cong_bahul","juancok ketinggalan gua","26/4/2023, 22.42.44","0","No","0","No","https://www.tiktok.com/@congbahulll"
"=""7226382941239788315""","","=""6716497716212352002""","lakipe09","𝐺𝑂𝐵𝐿𝐼𝑁ᴹᵘˡᵘⁿᵍ","aku cuman ada 4 emng file.y berapa sih😂","26/4/2023, 22.36.54","0","No","0","No","https://www.tiktok.com/@lakipe09"
"=""7226382761677030171""","","=""6888906513931584517""","muhamadrizal3666","MUHAMAD RIZAL","yaa allah cukup lah dosaku dalam brp harini. kuatkan hamba menahan syahwat hamba ya allah 🥺","26/4/2023, 22.36.08","0","No","0","No","https://www.tiktok.com/@muhamadrizal3666"
"=""7226382088496136987""","","=""7121355441707926530""","poetra_pramudya","poetra_pramudya","bukan sok alim ya.. apa yg kalian bangga kn dengan itu... dah lupakan dn jngn buka aib orang..","26/4/2023, 22.33.33","0","No","0","No","https://www.tiktok.com/@poetra_pramudya"
"=""7226379261498032923""","","=""6973204658001036289""","khoungker211","￴￴ ￴ ￴￴ ￴ ￴￴","tweter banh","26/4/2023, 22.22.38","0","No","0","No","https://www.tiktok.com/@khoungker211"
"=""7226377895488160538""","","=""6772389963045618689""","zengniu363","Zeng Niu","info yg mau bagi2 sedekah","26/4/2023, 22.17.18","0","No","0","No","https://www.tiktok.com/@zengniu363"
"=""7226377826693546754""","","=""6773857054669423617""","mr.metan423","Mr.Metan423","gua punya fuull yang sini","26/4/2023, 22.16.54","0","No","0","No","https://www.tiktok.com/@mr.metan423"
"=""7226375211112284954""","","=""6745352210256823298""","muuuiss","belabbeh🕷️","pas liat vd dia aku ingkar janji ku king😅","26/4/2023, 22.06.52","0","No","0","No","https://www.tiktok.com/@muuuiss"
"=""7226373021513696027""","","=""6958781344642368514""","riskimajadi","riski","bagi lah😂","26/4/2023, 21.58.23","0","No","0","No","https://www.tiktok.com/@riskimajadi"
"=""7226372808346796826""","","=""7105211222090105858""","wanita579","wanita fakir ilmu","astagfirullahalazim ya Allah ini lah yg aku takut untuk mengenal budaya darat di laur sana ya Robb","26/4/2023, 21.57.32","0","No","0","No","https://www.tiktok.com/@wanita579"
"=""7226372713513370395""","","=""7113088190245258241""","wiloffguys","willy off","gk munafik ,tp emng 1vidio pun saya gk nonton atau pun mencari tau ,
sudah lah semua manusia punya aib ,punya kesalahan ,stop menghakimi","26/4/2023, 21.57.12","0","No","0","No","https://www.tiktok.com/@wiloffguys"
"=""7226370393116099354""","","=""7042174332541781018""","firmansyahmaspul","FirmansyahFS","apaan sih ini","26/4/2023, 21.48.16","0","No","0","No","https://www.tiktok.com/@firmansyahmaspul"
"=""7226369604061725467""","","=""6960264995930964994""","alfin_xxx","Alfin_02 al","bagi bg","26/4/2023, 21.45.06","0","No","0","No","https://www.tiktok.com/@alfin_xxx"
"=""7226368850069046042""","","=""7204813754499253249""","kataimerah25","ARIFIN nya Imah 🥰","ksihn njir","26/4/2023, 21.42.10","0","No","0","No","https://www.tiktok.com/@kataimerah25"
"=""7226368528847831835""","","=""6974976575558648833""","apinn000","ApiN-AquA","orang lain : bagi THR
do'i : berbagi file","26/4/2023, 21.40.52","0","No","0","No","https://www.tiktok.com/@apinn000"
"=""7226367711386256154""","","=""6993520521985065985""","candukamu039","candukamu069","aib orang jangan d umbar kasian","26/4/2023, 21.37.42","0","No","0","No","https://www.tiktok.com/@candukamu039"
"=""7226367383164781339""","","=""6551292053689630722""","ipong303","Andika","anjir egk tau nya Diah org Cileungsi Cipanas kota Bogor
jadi penasaran jajal tanyain ah ke tetangga nya siapa tau ketemu diah🥰😅","26/4/2023, 21.36.21","0","No","0","No","https://www.tiktok.com/@ipong303"
"=""7226366544770450181""","","=""6803165551515993090""","ppypyyy","pppyy","@ndndchsjsj bk due jluk","26/4/2023, 21.33.04","0","No","0","No","https://www.tiktok.com/@ppypyyy"
"=""7226365611256611610""","","=""6854035995856749570""","_yuhana_09","yana🌷","@iil_fayani1","26/4/2023, 21.29.38","0","No","0","No","https://www.tiktok.com/@_yuhana_09"
"=""7226361776781476634""","","=""6749487556956898306""","ardy_999","Ardy999","Pdhl ini bukan dia yg nyebarin lho. Buat pribadi dia. Kdg kasian klu di bully apa ga kasian klu jd depresi.","26/4/2023, 21.14.40","0","No","0","No","https://www.tiktok.com/@ardy_999"
"=""7226359028506067738""","","=""6921427187401933826""","wilboys7","Bigmouse","banyak yg menyebar aibnya ,mereka seakan bangga memilikinya tanpa mereka sadari dosa terus mengalir","26/4/2023, 21.04.01","0","No","0","No","https://www.tiktok.com/@wilboys7"
"=""7226358603694768922""","","=""6854811904298009602""","adnanprasetiawan6","Adnan tabolang🤣🤣","bagi dong bang","27/4/2023, 09.47.40","0","No","0","No","https://www.tiktok.com/@adnanprasetiawan6"
"=""7226358381476184859""","","=""6706858576532521986""","nrs_04","🐎","Udh liat duhhh","26/4/2023, 21.01.37","0","No","0","No","https://www.tiktok.com/@nrs_04"
"=""7226356367497396997""","","=""6937571094849995777""","efrisugianto_","Efri Asmo","galery/vidio full dirinya😂","26/4/2023, 20.53.34","0","No","0","No","https://www.tiktok.com/@efrisugianto_"
"=""7226353075643466502""","","=""7224351531570152474""","eriksaputra8259","Erik","berbagi ituh indah bang","26/4/2023, 20.40.46","0","No","0","No","https://www.tiktok.com/@eriksaputra8259"
"=""7226350758446039834""","","=""6961857573521015814""","yanzz_ed1t__","𝐇𝐚𝐞𝐰𝐨𝐧先輩","bgi bg gw belum rapi","27/4/2023, 08.21.44","0","No","0","No","https://www.tiktok.com/@yanzz_ed1t__"
"=""7226350364487549722""","","=""6800657821156983810""","cak_aat","_R!_","yg gue baca..semua komenya sindirann gak jls arah dan tujannya..lanjtkan bakatmu king🤣🤣","27/4/2023, 09.04.36","0","No","0","No","https://www.tiktok.com/@cak_aat"
"=""7226349938099061510""","","=""7025600091999486982""","kawulho","Kawulo alit","tuhh kan di nongol lgi..😂","26/4/2023, 23.30.14","0","No","0","No","https://www.tiktok.com/@kawulho"
"=""7226349779013796635""","","=""6756563250353898497""","bokobaru","hokage","demi berita 349 triliun hilang","26/4/2023, 20.28.12","0","No","0","No","https://www.tiktok.com/@bokobaru"
"=""7226347951751430938""","","=""6930847152433054721""","muhammadfadlillah4","Pragos","Bagi bg gua follw dah.. pnasaran","27/4/2023, 05.44.01","0","No","0","No","https://www.tiktok.com/@muhammadfadlillah4"
"=""7226346701220184859""","","=""6842191298058896385""","nicholchulo","ur911📞","@tinkqerbbell","26/4/2023, 20.16.12","0","No","0","No","https://www.tiktok.com/@nicholchulo"
"=""7226341705544581889""","","=""7116866812276753409""","zeenmuhamaad","zeenmuhamaad","bagi bng","26/4/2023, 19.56.44","0","No","0","No","https://www.tiktok.com/@zeenmuhamaad"
"=""7226340604283732762""","","=""7211850566641091585""","anaktihsj64","ATB","info yang mau bagiin saya","26/4/2023, 19.52.37","0","No","1","No","https://www.tiktok.com/@anaktihsj64"
"=""7226379518646158106""","=""7226340604283732762""","=""7211850566641091585""","anaktihsj64","ATB","ngk ada Twitter","26/4/2023, 22.23.38","0","No","","","https://www.tiktok.com/@anaktihsj64"
"=""7226339295207424794""","","=""7081799859595199489""","ikram8345","Ikram8345","enggak masuk akal ini vidio cuman gara gara hp ilang","26/4/2023, 19.47.30","0","No","0","No","https://www.tiktok.com/@ikram8345"
"=""7226339042487894810""","","=""6940479815901250562""","arifcllaluuizadim","arif1927","gue ada encir ... sayang g ada lawan nya 😁😁😁","26/4/2023, 19.46.26","0","No","0","No","https://www.tiktok.com/@arifcllaluuizadim"
"=""7226335679335777050""","","=""6749156290288763906""","aidilanwar33","Aidil anwar","anjing, buat penasaran aja,, di cari cari egk dapat dapat..","26/4/2023, 19.33.26","0","No","0","No","https://www.tiktok.com/@aidilanwar33"
"=""7226335388981773083""","","=""7149933648124281857""","b4bythv","◕ᴗ◕Lida🦋","masih hidup kah","27/4/2023, 09.38.19","0","No","0","No","https://www.tiktok.com/@b4bythv"
"=""7226334644839744283""","","=""6958035695970599941""","andrew28_gaming","mr28gaming8","barter gwa ada file arachu wkwkwkwk","27/4/2023, 02.38.46","0","No","0","No","https://www.tiktok.com/@andrew28_gaming"
"=""7226333537556661018""","","=""7028478607815246875""","user6424961270617","user6424961270617","bagi bagi la broo😅","26/4/2023, 19.25.10","0","No","0","No","https://www.tiktok.com/@user6424961270617"
"=""7226333293369049883""","","=""7208423522955625499""","xinn2302","xinn2302","item","26/4/2023, 19.24.17","0","No","0","No","https://www.tiktok.com/@xinn2302"
"=""7226332778451026693""","","=""6933957245987030017""","hardilombok2","🇮🇩hardi Lombok🇲🇾","bagi” aku di tingl bas ni","26/4/2023, 19.22.03","0","No","0","No","https://www.tiktok.com/@hardilombok2"
"=""7226328841600844570""","","=""6801622544232596481""","imamsafii9253","imamsafii9253","maksudnya apa ceh... ko' aku gac ngerti""","27/4/2023, 01.10.50","0","No","0","No","https://www.tiktok.com/@imamsafii9253"
"=""7226326146899133211""","","=""6968931619809854466""","ahmad_iki_","@afdal tasrun","kok aku malah jdi kasyan yah sama dia🥺","26/4/2023, 18.56.27","0","No","0","No","https://www.tiktok.com/@ahmad_iki_"
"=""7226325689199362842""","","=""6939078337320387586""","abcod65","Mas Lana","kasih cok😭","26/4/2023, 23.51.49","0","No","0","No","https://www.tiktok.com/@abcod65"
"=""7226325427803439898""","","=""7172614565002691611""","muazyranzer","Asu","gabole gitu bang itu aib orng🙏Allah telah menutup rapat2 aibnya eh di buka Ama lu kan gak lucu🤣","26/4/2023, 18.53.42","0","No","0","No","https://www.tiktok.com/@muazyranzer"
"=""7226325147979760411""","","=""7178235141435900954""","666.story","666 [story🥀]","🤣🤣","27/4/2023, 05.51.23","0","No","0","No","https://www.tiktok.com/@666.story"
"=""7226323825872536346""","","=""7152701798229935130""","football827173","fahry1209","bgi bng😊","27/4/2023, 07.27.55","0","No","0","No","https://www.tiktok.com/@football827173"
"=""7226323398870778651""","","=""7192841658965738497""","mashendra_3","Rasya30","kasiann bang","26/4/2023, 18.45.49","0","No","0","No","https://www.tiktok.com/@mashendra_3"
"=""7226323170100790043""","","=""7038784093048652802""","abbilakbari00","𝙉𝙄𝙉𝙅𝘼𝘽𝙚𝙧𝙠𝙖𝙝𝙡𝙚𝙡𝙚","@ada","26/4/2023, 18.44.53","0","No","0","No","https://www.tiktok.com/@abbilakbari00"
"=""7226322355177620251""","","=""6904904307519767553""","iki.720","iky","hha aku bnyk bang di galeri","26/4/2023, 18.41.49","0","No","1","No","https://www.tiktok.com/@iki.720"
"=""7226352551721452314""","=""7226322355177620251""","=""7002782869366359046""","omdoyee","ren","bgi eu","26/4/2023, 20.39.01","0","No","","","https://www.tiktok.com/@omdoyee"
"=""7226322217943188250""","","=""7157213567392941057""","monrebit","Moon","Emang ada apa ya ,di beranda gw full syakirah ,srius nanya bang???????","26/4/2023, 18.41.11","0","No","0","No","https://www.tiktok.com/@monrebit"
"=""7226321010206311195""","","=""7183177024823149570""","amranjeber9607295518171","亗々あ友","cantik"" bikin aku teringat lagi","26/4/2023, 18.36.33","0","No","0","No","https://www.tiktok.com/@amranjeber9607295518171"
"=""7226319380815463194""","","=""7150969315965142042""",".beenggggggggggg","Beng🚀","bagi bang","26/4/2023, 18.30.10","0","No","0","No","https://www.tiktok.com/@.beenggggggggggg"
"=""7226318304721601306""","","=""6624357924372660226""","mhmmd_nzhan","ehanshop017","yang viral dimari yang viral disini lengkap wjib follow ig tiktok
@mhmmd_nzhan_","26/4/2023, 18.26.07","0","No","0","No","https://www.tiktok.com/@mhmmd_nzhan"
"=""7226315889749639962""","","=""6743781135774630913""","berkah.jaya.farm","Berkah.jaya.farm","@sya.5919","26/4/2023, 23.56.08","0","No","0","No","https://www.tiktok.com/@berkah.jaya.farm"
"=""7226314549581234970""","","=""1690208584074258""","rafaelbalau","Yusup","kirim lah boy oenasaran banget gua😂","26/4/2023, 23.09.35","0","No","0","No","https://www.tiktok.com/@rafaelbalau"
"=""7226303406074708762""","","=""7107610313428009986""","tyasseptyan0","@Tyas","apasi ga gerti","26/4/2023, 17.28.14","0","No","0","No","https://www.tiktok.com/@tyasseptyan0"
"=""7226301497650512646""","","=""6952238700906972166""","mrutd37","FRANKENSTEIN","cek yutub MISTER VYO","26/4/2023, 21.38.11","0","No","0","No","https://www.tiktok.com/@mrutd37"
"=""7226301476729307931""","","=""7054118016321504258""","arfnf.96","SAGITARIUS🌿","gw penasaran sama videonya🥺","26/4/2023, 17.20.53","0","No","0","No","https://www.tiktok.com/@arfnf.96"
"=""7226299406126023430""","","=""7091935821876085786""","gh.slwly","RonzSkie","bagilah bg","26/4/2023, 17.12.30","0","No","0","No","https://www.tiktok.com/@gh.slwly"
"=""7226295915325506310""","","=""6965418303263704070""","user90032846937","user90032846937","ga ada kasihan²nya orang yaa","26/4/2023, 16.59.03","0","No","0","No","https://www.tiktok.com/@user90032846937"
"=""7226295884869305115""","","=""6920968884761969665""","r_pramanda23","Capybara","kasihan mana masih muda🗿","26/4/2023, 16.58.59","0","No","0","No","https://www.tiktok.com/@r_pramanda23"
"=""7226294043435729690""","","=""7007459671129932827""","cacing_zimbabwe","ANOMALI","terimakasih atas THRnya kak🥰🤗
akhirnya saya bisa tidur nyenyak 🤝😍","26/4/2023, 16.51.52","0","No","0","No","https://www.tiktok.com/@cacing_zimbabwe"
"=""7226293955263513370""","","=""6910563801583387650""","bg_jekcc","Bocek","dia kenapa bg? soal nya ketinggalan berita","26/4/2023, 16.51.36","0","No","0","No","https://www.tiktok.com/@bg_jekcc"
"=""7226292756623721242""","","=""7181178080122373122""","fredown68","Dewan Perwakilan Ribon","kenak gelas dedek bg","26/4/2023, 16.46.58","0","No","0","No","https://www.tiktok.com/@fredown68"
"=""7226288233070609179""","","=""7129166404641670145""","popshunny","𝐌 𝐒𝐘𝐔𝐊𝐔𝐑","udah dapat gua Vidio nya barusan cuk,,susah bener mau dapatin nya,dan akhirnya dapat jga 😂","26/4/2023, 16.29.24","0","No","0","No","https://www.tiktok.com/@popshunny"
"=""7226287865578947354""","","=""6958800104858649602""","dedii442","luxsy skin","ikan hiu makan biri²
bagi oi wkwk","26/4/2023, 16.28.03","0","No","0","No","https://www.tiktok.com/@dedii442"
"=""7226286814444339994""","","=""6932483571807208449""","rans_02","RANSGRONTALO","Bagi video bang","26/4/2023, 16.23.58","0","No","0","No","https://www.tiktok.com/@rans_02"
"=""7226286451201032987""","","=""7189609806801323009""","irfansyanhns3","🆂🆃🅾🆁🆈 🆂🆆","bro minta dong","26/4/2023, 16.22.35","0","No","0","No","https://www.tiktok.com/@irfansyanhns3"
"=""7226284380577858330""","","=""6781390120174388226""","botak.ijok0","@botak ijok","gue punya smua pidio ny bg","26/4/2023, 16.14.28","0","No","0","No","https://www.tiktok.com/@botak.ijok0"
"=""7226282264277058330""","","=""7102826323055674373""","dratzy48","Samsudin","bagi bng","26/4/2023, 16.06.29","0","No","0","No","https://www.tiktok.com/@dratzy48"
"=""7226281630693770011""","","=""6866620928496681986""","blo0drose.888","🩸🌹","ambil mahkotamu king🩲","26/4/2023, 16.03.59","0","No","0","No","https://www.tiktok.com/@blo0drose.888"
"=""7226281333261222682""","","=""7226275015510098970""","meowwwww771","meow","yng mao video nya cek profile","26/4/2023, 16.02.52","0","No","0","No","https://www.tiktok.com/@meowwwww771"
"=""7226281298330419995""","","=""6553738319939223553""","kadal_biawk","✪ Tok De Tok","jago ya ternyata🤣","26/4/2023, 21.54.51","0","No","0","No","https://www.tiktok.com/@kadal_biawk"
"=""7226280281706808091""","","=""6885505528241161218""","mhmmdjairullah","JAIRULLAH_","ketinggalan kabar nih kalian dpt video ny dari mna sih","26/4/2023, 15.58.40","0","No","0","No","https://www.tiktok.com/@mhmmdjairullah"
"=""7226278135708664603""","","=""6929683554000634881""","gimfolker.0","GECR","YG UDAH NONTON SETENGAH BULAN YG LALU NAMUN BARU PYP🗿","26/4/2023, 15.50.22","0","No","0","No","https://www.tiktok.com/@gimfolker.0"
"=""7226278086475367194""","","=""6772372021897692161""",".boobbyy","B 0 B Y","@Umar Saputra","26/4/2023, 15.50.06","0","No","1","No","https://www.tiktok.com/@.boobbyy"
"=""7226305721032721179""","=""7226278086475367194""","=""6794692642035827714""","sandal_japet_","Umar Saputra","wes duwe","26/4/2023, 17.37.11","0","No","","","https://www.tiktok.com/@sandal_japet_"
"=""7226274728338703131""","","=""6829676576210650114""","zbryn8","Rangga","mirip inshira vieta sama tahi lalat nya😳","26/4/2023, 15.36.57","0","No","0","No","https://www.tiktok.com/@zbryn8"
"=""7226272832476447514""","","=""6952740147654722562""","abuunerdd_32","4bieb","lawack yg bilang udah ada gw di minta malah ngilang 🗿🗿🗿","26/4/2023, 15.29.48","0","No","0","No","https://www.tiktok.com/@abuunerdd_32"
"=""7226272023541023515""","","=""6984679113529885701""","chantikazhaa431","Jh","ae gua ketinggalan berita kasih tau ngapa knp sih ?","26/4/2023, 19.11.55","0","No","0","No","https://www.tiktok.com/@chantikazhaa431"
"=""7226271887910273818""","","=""6937652899577758721""","manwkwk01","Libra🥰","adaa semuaa akuu🗿🗿","26/4/2023, 15.26.06","0","No","0","No","https://www.tiktok.com/@manwkwk01"
"=""7226270753032848154""","","=""6960947316867138561""","davalsmn33","davaa","emang dia gitu gak mirip","26/4/2023, 22.36.08","0","No","1","No","https://www.tiktok.com/@davalsmn33"
"=""7226402982916031259""","=""7226270753032848154""","=""6875600467843367938""","igho2904","🇮🇩Igho🇲🇾","srius dia t","26/4/2023, 23.54.41","0","No","","","https://www.tiktok.com/@igho2904"
"=""7226269117169763099""","","=""7016685302644458498""","miellowii","mieelloww","sorry","26/4/2023, 20.21.12","0","No","0","No","https://www.tiktok.com/@miellowii"
"=""7226267349702984475""","","=""6972095671948968962""","onelist01","frizonnn","udah cek oli Belum king","26/4/2023, 15.08.26","0","No","0","No","https://www.tiktok.com/@onelist01"
"=""7226265187703620378""","","=""6971785396460274689""","alhadi6467","alhadi6467","min coba pikirin lagi aib itu","26/4/2023, 15.00.16","0","No","0","No","https://www.tiktok.com/@alhadi6467"
"=""7226264730784236314""","","=""7011863324900393986""","edondol","Edopr","anjir gw dri tdi nyariin trus gk ktmu jg","26/4/2023, 14.58.24","0","No","0","No","https://www.tiktok.com/@edondol"
"=""7226262390828483354""","","=""7052976979792151554""","rikaokkotsu","R","kasian, bangga lo sebar aib orangg?","26/4/2023, 14.49.17","0","No","0","No","https://www.tiktok.com/@rikaokkotsu"
"=""7226262132403651355""","","=""7010378981325685762""","catelai","jess","ga ada yg mlm pertama cuma gitu doang....😂","26/4/2023, 14.48.10","0","No","0","No","https://www.tiktok.com/@catelai"
"=""7226260326953599770""","","=""7008993197158417410""","a.jeremi","panglatu tv","udh jaweran 😅","26/4/2023, 14.41.17","0","No","0","No","https://www.tiktok.com/@a.jeremi"
"=""7226260304774251291""","","=""1690219629606945""","yanginiica","beneranicaa","syakira jadi pacarnya semua cowo orang Indonesia","26/4/2023, 14.41.14","0","No","0","No","https://www.tiktok.com/@yanginiica"
"=""7226258166911386395""","","=""7031458401491305474""","ovvyarifalvino","Alvino15","cuman main solo ngk brani main skuat..🤣🤣","26/4/2023, 14.32.42","0","No","0","No","https://www.tiktok.com/@ovvyarifalvino"
"=""7226256971488314138""","","=""7093492668865446914""","manusiapelatr","수지 💙","SOLO SEMUA KURNG SERU😌","26/4/2023, 14.28.02","0","No","0","No","https://www.tiktok.com/@manusiapelatr"
"=""7226256739283911450""","","=""6970898534707397633""","wheire_lai","laii","gua uda liatt anjai 9 vidio","26/4/2023, 14.27.14","0","No","0","No","https://www.tiktok.com/@wheire_lai"
"=""7226256668581479194""","","=""7138598672161309722""","ardhy5636","ardhy","bagi"" jga😂","26/4/2023, 14.27.07","0","No","0","No","https://www.tiktok.com/@ardhy5636"
"=""7226252647627637531""","","=""7098615419670201370""","cantikmuut","Y tante lantana","seburuk apapun dia jangan sampai merendahkannya","26/4/2023, 21.01.58","0","No","0","No","https://www.tiktok.com/@cantikmuut"
"=""7226252429795689242""","","=""7128573875387401243""","bynz.always.nt24","Byann★","udh ad","26/4/2023, 14.10.28","0","No","4","No","https://www.tiktok.com/@bynz.always.nt24"
"=""7226256206464762650""","=""7226252429795689242""","=""7022550356535264257""","rdikaaa11","rdika","penasaran","26/4/2023, 14.25.10","0","No","","","https://www.tiktok.com/@rdikaaa11"
"=""7226256166870844187""","=""7226252429795689242""","=""6644511073024131073""","gigo832","kunaon","bagi bang","26/4/2023, 14.25.06","0","No","","","https://www.tiktok.com/@gigo832"
"=""7226256074235429658""","=""7226252429795689242""","=""7128573875387401243""","bynz.always.nt24","Byann★","wkwkw pgn?","26/4/2023, 14.24.50","0","No","","","https://www.tiktok.com/@bynz.always.nt24"
"=""7226255598152909595""","=""7226252429795689242""","=""7022550356535264257""","rdikaaa11","rdika","bgi","26/4/2023, 14.22.56","0","No","","","https://www.tiktok.com/@rdikaaa11"
"=""7226252026501071643""","","=""6940973803284841473""","epribadeh31","epribadeh","pideomu tersusun rapi di galeri ku","26/4/2023, 14.08.58","0","No","0","No","https://www.tiktok.com/@epribadeh31"
"=""7226251324413117210""","","=""6919183922987369473""","slbwww78","anjayslbew","bagi lah bangg","26/4/2023, 14.06.24","0","No","0","No","https://www.tiktok.com/@slbwww78"
"=""7226248471015211802""","","=""7094463099814822939""","blubblesyie__","⠀᠌","cwo yg blm liat videonya cwo keren","26/4/2023, 13.55.17","0","No","0","No","https://www.tiktok.com/@blubblesyie__"
"=""7226248407197958939""","","=""6604293951423119361""","almunawir_nawir","Almunawir","mirip mantanku😁","26/4/2023, 13.54.50","0","No","0","No","https://www.tiktok.com/@almunawir_nawir"
"=""7226248331999183642""","","=""7216527133144384538""","icha_28101","ICHA767","𝘼𝙙𝙖 𝘿𝙞 𝙋𝙧𝙤𝙛𝙞𝙡 𝙆𝙪","26/4/2023, 13.54.48","0","No","0","No","https://www.tiktok.com/@icha_28101"
"=""7226246272092160794""","","=""6604293951423119361""","almunawir_nawir","Almunawir","bagi dong😁 tp nnti setelah buka puasa ya om😁","26/4/2023, 13.46.35","0","No","0","No","https://www.tiktok.com/@almunawir_nawir"
"=""7226244101035819803""","","=""6772674924386485249""","aldyalfaisal","𝓪𝓵𝓭𝔂 𝓪𝓵𝓯𝓪𝓲𝓼𝓪𝓻 °•°","tolong beri aku satu video agar rasa penasaran ini terobati😂😂","26/4/2023, 13.38.06","0","No","0","No","https://www.tiktok.com/@aldyalfaisal"
"=""7226239986374066970""","","=""7194001872365208577""","ucup000490","Muhammad Yusuf","anjir gua baru nonton","26/4/2023, 13.22.14","0","No","0","No","https://www.tiktok.com/@ucup000490"
"=""7226236474290357018""","","=""7033750342127666181""","xyrascal","ABIMNYU GANK💜🤙","info² buat yg mau bagi aja","26/4/2023, 18.59.19","0","No","0","No","https://www.tiktok.com/@xyrascal"
"=""7226234480406676226""","","=""7009474263975625730""","rrohman_","Kulikorea 🇰🇷","joss tenan iki 🥰🥰🥰🥰","26/4/2023, 13.00.40","0","No","0","No","https://www.tiktok.com/@rrohman_"
"=""7226233403522630426""","","=""7218900878182761498""","leonardosihotang_27","Pejuang Rupiah","Bagi Vidio lah bg","26/4/2023, 12.56.40","0","No","0","No","https://www.tiktok.com/@leonardosihotang_27"
"=""7226232347942191898""","","=""6522807432896528385""","dimascahyodimas212","ma'as","viral @syakiraviral1","26/4/2023, 18.29.04","0","No","0","No","https://www.tiktok.com/@dimascahyodimas212"
"=""7226228987353236250""","","=""7211121695523521538""","wulankulen","Wulandari","viral kenapa tu","26/4/2023, 12.39.37","0","No","0","No","https://www.tiktok.com/@wulankulen"
"=""7226228000235275035""","","=""6963452561123755014""","pauzycamp","Pauzy","Bg🗿Noo","26/4/2023, 16.59.15","0","No","0","No","https://www.tiktok.com/@pauzycamp"
"=""7226227011130376987""","","=""6825692998086771714""","yantiraraa","rara","solo semua","26/4/2023, 12.31.46","0","No","3","No","https://www.tiktok.com/@yantiraraa"
"=""7226273012134478618""","=""7226227011130376987""","=""6952740147654722562""","abuunerdd_32","4bieb","bgi bg","26/4/2023, 15.30.24","0","No","","","https://www.tiktok.com/@abuunerdd_32"
"=""7226266589800563482""","=""7226227011130376987""","=""6825692998086771714""","yantiraraa","rara","galeri full , emg bgus luar dlm sihh","26/4/2023, 15.05.33","0","No","","","https://www.tiktok.com/@yantiraraa"
"=""7226237747777766170""","=""7226227011130376987""","=""6778805528522736642""","creatorgabut09","GABUT","kok bisa tau😂","26/4/2023, 13.13.38","0","No","","","https://www.tiktok.com/@creatorgabut09"
"=""7226225158772310811""","","=""7134571271450264577""","wawan12281","wawan12281","infoo","26/4/2023, 12.24.38","0","No","0","No","https://www.tiktok.com/@wawan12281"
"=""7226224906114056986""","","=""6821574121010299905""","ndokondo_","hann","weh bagi lah","26/4/2023, 12.23.37","0","No","0","No","https://www.tiktok.com/@ndokondo_"
"=""7226222483979911963""","","=""6960311867541750789""","hadipran17","hadi. p","Situs","26/4/2023, 12.14.20","0","No","0","No","https://www.tiktok.com/@hadipran17"
"=""7226222357227160347""","","=""7180007219337069569""","bajingansenja2","bajingansenja2","ada ni di galeri kolo mau","26/4/2023, 12.13.43","0","No","0","No","https://www.tiktok.com/@bajingansenja2"
"=""7226217962197451546""","","=""6834009800947516418""","tonglongtong","sepp","ni poto lewat mulu ini knp si?","26/4/2023, 11.56.54","0","No","0","No","https://www.tiktok.com/@tonglongtong"
"=""7226217135981380379""","","=""7220374467129525275""","fhn000","F","kemaren babymetal sekarang shakira","26/4/2023, 11.53.30","0","No","0","No","https://www.tiktok.com/@fhn000"
"=""7226214765444973339""","","=""7083130661938217985""","sipaling.affiliatee","BUGIS storee","idola gue 😅","26/4/2023, 17.22.20","0","No","0","No","https://www.tiktok.com/@sipaling.affiliatee"
"=""7226214388625277723""","","=""6910853819376124929""","kemal.vr","𝖘𝖆𝖌𝖎𝖙𝖆𝖗𝖎𝖚𝖘","kasihan banget gua liat videonya, kesakitan dianya 🗿🗿","26/4/2023, 11.43.05","0","No","0","No","https://www.tiktok.com/@kemal.vr"
"=""7226213045101511450""","","=""7133475377063003162""","kaputr7","Bujang Lampung🚬","gua udh liat ☺️","26/4/2023, 19.05.58","0","No","1","No","https://www.tiktok.com/@kaputr7"
"=""7226352531638453018""","=""7226213045101511450""","=""7002782869366359046""","omdoyee","ren","bagi bg","26/4/2023, 20.38.50","0","No","","","https://www.tiktok.com/@omdoyee"
"=""7226211580374762267""","","=""6797000722984502273""","entertotheend21","edwin.","alhmdulillah gak punya 1 pun bang 😭","26/4/2023, 18.33.01","0","No","0","No","https://www.tiktok.com/@entertotheend21"
"=""7226210734286816027""","","=""6547948893106388993""","bg.nurr28","Bg. Nurr28","baguss banget barang nya cok baru tau Indonesia punya barang sebaguss ini cok😂","26/4/2023, 11.28.49","0","No","0","No","https://www.tiktok.com/@bg.nurr28"
"=""7226209697443152666""","","=""6959058699462755330""","di.tinggal_nikah","ﮩ٨ـﮩﮩ𝐀𝚢𝒂ℎ 𝑻𝒊𝒓𝒊ﮩ٨ـﮩﮩ٨ـ","masih tersimpan rapi di galery","26/4/2023, 11.25.02","0","No","0","No","https://www.tiktok.com/@di.tinggal_nikah"
"=""7226208752746136347""","","=""6868360487186269186""","ulartikuskerbau","🌻","the real sholehot 😅","26/4/2023, 11.21.02","0","No","0","No","https://www.tiktok.com/@ulartikuskerbau"
"=""7226205142931292955""","","=""6741760399920776193""","badruajah466","KOKOREH","judulnya apa ni","26/4/2023, 11.07.08","0","No","0","No","https://www.tiktok.com/@badruajah466"
"=""7226203389935338267""","","=""6998861524053230593""","indy.282","indy.282","fyp ku syakirah tpi ga tau dia knp","26/4/2023, 11.00.33","0","No","0","No","https://www.tiktok.com/@indy.282"
"=""7226202626852455194""","","=""7048626713480578050""","anjink699999","jarang pulang","t2 kaaya anak 2","26/4/2023, 10.57.25","0","No","0","No","https://www.tiktok.com/@anjink699999"
"=""7226201918259020570""","","=""6924204948210516993""","punyanggita","anggitapunya","mediafire keluar","26/4/2023, 10.54.53","0","No","0","No","https://www.tiktok.com/@punyanggita"
"=""7226200262292259610""","","=""7165518600084915201""","starboy46675","Stardom","ga seru solo soalnya","26/4/2023, 10.48.12","0","No","1","No","https://www.tiktok.com/@starboy46675"
"=""7226205599691555611""","=""7226200262292259610""","=""7033983461576950785""","classmot","moottt","solo-purwodadi","26/4/2023, 11.08.58","0","No","","","https://www.tiktok.com/@classmot"
"=""7226199755269161755""","","=""6901429651832669185""","ssrend_","-ssrend_","bgi bng","26/4/2023, 19.18.34","0","No","0","No","https://www.tiktok.com/@ssrend_"
"=""7226198244736123674""","","=""7127151394624111643""","ojanspeed7","zul23.","YTTA AJA DAH","26/4/2023, 10.40.23","0","No","0","No","https://www.tiktok.com/@ojanspeed7"
"=""7226198185554182938""","","=""6837931632977904641""","yuzrielwahyu","angel","kenapa sih dipajang fotomu. eman tau lo itu cantik tapi🥴","26/4/2023, 10.40.15","0","No","0","No","https://www.tiktok.com/@yuzrielwahyu"
"=""7226195496300233499""","","=""7216769750280471579""","user2158602792903","YutaniTransport","boong smuaa mna ad vdeonya","26/4/2023, 10.29.35","0","No","0","No","https://www.tiktok.com/@user2158602792903"
"=""7226194610967102235""","","=""7139507815567115265""","user4693155785926","?","Jangan suka mengumbar” aib orang kalau kau termaksud laki” sejati apa kalian tidak pikir keluarganya yg nanti menanggu malu","26/4/2023, 10.26.16","0","No","0","No","https://www.tiktok.com/@user4693155785926"
"=""7226194012520071962""","","=""6961452132508681218""","gekkostate1","GEKKOSTATE","sudah nonton gaes","26/4/2023, 10.24.09","0","No","0","No","https://www.tiktok.com/@gekkostate1"
"=""7226193789340615450""","","=""6970644282067878914""","kiyoponpun","KIYOPON","spill dong penisirin 😭😭😭","26/4/2023, 10.23.02","0","No","0","No","https://www.tiktok.com/@kiyoponpun"
"=""7226193659145405211""","","=""6539656369144954881""","tuqidaon","tuqidaon","Sayangnya solo player 😏","26/4/2023, 10.22.35","0","No","0","No","https://www.tiktok.com/@tuqidaon"
"=""7226193557643232026""","","=""6922454115701294081""",".erdinn313","Erdin313","bagi lah😂","26/4/2023, 10.22.12","0","No","0","No","https://www.tiktok.com/@.erdinn313"
"=""7226193357272793883""","","=""7028165358473495553""","muhammad_ino","In🐯","kasihan bagg aib orng Jagan tmbh di sebarin","26/4/2023, 10.21.22","0","No","0","No","https://www.tiktok.com/@muhammad_ino"
"=""7226192258389951259""","","=""292330066968215552""","subastian2","Subastian","yang Masih koleksi vd pap dia akan di pidana 10 taun penjara katanya jadi waspada 🗿","26/4/2023, 15.05.26","0","No","0","No","https://www.tiktok.com/@subastian2"
"=""7226189702964675334""","","=""6879582430676878338""","zahra_grape","Taufik","jgn membuka dan mengumbar aib seseorang, ingat kita masing"" ada aib yg masih di pegang sang kuasa 😁😁","26/4/2023, 10.06.53","0","No","0","No","https://www.tiktok.com/@zahra_grape"
"=""7226188791760470811""","","=""7078251462426510362""","mridwandanial","M Ridwan D","Setelah nonton, lebih ke ngeri kena kuku nya sih😅 wkwkwk","26/4/2023, 10.03.48","0","No","0","No","https://www.tiktok.com/@mridwandanial"
"=""7226188504446337818""","","=""6955341802753557506""","mas_y088","Mas Yim","woyy uda woy kasian coba lu bayakan jadi dja","26/4/2023, 15.46.27","0","No","0","No","https://www.tiktok.com/@mas_y088"
"=""7226188110811628314""","","=""7060440003029959707""","petani347","daunkelor","ingat penyebar aib orang akan menjadi dosa jariyah pada dirimu sendiri bukan pada diri yg dibuka aibnya 😳","26/4/2023, 10.01.23","0","No","0","No","https://www.tiktok.com/@petani347"
"=""7226187620840850202""","","=""7029604664929649665""","ekrizer11","ekrizer11","Dm ig Fanderkase","26/4/2023, 09.59.23","0","No","0","No","https://www.tiktok.com/@ekrizer11"
"=""7226185828786553606""","","=""6871461420631671809""","saidah120tiktok","yuren","jilbab pamer aj y","26/4/2023, 14.58.25","0","No","0","No","https://www.tiktok.com/@saidah120tiktok"
"=""7226185010780324635""","","=""6835617622886007810""","14putra73","Tukimen","baru liat 4","26/4/2023, 09.49.23","0","No","0","No","https://www.tiktok.com/@14putra73"
"=""7226185004643123995""","","=""6860333745069786114""","kiraacakep","syakiraa","gegara nama sama, gua yg dituduh sm temen gua njing","26/4/2023, 09.49.01","0","No","0","No","https://www.tiktok.com/@kiraacakep"
"=""7226184430573716251""","","=""7100958801394697243""",".bluenoireaaa","lulu","brhrap cwo gua gk penasaran si","26/4/2023, 09.47.01","0","No","0","No","https://www.tiktok.com/@.bluenoireaaa"
"=""7226184158631297819""","","=""7062349004731352090""","doikjon","Silaban par Edang2 dikjon","aku mah udah nonton vidio nya bagus sih brang itu😂😂😂😂😂","26/4/2023, 09.45.44","0","No","0","No","https://www.tiktok.com/@doikjon"
"=""7226183827126027034""","","=""6647835869976690689""","putry0386","Putrychamelia","apaan sii..penasaran,,leat terus di beranda gw","26/4/2023, 09.44.25","0","No","0","No","https://www.tiktok.com/@putry0386"
"=""7226181087994954523""","","=""7065481184134759426""","ishakthecholest","mugiwara","ya udah liat full senyum 😏","26/4/2023, 09.34.12","0","No","0","No","https://www.tiktok.com/@ishakthecholest"
"=""7226180734301618971""","","=""6853705659284734978""","user92007973","EndoSaputra","bagi","26/4/2023, 09.32.44","0","No","0","No","https://www.tiktok.com/@user92007973"
"=""7226178934655304474""","","=""7011311687874200577""","ziaputri_.261","ziaputri_.261","udah kasihan.coba kalo terjadi sama keluarga kalian.jangan buka2 aib orang","26/4/2023, 09.25.33","0","No","0","No","https://www.tiktok.com/@ziaputri_.261"
"=""7226178879369560837""","","=""7025980219974648834""","karsitikarsiti710","sapa bae","bang jangan gituh kasihan ma bpk nya","26/4/2023, 09.24.48","0","No","0","No","https://www.tiktok.com/@karsitikarsiti710"
"=""7226178618643612443""","","=""6955963892817691650""","kesayangankamu1291","Jahe janda herang 🌼","ini kenapa iya fyp terus","26/4/2023, 09.24.14","0","No","0","No","https://www.tiktok.com/@kesayangankamu1291"
"=""7226178463173870362""","","=""6775917617208902657""","inosaurus5","👿","tidak menikmati setidaknya dapat melihat 😅😅parah lu bg","26/4/2023, 09.23.48","0","No","0","No","https://www.tiktok.com/@inosaurus5"
"=""7226176400771449626""","","=""6968095603118294017""","takol345","Cah AG","spilll keadaan mentall e saiki bolo😂","26/4/2023, 09.15.48","0","No","2","No","https://www.tiktok.com/@takol345"
"=""7226229677885735706""","=""7226176400771449626""","=""6968095603118294017""","takol345","Cah AG","maskeran😂","26/4/2023, 12.42.09","0","No","","","https://www.tiktok.com/@takol345"
"=""7226224313871418138""","=""7226176400771449626""","=""6887717889010729986""","kobob01","bob.","rawani metu"" moas","26/4/2023, 12.21.35","0","No","","","https://www.tiktok.com/@kobob01"
"=""7226175321177850651""","","=""6920240700051620865""","tijefx","Tije","kasihan aib sendiri tersebar di jagat maya waspada simpan di hp","26/4/2023, 09.11.21","0","No","0","No","https://www.tiktok.com/@tijefx"
"=""7226173770635952922""","","=""6546082992326262786""","panglimadlau","PanglimaDlau","3 : 54","26/4/2023, 09.05.22","0","No","0","No","https://www.tiktok.com/@panglimadlau"
"=""7226173634539455259""","","=""6993969190110135323""","executifemuda3","kingg_devill😈","bagi Videonya dong bang","26/4/2023, 09.04.49","0","No","0","No","https://www.tiktok.com/@executifemuda3"
"=""7226163795869303579""","","=""6550246923591581698""","almeera.01","Almeera Alesha (A³)","aku suka lantai kamar mandinya","26/4/2023, 08.27.03","0","No","0","No","https://www.tiktok.com/@almeera.01"
"=""7226162369641808667""","","=""6960492118892626950""","pluktukk","𝙀𝙣𝙚𝙚𝙤𝙎©","udah punya ful nya 5 menit","26/4/2023, 14.05.16","0","No","0","No","https://www.tiktok.com/@pluktukk"
"=""7226155726150026010""","","=""6959077974428140549""","aldi_ad1","ahmad_","gw udah punya bro wkwk","26/4/2023, 14.45.26","0","No","3","No","https://www.tiktok.com/@aldi_ad1"
"=""7226287036424520474""","=""7226155726150026010""","=""7189555463520076826""","dimas195541","Dimas Saputra","bagi bro","26/4/2023, 16.24.58","0","No","","","https://www.tiktok.com/@dimas195541"
"=""7226262376478950170""","=""7226155726150026010""","=""1690237153668113""","baytaher15","Papibingkal","Bagi","26/4/2023, 14.49.09","0","No","","","https://www.tiktok.com/@baytaher15"
"=""7226262095929705243""","=""7226155726150026010""","=""7142901579568792602""","chndraghwnn","Ch","bgi""","26/4/2023, 14.47.58","0","No","","","https://www.tiktok.com/@chndraghwnn"
"=""7226155140724949787""","","=""7029904885265875970""","mister_rss","Mr.RS","langsung buka twitter","26/4/2023, 07.53.10","0","No","0","No","https://www.tiktok.com/@mister_rss"
"=""7226152489250194202""","","=""6902375022268056578""","pejuangkekeh","_7","😂","26/4/2023, 07.43.10","0","No","0","No","https://www.tiktok.com/@pejuangkekeh"
"=""7226150904571134746""","","=""81480422089""","kepobanget_447","Cowok Gemini♊","toilet epic","26/4/2023, 07.37.12","0","No","0","No","https://www.tiktok.com/@kepobanget_447"
"=""7226150162393400091""","","=""6928949071521383426""","_renosem_","Reŋo","apa oi penasaran","26/4/2023, 07.34.25","0","No","0","No","https://www.tiktok.com/@_renosem_"
"=""7226146689358070530""","","=""6550602372799840257""","zaenfasayban","Z A E N","kenapa dia wee firall cok","26/4/2023, 07.20.15","0","No","0","No","https://www.tiktok.com/@zaenfasayban"
"=""7226145793278690054""","","=""6971847425154614274""","wetancity","citylal","kangking kangking","26/4/2023, 12.14.46","0","No","0","No","https://www.tiktok.com/@wetancity"
"=""7226142252815385370""","","=""6617918147332128770""","kikiaditya76","kikiadityasanda","sak mene🤲🤲🤲😁😄
buat cwe"" yg lain tunggu hari apesnya🤣","26/4/2023, 11.23.39","0","No","0","No","https://www.tiktok.com/@kikiaditya76"
"=""7226141667928490778""","","=""6928278799470412802""","sabriclbsabriclb","RINSO CAIR","krim bro","26/4/2023, 12.49.00","0","No","0","No","https://www.tiktok.com/@sabriclbsabriclb"
"=""7226141629845209883""","","=""7076837719062742018""","saytogodbye","Indrandrnsyh_","8 video🥰","26/4/2023, 07.01.10","0","No","0","No","https://www.tiktok.com/@saytogodbye"
"=""7226141240890409755""","","=""6765192615606567938""","randump08","Per_se :)","bagi bagi lahh","26/4/2023, 14.47.07","0","No","0","No","https://www.tiktok.com/@randump08"
"=""7226140848336388891""","","=""6942829123681960962""","rivalagusteen","rivalAgusteen","Solo yah? skip ah ga minat ga seru, seruan yang main bedua","26/4/2023, 06.57.50","0","No","0","No","https://www.tiktok.com/@rivalagusteen"
"=""7226140697437733659""","","=""7031117037791986690""","zee..12","zee","emang kakak itu kenapa","26/4/2023, 06.57.17","0","No","4","No","https://www.tiktok.com/@zee..12"
"=""7226336686715388699""","=""7226140697437733659""","=""7031117037791986690""","zee..12","zee","dia di bunuh?","26/4/2023, 19.37.22","0","No","","","https://www.tiktok.com/@zee..12"
"=""7226328993929118491""","=""7226140697437733659""","=""7003418404656808986""","joysetixjoysetix","joysetixjoysetix","kalu udh lht pasti melongo","26/4/2023, 19.07.25","0","No","","","https://www.tiktok.com/@joysetixjoysetix"
"=""7226306121249915675""","=""7226140697437733659""","=""7031117037791986690""","zee..12","zee","aku gak ngerti kak","26/4/2023, 17.38.57","0","No","","","https://www.tiktok.com/@zee..12"
"=""7226142478352843546""","=""7226140697437733659""","=""7003418404656808986""","joysetixjoysetix","joysetixjoysetix","mntp","26/4/2023, 07.04.40","0","No","","","https://www.tiktok.com/@joysetixjoysetix"
"=""7226140063267619611""","","=""6744297131254170625""","queen_yani2607","🍀yani♌","tiktok isinya dia semua😳 tapi ga bisa lihat apa yang di perdebatin😂","26/4/2023, 06.54.52","0","No","0","No","https://www.tiktok.com/@queen_yani2607"
"=""7226138459789787931""","","=""7152547845953455106""","b447965","anak mami","w dah ada juga","26/4/2023, 06.48.42","0","No","2","No","https://www.tiktok.com/@b447965"
"=""7226172107439932187""","=""7226138459789787931""","=""7102449014939223041""","youtube21213","Eminem marshal","Bagi bang","26/4/2023, 08.59.05","0","No","","","https://www.tiktok.com/@youtube21213"
"=""7226166909451879195""","=""7226138459789787931""","=""7038496124890727425""","accmati12","R💃","bagi bg","26/4/2023, 08.38.55","0","No","","","https://www.tiktok.com/@accmati12"
"=""7226135995850277658""","","=""6534022311569358849""","denyfendel","plecit sat set","akhirnya dh nemu.","26/4/2023, 06.39.17","0","No","3","No","https://www.tiktok.com/@denyfendel"
"=""7226139029111194395""","=""7226135995850277658""","=""6957577203652592642""","aaaaapippp","aaaaapippp","mmek","26/4/2023, 06.50.43","0","No","","","https://www.tiktok.com/@aaaaapippp"
"=""7226138564437721883""","=""7226135995850277658""","=""6920911853868024834""","an_other08","brinaa'sstore","mau juga","26/4/2023, 06.49.12","0","No","","","https://www.tiktok.com/@an_other08"
"=""7226136549296767771""","=""7226135995850277658""","=""7055017283300099099""","gilang.ajaa1","ultramen","nyari dimna bang","26/4/2023, 06.41.21","0","No","","","https://www.tiktok.com/@gilang.ajaa1"
"=""7226131575565075227""","","=""6933614229166408706""","segar0101","RANDOM HIBURAN","pasti banyak nih...😅","26/4/2023, 06.21.51","0","No","0","No","https://www.tiktok.com/@segar0101"
"=""7226130345636381467""","","=""7137532749192397850""","user53xwg2nmwj","Pesan Khusus","tetangga idaman","26/4/2023, 06.17.23","0","No","0","No","https://www.tiktok.com/@user53xwg2nmwj"
"=""7226129288142668571""","","=""6847126514937742337""","raicha423","Best seller.id","Gua udh full di galeri dia semua 🤣😂😅","26/4/2023, 13.10.16","0","No","0","No","https://www.tiktok.com/@raicha423"
"=""7226128536557306650""","","=""7010364818634212353""","vhiiitt","V","mukanya doang yg cantik hm","26/4/2023, 06.10.13","0","No","0","No","https://www.tiktok.com/@vhiiitt"
"=""7226128190166041370""","","=""6819117043405915137""","zaynlex5","selen gomes","udah deh kawan kasihan 🥺🥺","26/4/2023, 06.08.39","0","No","1","No","https://www.tiktok.com/@zaynlex5"
"=""7226184363586257690""","=""7226128190166041370""","=""7127327166882972699""","muhammadzeldian","muhammadzeldian","ya kn kasihan masa privasi orang di buka buka","26/4/2023, 09.46.39","0","No","","","https://www.tiktok.com/@muhammadzeldian"
"=""7226126805257323291""","","=""6861316131832087553""","hengkixyx","Kie","kasihan🥺","26/4/2023, 06.03.19","0","No","1","No","https://www.tiktok.com/@hengkixyx"
"=""7226633065715237659""","=""7226126805257323291""","=""6582376384575356930""","widyaaa_palopo","#widya palopo🌴🌴","haa","27/4/2023, 14.47.31","0","No","","","https://www.tiktok.com/@widyaaa_palopo"
"=""7226122105153864475""","","=""7039235445376615426""","user3813657143132","bocah e""ek","wahai pemburu roti basi mari berkumpul...keluarkan skil kalian","26/4/2023, 05.45.08","0","No","0","No","https://www.tiktok.com/@user3813657143132"
"=""7226120947400065819""","","=""6939133874216403970""","wdtraptra","Wandatara","anjasss","26/4/2023, 05.40.32","0","No","0","No","https://www.tiktok.com/@wdtraptra"
"=""7226120464152806171""","","=""7201345023664784385""","nyomanktl","NYOMAN","gua yang baru selesai nonton🥱","26/4/2023, 05.38.34","0","No","0","No","https://www.tiktok.com/@nyomanktl"
"=""7226119488700662555""","","=""7179122174661706754""","annlaw3__","scorpio🌌","nga nyangka dia begitu njyy sumpaa","26/4/2023, 13.24.47","0","No","0","No","https://www.tiktok.com/@annlaw3__"
"=""7226118373624300314""","","=""7192265057199113243""","wedokanasuu","puakk","minta pnasaran 😁","26/4/2023, 05.30.39","0","No","0","No","https://www.tiktok.com/@wedokanasuu"
"=""7226114432328336155""","","=""7170710452879213569""","agumrplnsyh","agumrplnsyh","gua doang kayanya yang gapunya Vidio nya😂","26/4/2023, 05.15.04","0","No","0","No","https://www.tiktok.com/@agumrplnsyh"
"=""7226110998050128667""","","=""7075164414593139717""","mzdaniel021","mzdaniel🙃","lolouh telat aqunya🥺krm dong","26/4/2023, 13.58.29","0","No","0","No","https://www.tiktok.com/@mzdaniel021"
"=""7226108116106494746""","","=""6635232983010476033""","zzonzee","yow","barusan liat udah lewat aja🗿","26/4/2023, 04.50.52","0","No","0","No","https://www.tiktok.com/@zzonzee"
"=""7226104288408519451""","","=""6919083733313586178""","ruddin99","Abar","semoga adik mu merasakan apa yg dirasakan sakira","26/4/2023, 04.35.42","0","No","0","No","https://www.tiktok.com/@ruddin99"
"=""7226099016937145115""","","=""6636202763984322562""","nandaa1oi","nandaa1oi","yah gagal gemuk lagi gua","26/4/2023, 04.15.25","0","No","0","No","https://www.tiktok.com/@nandaa1oi"
"=""7226095736554095386""","","=""7159559824346006529""","atingkurniawanaja","atingkurniawanaja","ya Allah kasian aib nya.. terbuka,seantero raya tau semua..😳😳","26/4/2023, 04.02.26","0","No","0","No","https://www.tiktok.com/@atingkurniawanaja"
"=""7226087716059300635""","","=""6854587154716197890""","pahriherdiansyah4","Pahri Herdiansyah457","gua udah liat barusan waw bnyak bnget,duh emang yang pendiam ituh yang lbih bnyak nap..😂😂","26/4/2023, 03.31.19","0","No","0","No","https://www.tiktok.com/@pahriherdiansyah4"
"=""7226086624265290522""","","=""6850319134929388546""","mhd_haiqkal28","🅷🅰🅸🅺🅰🅻","Yeay gw dah liat, hahaha habis nyelem tdi Nemu juga😆","26/4/2023, 03.27.03","0","No","0","No","https://www.tiktok.com/@mhd_haiqkal28"
"=""7226085674642096923""","","=""7030316132746216450""","sjdusha","Jheyay","Itu buat cowonya kah?","26/4/2023, 03.23.32","0","No","0","No","https://www.tiktok.com/@sjdusha"
"=""7226082090201891610""","","=""6956273044977910786""","cumananakemak1","GAK TAU","@𝗥𝗧𝗫 ||RONALDO:full rambut hitam cuy 😳","26/4/2023, 03.09.32","0","No","0","No","https://www.tiktok.com/@cumananakemak1"
"=""7226079386046219035""","","=""7180619011414705153""","sulthankaka_06","🧑🏽‍🦱","Kirim bg","26/4/2023, 02.59.02","0","No","0","No","https://www.tiktok.com/@sulthankaka_06"
"=""7226076190854005530""","","=""7194707703037641729""","gelasbocorviral","MDN","udah liat di yt gelas bocor","26/4/2023, 02.46.28","0","No","0","No","https://www.tiktok.com/@gelasbocorviral"
"=""7226072475859534619""","","=""6617021236215480321""","oelleoo0","leospandia","apa cuma gua yg baru tau ada video viral??😂😂😂","26/4/2023, 02.32.16","0","No","0","No","https://www.tiktok.com/@oelleoo0"
"=""7226069812078035739""","","=""7037038490157188098""","candratanggo","Candra","tiga dimensi dlm satu frame😅😅","26/4/2023, 02.21.52","0","No","0","No","https://www.tiktok.com/@candratanggo"
"=""7226066835326092059""","","=""6924927211460854785""","i.irgiwz","giwwxyz","guaa udaa nonton suss","26/4/2023, 02.10.24","0","No","0","No","https://www.tiktok.com/@i.irgiwz"
"=""7226066752554910491""","","=""6668273257881714689""","ghhgfddffffdftuirrettyuu","ᵀᴹ𝐊𝐄𝐑🎭","hitam dan rerumputan","26/4/2023, 02.09.55","0","No","0","No","https://www.tiktok.com/@ghhgfddffffdftuirrettyuu"
"=""7226065787981759259""","","=""6839913304321917957""","thebrokenheart15","4QU4R1U5💘","bagi bang","26/4/2023, 02.06.06","0","No","0","No","https://www.tiktok.com/@thebrokenheart15"
"=""7226064088341791515""","","=""6569188759790338050""","eki_rts","eki_rts","Udh liat di akun twitter aduhaymantap","26/4/2023, 01.59.40","0","No","0","No","https://www.tiktok.com/@eki_rts"
"=""7226063623477560091""","","=""6893847028632683522""","yogiprasetyo_1","Tyoo..?","kok selalu ketinggalan info🗿","26/4/2023, 01.57.42","0","No","0","No","https://www.tiktok.com/@yogiprasetyo_1"
"=""7226062866288558874""","","=""6976611677551019009""","bod_drex_","@_@bodrex@_@","ketinggalan berita gua,apa an sih ini vidio","26/4/2023, 01.54.47","0","No","0","No","https://www.tiktok.com/@bod_drex_"
"=""7226058205629268763""","","=""6687181898210968577""","sayangku1806","SayangKu","yg bisa akses ke hp dia siapa ya ..kok bs tersebar","26/4/2023, 01.36.49","0","No","0","No","https://www.tiktok.com/@sayangku1806"
"=""7226055192683610906""","","=""7122544636522578971""","akudia3_","akudia3_","minta dong","26/4/2023, 01.25.03","0","No","0","No","https://www.tiktok.com/@akudia3_"
"=""7226051764305281819""","","=""6760083021136905217""","skyyrorrrq1","VARKYy🪐","ya Allah yok bisa yok tahan 🗿🔱","26/4/2023, 01.11.37","0","No","0","No","https://www.tiktok.com/@skyyrorrrq1"
"=""7226039851094541083""","","=""7115743648407110657""","claritarahmasari2","clarita","aduh para jgn gitulah itu namanya aib kita g boleh buka aib org nanti tkut d akhirat kebuka jg aib kita","26/4/2023, 00.25.35","0","No","0","No","https://www.tiktok.com/@claritarahmasari2"
"=""7226030097475093275""","","=""6533873360718299137""","bukanhalsepele","Papap Samm","king bagi king","25/4/2023, 23.47.41","0","No","0","No","https://www.tiktok.com/@bukanhalsepele"
"=""7226020930370536218""","","=""6914291021184025602""","akunsakbur","Sukma Dilaga","minta dong pada pelit bnggtt astaga","25/4/2023, 23.12.03","0","No","0","No","https://www.tiktok.com/@akunsakbur"
"=""7226018726406865690""","","=""6971227864620450821""","goro.12345","Goro""","sini bt 20k pulsa","25/4/2023, 23.03.35","0","No","0","No","https://www.tiktok.com/@goro.12345"
"=""7226007928809374490""","","=""7046774417971561478""","yaudhya03","kang_sadboy_134","bagi bg","26/4/2023, 12.13.24","0","No","0","No","https://www.tiktok.com/@yaudhya03"
"=""7226004111720186651""","","=""6913705033319384065""","dimsveli073","Dimas","Gw ad nih","25/4/2023, 22.06.59","0","No","0","No","https://www.tiktok.com/@dimsveli073"
"=""7226002327798186779""","","=""6744986660013147137""","_olivskyxblez","BLESZ","yang udah nonton vidionya😅","26/4/2023, 09.53.31","0","No","0","No","https://www.tiktok.com/@_olivskyxblez"
"=""7225997155966108442""","","=""7166579322197853211""","only.044","onlyyou","tahun kemarin arachuu skrng syakirah 🗿🗿🗿🗿","26/4/2023, 11.06.27","0","No","0","No","https://www.tiktok.com/@only.044"
"=""7225995968759694107""","","=""7180974874143474715""","bolisjong","bolis🀄","video apan ini broo","26/4/2023, 10.35.02","0","No","0","No","https://www.tiktok.com/@bolisjong"
"=""7225995434102571802""","","=""6569130477105938434""","donnnnnnnnnnnnn1","Joker","bagi bang","25/4/2023, 21.33.04","0","No","0","No","https://www.tiktok.com/@donnnnnnnnnnnnn1"
"=""7225991471802860315""","","=""6956901635479225349""","sandy_wifi","Sandy wifi","mnaaaa ❓❓❓😁❓","26/4/2023, 09.31.24","0","No","0","No","https://www.tiktok.com/@sandy_wifi"
"=""7225989060010378010""","","=""6918753732608361474""","iqbal0112","iqbal0112","bagi bg","26/4/2023, 09.15.05","0","No","0","No","https://www.tiktok.com/@iqbal0112"
"=""7225989037139903259""","","=""6762693741091750914""","kanguploadvideo","hamdi_","dosa lu bang😅","26/4/2023, 10.23.30","0","No","0","No","https://www.tiktok.com/@kanguploadvideo"
"=""7225986837630206746""","","=""7058598600032896002""","fahrikaharu05","A𝚛𝚢✓","ama gue byak bg","26/4/2023, 10.17.22","0","No","2","No","https://www.tiktok.com/@fahrikaharu05"
"=""7226219699532841754""","=""7225986837630206746""","=""6958342335424824326""","rakakadir_","rakakadir","bgi lh bng","26/4/2023, 12.03.42","0","No","","","https://www.tiktok.com/@rakakadir_"
"=""7226195740292547355""","=""7225986837630206746""","=""7175580120026579969""","ivosanjai","Putraaa","bagi bang😂","26/4/2023, 10.30.52","0","No","","","https://www.tiktok.com/@ivosanjai"
"=""7225977329964778266""","","=""6797368706830910465""","anisasds19","ASds85","ada apaan siih","26/4/2023, 10.21.46","0","No","1","No","https://www.tiktok.com/@anisasds19"
"=""7226272505954370331""","=""7225977329964778266""","=""6894052719507358725""","yusufstyawann","𝒔𝒕𝒚𝒂𝒘𝒂𝒏💨","apasih","26/4/2023, 22.05.31","0","No","","","https://www.tiktok.com/@yusufstyawann"
"=""7226191927192322842""","=""7225977329964778266""","=""6797368706830910465""","anisasds19","ASds85","😂😂😂cuma gw yg gk tau x branda penuh sm muka cewe ini trs tp gw gk tau","26/4/2023, 18.32.14","0","No","","","https://www.tiktok.com/@anisasds19"
"=""7226224215564124955""","=""7225977329964778266""","=""7065382734797325313""","beker887","BEKER","saya juga ngk tau","26/4/2023, 12.21.00","0","No","","","https://www.tiktok.com/@beker887"
"=""7225976823728947995""","","=""6959550392389338114""","usedme97","zoraaa🇮🇩🇯🇵","jujur y gue masih bingun dengan ini semua saran aj mending jangan di sebar deh kasihan","26/4/2023, 09.51.35","0","No","0","No","https://www.tiktok.com/@usedme97"
"=""7225976080733324058""","","=""6959395725948879877""","alfan4445","alfan4459","anjir kek takjil berbagi🤣","26/4/2023, 10.31.49","0","No","0","No","https://www.tiktok.com/@alfan4445"
"=""7225964218183549723""","","=""7201482430334862342""","yudawiranataa","yudawiranata","bagi la","26/4/2023, 01.22.15","0","No","0","No","https://www.tiktok.com/@yudawiranataa"
"=""7225954882149188379""","","=""7010250015831835650""","mswandi27","mswan27","bagi bang","25/4/2023, 18.55.42","0","No","0","No","https://www.tiktok.com/@mswandi27"
"=""7225935711068488475""","","=""6969772338175509506""","vitooreisya","vito","ingat tujuan mu bos","26/4/2023, 00.00.36","0","No","0","No","https://www.tiktok.com/@vitooreisya"
"=""7225935058317886234""","","=""6851567562078798850""","sppg_merden_banjarnegara","SPPG MERDEN Banjarnegara","dahlah kasian cuk..","26/4/2023, 06.18.02","0","No","0","No","https://www.tiktok.com/@sppg_merden_banjarnegara"
"=""7225924620591285018""","","=""6761229440145622017""","icis565","eksis","bagi kak","26/4/2023, 06.22.24","0","No","0","No","https://www.tiktok.com/@icis565"
"=""7225923564746228506""","","=""6969651979120034821""","hokikonado","ji art.","sing areling sateh🤦","26/4/2023, 04.17.05","0","No","0","No","https://www.tiktok.com/@hokikonado"
"=""7225921334524887834""","","=""7173560031861146625""","pumpupanda","••••••••","Fokus Ke Nama Gua","25/4/2023, 21.46.04","0","No","0","No","https://www.tiktok.com/@pumpupanda"
"=""7225921310902960922""","","=""7092754874969965570""","anandaelfrans160203","anandaelfrans","ini si Syakira videonya solo semua kan gak ada Ama cowoknya","25/4/2023, 16.45.38","0","No","0","No","https://www.tiktok.com/@anandaelfrans160203"
"=""7225918652126085914""","","=""7161963110227002369""","romziaflah12","opet","Saya ada","26/4/2023, 02.15.06","0","No","0","No","https://www.tiktok.com/@romziaflah12"
"=""7225913618667619098""","","=""7104235935114347546""","user356678890122","dawi","sama bg 😅","26/4/2023, 04.03.11","0","No","0","No","https://www.tiktok.com/@user356678890122"
"=""7225882914935882523""","","=""7036011374654276635""","farroskinza","FK","yg udh nonton nyimak","25/4/2023, 14.16.36","0","No","0","No","https://www.tiktok.com/@farroskinza"
"=""7225857720729404186""","","=""6930827549397648385""","ramajevv01","Rama Ashometing J.r","bagi lahh","25/4/2023, 12.39.00","0","No","0","No","https://www.tiktok.com/@ramajevv01"
"=""7225855271075447578""","","=""7100025429818704923""","setan_merah_united","KING-TANI","bayar juga gpp bg kalau ada","25/4/2023, 12.29.36","0","No","3","No","https://www.tiktok.com/@setan_merah_united"
"=""7226168077532398363""","=""7225855271075447578""","=""6704193949474898945""","riskyadityyaaa","Risky Aditya","bagi","26/4/2023, 08.43.41","0","No","","","https://www.tiktok.com/@riskyadityyaaa"
"=""7226041859079832347""","=""7225855271075447578""","=""6959492509274489862""","mfirsthonramadhan","Rama_MFR27","Gw ada","26/4/2023, 00.33.19","0","No","","","https://www.tiktok.com/@mfirsthonramadhan"
"=""7226017956387734299""","=""7225855271075447578""","=""6608931052167708674""","imadah231","na live on te.69","samah😅😅😅","25/4/2023, 23.00.43","0","No","","","https://www.tiktok.com/@imadah231"
"=""7225800925716759323""","","=""6836195271999783937""","mr.insect.no1","Bumblebee","sudah liat gw, padahal b aja, ko bisa"" nya ada yg nyebarin, buat apa juga aneh bgt","25/4/2023, 08.58.42","0","No","0","No","https://www.tiktok.com/@mr.insect.no1"
"=""7225789308676932378""","","=""7224610802195727387""","pakjamet18","boger","yang belum tau cek YouTube BANG GB","25/4/2023, 08.13.29","0","No","0","No","https://www.tiktok.com/@pakjamet18"
"=""7225742348205228826""","","=""6616358954845372418""","monkeydryuma02","ryuma","ada apasi!!!..coba sini bgi videonya biar gw ga pnsaran","25/4/2023, 05.11.16","0","No","0","No","https://www.tiktok.com/@monkeydryuma02"
"=""7225620435004703515""","","=""7177040459768153089""","tursinihbae","tursinihbae","cantik gitu ya, aku ngarti perasaan km soalnya aku sndiri prnah di posisi kek gitu 😭","24/4/2023, 21.17.50","0","No","0","No","https://www.tiktok.com/@tursinihbae"
"=""7225615374518387483""","","=""6840762368998425601""","aldysburger123","i am here!","@syabiluuu","24/4/2023, 20.58.16","0","No","0","No","https://www.tiktok.com/@aldysburger123"
"=""7225602487088628507""","","=""6817766117180949505""","ainalya21","XionZ","@ferafbriani24","24/4/2023, 20.08.25","0","No","0","No","https://www.tiktok.com/@ainalya21"
"=""7225596568429871899""","","=""6964237122300003334""","yourrrditzz","Ditt😜","bagi pidio nya dong bang","24/4/2023, 19.45.22","0","No","0","No","https://www.tiktok.com/@yourrrditzz"
"=""7225540514384053019""","","=""7107822200102732827""","_dikzzskibidii","Dìkzz","1 foto ibu mu minimal yah","24/4/2023, 16.07.58","0","No","0","No","https://www.tiktok.com/@_dikzzskibidii"
"=""7225512123635630849""","","=""6829398340842767362""","kenlyoz","KenlyOZ","😂😂","24/4/2023, 14.17.33","0","No","0","No","https://www.tiktok.com/@kenlyoz"
"=""7225509069753484058""","","=""7088973191040812059""","no_expression7","Ray💤","barusan nonton di YTB GZ Channel","24/4/2023, 14.05.52","0","No","0","No","https://www.tiktok.com/@no_expression7"
"=""7225479211334861595""","","=""6611521113354780673""","gangsterkingg","KingGangster👑","ah vidioNya masih gitu"" aja pun bosan.","24/4/2023, 12.10.15","0","No","0","No","https://www.tiktok.com/@gangsterkingg"
"=""7225475739989558043""","","=""7108260694390457345""","asudjdj","Rafi","@hafiz1468 bagi bang","24/4/2023, 11.56.39","0","No","0","No","https://www.tiktok.com/@asudjdj"
"=""7225462447263105818""","","=""7141906959220868122""","lolaa4817","lolaa4817","bagi bang buat top up epep","24/4/2023, 11.05.16","0","No","0","No","https://www.tiktok.com/@lolaa4817"
"=""7225456947293602586""","","=""6793293638761874433""","vnxzy31","Vn","lihat yg gw sukain king👑👑👑👑","24/4/2023, 10.43.59","0","No","0","No","https://www.tiktok.com/@vnxzy31"
"=""7225445592281154331""","","=""7215404542112236570""","razoer123","zoorr","bagi coo","24/4/2023, 10.00.08","0","No","0","No","https://www.tiktok.com/@razoer123"
"=""7225434741846541082""","","=""6966405835367023618""","an_fawaz","rakyatbiasa","kok tadi gw liat yaa di Twitter 🗿🗿","24/4/2023, 09.17.42","0","No","0","No","https://www.tiktok.com/@an_fawaz"
"=""7225429390200308507""","","=""6809682166437413889""","masindra_1","𝓘𝓷𝓭𝓻𝓪","kenapa sih orang cakep banyak tingkah nya😣🗿","24/4/2023, 08.57.16","0","No","0","No","https://www.tiktok.com/@masindra_1"
"=""7225415717892817690""","","=""6548360450386624513""","coctiktok93","pengendali FREON","info tweeter ngab 🤙","24/4/2023, 08.03.55","0","No","0","No","https://www.tiktok.com/@coctiktok93"
"=""7225399540365787909""","","=""7108887147806082074""","pindra543","pindra543","ni beda ni boleh boleh ya","24/4/2023, 07.00.45","0","No","0","No","https://www.tiktok.com/@pindra543"
"=""7225369149102752538""","","=""6904998592046695426""","nasibungkus201","malingayam","msh nunggu pahlawan 😅","24/4/2023, 05.03.21","0","No","0","No","https://www.tiktok.com/@nasibungkus201"
"=""7225334389013480218""","","=""7083333203289031682""","sahrul_gaming23","￴","masa iyh","24/4/2023, 02.48.02","0","No","0","No","https://www.tiktok.com/@sahrul_gaming23"
"=""7225314150044582683""","","=""6983505646189134874""","viniyugo","viniyugo","udahlah jgn hujat dia lagi🙏🏻","24/4/2023, 01.29.20","0","No","0","No","https://www.tiktok.com/@viniyugo"
"=""7225309732734468891""","","=""6921299942577292289""","fivesecond45","ICEBOY🐻","bagi🗿","24/4/2023, 01.12.20","0","No","0","No","https://www.tiktok.com/@fivesecond45"
"=""7225304434740986650""","","=""6634851055907700738""","hans_fazrul77","Anime Legacy","kasian gue, amal jariyah dia bakal terus ngalir...😔 banyak yg udh koleksi vidio dia","24/4/2023, 00.51.41","0","No","0","No","https://www.tiktok.com/@hans_fazrul77"
"=""7225290437828264731""","","=""6616644452675993601""","rrryhhn","nhr","hama tiktok","23/4/2023, 23.57.23","0","No","0","No","https://www.tiktok.com/@rrryhhn"
"=""7225236527960458011""","","=""6777135948154717186""","raiihankz","raihanz","untung dari vt sebelah udh ngasih tau sampe part 17","23/4/2023, 20.28.07","0","No","0","No","https://www.tiktok.com/@raiihankz"
"=""7225230425504744198""","","=""7146403722355672065""","mafiaculun475","yameteh","@ilhammaulana3798 mau gak bang baru Nemu tadi bgt","23/4/2023, 20.04.28","0","No","0","No","https://www.tiktok.com/@mafiaculun475"
"=""7225226826786800411""","","=""7182056642191819802""","mutialestari.2012","rezawahyuA098","jangan ngomong doang anjy bagi lh","23/4/2023, 19.50.27","0","No","0","No","https://www.tiktok.com/@mutialestari.2012"
"=""7225225140186317595""","","=""6549085647620177921""","aakgetar","aak","info2","23/4/2023, 19.44.00","0","No","0","No","https://www.tiktok.com/@aakgetar"
"=""7225221119544771355""","","=""6746849634734588930""","yaaapasapalarrr","Pasapalarryk","ingat bang dosa jariyah","23/4/2023, 19.28.26","0","No","0","No","https://www.tiktok.com/@yaaapasapalarrr"
"=""7225213380851598106""","","=""6728790348728796161""","andreasindrap","andreasindra","dh punya wkwk","23/4/2023, 18.58.24","0","No","3","No","https://www.tiktok.com/@andreasindrap"
"=""7225390790565102362""","=""7225213380851598106""","=""7088212326369903643""","username0192983747","Matcha","ilang uuuu kocak","24/4/2023, 06.27.05","0","No","","","https://www.tiktok.com/@username0192983747"
"=""7225255868689433371""","=""7225213380851598106""","=""7089539761652614146""","ekmifajar","Rengkak Gulo","bagi ndan","23/4/2023, 21.43.17","0","No","","","https://www.tiktok.com/@ekmifajar"
"=""7225220294428099354""","=""7225213380851598106""","=""7005441716459226113""","lvsuzeeee","plumm.","bagii bg","23/4/2023, 19.25.18","0","No","","","https://www.tiktok.com/@lvsuzeeee"
"=""7225206409473327898""","","=""6959240908223923205""","banyakmimpi24","Banyak Mimpi Kurang tidur 🌿","coba lo diposisi keluarga dia ,kasian lah perasaan keluarga nya, namanya manusia tempatnya salah","23/4/2023, 18.31.19","0","No","0","No","https://www.tiktok.com/@banyakmimpi24"
"=""7225195181984138010""","","=""6757085760463668225""","limonit4","PESAN KHUSUS","kok gua malah kasiann jirrrr....","23/4/2023, 17.47.42","0","No","0","No","https://www.tiktok.com/@limonit4"
"=""7225187871417942811""","","=""7114104160600982555""","dunhillhitamsatupack","mas tama","done","23/4/2023, 17.19.29","0","No","0","No","https://www.tiktok.com/@dunhillhitamsatupack"
"=""7225164825784042267""","","=""6845439911362757634""","kmbngkcl","Daffa Edgina","Lembek","23/4/2023, 15.49.55","0","No","0","No","https://www.tiktok.com/@kmbngkcl"
"=""7225164299110417178""","","=""6765299926404301826""","yoo_dioo","🕸️","@diojlegg","23/4/2023, 15.48.00","0","No","0","No","https://www.tiktok.com/@yoo_dioo"
"=""7225161411370025754""","","=""6924313746857739265""","bagus_santosoo","bagus santoso","@Snoweeeen ndue rk lho","23/4/2023, 15.36.52","0","No","4","No","https://www.tiktok.com/@bagus_santosoo"
"=""7225164722743296794""","=""7225161411370025754""","=""6924313746857739265""","bagus_santosoo","bagus santoso","rg tk golek i","23/4/2023, 15.49.33","0","No","","","https://www.tiktok.com/@bagus_santosoo"
"=""7225162439430669083""","=""7225161411370025754""","=""6952461436560147457""","hzrnsfff","FilyasSafrian","tele po zonk?","23/4/2023, 15.40.35","0","No","","","https://www.tiktok.com/@hzrnsfff"
"=""7225162264205738779""","=""7225161411370025754""","=""6924313746857739265""","bagus_santosoo","bagus santoso","marak ke penasaran","23/4/2023, 15.40.03","0","No","","","https://www.tiktok.com/@bagus_santosoo"
"=""7225161797196022555""","=""7225161411370025754""","=""6952461436560147457""","hzrnsfff","FilyasSafrian","nah iki seng tak golek2i kok rak temu2 😂","23/4/2023, 15.38.20","0","No","","","https://www.tiktok.com/@hzrnsfff"
"=""7225155363027387162""","","=""6836310629910479878""","asterixblues","F","na'udzubillah min dzalik","23/4/2023, 19.54.45","0","No","0","No","https://www.tiktok.com/@asterixblues"
"=""7225143407404434202""","","=""6633413047066460162""","ransssskyyyy","Ransssskkyy","yg masih terususun rapih angkat tangan kaowkaowkwiw","23/4/2023, 14.27.03","0","No","0","No","https://www.tiktok.com/@ransssskyyyy"
"=""7225118632841413382""","","=""6948052770961523714""","bangrick.23","BANG_RIK","terbaru jun @mas.arip00","23/4/2023, 12.50.48","0","No","1","No","https://www.tiktok.com/@bangrick.23"
"=""7225285028850729754""","=""7225118632841413382""","=""7150600516425843713""","arifjunianto_","mas.arip00","ya sahare","23/4/2023, 23.36.33","0","No","","","https://www.tiktok.com/@arifjunianto_"
"=""7225118569000223493""","","=""7105013706241573915""","pradanamanohara","pradanamanohara","Kalau memang ada bagi dong bg","23/4/2023, 12.50.36","0","No","0","No","https://www.tiktok.com/@pradanamanohara"
"=""7225114541020578586""","","=""7170633002119267355""","fahrikece0836","FaxGold++","info link","23/4/2023, 20.22.22","0","No","0","No","https://www.tiktok.com/@fahrikece0836"
"=""7225109532472066842""","","=""6874743603446973442""","ranggalaweeeee","R","coba bayangin privasi pacar lu yg kesebar, bayangin aja dulu","23/4/2023, 12.15.44","0","No","0","No","https://www.tiktok.com/@ranggalaweeeee"
"=""7225108452304749339""","","=""6532359341550845954""","drlpyna_","drllll","@zoraabi_ @ishigamisenku191 ntr mlem ak cari","23/4/2023, 12.11.37","0","No","1","No","https://www.tiktok.com/@drlpyna_"
"=""7225147128208835354""","=""7225108452304749339""","=""6971606685546923010""","zoraabi_","𝙯𝙤𝙧𝙖𝙖𝙗𝙞𝙞","cariii RAM kuat kan?","23/4/2023, 14.41.24","0","No","","","https://www.tiktok.com/@zoraabi_"
"=""7225106100881589018""","","=""6980150610381767682""","awannj_","wannn☁️","cakep gitu","23/4/2023, 12.02.36","0","No","0","No","https://www.tiktok.com/@awannj_"
"=""7225088252998157083""","","=""6582364873506127873""","dyxyzlyej","𝐋𝐞𝐚𝐯𝐞𝐌𝐄𝐚𝐥𝐨𝐧𝐞","udah liat sampe akar akarnya","23/4/2023, 10.53.21","0","No","0","No","https://www.tiktok.com/@dyxyzlyej"
"=""7225084387666608922""","","=""7223771563363451930""","sitapai01","ayamjago","asline png piro videone cah","23/4/2023, 10.38.34","0","No","1","No","https://www.tiktok.com/@sitapai01"
"=""7225094166546744091""","=""7225084387666608922""","=""7084790428927706114""","erlnggahydn__","user231410809","ada bang?","23/4/2023, 11.16.05","0","No","","","https://www.tiktok.com/@erlnggahydn__"
"=""7225079835332756251""","","=""6991355549515711490""","v2d1vz","J A Y Y Y","apsih","23/4/2023, 10.21.06","0","No","0","No","https://www.tiktok.com/@v2d1vz"
"=""7225073911468933914""","","=""6979602179497870338""","d_a77777","Avatar Online ✪","jalan jalan ke arah barat
pulang nya beli obat
kiamat sudah semakin dekat
marilah kita bertaubat","23/4/2023, 09.57.35","0","No","0","No","https://www.tiktok.com/@d_a77777"
"=""7225073640936981274""","","=""6982850872179524613""","kurang_gocapp","🅸🅽🆃🆁🅾🆅🅴🆁🆃👤","ada 10 part gw","23/4/2023, 09.56.50","0","No","4","No","https://www.tiktok.com/@kurang_gocapp"
"=""7225963177987572486""","=""7225073640936981274""","=""6903063458415248385""","xiao_rifqi","Xiao YanAfriyan","bagi ngab","25/4/2023, 19.27.44","0","No","","","https://www.tiktok.com/@xiao_rifqi"
"=""7225390947390309146""","=""7225073640936981274""","=""7088212326369903643""","username0192983747","Matcha","ilang? uuu kocak","24/4/2023, 06.27.50","0","No","","","https://www.tiktok.com/@username0192983747"
"=""7225094149048877850""","=""7225073640936981274""","=""7084790428927706114""","erlnggahydn__","user231410809","bagi","23/4/2023, 11.16.12","0","No","","","https://www.tiktok.com/@erlnggahydn__"
"=""7225085024537789210""","=""7225073640936981274""","=""7112350670867153947""","adit.100210_","dttyoknow★","bagi bang vd nya","23/4/2023, 10.40.54","0","No","","","https://www.tiktok.com/@adit.100210_"
"=""7225071399454425883""","","=""6573646173293723650""","riyandihelmi","D̷r̷.̷H̷e̷l̷m̷i̷ S̷p̷.̷P̷D̷","emang berapa videonya kayaknya banyak 😂😂","23/4/2023, 09.48.04","0","No","0","No","https://www.tiktok.com/@riyandihelmi"
"=""7225064902179865370""","","=""7132944230838043649""","supriono69968","Supriono69968💞","🥰🥰","23/4/2023, 09.22.54","0","No","0","No","https://www.tiktok.com/@supriono69968"
"=""7225063403050926875""","","=""6798047985165124610""","mhrizki_","Musuhsetan","12 rapih kabeh","23/4/2023, 09.16.48","0","No","0","No","https://www.tiktok.com/@mhrizki_"
"=""7225061536325616411""","","=""6850277459683836929""","anggrainivinaaa","Flamingo🦩 🩷","adu ngeri","23/4/2023, 09.09.37","0","No","0","No","https://www.tiktok.com/@anggrainivinaaa"
"=""7225055896991482650""","","=""6551634213971099650""","anwar_rizki","Anwar Riski","mau bg🙏","23/4/2023, 08.47.35","0","No","1","No","https://www.tiktok.com/@anwar_rizki"
"=""7225056994930279194""","=""7225055896991482650""","=""6829527860664828934""","brondong_55","𝔓𝔢𝔪𝔲𝔧𝔞 ℜ𝔞𝔥𝔞𝔰𝔦𝔞𝔪𝔲","Nitip","23/4/2023, 08.51.54","0","No","","","https://www.tiktok.com/@brondong_55"
"=""7225042489898976026""","","=""6810019617257505793""","ferhyvity","Ferhyvity","@oocids","23/4/2023, 07.55.44","0","No","0","No","https://www.tiktok.com/@ferhyvity"
"=""7225040391257621275""","","=""6882174590329013249""","itsmeilham_","YT: Hamm Nation","punya ni 1-9","23/4/2023, 07.47.24","0","No","1","No","https://www.tiktok.com/@itsmeilham_"
"=""7225108622803813146""","=""7225040391257621275""","=""6931293208380081154""","kulzzuchiha","🥀","kon","23/4/2023, 22.05.53","0","No","","","https://www.tiktok.com/@kulzzuchiha"
"=""7225038847749571333""","","=""6772456908593284097""","nurdinrastafacipu","noer🖐🖐🖐","mohon tutup aib orang lain. kasian🥺🥺🥺","23/4/2023, 07.41.02","0","No","0","No","https://www.tiktok.com/@nurdinrastafacipu"
"=""7225037386379002650""","","=""6971457308950447105""","akbarhidayat4847","ᅠᅠ⠀᠌ᅠᅠᅠᅠ⠀᠌ᅠᅠ","seandainya cewek itu berada di keluarga elu . gimana perasaanmu jika di sebar orang lain","23/4/2023, 07.35.50","0","No","0","No","https://www.tiktok.com/@akbarhidayat4847"
"=""7225037176697013019""","","=""7084570578007458843""","apannnnnn___","muhammadalapan","kang king kang king
gw orang biasa njir","23/4/2023, 07.34.51","0","No","0","No","https://www.tiktok.com/@apannnnnn___"
"=""7225034058723803931""","","=""7182172940606145562""","suhardinata27","Suharrr","Udah jauh turunnya tu","23/4/2023, 07.23.02","0","No","0","No","https://www.tiktok.com/@suhardinata27"
"=""7225032145939628826""","","=""6852535711712429057""","setelan_cuek00","𝕊𝕋𝔼ℂ𝕌 𝕊𝕋𝔼ℂ𝕌","Bagi","23/4/2023, 07.15.15","0","No","0","No","https://www.tiktok.com/@setelan_cuek00"
"=""7225031241593766683""","","=""7170774417282368514""","userpipo13579","userpipo13579","rasah ngumbar aibe wong cok, mesakne","23/4/2023, 07.11.51","0","No","0","No","https://www.tiktok.com/@userpipo13579"
"=""7225031149717930778""","","=""6745405653303018498""","fryilham","Fry","@Peb ng d cari kawan","23/4/2023, 07.11.45","0","No","0","No","https://www.tiktok.com/@fryilham"
"=""7225021437333111579""","","=""6802101517606437890""","sincerei","sincere","dari yang aku lihat orang nya kok dia gak merasa kesenangan ya mukanya datar aja","23/4/2023, 06.34.01","0","No","0","No","https://www.tiktok.com/@sincerei"
"=""7225013619867861787""","","=""7128713631369266202""","bagussetiadi_1","Bagus setiadi","colmek","23/4/2023, 06.03.44","0","No","0","No","https://www.tiktok.com/@bagussetiadi_1"
"=""7225013365370077979""","","=""6976685513977824258""","itshndrk","jsthen","padahal biasa aja tapi dibikin heboh wkw","23/4/2023, 06.02.42","0","No","0","No","https://www.tiktok.com/@itshndrk"
"=""7225012140226560795""","","=""6613942501433982978""","sapaaje01","ipok","kasian gw sama si cewe nya. privasi nya kesebar gitu aja","23/4/2023, 05.57.59","0","No","0","No","https://www.tiktok.com/@sapaaje01"
"=""7225011847798817563""","","=""6532852535707238401""","fegymelatisukma","FegyMelatiSukma","tiktoknya aktif dan dia aplod konten","23/4/2023, 05.56.41","0","No","0","No","https://www.tiktok.com/@fegymelatisukma"
"=""7225004544063898395""","","=""6949508548795843586""","karelbyannn","k","tobat bang sebelum terlambat","23/4/2023, 05.28.06","0","No","0","No","https://www.tiktok.com/@karelbyannn"
"=""7224998204076327706""","","=""7050671148938544154""","iammahesa1","Mahesa🏴","@Fahh asik amat':Fanny ku emang darat
Tetapi ling ku tidak darat
Sebelum matahari terbit di BARAT
Mari kita tobat","23/4/2023, 05.03.39","0","No","0","No","https://www.tiktok.com/@iammahesa1"
"=""7224997669322654490""","","=""6911206991072445442""","aldialdiana_12","raka","sebearnya kaka satu ini cantik idaman banget tapi ya begitulahh manusia tida ada yang sempurna😔","23/4/2023, 05.01.25","0","No","0","No","https://www.tiktok.com/@aldialdiana_12"
"=""7224985144934859547""","","=""7197052195286811674""","piyan.wellreal","piyan","perasan Poto galeri tidak bisa di susun😳","23/4/2023, 04.12.58","0","No","0","No","https://www.tiktok.com/@piyan.wellreal"
"=""7224977971609535258""","","=""7195220244133643290""","user4626211681841","rey","syukur udah liat semua tentang ni orang 😅","23/4/2023, 03.45.02","0","No","0","No","https://www.tiktok.com/@user4626211681841"
"=""7224965788360295194""","","=""7212441878234596379""","alfinal884","this is finn","buset bro dosa Jariah😁","23/4/2023, 02.57.48","0","No","0","No","https://www.tiktok.com/@alfinal884"
"=""7224962182554485530""","","=""7126184834493613082""","botakkeza","EzaMett","gw ad semua coy GK sengaja ktemu d yandek 😂","23/4/2023, 02.43.39","0","No","0","No","https://www.tiktok.com/@botakkeza"
"=""7224959083815682843""","","=""7046745421591315458""","abdulmalik8398","malik•story","nggak dulu kawan aku ingin bertobat kepada Allah, aku malu ketika seseorang menilaiku baik padahal aku hanyalah pendosa yg di tut","23/4/2023, 02.31.46","0","No","0","No","https://www.tiktok.com/@abdulmalik8398"
"=""7224958379353293594""","","=""6965512865521681409""","kuplekwhiskey","Otsutsuki boruto","YTTA 🗿","23/4/2023, 02.29.07","0","No","0","No","https://www.tiktok.com/@kuplekwhiskey"
"=""7224949380063150874""","","=""7047315747206546434""","username7502_","Revan","bagi lah","23/4/2023, 01.54.11","0","No","1","No","https://www.tiktok.com/@username7502_"
"=""7226207865479054106""","=""7224949380063150874""","=""7102355965617505281""","4p1pppp_","1128","hayo","26/4/2023, 11.17.38","0","No","","","https://www.tiktok.com/@4p1pppp_"
"=""7224945589292712731""","","=""7093104271583413275""","kooandriee","Koo Andriee","bagi bg😂","23/4/2023, 01.39.21","0","No","0","No","https://www.tiktok.com/@kooandriee"
"=""7224940197887623962""","","=""7186708348040234010""","sellannn17","Selyluve💃","rimbun ya kawan kawan😂😂","23/4/2023, 01.18.19","0","No","0","No","https://www.tiktok.com/@sellannn17"
"=""7224933915144143642""","","=""7157625678602683418""","ohhiyaa55","ohh iyaa","aku ada yang gosok""","23/4/2023, 00.54.05","0","No","0","No","https://www.tiktok.com/@ohhiyaa55"
"=""7224932728172200710""","","=""6936314513302176769""","farisss_155","faris_5","@POLRES BIKINI BOTTOM","23/4/2023, 00.49.17","0","No","0","No","https://www.tiktok.com/@farisss_155"
"=""7224908195977069338""","","=""7068602581606761498""","cearml","￴","@👹 inpo","22/4/2023, 23.14.06","0","No","0","No","https://www.tiktok.com/@cearml"
"=""7224906506339468058""","","=""6988860305511056385""","kyywyuuu","kyy_","gua ada","22/4/2023, 23.07.38","0","No","2","No","https://www.tiktok.com/@kyywyuuu"
"=""7225629556044497670""","=""7224906506339468058""","=""6988860305511056385""","kyywyuuu","kyy_","follow gua","24/4/2023, 21.53.21","0","No","","","https://www.tiktok.com/@kyywyuuu"
"=""7224948702434935557""","=""7224906506339468058""","=""7121634916719559682""","bangvenom402","venom","bagi bang","23/4/2023, 01.51.17","0","No","","","https://www.tiktok.com/@bangvenom402"
"=""7224905378500002586""","","=""6913277384846738433""","muhamad_apriansyahhhh","muhamad_apriansyahhhh","tutor punya vid nya bre?","22/4/2023, 23.03.17","0","No","5","No","https://www.tiktok.com/@muhamad_apriansyahhhh"
"=""7225030440888714010""","=""7224905378500002586""","=""6913277384846738433""","muhamad_apriansyahhhh","muhamad_apriansyahhhh","cmn pamer doang kh mniez?","23/4/2023, 07.08.57","0","No","","","https://www.tiktok.com/@muhamad_apriansyahhhh"
"=""7224923952015475482""","=""7224905378500002586""","=""6726873591730717698""","alvinywnda","🅰️Lvin Yuwanda","mana","23/4/2023, 00.15.29","0","No","","","https://www.tiktok.com/@alvinywnda"
"=""7224913761210843930""","=""7224905378500002586""","=""6662662412116557825""","bionn0888","Bionsyah","16 Vid + 10 Pic, Mau ngab ???😂😂😂","22/4/2023, 23.35.51","0","No","","","https://www.tiktok.com/@bionn0888"
"=""7224912658960384795""","=""7224905378500002586""","=""6913277384846738433""","muhamad_apriansyahhhh","muhamad_apriansyahhhh","gapaham bre gua gimana caranya walaupun udah tau juga😂","22/4/2023, 23.31.32","0","No","","","https://www.tiktok.com/@muhamad_apriansyahhhh"
"=""7224908605442097946""","=""7224905378500002586""","=""6899116834646279170""","askjkakjswl","Ndik-","cari aja di yt misteri penjelajah sob ada semua","22/4/2023, 23.15.47","1","No","","","https://www.tiktok.com/@askjkakjswl"
"=""7224899298831663898""","","=""6904167816091812865""","shadowwhisper099","Shadow_K25","kurang seru,","22/4/2023, 22.39.48","0","No","0","No","https://www.tiktok.com/@shadowwhisper099"
"=""7224897596275852059""","","=""7059377447527384065""","ninoell9","Ninoell9","Ni bocah rame bener, ada apa si?","22/4/2023, 22.33.12","0","No","0","No","https://www.tiktok.com/@ninoell9"
"=""7224891264117965594""","","=""6805796054614426626""","dhimasfajarpras","206","@nggafastt","22/4/2023, 22.08.33","0","No","0","No","https://www.tiktok.com/@dhimasfajarpras"
"=""7224890060821480218""","","=""6951652595824772098""","ronaldo1969_","Ronaldo1969","yok 10kaja","22/4/2023, 22.03.40","0","No","0","No","https://www.tiktok.com/@ronaldo1969_"
"=""7224889774615986971""","","=""7223155232695485446""","tm__kz4","zxmonn","bagi ngab jgn pelit","23/4/2023, 14.51.49","0","No","0","No","https://www.tiktok.com/@tm__kz4"
"=""7224888991412290331""","","=""7097617660892169243""","salamboyah669","Alokhamil","mau tobat fyp isinya ini semua","22/4/2023, 21.59.33","0","No","0","No","https://www.tiktok.com/@salamboyah669"
"=""7224886948204184346""","","=""7195822778171294746""","anjayalok4513","https://t.me/tiktokindoviral0","𝙩𝙪𝙝 𝙩𝙞𝙣𝙜𝙜𝙖𝙡 𝙨𝙖𝙡𝙞𝙣☝️🥺","22/4/2023, 21.51.42","0","No","0","No","https://www.tiktok.com/@anjayalok4513"
"=""7224864325194040091""","","=""6801497238121382913""","youggii3d","ZILL STORE","lebat cuy","23/4/2023, 13.18.24","0","No","0","No","https://www.tiktok.com/@youggii3d"
"=""7224864178204148507""","","=""7098687296074023938""","uzanramon022","uzanramon022","bagi bang 😂","22/4/2023, 20.23.21","0","No","0","No","https://www.tiktok.com/@uzanramon022"
"=""7224863713634075398""","","=""6896484489304802305""","nnahnimi","nnahnimi","Astaghfirullah ingat dosa bro","22/4/2023, 20.21.20","0","No","0","No","https://www.tiktok.com/@nnahnimi"
"=""7224860518104220443""","","=""6868162292232635394""","cessanew155","CESSAAA","@FAKEACC7","22/4/2023, 20.09.14","0","No","0","No","https://www.tiktok.com/@cessanew155"
"=""7224855441544463130""","","=""7220128226881782810""","mermaidman28","orang susah","anjir tetangga gua viral wkwkkwk","22/4/2023, 19.49.29","0","No","1","No","https://www.tiktok.com/@mermaidman28"
"=""7224903752175551258""","=""7224855441544463130""","=""6971795543015457798""","ayik5555","maaaaaLikKkk","tau viral gra"" apa?","22/4/2023, 22.56.58","0","No","","","https://www.tiktok.com/@ayik5555"
"=""7224832936591000346""","","=""6972044790540436482""","wwwwwwwwwwww123qaz","ppp123","kenak mental dah","22/4/2023, 18.22.03","0","No","0","No","https://www.tiktok.com/@wwwwwwwwwwww123qaz"
"=""7224828775414317851""","","=""6853687509156758529""","_masram","yoo","gw juga ada ngabb😅","22/4/2023, 18.06.09","0","No","1","No","https://www.tiktok.com/@_masram"
"=""7224893088585335579""","=""7224828775414317851""","=""6831372874361897985""","ikiiiii549","_rzkimhd67","bagi bg","22/4/2023, 22.15.35","0","No","","","https://www.tiktok.com/@ikiiiii549"
"=""7224825669723669274""","","=""6968917278457676802""","rahmat_frank","Rahmat Frank","Bagi dong guys","22/4/2023, 17.53.46","0","No","0","No","https://www.tiktok.com/@rahmat_frank"
"=""7224817317669208859""","","=""7110401628679111707""","rskyyrmdhnnnn","callmeikyy","Ada Versi Hijab Nya Gak Bro?","22/4/2023, 17.21.24","0","No","0","No","https://www.tiktok.com/@rskyyrmdhnnnn"
"=""7224814967614374683""","","=""7208162279580238875""","xlyy_zyy","Lyy likes fireflies 🐞","sorry I'm expensive man","22/4/2023, 17.12.25","0","No","0","No","https://www.tiktok.com/@xlyy_zyy"
"=""7224813295474361115""","","=""7134266777982977025""","ikyojiii","— Lihat 2.264 balasan ﹀","mana cantik banget sungguh malang nasib nya tapi gw suka vid nya😅","22/4/2023, 17.05.50","0","No","5","No","https://www.tiktok.com/@ikyojiii"
"=""7224998553340298010""","=""7224813295474361115""","=""6749825563076232193""","sugawa2701","Sugawa","bagi"" ngab","23/4/2023, 05.05.02","0","No","","","https://www.tiktok.com/@sugawa2701"
"=""7224814618912375578""","=""7224813295474361115""","=""6972834513794728961""","ryansaputra564319","BRAY","bersih cuy😂","22/4/2023, 17.11.06","0","No","","","https://www.tiktok.com/@ryansaputra564319"
"=""7224815085808517914""","=""7224813295474361115""","=""7134266777982977025""","ikyojiii","— Lihat 2.264 balasan ﹀","wkkw anjj😂","22/4/2023, 17.12.46","0","No","","","https://www.tiktok.com/@ikyojiii"
"=""7224808028712305434""","","=""7211010128689742866""","amrinyanai_","amrinyanai_","bagi cepatt","22/4/2023, 16.45.25","0","No","0","No","https://www.tiktok.com/@amrinyanai_"
"=""7224805766274859802""","","=""6994030704069755930""","edzwn09","EL-SAWIT","sokin lah ngab","22/4/2023, 16.36.38","0","No","0","No","https://www.tiktok.com/@edzwn09"
"=""7224804530750358298""","","=""6573147872346374145""","rdhoakbrprtma","edho lucu juga","info media share","22/4/2023, 16.31.51","0","No","0","No","https://www.tiktok.com/@rdhoakbrprtma"
"=""7224803336451605274""","","=""6885003261104768001""","s4nd1_00","S  4  N  D  1","kemaren temen gua pamer mulu bg besok nya Ninggal","22/4/2023, 16.27.10","0","No","0","No","https://www.tiktok.com/@s4nd1_00"
"=""7224800876460081947""","","=""6870413115462419458""","4hongdisini","WAWAN BREBET","haha","22/4/2023, 16.17.51","0","No","0","No","https://www.tiktok.com/@4hongdisini"
"=""7224800356994351899""","","=""6929100485443060738""","mows.17","juscabai","menurut aku over all udah bagus, hanya saja sedikit koreksi untuk bagian bawah dikuris habis aja untuk menciptakan nuansa embem maksimal","22/4/2023, 16.15.35","0","No","0","No","https://www.tiktok.com/@mows.17"
"=""7224797097040003867""","","=""7011945109352612891""","bagasmh1","Bagas.MH","jangan king nanti kusam🥺","22/4/2023, 16.03.10","0","No","0","No","https://www.tiktok.com/@bagasmh1"
"=""7224795137993720602""","","=""6730207147809883138""","susugulaaren1290","american0","@〽️inpo ne lek😂","22/4/2023, 15.55.38","0","No","1","No","https://www.tiktok.com/@susugulaaren1290"
"=""7224868025903792922""","=""7224795137993720602""","=""6918971173750375429""",".cpyz121","Cyoless","suttt","22/4/2023, 20.38.22","0","No","","","https://www.tiktok.com/@.cpyz121"
"=""7224785491761251098""","","=""6971433182048027649""","antonwibowooo","Anton Wibowo","cantik nggak menjamin","22/4/2023, 15.18.11","0","No","0","No","https://www.tiktok.com/@antonwibowooo"
"=""7224784224351093531""","","=""7114572088615191554""","user5333009213519","wp02_1","jgn terpancing king baru lebaran pertama nihh","22/4/2023, 15.13.08","0","No","0","No","https://www.tiktok.com/@user5333009213519"
"=""7224767775075386139""","","=""7207954828600034331""","aldousjawabarat27","𝐁𝐒𝟕.ZARS FT ALDOUS","aku juga ada bang😁","22/4/2023, 14.09.22","0","No","3","No","https://www.tiktok.com/@aldousjawabarat27"
"=""7226124729537528602""","=""7224767775075386139""","=""7180231832297538562""","muhamveo7fi","Bang Lie","Bagi bang 😂","26/4/2023, 05.55.11","0","No","","","https://www.tiktok.com/@muhamveo7fi"
"=""7224728388416930587""","=""7224767775075386139""","=""6956638111267161093""","r_withahoodie","RIFKI MAKU","bagi bg, jan ngilang🗿","22/4/2023, 19.02.06","0","No","","","https://www.tiktok.com/@r_withahoodie"
"=""7224797140353450778""","=""7224767775075386139""","=""6970529662234231809""","kazushiromizii","Kazuhiro","bagi coba bg","22/4/2023, 16.03.12","0","No","","","https://www.tiktok.com/@kazushiromizii"
"=""7224766557900260123""","","=""6531313934447296524""","ikyanakmamaaa","Riski","Habis puasa malah nyebar dosa, siap² aja kena dosa jariah yang nyebar🤣 CCTV Allah tidak pernah mati bro","22/4/2023, 14.04.33","0","No","0","No","https://www.tiktok.com/@ikyanakmamaaa"
"=""7224762281182118682""","","=""6837656568599921669""","user81099198","Ataraxx","bagi bg","22/4/2023, 13.47.52","0","No","0","No","https://www.tiktok.com/@user81099198"
"=""7224761301351088901""","","=""6929532161234682882""","rayman89_","paul","ingat mati bro","22/4/2023, 13.44.02","0","No","0","No","https://www.tiktok.com/@rayman89_"
"=""7224757288682079002""","","=""6963151565884523522""","lonelyyyy141","t39uh","bacol🗿","22/4/2023, 13.28.50","0","No","0","No","https://www.tiktok.com/@lonelyyyy141"
"=""7224756622953431835""","","=""6791307872250889217""","jasonn66","Jason","padahal cantik bgt dia njrr","22/4/2023, 13.26.07","0","No","0","No","https://www.tiktok.com/@jasonn66"
"=""7224748359277871899""","","=""6998157291648877574""","_bangren01","𝙍𝙚𝙣𝙯𝙯🎗️","gue ntn langsung ke intinya 😂😆","23/4/2023, 07.14.20","0","No","0","No","https://www.tiktok.com/@_bangren01"
"=""7224742458927760155""","","=""6970599427737273345""","johnson20_10","JOHNSON","bagiiii woi","22/4/2023, 12.31.23","0","No","0","No","https://www.tiktok.com/@johnson20_10"
"=""7224734948002399002""","","=""6981391754478306305""","ryuzy_pubgm","𝙍 𝙔 𝙐 𝙕 𝙔","nama nya bagus loh
syakirah azzahra tapi ya sudah lah","22/4/2023, 12.02.07","0","No","0","No","https://www.tiktok.com/@ryuzy_pubgm"
"=""7224734443360207643""","","=""6674528129069073409""","galaubentar__","Mas Ann","gua punya dikirim teman cuk wkwk","22/4/2023, 12.00.07","0","No","0","No","https://www.tiktok.com/@galaubentar__"
"=""7224729307071415066""","","=""6924485127272170498""","y4miiisukehiro","Lupa:(","baru hunting tadi😂mayan lah dapet beberapa wkwkwk walaupun ga sebanyak org lain","22/4/2023, 11.40.34","0","No","0","No","https://www.tiktok.com/@y4miiisukehiro"
"=""7224728349171286811""","","=""6961251755511514117""","kiijahatt","Kii suka susu","gw satu pun gad","22/4/2023, 11.36.42","0","No","0","No","https://www.tiktok.com/@kiijahatt"
"=""7224724398711161627""","","=""6969367343975040001""","algiridho","Algiridho","sorry bang gua nggak bakal mau
stay halal brother 🙏🏼","22/4/2023, 11.21.14","0","No","0","No","https://www.tiktok.com/@algiridho"
"=""7224722474385294107""","","=""7126427502625932293""","bayusukaeskrim","B","Syakira udah Hana udah,next siapa lagi yach","22/4/2023, 11.13.42","0","No","0","No","https://www.tiktok.com/@bayusukaeskrim"
"=""7224721586393531162""","","=""6992147637764981787""","ueieeinene","ejei","aku mauuu","22/4/2023, 11.10.44","0","No","1","No","https://www.tiktok.com/@ueieeinene"
"=""7224787029396620058""","=""7224721586393531162""","=""6845472828700951553""","ordinarypeople..7","kyzaruu","ada ni tpi gak free","22/4/2023, 15.24.00","0","No","","","https://www.tiktok.com/@ordinarypeople..7"
"=""7224713728137986843""","","=""6849549808324822017""","iqbal_bukan_ikbal","DarahAceh","baru siap sholat idul Fitri","22/4/2023, 10.40.17","0","No","0","No","https://www.tiktok.com/@iqbal_bukan_ikbal"
"=""7224703465707782938""","","=""6772479906930836482""","sanzu2290","Fachri Sadewa","gw ada tapi cmn 9 aja. katanya yg lain ada 16 vidio😁","22/4/2023, 10.00.14","0","No","0","No","https://www.tiktok.com/@sanzu2290"
"=""7224701100917670682""","","=""6862224438357001218""","mantab363","ndraaa_","infokan woy","22/4/2023, 09.51.16","0","No","1","No","https://www.tiktok.com/@mantab363"
"=""7224787053442777882""","=""7224701100917670682""","=""6845472828700951553""","ordinarypeople..7","kyzaruu","ada ni tpi gak free","22/4/2023, 15.24.04","0","No","","","https://www.tiktok.com/@ordinarypeople..7"
"=""7224693011903939355""","","=""6895656651518395394""","pancaluosianturi","nca (Sianturi)","udh baru liat di Twitter","22/4/2023, 09.19.41","0","No","0","No","https://www.tiktok.com/@pancaluosianturi"
"=""7224691982839366426""","","=""6781744170555360258""",".nyongk","Nyong 💥","walau sya uda nonton tpi sya kasian sama kmu mba 😓","22/4/2023, 15.50.25","0","No","0","No","https://www.tiktok.com/@.nyongk"
"=""7224685878025929498""","","=""6761895058373411842""","ciponk_","Ciponk                       ༽","@B iki?","22/4/2023, 08.51.54","0","No","0","No","https://www.tiktok.com/@ciponk_"
"=""7224682820223091483""","","=""7091203903408653339""","chikakanao04","arga","bangga nya astgaaa😂nyebarin aib org","22/4/2023, 08.40.00","0","No","1","No","https://www.tiktok.com/@chikakanao04"
"=""7224683021201703707""","=""7224682820223091483""","=""7091203903408653339""","chikakanao04","arga","wlapun aing Uda dpat dri 😂tele","22/4/2023, 08.40.49","0","No","","","https://www.tiktok.com/@chikakanao04"
"=""7224676550011667227""","","=""6998881419254940699""","andri21044","andri21","jirt fyp truss apa si gua blom tau","22/4/2023, 08.15.53","0","No","0","No","https://www.tiktok.com/@andri21044"
"=""7224668365651591962""","","=""7152893134039811098""","clipzone41127","ClipZone","🙏","22/4/2023, 07.44.18","0","No","0","No","https://www.tiktok.com/@clipzone41127"
"=""7224668221608100635""","","=""7137504595034686490""","iyaainidicky","kyy","16 vidio aman kak","22/4/2023, 07.43.17","0","No","4","No","https://www.tiktok.com/@iyaainidicky"
"=""7224705323202183962""","=""7224668221608100635""","=""7137504595034686490""","iyaainidicky","kyy","Twitter","22/4/2023, 10.08.00","1","No","","","https://www.tiktok.com/@iyaainidicky"
"=""7224655267114844955""","","=""6965549760447398913""","rendezvouzusers","Karisa97","Psychopath","22/4/2023, 06.53.07","0","No","0","No","https://www.tiktok.com/@rendezvouzusers"
"=""7224624445809001242""","","=""6935510838616228865""","ariessx21","ARIESS ♈","info link","22/4/2023, 04.53.17","0","No","0","No","https://www.tiktok.com/@ariessx21"
"=""7224611250289312539""","","=""7162477983584109569""","junnlloy_30","Junn","udahlah co kasian","22/4/2023, 04.01.53","0","No","0","No","https://www.tiktok.com/@junnlloy_30"
"=""7224607754383082267""","","=""6957989476024321026""","aldi_saputra094","Aldy_Saputra","gua ad
part 1-5🗿","22/4/2023, 03.48.18","0","No","3","No","https://www.tiktok.com/@aldi_saputra094"
"=""7224812897225999130""","=""7224607754383082267""","=""6957989476024321026""","aldi_saputra094","Aldy_Saputra","d grup bg","22/4/2023, 17.04.28","0","No","","","https://www.tiktok.com/@aldi_saputra094"
"=""7224620516123476763""","=""7224607754383082267""","=""7129497350406145026""","antikewan666_","666","minta bro","22/4/2023, 04.37.52","0","No","","","https://www.tiktok.com/@antikewan666_"
"=""7224617839487189765""","=""7224607754383082267""","=""6966984488690828289""","ryanda4887","Ryanda","dapat dimana bg?","22/4/2023, 04.27.31","0","No","","","https://www.tiktok.com/@ryanda4887"
"=""7224604364983010075""","","=""6956811105965966337""","felixgarani","Felix.07","gw pny vdionta 25 lagi","22/4/2023, 03.35.12","0","No","0","No","https://www.tiktok.com/@felixgarani"
"=""7224603071048614683""","","=""7016261634268824603""","aisxx99","Aisxd","lanjut scroll bro","22/4/2023, 03.30.12","0","No","0","No","https://www.tiktok.com/@aisxx99"
"=""7224600750512734981""","","=""6837980390230885377""","palataoo7","palataoo77","preset @Pallie Kawa","22/4/2023, 03.21.11","0","No","0","No","https://www.tiktok.com/@palataoo7"
"=""7224600701564715803""","","=""7001202200814863361""","saynobby","S∆YN0BBY","ulah uztad itu","22/4/2023, 03.20.58","0","No","0","No","https://www.tiktok.com/@saynobby"
"=""7224591024479683354""","","=""7038922593453835290""","rian_03.20","🦏","full senyum😂","22/4/2023, 02.43.30","0","No","0","No","https://www.tiktok.com/@rian_03.20"
"=""7224584608237667073""","","=""6568667775107039233""","medlinmasbor","sigMasbor","ngga seru, nyolok sndiri doang tp sugab sih emg niy anak wkwkw","22/4/2023, 02.18.28","0","No","0","No","https://www.tiktok.com/@medlinmasbor"
"=""7224578877804200731""","","=""7191077973247476763""","zidanoranggalau","💔🩹","ingat janji mu king 👑","22/4/2023, 01.56.13","0","No","0","No","https://www.tiktok.com/@zidanoranggalau"
"=""7224575146056483611""","","=""6515412889158336514""","hezron_pangala12","Hesron pangala🙂‍↕️","Mayan .. walaupun cuman menghayal😂😂","22/4/2023, 01.41.48","0","No","2","No","https://www.tiktok.com/@hezron_pangala12"
"=""7225179102495589147""","=""7224575146056483611""","=""6515412889158336514""","hezron_pangala12","Hesron pangala🙂‍↕️","wkkww","23/4/2023, 16.45.30","0","No","","","https://www.tiktok.com/@hezron_pangala12"
"=""7225015930987070235""","=""7224575146056483611""","=""6852171031529112578""","wandyyy7","ndyyy🧟","woyyy😂","23/4/2023, 06.12.24","0","No","","","https://www.tiktok.com/@wandyyy7"
"=""7224566264148378395""","","=""6991466622604477467""","ardiwjm","Ardi W J M","biarlah dosa dia &tuhan yg tahu,jangan sampai terkena dosa zariah,aku pun bukan orang baik tpi aku berusah baik","22/4/2023, 01.07.25","0","No","0","No","https://www.tiktok.com/@ardiwjm"
"=""7224559484071363355""","","=""6753538818521007105""","ayah.sheikha","AYAH_SHEIKHA","penasaran sumpah 😌😌","22/4/2023, 00.40.50","0","No","0","No","https://www.tiktok.com/@ayah.sheikha"
"=""7224556917468758811""","","=""6736376450310767617""","aing.naon","I'm Riil👀","njir","22/4/2023, 00.31.06","0","No","0","No","https://www.tiktok.com/@aing.naon"
"=""7224549744596370202""","","=""6757987663662597121""","mamas.putraaaa","Var125RakyatVietnam*🇻🇳","mnnaa","22/4/2023, 00.03.14","0","No","0","No","https://www.tiktok.com/@mamas.putraaaa"
"=""7224543647855985435""","","=""6915607847904576513""","nggktausiapa_","lelaki 0 persen","ini syakirah bukan?","21/4/2023, 23.39.25","0","No","0","No","https://www.tiktok.com/@nggktausiapa_"
"=""7224542351699247898""","","=""6779102841644565506""","argachilguy","Pamungkass🥉","baru aja liat","21/4/2023, 23.34.34","0","No","4","No","https://www.tiktok.com/@argachilguy"
"=""7224797986508260122""","=""7224542351699247898""","=""6779102841644565506""","argachilguy","Pamungkass🥉","itu masuk groub tele","22/4/2023, 16.06.31","0","No","","","https://www.tiktok.com/@argachilguy"
"=""7224585802410853146""","=""7224542351699247898""","=""6958445725853107205""","xiao_revli_qin_mai.san","Revli 乂 Sayur𝐒𝐎𝐅𝐓🗿","dimana bg gua udh cri di ytb gk ad","22/4/2023, 13.51.21","0","No","","","https://www.tiktok.com/@xiao_revli_qin_mai.san"
"=""7224565415035274011""","=""7224542351699247898""","=""6859570837432108034""","losingaja","𝕷𝖊𝖔𝖓𝖆𝖑𝖑","bagi bang","22/4/2023, 01.03.52","0","No","","","https://www.tiktok.com/@losingaja"
"=""7224559379323601691""","=""7224542351699247898""","=""7164067859391038466""","sagabaraww","Bagaswara","Bagi bang","22/4/2023, 00.40.33","0","No","","","https://www.tiktok.com/@sagabaraww"
"=""7224542331109999387""","","=""6851562636946179074""","hen0.118","H20 STUDIO","udah nonton😂","21/4/2023, 23.34.34","0","No","0","No","https://www.tiktok.com/@hen0.118"
"=""7224540833911423771""","","=""6959259094411281409""","hanya_pendosaa0","Sab      ㅤㅤㅤㅤㅤㅤㅤㅤㅤㅤ༽","yg udh tahu : 🗿🗿🗿
yg blom tahu : 🤔🤔🤔","21/4/2023, 23.28.46","0","No","0","No","https://www.tiktok.com/@hanya_pendosaa0"
"=""7224539981791626011""","","=""6896778057785377794""","naufalikrom30_","Naufall","syakirah sama zalva itu apa artinya","21/4/2023, 23.25.19","0","No","0","No","https://www.tiktok.com/@naufalikrom30_"
"=""7224537713059332891""","","=""6998051722841621506""","dombayanghilangg_","dombayanghilangg_","@dexcode8 cari ked","21/4/2023, 23.16.32","0","No","0","No","https://www.tiktok.com/@dombayanghilangg_"
"=""7224528966164562715""","","=""7151405859288499201""","cahjogjapride_","orang insyaff","kasian cewek ny njir","21/4/2023, 22.42.25","0","No","0","No","https://www.tiktok.com/@cahjogjapride_"
"=""7224527635010306821""","","=""6985711017033647106""","ffarizalam_","alfa","Pria sejati tidak akan membongkar aib seorang perempuan yang telah menyakiti cowo nya pria sejati hanya sabar dan menemukan yang lebih baik","21/4/2023, 22.37.14","0","No","0","No","https://www.tiktok.com/@ffarizalam_"
"=""7224525692439135003""","","=""6697793297984078850""","daymenolaknt","￴ ￴ ￴ ￴ ￴ ￴ ￴ ￴D","percuma lu puasa bro klo akhirnya bgtu😂","21/4/2023, 22.29.44","0","No","0","No","https://www.tiktok.com/@daymenolaknt"
"=""7224523868361327386""","","=""6554326238240456706""","2168730228","•","tinggal di ciduk aja nii @POLDA SUMATRA SELATAN UU NO 48 Tahun 2008","21/4/2023, 22.22.37","0","No","0","No","https://www.tiktok.com/@2168730228"
"=""7224516542184260378""","","=""6549804482581118977""","cheekycesst","CHEEKY [HC]","udh lihat","21/4/2023, 21.54.23","0","No","0","No","https://www.tiktok.com/@cheekycesst"
"=""7224509195050386203""","","=""7057740932708533275""","imamlubis01","Imam.","17👍🏻","21/4/2023, 21.25.46","0","No","0","No","https://www.tiktok.com/@imamlubis01"
"=""7224505036852151066""","","=""6959830114528560133""","bar.rakbar","barberbor・。.","TETAP FOKUS DENGAN TUJUAN MU KING JANGAN SAMPAI 👑 MAHKOTA MU TERJATUH","21/4/2023, 21.09.49","0","No","0","No","https://www.tiktok.com/@bar.rakbar"
"=""7224504408037819163""","","=""6816734973258286082""","dickyy501","dicky","inpo pidio","21/4/2023, 21.07.19","0","No","0","No","https://www.tiktok.com/@dickyy501"
"=""7224503861079442202""","","=""7086262621603709978""",".20_088",".","enak yah ganteng
btw yok glowing
sholat lah","21/4/2023, 21.05.15","0","No","0","No","https://www.tiktok.com/@.20_088"
"=""7224502991071347482""","","=""6866408810858431493""","justfren3","Fren","beda sebelah cokk","21/4/2023, 21.01.49","0","No","0","No","https://www.tiktok.com/@justfren3"
"=""7224502704730915610""","","=""6910202087231226881""","userstwo77","CEK AJA","hbd buat syakira@syakira","21/4/2023, 21.00.46","0","No","0","No","https://www.tiktok.com/@userstwo77"
"=""7224502475712103194""","","=""7068460520756495361""","akbar112602","￴Akbar","gpp kali sekali²😅","21/4/2023, 20.59.41","0","No","1","No","https://www.tiktok.com/@akbar112602"
"=""7224521934083785498""","=""7224502475712103194""","=""7149787400784118811""","itsmee_tamaa","Tamaa🗽","udh berapa kali sekali sekali nya king😅","21/4/2023, 22.15.16","0","No","","","https://www.tiktok.com/@itsmee_tamaa"
"=""7224496983817126683""","","=""6908516887304324097""","lubisra","Gusion Pro Peler","udah kek ini trus yang muncul apaan sih","21/4/2023, 20.38.24","0","No","0","No","https://www.tiktok.com/@lubisra"
"=""7224496762605962011""","","=""6917107755095622658""","vhinssssss","𝙫𝙝𝙞𝙣𝙨𝙨𝙨`","jangan sampai lupa denga kami yang di penuhi akan ingin tau 😇","21/4/2023, 20.37.38","0","No","0","No","https://www.tiktok.com/@vhinssssss"
"=""7224496719865316102""","","=""6961334463339856897""","skymannn11","Rahman1102","sorry ga tertarik bkan gw yg dlu lagi","21/4/2023, 20.37.21","0","No","0","No","https://www.tiktok.com/@skymannn11"
"=""7224494199146578715""","","=""7149781853339632666""","pr1ncesrisma","rismaa 。ｏ♡","@ya","21/4/2023, 20.27.32","0","No","0","No","https://www.tiktok.com/@pr1ncesrisma"
"=""7224487344773546778""","","=""7022425599181063194""","bek_abie","bang bek","akhirnya jd kebanggan orangtua","21/4/2023, 20.00.58","0","No","0","No","https://www.tiktok.com/@bek_abie"
"=""7224486798176486171""","","=""6992755022023656474""","adekkiboyy","𝕬𝖑 𝕱𝖆𝖙𝖎𝖍 🥷","gk dlu bree gw udah tobat😅","21/4/2023, 19.58.56","0","No","0","No","https://www.tiktok.com/@adekkiboyy"
"=""7224484857879347974""","","=""6958510882013316102""","halit_19","Tersera Anda","udahlah bang gak usah umbar aurat orng,🙏🙏🙏","21/4/2023, 19.51.22","0","No","0","No","https://www.tiktok.com/@halit_19"
"=""7224478276416078618""","","=""6967566282687628290""","ardani827","ardanalfajar","healah..cantik"" malah kesebar aibnya 🥺","21/4/2023, 19.25.52","0","No","0","No","https://www.tiktok.com/@ardani827"
"=""7224478236632597274""","","=""6525439227538292738""","musa_teee","Pioooo","dah tau","21/4/2023, 19.25.37","0","No","0","No","https://www.tiktok.com/@musa_teee"
"=""7224476318057104154""","","=""7218868872379335707""","alif095653","PP RAMADHAN 2026","besok idul Fitri jangan sia siakan usaha kalian nahan selama sebulan","21/4/2023, 19.18.07","0","No","0","No","https://www.tiktok.com/@alif095653"
"=""7224475426939306779""","","=""6947559271694386177""","tata_charista","Tata_Kevin's","udah nonton smua vdio bglny","21/4/2023, 19.14.42","0","No","0","No","https://www.tiktok.com/@tata_charista"
"=""7224471872590955291""","","=""6564352520503279618""","new_story03","@Yusran_Pratama","jangan diam bae loe bg. bagi gk atau gue banting hp. 😅","21/4/2023, 19.01.08","0","No","0","No","https://www.tiktok.com/@new_story03"
"=""7224457142735012634""","","=""6610112901322719234""","rizkyheri_","Brandon","@cilku_ saatnya anda 😂","21/4/2023, 18.03.45","0","No","1","No","https://www.tiktok.com/@rizkyheri_"
"=""7224821566718231323""","=""7224457142735012634""","=""6939208313515213826""","supraone4","SUPRAONE","yo udh tau dong","22/4/2023, 17.38.05","0","No","","","https://www.tiktok.com/@supraone4"
"=""7224454418354537242""","","=""7023064194124219394""","rzq_albi_s","ALBI⚜️","udah khatam sampai jilid 25","21/4/2023, 17.53.11","0","No","1","No","https://www.tiktok.com/@rzq_albi_s"
"=""7224713039604368154""","=""7224454418354537242""","=""6853755204548445185""","frrelancee","freelancee","bagi ngab","22/4/2023, 10.37.06","0","No","","","https://www.tiktok.com/@frrelancee"
"=""7224449371214775067""","","=""6785593465952601090""","callmemaplee","MapLe.IDN","nitip sendal dulu siapa tau rame","21/4/2023, 17.33.40","0","No","0","No","https://www.tiktok.com/@callmemaplee"
"=""7224448417307984666""","","=""6937641095287882753""","riyanhbdn","𝘼𝙢𝙤𝙧𝙛𝙖𝙩𝙞.","males gak tega liat mukanya polos","21/4/2023, 17.29.55","0","No","0","No","https://www.tiktok.com/@riyanhbdn"
"=""7224448106103112474""","","=""7145007186040865793""","kkkkkkkmal","loser","full movie","21/4/2023, 17.28.44","0","No","0","No","https://www.tiktok.com/@kkkkkkkmal"
"=""7224443194673677082""","","=""6729040335895446529""","panggilsaja_montu","Bayi Bajang","yang menanam akan memanen","21/4/2023, 17.09.37","0","No","0","No","https://www.tiktok.com/@panggilsaja_montu"
"=""7224442399518884635""","","=""7004079444865205250""","densyeira","Densyeira","@Drivermuda 🕴️ aku ws ono impo","21/4/2023, 17.06.51","0","No","0","No","https://www.tiktok.com/@densyeira"
"=""7224440560084943643""","","=""6761539929405375489""","itsrulzx_","Xylo","INGAT TUJUAN MU KING 👑","21/4/2023, 16.59.30","0","No","0","No","https://www.tiktok.com/@itsrulzx_"
"=""7224437480459911963""","","=""7165512584988148738""","kelaladjsjshdudusks","killer","kasian","22/4/2023, 10.47.43","0","No","0","No","https://www.tiktok.com/@kelaladjsjshdudusks"
"=""7224436030462952218""","","=""7188084107527341057""","vaarrlll","Varrle","nanti bagi bang pas udah buka😁😂","21/4/2023, 16.41.54","0","No","0","No","https://www.tiktok.com/@vaarrlll"
"=""7224423342433452827""","","=""7002160147930743835""","reyhan.839","Pencatat Ruko Kosong","nitip","21/4/2023, 15.52.40","0","No","1","No","https://www.tiktok.com/@reyhan.839"
"=""7224471760456336154""","=""7224423342433452827""","=""7115389240255398938""","crraxz","Crraxz","Twitter bnyk","21/4/2023, 19.00.40","0","No","","","https://www.tiktok.com/@crraxz"
"=""7224422489286607642""","","=""84870402914""","rhmtikhsan","SANZ","gw cuma punya 8","21/4/2023, 15.49.21","0","No","1","No","https://www.tiktok.com/@rhmtikhsan"
"=""7224429138462229274""","=""7224422489286607642""","=""6951704557588333570""","rendiarsil3","RENARSIL3","bagi bang","21/4/2023, 16.15.08","0","No","","","https://www.tiktok.com/@rendiarsil3"
"=""7224421787986248474""","","=""6885518988349293570""","playoversaharjo","f","stress","21/4/2023, 15.46.35","0","No","0","No","https://www.tiktok.com/@playoversaharjo"
"=""7224419711080514330""","","=""7118183361076593666""","kenzooo6739","KEN","dia cantik tapi kenapa yh harus gitu","21/4/2023, 15.38.37","0","No","0","No","https://www.tiktok.com/@kenzooo6739"
"=""7224418598621938458""","","=""7209592286374560794""","sebutsajaorang95","sebutsajaorang","Fanny ku emang darat
Tetapi ling ku tidak darat
Sebelum matahari terbit di BARAT
Mari kita tobat","21/4/2023, 15.34.18","0","No","0","No","https://www.tiktok.com/@sebutsajaorang95"
"=""7224417128844591878""","","=""6899130374188123138""","penat4ever","-_-","info link 😁","21/4/2023, 15.28.32","0","No","0","No","https://www.tiktok.com/@penat4ever"
"=""7224411264554369818""","","=""6974800736664601601""","kudaaacukiii_","CukiiMayy","tidak pinkk","21/4/2023, 15.06.05","0","No","0","No","https://www.tiktok.com/@kudaaacukiii_"
"=""7224407990261777178""","","=""6789016733484844034""","nazaralfarizii","Nazarr","cek di yt MISTER PENJELAJAH tanpa pw🤣","22/4/2023, 04.40.55","0","No","0","No","https://www.tiktok.com/@nazaralfarizii"
"=""7224406261663220506""","","=""7211107274324460570""","selyycans_2","ADMIN GARENAFREEFIREBGID","𝘼𝙙𝙖 𝘿𝙞 𝙋𝙧𝙤𝙛𝙞𝙡 𝙆𝙪😝😳","21/4/2023, 14.46.28","0","No","0","No","https://www.tiktok.com/@selyycans_2"
"=""7224405255706231578""","","=""6855550773071496193""","raihanptr0","rehan","yang belum nonton sama sekali🗿","21/4/2023, 14.42.38","0","No","0","No","https://www.tiktok.com/@raihanptr0"
"=""7224398367051875098""","","=""6963859479411000326""","apipppbaik","apip anak baik","udah lihat semua 😏","21/4/2023, 14.15.46","0","No","0","No","https://www.tiktok.com/@apipppbaik"
"=""7224395608315773722""","","=""7123889184360023042""","idikoyy79","This Is Gamer Ganteng Idaman","gimana mau glowing","21/4/2023, 14.05.09","0","No","0","No","https://www.tiktok.com/@idikoyy79"
"=""7224392400592192262""","","=""6880855800006214658""","kaspreww","prewww","Untung sudaa liatt","21/4/2023, 13.52.45","0","No","0","No","https://www.tiktok.com/@kaspreww"
"=""7224392304323871515""","","=""6991415332700636162""","ys_maulana03","YS_maulana","woy cuk bagi anyin gwe minta dri 2013 gd yg ngasi🗿","21/4/2023, 13.52.18","0","No","0","No","https://www.tiktok.com/@ys_maulana03"
"=""7224390421170045722""","","=""6852214005160838146""","harry_sakti","user5944164941898","akunnya","22/4/2023, 06.01.05","0","No","0","No","https://www.tiktok.com/@harry_sakti"
"=""7224384971111318278""","","=""7168062356437648386""","dendijunaedi07","Mahabebas","pingin nonton anj","21/4/2023, 13.23.40","0","No","0","No","https://www.tiktok.com/@dendijunaedi07"
"=""7224384277169357594""","","=""6647076593394171906""","muhamad_widi","MW98 JAYA","bisa kirim gambar mau gw kirim comen gambar 😂","21/4/2023, 13.21.18","0","No","0","No","https://www.tiktok.com/@muhamad_widi"
"=""7224380765558670107""","","=""6892263815997948929""","gustifajriansyah22","vertigo","solo?","21/4/2023, 13.07.30","0","No","0","No","https://www.tiktok.com/@gustifajriansyah22"
"=""7224379448535237402""","","=""7054518544352822299""","qymawandra","키마와Ndraa","lebat cuyy sawah nya🗿","21/4/2023, 13.02.34","0","No","0","No","https://www.tiktok.com/@qymawandra"
"=""7224378208527155994""","","=""6633741414013730818""","deni_galau","Akurazi shop","Masya Allah","21/4/2023, 12.57.45","0","No","0","No","https://www.tiktok.com/@deni_galau"
"=""7224377964275073818""","","=""6824242000574874625""","excellent.areav1","𝗘𝗫𝗖𝗘𝗟𝗟𝗘𝗡𝗧 𝗔𝗥𝗘𝗔ℒ","aku kan menghilang","21/4/2023, 12.56.35","0","No","2","No","https://www.tiktok.com/@excellent.areav1"
"=""7224564151926735643""","=""7224377964275073818""","=""6858525221050795010""","akusukamamadolay","💤‼️","gw ada","22/4/2023, 00.59.08","0","No","","","https://www.tiktok.com/@akusukamamadolay"
"=""7224575351254319898""","=""7224377964275073818""","=""6890169311819056129""","defaldoo","p🅰️ledoo","mana","22/4/2023, 01.42.35","0","No","","","https://www.tiktok.com/@defaldoo"
"=""7224377513698198298""","","=""7146663812819796997""","wisnue18","wisnu3161","putih","21/4/2023, 23.28.05","0","No","0","No","https://www.tiktok.com/@wisnue18"
"=""7224373177430344475""","","=""6937684662933603329""","aestheticslave.08","in","bagi oi","21/4/2023, 12.38.19","0","No","0","No","https://www.tiktok.com/@aestheticslave.08"
"=""7224370937793610523""","","=""6749487544221959170""","inaanrl","inaa","Link","21/4/2023, 12.29.33","0","No","0","No","https://www.tiktok.com/@inaanrl"
"=""7224367582266360603""","","=""6927139230804214785""","rizkyfadillah085","Rizky Fadillah","gue juga punya tapi ku hapus lebih 150 video di bulan puasa negeri kan😂","21/4/2023, 12.16.35","0","No","1","No","https://www.tiktok.com/@rizkyfadillah085"
"=""7224367704487723802""","=""7224367582266360603""","=""6927139230804214785""","rizkyfadillah085","Rizky Fadillah","tapi aku udah obat","21/4/2023, 12.16.52","0","No","","","https://www.tiktok.com/@rizkyfadillah085"
"=""7224367123303351066""","","=""6926501714590041090""","lupausername63","￴ ￴￴ ￴ ￴￴ ￴ ￴￴ ￴ ￴￴","gua pnya semua 😏","21/4/2023, 12.14.28","0","No","0","No","https://www.tiktok.com/@lupausername63"
"=""7224362099844170523""","","=""6999954766786135042""","xiyad.z","riyad_","untung dah liat","21/4/2023, 11.55.05","0","No","0","No","https://www.tiktok.com/@xiyad.z"
"=""7224359163106591494""","","=""6742495990932620290""","akunmati786","@@@@@","padahall isinya tiktok biasa wkwkw","21/4/2023, 11.43.37","0","No","0","No","https://www.tiktok.com/@akunmati786"
"=""7224358004761887514""","","=""7151033255167935514""","usernameq4244","xxxxxx","🗿","21/4/2023, 11.39.30","0","No","0","No","https://www.tiktok.com/@usernameq4244"
"=""7224357365053686554""","","=""6866260604434662401""","christiandior1010","Bang Naps","kasian sama ortunya","21/4/2023, 11.36.40","0","No","0","No","https://www.tiktok.com/@christiandior1010"
"=""7224354148434559771""","","=""7175644152099800091""","cbperdan4","Opet","send donh","21/4/2023, 11.24.25","0","No","0","No","https://www.tiktok.com/@cbperdan4"
"=""7224352732299461403""","","=""7156465359334376474""","ikyyaaa4","𝖎𝖐𝖞𝖞.","300 mb kah?","21/4/2023, 11.18.57","0","No","8","No","https://www.tiktok.com/@ikyyaaa4"
"=""7224378500316201755""","=""7224352732299461403""","=""6968301856146113537""","panggilaja_guns","gugugun","link?","21/4/2023, 12.58.51","0","No","","","https://www.tiktok.com/@panggilaja_guns"
"=""7224347556640457499""","","=""7143519675061044250""","mahkota.jf","mahkota.jf","selalu optimis dg tujuan gue terus semangat kawan 💪💪","21/4/2023, 10.58.46","0","No","1","No","https://www.tiktok.com/@mahkota.jf"
"=""7224201545784443675""","=""7224347556640457499""","=""7046721316305716230""","anzhanicopratama23","Anzha","bnyk² minum ajaaa.","21/4/2023, 13.51.45","0","No","","","https://www.tiktok.com/@anzhanicopratama23"
"=""7224347469235684123""","","=""6819760771640116226""","tamalacano","tamalacano","bnyk amat bulu ny 🗿🗿","21/4/2023, 10.58.27","0","No","0","No","https://www.tiktok.com/@tamalacano"
"=""7224346751162647322""","","=""7056046606056145946""","novall_21","GL_Alaska","kasian cewe nya coba lu yang ada di posisi dia","21/4/2023, 10.55.45","0","No","0","No","https://www.tiktok.com/@novall_21"
"=""7224345713773576987""","","=""6892719925145977857""","ahan_377","ح","jirr dah di blokir cooo dah GK bisa masuk","21/4/2023, 10.51.56","0","No","0","No","https://www.tiktok.com/@ahan_377"
"=""7224345641055503109""","","=""6736566447822980098""","rendy_rezy","R⁰⁵⚡","asik juga","21/4/2023, 10.51.02","0","No","0","No","https://www.tiktok.com/@rendy_rezy"
"=""7224344907896718106""","","=""6932833978631341058""","bagongz3","gongg.","@andriisiuuuuu","21/4/2023, 10.48.43","0","No","0","No","https://www.tiktok.com/@bagongz3"
"=""7224342797914276634""","","=""7220709244935373851""","cewenyaleongg_","cewenya leongg🤪🖤","bgiiiiiii","21/4/2023, 10.40.33","0","No","0","No","https://www.tiktok.com/@cewenyaleongg_"
"=""7224341101804897051""","","=""7015909297646109697""","h.hy.hy","stecu","@ilysmnjun_ 😳😳","21/4/2023, 10.34.05","0","No","0","No","https://www.tiktok.com/@h.hy.hy"
"=""7224340959966003994""","","=""6581176681208299522""","razakkbrk","ig: ejazkte__","@atuubobaa","21/4/2023, 10.33.28","0","No","0","No","https://www.tiktok.com/@razakkbrk"
"=""7224338943263638299""","","=""7027851790092239898""","aapalah13","p","join","21/4/2023, 10.25.16","0","No","0","No","https://www.tiktok.com/@aapalah13"
"=""7224338893394199322""","","=""6873841999432205314""","oumkuulllll20","KULOK GEPENG","ending ceritanya gitu mulu, jadi bosen","21/4/2023, 10.25.19","0","No","0","No","https://www.tiktok.com/@oumkuulllll20"
"=""7224335205338792730""","","=""7116911748979966977""","ilhamsalehdaulay","ilham saleh","g paham lewat Mulu di fyp ku","21/4/2023, 10.11.06","0","No","0","No","https://www.tiktok.com/@ilhamsalehdaulay"
"=""7224332575028085530""","","=""6923813000570782722""","jejujeju_antiboti","kriyu zero","@i'm aiman","21/4/2023, 10.00.56","0","No","0","No","https://www.tiktok.com/@jejujeju_antiboti"
"=""7224330292240450330""","","=""6846074888726758401""","masdukqwe","government","cakep padahal kasian banget","21/4/2023, 09.52.17","0","No","0","No","https://www.tiktok.com/@masdukqwe"
"=""7224329336236737307""","","=""6948764818178524162""","gicell_official","BG 4 CEL♓","jdi keinget yang dia di kamar mandi😂","21/4/2023, 09.48.27","0","No","0","No","https://www.tiktok.com/@gicell_official"
"=""7224327840992887579""","","=""7196426844655600667""","dextar698","85733386132","langsung gass","21/4/2023, 09.42.48","0","No","0","No","https://www.tiktok.com/@dextar698"
"=""7224327683893887771""","","=""7138789351216038913""","videomacam2","shellasaukiashop.agen","kelaasss mazseehh","21/4/2023, 09.41.41","0","No","0","No","https://www.tiktok.com/@videomacam2"
"=""7224327625455272730""","","=""6968773911979705346""","ooknumbaik1922","𝘼𝙉𝘼𝙆𝙈𝘼𝙈𝘼˗ˋˏ♡ˎˊ˗","gua ada sampe part 13","21/4/2023, 09.41.42","0","No","7","No","https://www.tiktok.com/@ooknumbaik1922"
"=""7225627243950277403""","=""7224327625455272730""","=""6943843136607110146""","philosphia.07","Philosophia","koirim bang","24/4/2023, 21.44.20","0","No","","","https://www.tiktok.com/@philosphia.07"
"=""7225039578305168154""","=""7224327625455272730""","=""6827179750700762114""","28_mis","Ikhwan","link yt nya bang soalnya banyak banget channel yg mirip","23/4/2023, 07.44.14","0","No","","","https://www.tiktok.com/@28_mis"
"=""7224457083947696923""","=""7224327625455272730""","=""7170322792020444162""","ismail_alfarez","ismailalfares2","bg bagi dong bg","21/4/2023, 18.03.31","0","No","","","https://www.tiktok.com/@ismail_alfarez"
"=""7224355951879963418""","=""7224327625455272730""","=""6856963592027063297""","fyoopake.f","Mikhailovich","bagi bang","21/4/2023, 11.31.22","0","No","","","https://www.tiktok.com/@fyoopake.f"
"=""7224106010855801627""","=""7224327625455272730""","=""6840234735311062022""","zanzz14","zanz??","ok thx:v","21/4/2023, 10.43.00","1","No","","","https://www.tiktok.com/@zanzz14"
"=""7224341635916088091""","=""7224327625455272730""","=""6968773911979705346""","ooknumbaik1922","𝘼𝙉𝘼𝙆𝙈𝘼𝙈𝘼˗ˋˏ♡ˎˊ˗","cari di yt mister penjelajah
pw nya: LANGIT","21/4/2023, 10.36.10","1","No","","","https://www.tiktok.com/@ooknumbaik1922"
"=""7224076157834527514""","=""7224327625455272730""","=""6840234735311062022""","zanzz14","zanz??","dpt dri mana?","21/4/2023, 09.49.27","0","No","","","https://www.tiktok.com/@zanzz14"
"=""7224326651970175770""","","=""6919734740078003201""","lahiyaugha0","P","udh lahh co kasian aib orng klo yg udh tau ydh simpen aj jngn gni kasian dia juga manusia sma'puny perasaan","21/4/2023, 09.37.59","0","No","0","No","https://www.tiktok.com/@lahiyaugha0"
"=""7224325612583977754""","","=""6965886339699934213""","_adipratamaputra_","apsky_adipratamaputra","skip","21/4/2023, 09.33.51","0","No","0","No","https://www.tiktok.com/@_adipratamaputra_"
"=""7224325450713236251""","","=""7122112429564658690""","fahrysyfl15","R4Ƴ$","yg rill vdeo dia cuma ad 27 bro sisanya cuma ngobrol bremg mamanya, fhoto 16 vid 27","21/4/2023, 09.33.25","0","No","0","No","https://www.tiktok.com/@fahrysyfl15"
"=""7224320078598325019""","","=""6909817167580382210""","blondo600","blondo","gua sekitar 40 hari nih","21/4/2023, 09.12.32","0","No","0","No","https://www.tiktok.com/@blondo600"
"=""7224319966311383834""","","=""6878861417631613953""","freedom_0333","محمد شهرول","nyesek gue liatnya Cok malah kek kasian 🤦","21/4/2023, 09.11.45","0","No","0","No","https://www.tiktok.com/@freedom_0333"
"=""7224316700786311962""","","=""6994086793428108290""","shdw203","Iyooww_","tersusun rapih di terabox 😂","21/4/2023, 08.59.16","0","No","0","No","https://www.tiktok.com/@shdw203"
"=""7224316409034670874""","","=""6699911178736747522""","vidz429","vidz","@pemuda_payh","21/4/2023, 08.58.13","0","No","0","No","https://www.tiktok.com/@vidz429"
"=""7224314241145275163""","","=""6833651153600955393""","icancer_375","AkuuLoviii","wah bagi","21/4/2023, 08.49.31","0","No","0","No","https://www.tiktok.com/@icancer_375"
"=""7224313244840100635""","","=""7055919589338874882""","ahaykemalweh1","malkyomocih","emang ada apa bang dengan tu cewe?","21/4/2023, 08.46.09","0","No","0","No","https://www.tiktok.com/@ahaykemalweh1"
"=""7224312094463853338""","","=""7115775302882296837""","username1245880053","ariparker","@Dlannz    ? ehkhem wajib cariii siii ini","21/4/2023, 08.41.45","0","No","2","No","https://www.tiktok.com/@username1245880053"
"=""7224334859936973595""","=""7224312094463853338""","=""7115775302882296837""","username1245880053","ariparker","boong ah","21/4/2023, 10.09.25","0","No","","","https://www.tiktok.com/@username1245880053"
"=""7224334523638317850""","=""7224312094463853338""","=""7062166145533608961""","dlann.aj","Dlannz just npc","udh tobat bro 🗿","21/4/2023, 10.08.29","0","No","","","https://www.tiktok.com/@dlann.aj"
"=""7224310160414737178""","","=""6875754003457754114""","joo25_0","Joo25","bagi coba","21/4/2023, 08.33.50","0","No","0","No","https://www.tiktok.com/@joo25_0"
"=""7224307960191664922""","","=""7120020336259187738""","vehiclc","VehicLC","😳kasian","21/4/2023, 08.25.02","0","No","0","No","https://www.tiktok.com/@vehiclc"
"=""7224303455542706970""","","=""6959064244784546821""","batangphon","batangphon","bagi dong belum tau","21/4/2023, 08.07.42","0","No","0","No","https://www.tiktok.com/@batangphon"
"=""7224303278933279515""","","=""6814652244761658370""","garpit1997","Azp19","@bukannyamuk","21/4/2023, 08.07.05","0","No","0","No","https://www.tiktok.com/@garpit1997"
"=""7224299456777650970""","","=""6851132602238977026""","novproblem1","Novproblem","dosa jariah","21/4/2023, 07.52.22","0","No","0","No","https://www.tiktok.com/@novproblem1"
"=""7224295497824895770""","","=""6981377392788096001""","bayo_hutasuhut99","Gue_Faisal_Bayo_Hutasuhut","minimal tag akun nya bang 😁","21/4/2023, 07.37.07","0","No","0","No","https://www.tiktok.com/@bayo_hutasuhut99"
"=""7224292255112659739""","","=""7001982170265928705""","twt2819","terbangtinggi_","astaga manusia skrng","21/4/2023, 07.24.44","0","No","0","No","https://www.tiktok.com/@twt2819"
"=""7224292134580552475""","","=""7199849835474175003""","an_sannn2","💃","yg udh liat hadir sini😁","21/4/2023, 07.24.07","0","No","0","No","https://www.tiktok.com/@an_sannn2"
"=""7224280443057996571""","","=""6958655134004020230""","midlanermagang66","Why?","1 file 48 video🗿","21/4/2023, 06.38.26","0","No","2","No","https://www.tiktok.com/@midlanermagang66"
"=""7224464459633492763""","=""7224280443057996571""","=""7198408540410266626""","felixwanq","𝐋𝐢𝐱𝐱","bkn17 kj","21/4/2023, 18.32.17","0","No","","","https://www.tiktok.com/@felixwanq"
"=""7224289723232568091""","=""7224280443057996571""","=""7104211047696057346""","beniisptraa_","b’ben_","bgi bro","21/4/2023, 07.14.29","0","No","","","https://www.tiktok.com/@beniisptraa_"
"=""7224276836807607067""","","=""6945288567158375425""","iamnn245","IAMN","gw ada ban 5 vidio dia cok","21/4/2023, 06.24.21","0","No","0","No","https://www.tiktok.com/@iamnn245"
"=""7224275978524033818""","","=""6911171619000370177""","miftahhudin.085","U.085⚡","bh","21/4/2023, 06.21.20","0","No","0","No","https://www.tiktok.com/@miftahhudin.085"
"=""7224275975285424923""","","=""7222153949816685594""","sopiansuryana2","𝐅𝐢𝐚𝐧 [𝐭𝐞𝐦𝐩𝐥𝐚𝐭𝐞] 🎟","ingat janji mu king 😏😳","21/4/2023, 06.21.05","0","No","0","No","https://www.tiktok.com/@sopiansuryana2"
"=""7224265416653538075""","","=""7165907658452272154""","bby.ml79","bby.ml","berandaku skrng","21/4/2023, 05.40.02","0","No","0","No","https://www.tiktok.com/@bby.ml79"
"=""7224263645865149211""","","=""6798868196943823873""","_megalodon69","🐎mu","@𝙈𝘼𝘾𝙍𝙊𝘽𝙊𝙔🚀 cari bg","21/4/2023, 05.33.14","0","No","2","No","https://www.tiktok.com/@_megalodon69"
"=""7224452995919905563""","=""7224263645865149211""","=""6798868196943823873""","_megalodon69","🐎mu","astagfirullah","21/4/2023, 17.47.49","0","No","","","https://www.tiktok.com/@_megalodon69"
"=""7224251415920083739""","=""7224263645865149211""","=""6884410977564951554""","_aaullaja","aullaja407","tobat😃","21/4/2023, 14.36.06","0","No","","","https://www.tiktok.com/@_aaullaja"
"=""7224263543976723226""","","=""6832944182992258049""","mr.candra6","candra","luar biasa","21/4/2023, 05.32.51","0","No","0","No","https://www.tiktok.com/@mr.candra6"
"=""7224263354495664923""","","=""6556710446808088578""","engine.2000","engine2000","lapor ke polisi biar diproses wk","21/4/2023, 05.32.21","0","No","0","No","https://www.tiktok.com/@engine.2000"
"=""7224257227015996186""","","=""6874985960355136514""","tralatrelele04","DMN","sesuci apaaa dirimu kawan kawan sampai tuhan menutupi aibnya tapi lu malah ngebukanya","21/4/2023, 05.08.22","0","No","0","No","https://www.tiktok.com/@tralatrelele04"
"=""7224250237551624987""","","=""7108033470987781122""","misbahuddin5461","misbahuddin5461","dialagi"" ,video nya gk bisa aku liat karna aku blm bisa tutor cara nya ri😏😂","21/4/2023, 04.41.01","0","No","0","No","https://www.tiktok.com/@misbahuddin5461"
"=""7224249626572129051""","","=""6958363618061517830""","stormmove1","🦶🏿","@Cristionel Messialdo @Twenty eight :) inpo","21/4/2023, 04.38.41","0","No","0","No","https://www.tiktok.com/@stormmove1"
"=""7224248878564098842""","","=""6895032380613411841""","_gilboyy","🪐","@_? cari sti","21/4/2023, 04.35.44","0","No","0","No","https://www.tiktok.com/@_gilboyy"
"=""7224247476906246938""","","=""6828461827333325825""","ccokocips","🐼🐼","Di twiter videonya guys wkwk","21/4/2023, 04.30.08","0","No","0","No","https://www.tiktok.com/@ccokocips"
"=""7224245771998544666""","","=""7208043658879468571""","reza6449","Reza store.id","🐸50luuuuuu","21/4/2023, 04.23.45","0","No","0","No","https://www.tiktok.com/@reza6449"
"=""7224245305427264282""","","=""6872342903462102017""","duasnotdaus","DUAAAS","item","21/4/2023, 04.21.43","0","No","0","No","https://www.tiktok.com/@duasnotdaus"
"=""7224239809173340955""","","=""6574927319340023809""","siapaakuu475","ALIPF JR☑️","@yaudaiya876 tuh gaes ada yang baru","21/4/2023, 04.00.24","0","No","0","No","https://www.tiktok.com/@siapaakuu475"
"=""7224234955155735322""","","=""7129804941251068934""","isyam915","suka king","ingat manusia yang menyebarkan aib seseorng dan Allah bakal bongkar aib nya lebih parah dari yang dia perbuat","21/4/2023, 12.18.22","0","No","0","No","https://www.tiktok.com/@isyam915"
"=""7224234117108450074""","","=""7177067035779105793""","dtxcom_","Yz,rzu","linkkkkk","21/4/2023, 03.38.15","0","No","0","No","https://www.tiktok.com/@dtxcom_"
"=""7224228458553000731""","","=""7010063102034314266""","dims.ksma","dimas","@Dann? ready 8 video🗿","21/4/2023, 03.16.26","0","No","0","No","https://www.tiktok.com/@dims.ksma"
"=""7224228259578266395""","","=""7018027540016301083""","bang_fajj","‍‍ ‍ ‍ ‍ ‍  ★ReyyShopp🛍🛒","gue kasian ama ni cewek dah viral dimana²🥺","21/4/2023, 03.15.31","0","No","0","No","https://www.tiktok.com/@bang_fajj"
"=""7224227825746019099""","","=""7166171856885072898""","pulih_kembali19","andimochammadfadl","anying apasi rame""","21/4/2023, 03.14.04","0","No","0","No","https://www.tiktok.com/@pulih_kembali19"
"=""7224224215603200794""","","=""6711281141309326338""","saipull_4","pnggg","masih ajh kaya gini bulan puasa, ga niat berubah","21/4/2023, 02.59.57","0","No","0","No","https://www.tiktok.com/@saipull_4"
"=""7224221333923070747""","","=""6534714688882098177""","no.name.yaw","￴ ￴ ￴ ￴ ￴ ￴ ￴ ￴ ￴ ￴ ￴ ￴ ￴ ￴ ￴","gw udh liat 🗿","21/4/2023, 02.48.42","0","No","1","No","https://www.tiktok.com/@no.name.yaw"
"=""7224221835843289882""","=""7224221333923070747""","=""7182997531713897473""","ahmdrofiki_","🥀","bagi lah BG kepo juga saya jangan ngilang lah ya","21/4/2023, 02.50.42","0","No","","","https://www.tiktok.com/@ahmdrofiki_"
"=""7224218735308145435""","","=""6587026868552499201""","agungns96","Agungns","Mencu😂","21/4/2023, 02.38.33","0","No","0","No","https://www.tiktok.com/@agungns96"
"=""7224194205311861531""","","=""6948411259382072322""","manusiapalinggalau",".","file dia tersusun rapi di album ku 🙂😖","21/4/2023, 01.03.28","0","No","0","No","https://www.tiktok.com/@manusiapalinggalau"
"=""7224187164363653915""","","=""6766953316981343233""","rizkyekas1","𝖗𝖎𝖟𝖈𝖔𝖔𝖑","okehh bang ku tunggu","21/4/2023, 15.51.49","0","No","0","No","https://www.tiktok.com/@rizkyekas1"
"=""7224183477930427163""","","=""7192765323883136002""","maspenyok05","mas penyok","woiii ketinggalan virall apa nihhh sibuk kerja sampai sampai gak tau kalo ada yang virall?","21/4/2023, 12.02.37","0","No","0","No","https://www.tiktok.com/@maspenyok05"
"=""7224180302301315866""","","=""6931801509801919493""","pjgtfjoygkpog","-182-","ga dulu, pengen ngeluarin segalon tahun depan bang","21/4/2023, 00.09.30","0","No","0","No","https://www.tiktok.com/@pjgtfjoygkpog"
"=""7224178858935812870""","","=""7121301745930224667""","satu234567890_","Anaklanang-","sama","21/4/2023, 00.03.50","0","No","0","No","https://www.tiktok.com/@satu234567890_"
"=""7224174137773703962""","","=""6967206285398803458""","secondchoicew","Diii","#pria mahal 😏","20/4/2023, 23.45.39","0","No","0","No","https://www.tiktok.com/@secondchoicew"
"=""7224173649363911450""","","=""6960562204195210241""","mas_bro046","mas_bro01","😁","20/4/2023, 23.43.43","0","No","0","No","https://www.tiktok.com/@mas_bro046"
"=""7224172858754679579""","","=""6791244581192844290""","shashh_05","𝕶𝖆𝖑𝖑𝖑","ingat tujuan mu king","20/4/2023, 23.40.43","0","No","2","No","https://www.tiktok.com/@shashh_05"
"=""7225261607894582042""","=""7224172858754679579""","=""6791244581192844290""","shashh_05","𝕶𝖆𝖑𝖑𝖑","santai dulu ga sih","23/4/2023, 22.05.40","0","No","","","https://www.tiktok.com/@shashh_05"
"=""7225211085454934790""","=""7224172858754679579""","=""6949022282245489666""","salikanakbaik","kilas","kal kal astaghfirullah","23/4/2023, 18.49.21","0","No","","","https://www.tiktok.com/@salikanakbaik"
"=""7224167918560346906""","","=""7027430352797418522""","bokekok10","Someone","gua yang nyimpen semua be like","21/4/2023, 12.17.45","0","No","0","No","https://www.tiktok.com/@bokekok10"
"=""7224164149013381915""","","=""6887410860073124866""","adhy1jn","Adhy","ini apasih muncul terus di beranda gua","20/4/2023, 23.06.51","0","No","0","No","https://www.tiktok.com/@adhy1jn"
"=""7224163684011737883""","","=""7213738986916905986""","detaimaniar","teda","gw yang gatau apa apa tapi fyp ni orang mulu😳","20/4/2023, 23.05.02","0","No","0","No","https://www.tiktok.com/@detaimaniar"
"=""7224163617049510682""","","=""6821858985734685697""","bangdeyy_","ownerroger_","udh nonton, tersusun rapih di galeri😅","20/4/2023, 23.04.45","0","No","0","No","https://www.tiktok.com/@bangdeyy_"
"=""7224161733770068742""","","=""6963641332842464258""","bmasktw","bima","655641 jangan sampai salah😂","20/4/2023, 22.57.32","0","No","0","No","https://www.tiktok.com/@bmasktw"
"=""7224161164498305818""","","=""6847055326660690945""","sembillanoktober","BᵢG DᵢCₖ","gk dulu mkasih bang😁","20/4/2023, 22.55.22","0","No","0","No","https://www.tiktok.com/@sembillanoktober"
"=""7224155249404216090""","","=""7114174721981268993""","dimszzz33","dimzz","berbagi itu indah 😆","21/4/2023, 09.29.58","0","No","0","No","https://www.tiktok.com/@dimszzz33"
"=""7224151992241996571""","","=""7140825268315636763""","ndaaaa_757","mas kadal","bagi dong brekk","20/4/2023, 22.19.35","0","No","0","No","https://www.tiktok.com/@ndaaaa_757"
"=""7224151802659488539""","","=""7118731250076910594""",".rehanboydk1","SAMEHH","Lok kuyok","20/4/2023, 22.18.48","0","No","0","No","https://www.tiktok.com/@.rehanboydk1"
"=""7224151656492843802""","","=""6909901328395781126""","ranzz.024","ranzz✓","tahan lebaran tinggal 2 hari lagi
😁","20/4/2023, 22.18.23","0","No","0","No","https://www.tiktok.com/@ranzz.024"
"=""7224150971994145563""","","=""6958169588640662534""","abcokmekmek","🧿","sak mene👐 jk an","20/4/2023, 22.15.35","0","No","0","No","https://www.tiktok.com/@abcokmekmek"
"=""7224150107171619611""","","=""6818523056642884610""","xxkyadm_","xxkyadm","@Renn wajib dapat sih ren","20/4/2023, 22.12.21","0","No","0","No","https://www.tiktok.com/@xxkyadm_"
"=""7224149229337690907""","","=""6864516526394262529""","hahahahchiiimii","hachiiimiii","wkwkwk syakirah. emg mantep sih koleksinya","20/4/2023, 22.08.58","0","No","2","No","https://www.tiktok.com/@hahahahchiiimii"
"=""7224244430734934810""","=""7224149229337690907""","=""7205200811462050818""","macansukamengaji","Suka mengaji","join !!","21/4/2023, 04.18.26","0","No","","","https://www.tiktok.com/@macansukamengaji"
"=""7224193218761179930""","=""7224149229337690907""","=""6789137730191557633""","lutaugwgak","RijalRetoss","bagi","21/4/2023, 00.59.42","0","No","","","https://www.tiktok.com/@lutaugwgak"
"=""7224147888346710811""","","=""7210214466637136922""","kukuhkuansing","kukuh kuansing","ga kasian mas?","20/4/2023, 22.03.40","0","No","0","No","https://www.tiktok.com/@kukuhkuansing"
"=""7224145547790369562""","","=""6833782401908278273""","andrefebrianz07","Ndree_","mintak dong","20/4/2023, 21.54.33","0","No","0","No","https://www.tiktok.com/@andrefebrianz07"
"=""7224144781869024026""","","=""7013556942011434010""","aji7809","AJI","gk tertarik 👊😜","20/4/2023, 21.51.39","0","No","0","No","https://www.tiktok.com/@aji7809"
"=""7224144142556087067""","","=""6879911478193243137""","breeeku11","Bukan siapa²","syakirah","20/4/2023, 21.49.08","0","No","0","No","https://www.tiktok.com/@breeeku11"
"=""7224143411699483419""","","=""7019867984391390213""","ceoco7","🔥","gak ah gw dah tobat 😌😌","20/4/2023, 21.46.24","0","No","0","No","https://www.tiktok.com/@ceoco7"
"=""7224143365917967131""","","=""6957193553605346310""","beauty1y","beauty","bagi kal","20/4/2023, 21.46.09","0","No","0","No","https://www.tiktok.com/@beauty1y"
"=""7224142223833596698""","","=""7191803816005813253""","yandaktw2","Xyz","wkwkw","20/4/2023, 21.41.35","0","No","0","No","https://www.tiktok.com/@yandaktw2"
"=""7224140960429835035""","","=""7151565211341784091""","alexsaa07eza","ALEXSAAA07 ⚡","buat yng punya Ling atau apa lah kirim lah woi jangan banyak bac*t bilang punya terus ngilang","20/4/2023, 21.36.46","0","No","0","No","https://www.tiktok.com/@alexsaa07eza"
"=""7224139811199517466""","","=""7182811273640444955""","adisurya473","adisurya473","udah gk bawaan pabrik lagi 😂","20/4/2023, 21.32.23","0","No","0","No","https://www.tiktok.com/@adisurya473"
"=""7224138812338029339""","","=""6866779120396141569""","boyspubg090200","BOYS","dah tau😏","20/4/2023, 21.28.26","0","No","0","No","https://www.tiktok.com/@boyspubg090200"
"=""7224136819490243354""","","=""6862690957251445762""","yanaxcaramel","Caramel666Xyz","@Freyaaaa>3 syakira","20/4/2023, 21.20.44","0","No","0","No","https://www.tiktok.com/@yanaxcaramel"
"=""7224136477977510682""","","=""6970618314876503041""","vato.jpg","jusalpukat","percuma lu puasa, nahan ginian aja gabisa. udh sama makan aja","20/4/2023, 21.19.27","0","No","0","No","https://www.tiktok.com/@vato.jpg"
"=""7224134638540718853""","","=""7089018054219531291""","panggilajaarrr","₳ⱤɎ₳","info link🗿","20/4/2023, 21.12.17","0","No","0","No","https://www.tiktok.com/@panggilajaarrr"
"=""7224129027195634459""","","=""7134609311360402458""","aditcok56","Aditt","@Pinn⚡ @เอปัน ดาร์โจ💥 @viki 🥶  info","20/4/2023, 20.50.38","0","No","0","No","https://www.tiktok.com/@aditcok56"
"=""7224127547407483674""","","=""6990041047074571265""","jujuuuuuuuuuuu13","Panjaitan13","stop la menyebar kan aib orang kalau ga mau aib mu disebar juga","20/4/2023, 20.44.55","0","No","0","No","https://www.tiktok.com/@jujuuuuuuuuuuu13"
"=""7224127150406845211""","","=""7110929415677346843""","rii.172","BRAND SHOP 17","gua bnyak yg ini mah dh nonton gua aduh rosak""😌","20/4/2023, 20.43.11","0","No","2","No","https://www.tiktok.com/@rii.172"
"=""7224170492901802778""","=""7224127150406845211""","=""7120598434646721537""","stayhalalbro_99","HALAL","Kirim”","20/4/2023, 23.31.23","0","No","","","https://www.tiktok.com/@stayhalalbro_99"
"=""7224137196625724187""","=""7224127150406845211""","=""6949459670886417409""","kokoayamm","im lyyyyy","mn","20/4/2023, 21.22.15","0","No","","","https://www.tiktok.com/@kokoayamm"
"=""7224126551527916314""","","=""6847369450645111810""","jenalnotjamal","Kuceng Kurap","ingat janji mu king","20/4/2023, 20.40.55","0","No","0","No","https://www.tiktok.com/@jenalnotjamal"
"=""7224126463469454106""","","=""6862569722929103873""","agumprabowoazhr","Agum prabowo azhar","kasihan sih","20/4/2023, 20.40.46","0","No","1","No","https://www.tiktok.com/@agumprabowoazhr"
"=""7224143547895841563""","=""7224126463469454106""","=""7175552382678746138""","baksoenakbgt5","dia","iya la dia kn goodloking","20/4/2023, 21.46.46","0","No","","","https://www.tiktok.com/@baksoenakbgt5"
"=""7224124548597547803""","","=""7214815239690421274""","stickbrot","Stick","di profil gua ada full video lagi😉","20/4/2023, 20.33.17","0","No","0","No","https://www.tiktok.com/@stickbrot"
"=""7224122842157712155""","","=""6967726016329401346""","user_jagalcempe","p¡no⁰","minta dong co","20/4/2023, 20.26.41","0","No","0","No","https://www.tiktok.com/@user_jagalcempe"
"=""7224115803246052122""","","=""6717178282686612481""","im_dark16","Dark | Night 🌑","Ngomong nya siih berbagi
smpe skrg ga di bagi"" ?😒","20/4/2023, 19.59.10","0","No","0","No","https://www.tiktok.com/@im_dark16"
"=""7224115292954936090""","","=""6753487637074592769""","rzll11","good note","astagfirullah jgn menjadi bagian dari orang2 yg fasik , jika sekelas ramadhan ini tidak cukup untuk merubahmu, maka tangisilah dirimu","20/4/2023, 19.57.14","0","No","0","No","https://www.tiktok.com/@rzll11"
"=""7224114751876465434""","","=""7116877827149038594""","bekicod123","bekicod","ciri"" cwo g bertanggung jawab mknya kaum cwe klo di minta vd aneh jgn kasih inilah jadinya di ancam kan pasti komentar ini akan di hapus admin nya wkw","20/4/2023, 19.55.00","0","No","0","No","https://www.tiktok.com/@bekicod123"
"=""7224113245630792474""","","=""6855455066532398082""","lanxfnd","@Lannnn","🗿 Ramadhan full berkah 🙏😇","20/4/2023, 19.49.13","0","No","1","No","https://www.tiktok.com/@lanxfnd"
"=""7224124857330975515""","=""7224113245630792474""","=""6965041304024335361""","siapakek_kepobet","🦈🦈","bgi lh kk","20/4/2023, 20.34.20","0","No","","","https://www.tiktok.com/@siapakek_kepobet"
"=""7224112892030141210""","","=""6944432329482454017""","yondaimerakha","￴","file 200 MB kah?","20/4/2023, 19.47.52","0","No","0","No","https://www.tiktok.com/@yondaimerakha"
"=""7224112424325219098""","","=""7205560261242586139""","arfianpramudya6","iyan²²","komplit😂","20/4/2023, 19.46.12","0","No","1","No","https://www.tiktok.com/@arfianpramudya6"
"=""7224124880290923291""","=""7224112424325219098""","=""6965041304024335361""","siapakek_kepobet","🦈🦈","bagi bang","20/4/2023, 20.34.29","0","No","","","https://www.tiktok.com/@siapakek_kepobet"
"=""7224108861941351195""","","=""6824172461182698497""","wasil445","Odik Mellas","kalau gk salah orng ini kerja di readi","21/4/2023, 05.52.32","0","No","0","No","https://www.tiktok.com/@wasil445"
"=""7224099968263389979""","","=""7087113317256266779""","hoax.19","hoax.19","Media fire bgi dong","20/4/2023, 18.57.43","0","No","0","No","https://www.tiktok.com/@hoax.19"
"=""7224099407641658139""","","=""7020413928069350427""","fitopacardinda","fitowww","kasian coy udah"" jangan di lanjut","20/4/2023, 18.55.43","0","No","0","No","https://www.tiktok.com/@fitopacardinda"
"=""7224098275913237275""","","=""7107587905426146331""","kyymc07","xiao yixian💜","gk ah mls jerawatan sama muka gelap lagi","20/4/2023, 18.51.16","0","No","0","No","https://www.tiktok.com/@kyymc07"
"=""7224098227556156186""","","=""6881845178790740994""","budisaputraa5","Youu??","9 video nya tersimpan dngan rapi king✌️","20/4/2023, 18.50.58","0","No","0","No","https://www.tiktok.com/@budisaputraa5"
"=""7224097520334603035""","","=""6771014717814817793""","mr_iwaw","Mr_iwaw","mantap","20/4/2023, 18.48.20","0","No","0","No","https://www.tiktok.com/@mr_iwaw"
"=""7224096068551181082""","","=""7149417950864147483""","user8634398495609","Momoaee05_","broo bagi lah gue udah buka puasa nih","20/4/2023, 18.42.35","0","No","0","No","https://www.tiktok.com/@user8634398495609"
"=""7224095242932339483""","","=""6864605371558986753""","itsmedck","feb✨","punya 5vidio","20/4/2023, 18.39.31","0","No","1","No","https://www.tiktok.com/@itsmedck"
"=""7224116498968052506""","=""7224095242932339483""","=""7184618728741831682""","wahyuxy91","Bang Uwauu!!","bgi","20/4/2023, 20.01.52","0","No","","","https://www.tiktok.com/@wahyuxy91"
"=""7224094707582845723""","","=""6704178787636806658""","justbrownx","805","@moorthy","20/4/2023, 18.37.16","0","No","1","No","https://www.tiktok.com/@justbrownx"
"=""7224134051559834394""","=""7224094707582845723""","=""6786435774562960386""","pejab4t","moorthy","😑","20/4/2023, 21.10.02","0","No","","","https://www.tiktok.com/@pejab4t"
"=""7224088352689079067""","","=""6873799558364087298""","muh.faldi","Hotman Tokyo","@Aprnsyazhr gua udh ada","20/4/2023, 18.12.48","0","No","2","No","https://www.tiktok.com/@muh.faldi"
"=""7224170635987059482""","=""7224088352689079067""","=""7120598434646721537""","stayhalalbro_99","HALAL","Kirim","20/4/2023, 23.32.02","0","No","","","https://www.tiktok.com/@stayhalalbro_99"
"=""7224122063791014682""","=""7224088352689079067""","=""7141138746020545541""","aancah","Zodiakk03","bagi bang","20/4/2023, 20.23.32","0","No","","","https://www.tiktok.com/@aancah"
"=""7224087101808182042""","","=""6577978385090985985""","irul_nam","Zzzz","@ninuninu_nu ini wong e","20/4/2023, 18.07.51","0","No","1","No","https://www.tiktok.com/@irul_nam"
"=""7224090318235321114""","=""7224087101808182042""","=""86629777466""","pakpoh_polos_banget","Kk_Luks","awokwowkwowkokk...","20/4/2023, 18.20.17","0","No","","","https://www.tiktok.com/@pakpoh_polos_banget"
"=""7224085939772162843""","","=""6959347424729564165""","dafa_ajeee","dafa_afzr","udah cakep gede dan putih 😁","20/4/2023, 18.03.20","0","No","0","No","https://www.tiktok.com/@dafa_ajeee"
"=""7224085115163575067""","","=""7182069876743013378""","lyi11111111","Nyx.彝族⚚","ANDA PIKIR ANDA KEREN NYEBAR AIB ORANG???","20/4/2023, 18.00.07","0","No","0","No","https://www.tiktok.com/@lyi11111111"
"=""7224077436685583131""","","=""6958836368034497541""","ditzyz01","clovrrr","gw punya😎","20/4/2023, 17.30.25","0","No","2","No","https://www.tiktok.com/@ditzyz01"
"=""7224170891252646682""","=""7224077436685583131""","=""7120598434646721537""","stayhalalbro_99","HALAL","Kirim","20/4/2023, 23.33.02","0","No","","","https://www.tiktok.com/@stayhalalbro_99"
"=""7224080545519551259""","=""7224077436685583131""","=""6661550627539795970""","jstunknown00","່່່","janji gangilang","20/4/2023, 17.42.22","0","No","","","https://www.tiktok.com/@jstunknown00"
"=""7224075337271968539""","","=""7201471972101506075""","fadilahsafaat7","xyz.dilzz","bang minta ling nya","20/4/2023, 17.22.10","0","No","0","No","https://www.tiktok.com/@fadilahsafaat7"
"=""7224073034255319835""","","=""7217425902803944449""","wisnusukarameen","ᴡɪsɴᴜ`","udah liat semua [complacent]","20/4/2023, 17.13.12","0","No","4","No","https://www.tiktok.com/@wisnusukarameen"
"=""7224170919400669979""","=""7224073034255319835""","=""7120598434646721537""","stayhalalbro_99","HALAL","Kiirm","20/4/2023, 23.33.11","0","No","","","https://www.tiktok.com/@stayhalalbro_99"
"=""7224132923585659674""","=""7224073034255319835""","=""7217425902803944449""","wisnusukarameen","ᴡɪsɴᴜ`","usaha²","20/4/2023, 21.05.38","0","No","","","https://www.tiktok.com/@wisnusukarameen"
"=""7224100840633238298""","=""7224073034255319835""","=""6871601905853203457""","dilla28.3","aries","ngilang","20/4/2023, 19.01.11","0","No","","","https://www.tiktok.com/@dilla28.3"
"=""7224085305640911642""","=""7224073034255319835""","=""6874411231685264386""","danzeyye10","DANUzzz","bagi","20/4/2023, 18.01.09","0","No","","","https://www.tiktok.com/@danzeyye10"
"=""7224072833398915866""","","=""6768795606750348289""","comeonchampions","ComeOnChampions","spil ngapain aja dia","20/4/2023, 17.12.30","0","No","0","No","https://www.tiktok.com/@comeonchampions"
"=""7224071293787472667""","","=""6922136568031970305""","yan_everyone3","𝙈𝙖𝙨 𝙍","jgn sebar aib mntn bro, ingat awl kmu minta😁","20/4/2023, 17.06.42","0","No","0","No","https://www.tiktok.com/@yan_everyone3"
"=""7224071037506306843""","","=""6888358911674680321""","yumigod_","yang ytta ytta aja ☘️","ga kebayang dosa nya mengalir deress 😕","20/4/2023, 17.05.26","0","No","0","No","https://www.tiktok.com/@yumigod_"
"=""7224070242988606235""","","=""7209876343088972805""","arulansyah4","arulansyah461","tahan KING jangan tergoda dengan wajah cantiknya :V","21/4/2023, 03.21.34","0","No","0","No","https://www.tiktok.com/@arulansyah4"
"=""7224068934118359835""","","=""7078572677389566977""","user18188191103834","user158018379973","INGAT TUJUAN MU KING👑","20/4/2023, 16.57.29","0","No","0","No","https://www.tiktok.com/@user18188191103834"
"=""7224065544381956890""","","=""7195456452609279002""","goldlanelane","Liat apa??","gue ada 8 video nya","20/4/2023, 16.44.13","0","No","0","No","https://www.tiktok.com/@goldlanelane"
"=""7224060299484250886""","","=""6982519505395418114""","rajagopall2","Raja gopall","udah bang kasian dia, ga pernah keluar sekarang karena takut...","20/4/2023, 16.23.50","0","No","6","No","https://www.tiktok.com/@rajagopall2"
"=""7224261424997073690""","=""7224060299484250886""","=""6888554446554252290""","user97879509817974","pemerintah","lima puluh mksudnya bng","21/4/2023, 05.24.26","0","No","","","https://www.tiktok.com/@user97879509817974"
"=""7224112014435107610""","=""7224060299484250886""","=""7047086223480177690""","___odieeysl","c","ooo, lebih parah dia si, mau aja buat gituan LIMAAAAA PULUHHHHHHHH","20/4/2023, 19.44.28","0","No","","","https://www.tiktok.com/@___odieeysl"
"=""7224093445915771654""","=""7224060299484250886""","=""6982519505395418114""","rajagopall2","Raja gopall","yang parah yang nyebarin s , trauma dia sekarang, cuma diem dikamar..","20/4/2023, 18.32.27","0","No","","","https://www.tiktok.com/@rajagopall2"
"=""7224074068071613210""","=""7224060299484250886""","=""7047086223480177690""","___odieeysl","c","ya tetap salah dia juga sii, lagian ngapain buat gituan? btw gua cewe ya","20/4/2023, 17.17.16","0","No","","","https://www.tiktok.com/@___odieeysl"
"=""7224062180521181957""","=""7224060299484250886""","=""6982519505395418114""","rajagopall2","Raja gopall","ttp aja kasian bang,, dia ga pernah keluar rumah sekarang ,, ga pernah keliatan ,,","20/4/2023, 16.31.12","0","No","","","https://www.tiktok.com/@rajagopall2"
"=""7224061972936114971""","=""7224060299484250886""","=""7047086223480177690""","___odieeysl","c","berani berbuat, berani tanggung jawab juga si 😍","20/4/2023, 16.30.19","0","No","","","https://www.tiktok.com/@___odieeysl"
"=""7224058943545983771""","","=""7081588145745527809""","idhoooo_1","YogaBeliung🌪️","twiter banyak ngab","20/4/2023, 16.18.41","0","No","3","No","https://www.tiktok.com/@idhoooo_1"
"=""7224062021145527066""","=""7224058943545983771""","=""7081588145745527809""","idhoooo_1","YogaBeliung🌪️","syakirah**","20/4/2023, 16.30.34","0","No","","","https://www.tiktok.com/@idhoooo_1"
"=""7224057450994647835""","","=""7201388181937472539""","sayarifai_","Fa'i","jgn di cari king nanti aura wajah jdi gelap ktnya mau glow up","20/4/2023, 16.12.50","0","No","0","No","https://www.tiktok.com/@sayarifai_"
"=""7224056401068786459""","","=""6978341167129756673""","paril_gok","PARIL💥","penyesalan datang di akhir king😁","20/4/2023, 16.08.58","0","No","0","No","https://www.tiktok.com/@paril_gok"
"=""7224056296667022107""","","=""6542498190104363009""","gakenal.091","Ga Kenal","@_sejenismamalia mau ora wkw","20/4/2023, 16.08.21","0","No","1","No","https://www.tiktok.com/@gakenal.091"
"=""7224066228720534299""","=""7224056296667022107""","=""7055901561465439259""","_sejenismamalia","ᅠᅠᅠᅠᅠᅠᅠᅠᅠᅠ","Mangsud","20/4/2023, 16.46.56","0","No","","","https://www.tiktok.com/@_sejenismamalia"
"=""7224055319415898906""","","=""7197799639579264001""","mhmmdsy4hrlrjm21","A Z R A 🇦🇱","1GB","20/4/2023, 16.04.39","0","No","0","No","https://www.tiktok.com/@mhmmdsy4hrlrjm21"
"=""7224055194677396250""","","=""7028088581765022747""","farispensno1kairi.kumar","plainmen","kaget coy mukanya kek baik tapi 💀","20/4/2023, 16.04.17","0","No","1","No","https://www.tiktok.com/@farispensno1kairi.kumar"
"=""7224154084964746010""","=""7224055194677396250""","=""6979882589927687169""","stutututu25","R⚡️_30","ganas","20/4/2023, 22.27.43","0","No","","","https://www.tiktok.com/@stutututu25"
"=""7224049972353352474""","","=""6769146380557714434""","dapasukamacthaaa","dapol","gc bagi masss","20/4/2023, 15.43.55","0","No","0","No","https://www.tiktok.com/@dapasukamacthaaa"
"=""7224048867456516890""","","=""7091273705188525083""","lelouchv_1","Jimm'𝐌𝐑²","waduu Bahaya ta","20/4/2023, 15.39.41","0","No","0","No","https://www.tiktok.com/@lelouchv_1"
"=""7224048062468277019""","","=""7080865311654118426""","aryastraa","saleho","mari janji lagi king 🤤","20/4/2023, 15.36.26","0","No","0","No","https://www.tiktok.com/@aryastraa"
"=""7224047508186530586""","","=""6903851971397075969""","ziperleo","trip🧑🏾‍🦯","gk ad suara nya dah gk enak","20/4/2023, 15.34.10","0","No","0","No","https://www.tiktok.com/@ziperleo"
"=""7224044969358213914""","","=""6835548334133740545""","hantu_993","hantu","bagi bang klo gk kasih lose streak 100 kali","20/4/2023, 15.24.28","0","No","0","No","https://www.tiktok.com/@hantu_993"
"=""7224038652521792283""","","=""6849234913347847170""","lazzzqq","NSRLL","gua ada bang lengkap di galeri😂","20/4/2023, 14.59.47","0","No","0","No","https://www.tiktok.com/@lazzzqq"
"=""7224037620749320986""","","=""6966071775026660354""","irengnyel3","𝜮𝜾 𝑭𝜤𝜥𝜞𝜤15","viral apaan sih ni
gua ketinggalan info ni🗿","20/4/2023, 14.56.00","0","No","0","No","https://www.tiktok.com/@irengnyel3"
"=""7224037225862791963""","","=""7194682352080847873""","iksan_risandiii","sonicstyle","aku udah nonton semua video nya","20/4/2023, 14.54.18","0","No","4","No","https://www.tiktok.com/@iksan_risandiii"
"=""7224303092157137690""","=""7224037225862791963""","=""7194682352080847873""","iksan_risandiii","sonicstyle","tulis d tweeter Syakirah viral","21/4/2023, 08.06.23","0","No","","","https://www.tiktok.com/@iksan_risandiii"
"=""7224302693954585370""","=""7224037225862791963""","=""6899031772006761473""","____oel","aul","namanya apa ka","21/4/2023, 08.05.01","0","No","","","https://www.tiktok.com/@____oel"
"=""7224140833410761498""","=""7224037225862791963""","=""7194682352080847873""","iksan_risandiii","sonicstyle","twiiter","20/4/2023, 21.36.26","0","No","","","https://www.tiktok.com/@iksan_risandiii"
"=""7224136328883503877""","=""7224037225862791963""","=""6916496672303531010""","erwiinnnd_","𝔼ℝℝ_","nonton dimana","20/4/2023, 21.18.53","0","No","","","https://www.tiktok.com/@erwiinnnd_"
"=""7224037058770109211""","","=""7100014465210647578""","ohmyjhonn1","J O N N 77","di dugdug go ada","20/4/2023, 14.53.38","0","No","0","No","https://www.tiktok.com/@ohmyjhonn1"
"=""7224036866504475418""","","=""7056832714926523393""","bagusssa11","Bagus colectionn","Join dong","20/4/2023, 14.53.04","0","No","0","No","https://www.tiktok.com/@bagusssa11"
"=""7224036214758769435""","","=""7014995709879813122""","telaso0010","RIDWAN Z","😂","20/4/2023, 14.50.21","0","No","0","No","https://www.tiktok.com/@telaso0010"
"=""7224034448113877786""","","=""6788514573940196354""","zainwitwicky_","𝐈𝐍𝐒𝐎𝐌𝐍𝐈𝐀𝐂","Udah punyaa","20/4/2023, 14.43.34","0","No","1","No","https://www.tiktok.com/@zainwitwicky_"
"=""7224054318152090394""","=""7224034448113877786""","=""7096453343334204443""","yanzshop43","𝖄𝖆𝖓𝖟𝖘𝖍𝖔𝖕","bgi bg","20/4/2023, 16.00.56","0","No","","","https://www.tiktok.com/@yanzshop43"
"=""7224034032103113499""","","=""6956298596179330050""","someonehaslost","someone","lupakan tujuan mu king","20/4/2023, 14.42.11","0","No","1","No","https://www.tiktok.com/@someonehaslost"
"=""7224056478851597083""","=""7224034032103113499""","=""6941297428726760449""","dasiterbang","terbang","siap king","20/4/2023, 16.09.13","0","No","","","https://www.tiktok.com/@dasiterbang"
"=""7224033780573733637""","","=""6962758944730170370""","viko_rd","vrd🏁","gua juga punya😅","20/4/2023, 14.40.54","0","No","3","No","https://www.tiktok.com/@viko_rd"
"=""7224043709934650138""","=""7224033780573733637""","=""6880497394594235393""","alftandrn_","Alfath","mana bagi","20/4/2023, 15.19.36","0","No","","","https://www.tiktok.com/@alftandrn_"
"=""7224036012397560582""","=""7224033780573733637""","=""6962758944730170370""","viko_rd","vrd🏁","pc","20/4/2023, 14.49.49","0","No","","","https://www.tiktok.com/@viko_rd"
"=""7224035362509783835""","=""7224033780573733637""","=""7076941043262997530""","cgrstn_","aftrsxx","bilang punya"" tp kg mau bagi","20/4/2023, 14.47.05","0","No","","","https://www.tiktok.com/@cgrstn_"
"=""7224033714711397147""","","=""6998915163861894170""","teslahhaircut1","TESLAHHAIRCUT","bagi"" laa bro","20/4/2023, 14.40.57","0","No","1","No","https://www.tiktok.com/@teslahhaircut1"
"=""7224129064608514842""","=""7224033714711397147""","=""7081224360522417153""","s4vvadikapp","P B V 𝖘𝖙𝖊𝖈𝖚✰","Emg eboll ni wkwk😂","20/4/2023, 20.50.45","0","No","","","https://www.tiktok.com/@s4vvadikapp"
"=""7224032007666729754""","","=""6912809373304964097""","rohmanan_","Rohmanan'YL","🤭","20/4/2023, 14.34.11","0","No","0","No","https://www.tiktok.com/@rohmanan_"
"=""7224031317868135195""","","=""6906043900411413506""","hellosirnasihuy","atmindketjeh","masa gada suaranya si 🤓","20/4/2023, 14.31.38","0","No","0","No","https://www.tiktok.com/@hellosirnasihuy"
"=""7224030926786691866""","","=""7030740708886414338""","assharii_","Chill Guy!!","king king gw abis ngarit di bilang king🗿","20/4/2023, 14.29.57","0","No","0","No","https://www.tiktok.com/@assharii_"
"=""7224030625015022363""","","=""6863871673050776577""","riiippp1","arippp","gw ada","20/4/2023, 14.28.50","0","No","1","No","https://www.tiktok.com/@riiippp1"
"=""7224045289191113478""","=""7224030625015022363""","=""7178672702592812034""","celo.10.06","celo⛰️","bgi","20/4/2023, 15.25.47","0","No","","","https://www.tiktok.com/@celo.10.06"
"=""7224030249221718811""","","=""7101934723248718854""","indosoviet088","indo soviet👑 •Mengikuti","cara fyp di tiktok 2023 ada di Abang ini ygy🤓🤓☝️","20/4/2023, 23.24.15","0","No","0","No","https://www.tiktok.com/@indosoviet088"
"=""7224025075191939867""","","=""7026783591489635329""","varnayyyyy","ferian Wijaya saputra","knpa sii?","20/4/2023, 14.07.22","0","No","0","No","https://www.tiktok.com/@varnayyyyy"
"=""7224023860449657627""","","=""6872874453358281729""","spitqrd","spitz","gua dah tau isi nya nya 😮‍💨","20/4/2023, 14.02.32","0","No","0","No","https://www.tiktok.com/@spitqrd"
"=""7224023808557941531""","","=""6933189489880302594""","ferdi_ansyah__","terserah kamu aja","masih polosan kak dianya🥰😂","20/4/2023, 14.02.25","0","No","0","No","https://www.tiktok.com/@ferdi_ansyah__"
"=""7224023526340182810""","","=""6952752992798819330""","bebeangsaa","bebeangsaa","i co","20/4/2023, 14.01.23","0","No","0","No","https://www.tiktok.com/@bebeangsaa"
"=""7224022736048276250""","","=""6964280304710960130""","zamzmbyanilah","ƵƵ","coba share ngab gua dah follow","20/4/2023, 13.57.57","0","No","0","No","https://www.tiktok.com/@zamzmbyanilah"
"=""7224021088022479643""","","=""6885848604242936834""","..user2008814","a","syakirah Bilqis ga main""","20/4/2023, 13.51.39","0","No","0","No","https://www.tiktok.com/@..user2008814"
"=""7224019983809823515""","","=""6961211205596300293""","afringgaming","Kamarudin🫦","Sabar broo muka gw harus glowing di lebaran kali ini 😎","20/4/2023, 13.47.34","0","No","0","No","https://www.tiktok.com/@afringgaming"
"=""7224019943263896347""","","=""6972828752813048833""","september_.30","September","bagi bang","21/4/2023, 00.42.28","0","No","0","No","https://www.tiktok.com/@september_.30"
"=""7224017205288682266""","","=""6963586338176713730""","varzaaa_03","sayaarii","taii lalat menjadi saksi bisu","20/4/2023, 13.36.41","0","No","0","No","https://www.tiktok.com/@varzaaa_03"
"=""7224017117841539867""","","=""6921906494313251842""","lex__792","ahihi","oi dimna yg ada","20/4/2023, 13.36.18","0","No","1","No","https://www.tiktok.com/@lex__792"
"=""7224017146949501722""","=""7224017117841539867""","=""6921906494313251842""","lex__792","ahihi","TF ni","20/4/2023, 13.36.25","1","No","","","https://www.tiktok.com/@lex__792"
"=""7224015224873108251""","","=""7091792859103740930""","askar.softspoken","askar","hai king ingat lah,gua gagal gara"" ini","20/4/2023, 13.29.07","0","No","0","No","https://www.tiktok.com/@askar.softspoken"
"=""7224013702986187547""","","=""6874033646769669122""","pensperata7x","🏴‍☠️","ge punya full set😋","20/4/2023, 13.23.05","0","No","0","No","https://www.tiktok.com/@pensperata7x"
"=""7224013528158995226""","","=""7092501133058606106""","ueda.yoshio","yoshio","bagi bang","20/4/2023, 13.22.28","0","No","0","No","https://www.tiktok.com/@ueda.yoshio"
"=""7224012896971686683""","","=""6882713489396204545""","ajoystatic","Ajoy","Udh bang mau s/d kpn ini🤣😭","20/4/2023, 13.20.10","0","No","0","No","https://www.tiktok.com/@ajoystatic"
"=""7224011938313077530""","","=""7102351634064229378""","muhammadfadilah_15","Fadli👀","tutup aibmu maka Allah akan menutupi aib mu di hari kiamat","20/4/2023, 13.16.26","0","No","0","No","https://www.tiktok.com/@muhammadfadilah_15"
"=""7224011243072455450""","","=""6991458653572449306""","aimanaffl","Aimannn","yang mau sini king awikwok 🗿","20/4/2023, 13.13.27","0","No","2","No","https://www.tiktok.com/@aimanaffl"
"=""7224158099392037659""","=""7224011243072455450""","=""6991458653572449306""","aimanaffl","Aimannn","kgkkkk","20/4/2023, 22.43.16","0","No","","","https://www.tiktok.com/@aimanaffl"
"=""7224121371239629595""","=""7224011243072455450""","=""6898225133530645505""","langgagusfa",".L","janji ga ilang bang","20/4/2023, 20.20.49","0","No","","","https://www.tiktok.com/@langgagusfa"
"=""7224010926202110726""","","=""6969724264640054273""","nanti_aja77","ultramen.🔥","sibulu tipis","20/4/2023, 13.12.24","0","No","0","No","https://www.tiktok.com/@nanti_aja77"
"=""7224010814667670299""","","=""6965162103233872902""","putraa.2205","𝙋𝙪𝙩𝙧𝙖𝙖👑","kolektor 🗿","20/4/2023, 13.12.07","0","No","0","No","https://www.tiktok.com/@putraa.2205"
"=""7224010044105720603""","","=""6911548407967286274""","_alkarimmm","alkarimmm","gw ada full album yaa tp g gratis","20/4/2023, 13.08.51","0","No","0","No","https://www.tiktok.com/@_alkarimmm"
"=""7224009885385573146""","","=""6874596947447481345""","bayubeyess","Makelar motor masa kini","@BeruwangPerjaka inpone ndrok","20/4/2023, 13.08.20","0","No","0","No","https://www.tiktok.com/@bayubeyess"
"=""7224009853810410266""","","=""6909592863753061377""","yutaaokkotsu5","⠀᠌⠀᠌⠀᠌⠀᠌⠀","😅","20/4/2023, 13.08.13","0","No","0","No","https://www.tiktok.com/@yutaaokkotsu5"
"=""7224008614347113242""","","=""6899372372621689862""","camelaja19","CamelAsixx🤙🏻","@KAJIMENDO🛐","20/4/2023, 13.03.18","0","No","0","No","https://www.tiktok.com/@camelaja19"
"=""7224008467161498394""","","=""7194026673750311962""","iqbalpillein","iqbalpileein","@Iqbal early: https://mediafireHdgySZH.xfz-fii.me/vhsfhqpdhdsih6. ni","20/4/2023, 13.02.56","0","No","0","No","https://www.tiktok.com/@iqbalpillein"
"=""7224008258679374619""","","=""7176237092716168194""","ridositanggang02","ridositanggang02","wahh makasih banyak yak event gratis nya","20/4/2023, 13.02.07","0","No","0","No","https://www.tiktok.com/@ridositanggang02"
"=""7224007340687983387""","","=""7100234497640203291""","raidencrest","raidencrest","Gue jg ada","20/4/2023, 12.58.22","0","No","2","No","https://www.tiktok.com/@raidencrest"
"=""7223958146262598406""","=""7224007340687983387""","=""7116792757772272645""","taapuuuuuu","aaaaaaaaaa","komen doang lu sini buktiin","20/4/2023, 14.15.55","0","No","","","https://www.tiktok.com/@taapuuuuuu"
"=""7223768973942522650""","=""7224007340687983387""","=""6927144072193295361""","muttaqin19_","Z+","kirim","20/4/2023, 13.42.12","0","No","","","https://www.tiktok.com/@muttaqin19_"
"=""7224006732850217755""","","=""6966093190713754630""","mhmdalimalfazar","mhmdalimalfazar","anjirr mintak elit jaga sulit","20/4/2023, 12.56.11","0","No","0","No","https://www.tiktok.com/@mhmdalimalfazar"
"=""7224006532203234075""","","=""6856035095565091841""","virghieanugrah15","MAFIA HONGKONG⚡","gokillll","20/4/2023, 12.55.20","0","No","0","No","https://www.tiktok.com/@virghieanugrah15"
"=""7224005089862435610""","","=""6964946107915961345""","sfyanainrrfq_","Iyannnnn.","2 h lagi lebaran","20/4/2023, 12.49.45","0","No","0","No","https://www.tiktok.com/@sfyanainrrfq_"
"=""7224003761596121882""","","=""6935562184407729154""","user073637480227","Success","bagilah Bg","20/4/2023, 12.44.28","0","No","0","No","https://www.tiktok.com/@user073637480227"
"=""7224003759172076314""","","=""7146824958269834241""","kamu_baik2000","no name","gua dah lihat semua","20/4/2023, 12.44.31","0","No","0","No","https://www.tiktok.com/@kamu_baik2000"
"=""7224003496390984474""","","=""7148374771528172546""","user879847092156","I'm, Fine Smile","Gua G Tau Sumpah Dh😂😅","20/4/2023, 12.43.37","0","No","0","No","https://www.tiktok.com/@user879847092156"
"=""7224002515490489115""","","=""7057197872991863835""","wkwkwkwkwkwkwekekek","chekk","biasa aja","20/4/2023, 12.39.53","0","No","0","No","https://www.tiktok.com/@wkwkwkwkwkwkwekekek"
"=""7224000941312607002""","","=""7131325607116669954""","abang__m","pemanis alami 🪽","mau skin yg mana btw😂","20/4/2023, 12.33.32","0","No","0","No","https://www.tiktok.com/@abang__m"
"=""7224000270896251675""","","=""6724162611438928898""","putra_096","_putraprm096","@_lahhngaturr tugas mu","20/4/2023, 12.31.16","0","No","0","No","https://www.tiktok.com/@putra_096"
"=""7223999736078959387""","","=""6918608782752056322""","rafficndranta052","Dabu Dabu","info link","20/4/2023, 12.28.48","0","No","1","No","https://www.tiktok.com/@rafficndranta052"
"=""7224360489592177435""","=""7223999736078959387""","=""7198408540410266626""","felixwanq","𝐋𝐢𝐱𝐱","sma","21/4/2023, 11.48.52","0","No","","","https://www.tiktok.com/@felixwanq"
"=""7223997651933938459""","","=""6991718492320728066""","_trioependi","Mbah komes","bagi ngab","20/4/2023, 12.20.43","0","No","0","No","https://www.tiktok.com/@_trioependi"
"=""7223997642602316571""","","=""6897439888468165634""","prstghl","P","kasihan bngt ya","20/4/2023, 12.20.52","0","No","0","No","https://www.tiktok.com/@prstghl"
"=""7223996343474815770""","","=""6884470243780297729""","ryyywoii","grayz🪐","bangga?","20/4/2023, 12.15.48","0","No","0","No","https://www.tiktok.com/@ryyywoii"
"=""7223994261548024602""","","=""6774627312932635649""","m.yusufalfandi","Mr.Doping","jgn kotori bulan suci ramadhan dengan tingkah lakumu king😇","20/4/2023, 12.07.43","0","No","0","No","https://www.tiktok.com/@m.yusufalfandi"
"=""7223993195070440219""","","=""6967499785579480065""","dedehermawan295","D2...","dia milih yg ganteng y jdi gtu😂","20/4/2023, 12.03.29","0","No","0","No","https://www.tiktok.com/@dedehermawan295"
"=""7223992053607613190""","","=""7146114431675089925""","ronaldi746","ronaldimblenjanijanji","kasihan orang tua nya🤣🤣","20/4/2023, 16.34.22","0","No","0","No","https://www.tiktok.com/@ronaldi746"
"=""7223991620772119322""","","=""7099585029387600901""","cepmet752","ㅤㅤㅤㅤㅤㅤㅤㅤㅤㅤㅤ?","ada dong😅","20/4/2023, 11.57.22","0","No","0","No","https://www.tiktok.com/@cepmet752"
"=""7223991612454634246""","","=""6977326259715474433""","fiki19862","FIKI","@sanzzkntz lorohnaa","20/4/2023, 11.57.14","0","No","0","No","https://www.tiktok.com/@fiki19862"
"=""7223991571753157403""","","=""7068134377054258203""","taufiqanjaskelaz","BizzGood++","gw pnya yg full album ygy","20/4/2023, 11.57.11","0","No","1","No","https://www.tiktok.com/@taufiqanjaskelaz"
"=""7224054712802378523""","=""7223991571753157403""","=""7096453343334204443""","yanzshop43","𝖄𝖆𝖓𝖟𝖘𝖍𝖔𝖕","bgi bg","20/4/2023, 16.02.21","0","No","","","https://www.tiktok.com/@yanzshop43"
"=""7223990287357100827""","","=""6981169366650455042""","setiaawann07","𝙈𝙞𝙠𝙤","opo neh iki @sulkansaputra @drx.ren @bagascarpangestu @ussername1632","20/4/2023, 11.52.21","0","No","0","No","https://www.tiktok.com/@setiaawann07"
"=""7223990214503252763""","","=""6532459319086317569""","fajarfbrna","Ero senin","nyari dmn woi","20/4/2023, 11.51.57","0","No","1","No","https://www.tiktok.com/@fajarfbrna"
"=""7223995603142460186""","=""7223990214503252763""","=""6886841535641568258""","ridhosaputra237","ridho🐍","tele","20/4/2023, 12.12.57","0","No","","","https://www.tiktok.com/@ridhosaputra237"
"=""7223988830868505370""","","=""6966491844457841666""","ars_berrr","_berrr","bgi dong","20/4/2023, 11.46.47","0","No","1","No","https://www.tiktok.com/@ars_berrr"
"=""7223995675141636890""","=""7223988830868505370""","=""6886841535641568258""","ridhosaputra237","ridho🐍","di bio ada","20/4/2023, 12.13.07","0","No","","","https://www.tiktok.com/@ridhosaputra237"
"=""7223986658982036250""","","=""6704569363029148674""","adityaaa.01","Aditsllr","bagi bg inget 😅","20/4/2023, 11.38.17","0","No","0","No","https://www.tiktok.com/@adityaaa.01"
"=""7223982411468931866""","","=""6834532436698186753""","yogok04","GOK SUKA BONCOS","ambil aja bro gw udah kaga butuh","20/4/2023, 11.21.40","0","No","0","No","https://www.tiktok.com/@yogok04"
"=""7223979698396611354""","","=""7061493259075339265""","bsttmow_","ncayy_","berbagi itu indah tmn","20/4/2023, 11.11.29","0","No","0","No","https://www.tiktok.com/@bsttmow_"
"=""7223978703028716314""","","=""6959235961323406338""","_iniirikolagiii_","reksyyy🦖","lebaran smlm arachu lebaran sekarang syakirah","20/4/2023, 11.07.24","0","No","0","No","https://www.tiktok.com/@_iniirikolagiii_"
"=""7223978495339791131""","","=""6980514487402120194""","bexic0t","βαyy","rumput ladang nya suruh cukur duluu 😏","20/4/2023, 11.06.36","0","No","0","No","https://www.tiktok.com/@bexic0t"
"=""7223976807233749787""","","=""6707613668941759489""","varrozeus","🫂Varro Zeus","video nya lengkap dan udah bosen gww","20/4/2023, 11.00.18","0","No","0","No","https://www.tiktok.com/@varrozeus"
"=""7223976654850130714""","","=""6902374528022807554""","kamila.alyaa","kamila.alyaa","😂","20/4/2023, 10.59.35","0","No","0","No","https://www.tiktok.com/@kamila.alyaa"
"=""7223975985136304923""","","=""6879710454995043330""","fabiolacosta0206","Boboboy Halilintar⚡","bagi"" la bg","20/4/2023, 10.56.48","0","No","0","No","https://www.tiktok.com/@fabiolacosta0206"
"=""7223975459167224603""","","=""6979405027366962178""","lampung.007_","dandi","berbagi itu indah","20/4/2023, 10.54.58","0","No","0","No","https://www.tiktok.com/@lampung.007_"
"=""7223974463653741338""","","=""6924460764380824577""","syarifah_nella_alhabsyi","syarifah nela alhabsyi","bagi","20/4/2023, 10.51.15","0","No","0","No","https://www.tiktok.com/@syarifah_nella_alhabsyi"
"=""7223971752925414149""","","=""6920365070166443009""","zufarrrrrrrrrrr","Zufarrr","emang kenapa sih","20/4/2023, 10.40.24","0","No","0","No","https://www.tiktok.com/@zufarrrrrrrrrrr"
"=""7223971172257530650""","","=""6829794721453212674""","dikiykurniawan2","Dikkay","bagi Napa ABG ABG yg baik hati","20/4/2023, 10.38.28","0","No","0","No","https://www.tiktok.com/@dikiykurniawan2"
"=""7223969834894131995""","","=""6965825699534636034""","ibnurgl13","IBNURGL13","gua punya semua😂","20/4/2023, 10.32.53","0","No","5","No","https://www.tiktok.com/@ibnurgl13"
"=""7224054863188853531""","=""7223969834894131995""","=""7096453343334204443""","yanzshop43","𝖄𝖆𝖓𝖟𝖘𝖍𝖔𝖕","bgi","20/4/2023, 16.02.56","0","No","","","https://www.tiktok.com/@yanzshop43"
"=""7224025273318163227""","=""7223969834894131995""","=""7026783591489635329""","varnayyyyy","ferian Wijaya saputra","knpa sii itu sebenarnya?","20/4/2023, 14.08.06","0","No","","","https://www.tiktok.com/@varnayyyyy"
"=""7223976785091183387""","=""7223969834894131995""","=""6564745988443324417""","riantsadala22","BANANA 🍌","sama😂","20/4/2023, 11.00.04","0","No","","","https://www.tiktok.com/@riantsadala22"
"=""7223971230998364954""","=""7223969834894131995""","=""6886841535641568258""","ridhosaputra237","ridho🐍","sumpah kok rame anjir","20/4/2023, 10.38.32","0","No","","","https://www.tiktok.com/@ridhosaputra237"
"=""7223755988435714842""","=""7223969834894131995""","=""6882346193498833922""","adipzy12690","Arab.","bagi","20/4/2023, 10.34.06","0","No","","","https://www.tiktok.com/@adipzy12690"
"=""7223968822657843995""","","=""6958144956457387009""","ronibaik05","Roni","gw cuma nemu ada 3😳","20/4/2023, 10.29.07","0","No","6","No","https://www.tiktok.com/@ronibaik05"
"=""7224123481452479259""","=""7223968822657843995""","=""6961242755960292354""","bengek809","bengek809","boleh kok","20/4/2023, 20.29.02","0","No","","","https://www.tiktok.com/@bengek809"
"=""7223984478401692442""","=""7223968822657843995""","=""6920449181451076614""","nuuyunnn","nuyunnnn","mintaaa bolehh","20/4/2023, 11.29.55","0","No","","","https://www.tiktok.com/@nuuyunnn"
"=""7223974852406526746""","=""7223968822657843995""","=""6958144956457387009""","ronibaik05","Roni","nyarj di mna
yandex nggk ada","20/4/2023, 10.52.45","0","No","","","https://www.tiktok.com/@ronibaik05"
"=""7223974692473275162""","=""7223968822657843995""","=""6961242755960292354""","bengek809","bengek809","untung udah punya semua","20/4/2023, 10.51.54","0","No","","","https://www.tiktok.com/@bengek809"
"=""7223974318387348250""","=""7223968822657843995""","=""6958144956457387009""","ronibaik05","Roni","ehhhh mau dg","20/4/2023, 10.50.21","0","No","","","https://www.tiktok.com/@ronibaik05"
"=""7223974001445258011""","=""7223968822657843995""","=""6874967266103395330""","dalang_satoru3","alis tebal","lebih bg","20/4/2023, 10.49.20","0","No","","","https://www.tiktok.com/@dalang_satoru3"
"=""7223966072734761754""","","=""6970768080579462145""","ido0yks","XoXoXoXo","kebelet viral","20/4/2023, 10.18.45","0","No","0","No","https://www.tiktok.com/@ido0yks"
"=""7223959674306872090""","","=""7001122887819215874""","abdvdh7364","ni haou huang","heran aja gitu sama cewek"" jaman sekarang kok dia mau di suruh bikin video kayak gitu. buat lu semua cewek yang baca komentar gua tolong ingatlah nabi","20/4/2023, 09.53.53","0","No","2","No","https://www.tiktok.com/@abdvdh7364"
"=""7223960584344126235""","=""7223959674306872090""","=""7001122887819215874""","abdvdh7364","ni haou huang","ingat lah nabi Muhammad Saw yang meninggikan derajat perempuan dengan susah payah nya. inget cowok banyak di luar sana yang jauhhh lebih mapan dr yg.","20/4/2023, 09.57.10","0","No","","","https://www.tiktok.com/@abdvdh7364"
"=""7223955559342310171""","","=""6855101773166887938""","bgcandra3","bg candra","bertobat lh kwn","20/4/2023, 09.37.58","0","No","0","No","https://www.tiktok.com/@bgcandra3"
"=""7223949944691376923""","","=""6967731336220263426""","rzki.pangestu","Rizkii","Padahal Cantil loh dia
Tapi kelakuanya 😞","20/4/2023, 09.15.57","0","No","0","No","https://www.tiktok.com/@rzki.pangestu"
"=""7223945723221132058""","","=""6688698963384779777""","hendrikfembi","Hendrik Fembi","udahh bang kasian jangan di bikin panjang","20/4/2023, 08.59.49","0","No","0","No","https://www.tiktok.com/@hendrikfembi"
"=""7223944427071587098""","","=""6997627552362939419""","ibnuhadiyasa","nu","ping bro","20/4/2023, 08.54.28","0","No","1","No","https://www.tiktok.com/@ibnuhadiyasa"
"=""7223972046919992090""","=""7223944427071587098""","=""6886841535641568258""","ridhosaputra237","ridho🐍","tau aja luh","20/4/2023, 10.41.32","0","No","","","https://www.tiktok.com/@ridhosaputra237"
"=""7223939694395966235""","","=""7128780419106128922""","muzailufu","Zaa","aku punya aku punya","20/4/2023, 08.36.34","0","No","1","No","https://www.tiktok.com/@muzailufu"
"=""7223948569795396379""","=""7223939694395966235""","=""6738293318222300161""","4getmenot_0","asep","bagi bang","20/4/2023, 09.11.02","0","No","","","https://www.tiktok.com/@4getmenot_0"
"=""7223939311115502362""","","=""6568098787964829698""","7532_nabila","✨🌟","penasaran bgt gw Vidio apaan ddh","20/4/2023, 08.34.43","0","No","0","No","https://www.tiktok.com/@7532_nabila"
"=""7223939081473180442""","","=""6924052954615038978""","de_my24","Februari 🪽","gue belum liat, cuma lihat poto"" nya doang, tapi vidio nya udah berjejer rapih di zachiver😅","20/4/2023, 14.57.24","0","No","0","No","https://www.tiktok.com/@de_my24"
"=""7223937558383182619""","","=""7057509949509043226""","rriyanhidayatt","Yann","Ada 8doang emang sampe berapa si","20/4/2023, 08.28.08","0","No","2","No","https://www.tiktok.com/@rriyanhidayatt"
"=""7224103666038899483""","=""7223937558383182619""","=""7166510193080468507""","rendyyy986","𝕆𝕣𝕒𝕟𝕘 𝕤𝕦𝕤𝕒𝕙","join lah bro😂","20/4/2023, 19.12.11","0","No","","","https://www.tiktok.com/@rendyyy986"
"=""7223972028578857754""","=""7223937558383182619""","=""6886841535641568258""","ridhosaputra237","ridho🐍","kek nya 15😂","20/4/2023, 10.41.50","0","No","","","https://www.tiktok.com/@ridhosaputra237"
"=""7223936336533160730""","","=""6972891941030347778""","dayyyyyy310","dai","https://dood.rest","20/4/2023, 19.39.59","0","No","0","No","https://www.tiktok.com/@dayyyyyy310"
"=""7223936039463158555""","","=""7016874176288670747""","xxxxxxxxz169","hwehe","dah Bosen liat nya","20/4/2023, 08.22.37","0","No","0","No","https://www.tiktok.com/@xxxxxxxxz169"
"=""7223933552491283205""","","=""7192102170752746497""","radittya1237","Supermen🚀","sm bang gue sampek part 6","20/4/2023, 08.11.55","0","No","1","No","https://www.tiktok.com/@radittya1237"
"=""7223955041852556059""","=""7223933552491283205""","=""7199228747316184091""","mas_hell.2","Tou sen 😈","bagi om","20/4/2023, 09.35.40","0","No","","","https://www.tiktok.com/@mas_hell.2"
"=""7223932688490480411""","","=""6892877402993656834""","vanskitss12_","Vanskits","inshira part 2","20/4/2023, 08.09.17","0","No","0","No","https://www.tiktok.com/@vanskitss12_"
"=""7223929240252826395""","","=""6963200496178906113""","ahcmatprastyo","budii💨","pdhl cakep,tapi","20/4/2023, 07.56.05","0","No","0","No","https://www.tiktok.com/@ahcmatprastyo"
"=""7223928916074005275""","","=""7107176287752619010""","fauzi08736","fauzi24j","banyak kok di twiter( ◜‿◝ )","20/4/2023, 07.54.18","0","No","0","No","https://www.tiktok.com/@fauzi08736"
"=""7223928395633443610""","","=""6768765061554734081""","gusde051","Andika 🪬","@Tokopedia","20/4/2023, 07.52.49","0","No","0","No","https://www.tiktok.com/@gusde051"
"=""7223927330708063002""","","=""6907653348872569857""","alyaasenaasftry","Sènαα","bagi bg","20/4/2023, 07.48.46","0","No","1","No","https://www.tiktok.com/@alyaasenaasftry"
"=""7223972112880927515""","=""7223927330708063002""","=""6886841535641568258""","ridhosaputra237","ridho🐍","bnyk di tele","20/4/2023, 10.42.12","0","No","","","https://www.tiktok.com/@ridhosaputra237"
"=""7223926289224139546""","","=""7201470588887598106""","jayxguin","M4MUD","@samirsamir3942 😋","20/4/2023, 07.44.43","0","No","0","No","https://www.tiktok.com/@jayxguin"
"=""7223925842023236358""","","=""7196228843039704066""","gatau42478","YA","paling best sih ini😙","20/4/2023, 07.42.08","0","No","0","No","https://www.tiktok.com/@gatau42478"
"=""7223925356612109082""","","=""7048538130220368897""","aldywrsh21","A","ada yg mau ngasih kagak😂","20/4/2023, 07.40.48","0","No","0","No","https://www.tiktok.com/@aldywrsh21"
"=""7223925096662237978""","","=""7061065686039249922""","yourrzza4","ZzzGOD++","Fany ku emang darat
kalau di clasic gak ada obat
kalau matahari udah terbit dari barat
bagai mana cara mu mau bertobat","20/4/2023, 07.40.19","0","No","0","No","https://www.tiktok.com/@yourrzza4"
"=""7223924452999398149""","","=""6694915229110993922""","inpokanhealing","panggil mi ilman","Gamalu bg klo sholat di hp ad gituan","20/4/2023, 07.36.37","0","No","1","No","https://www.tiktok.com/@inpokanhealing"
"=""7223972367947547419""","=""7223924452999398149""","=""6886841535641568258""","ridhosaputra237","ridho🐍","tinggal hapus bang","20/4/2023, 10.42.46","0","No","","","https://www.tiktok.com/@ridhosaputra237"
"=""7223923622640943899""","","=""7149891072931546114""","sakajshsje","anak e RT 14","bagi bang🗿","20/4/2023, 07.34.10","0","No","0","No","https://www.tiktok.com/@sakajshsje"
"=""7223922093497910043""","","=""6718524312674337793""","lannn_056","Lann","bagi"" lh bg😁😅","20/4/2023, 07.28.00","0","No","0","No","https://www.tiktok.com/@lannn_056"
"=""7223921009468130074""","","=""7160143579473380354""","hanhan11_0","HD Creative","udah gk penasaran lagi[yummy]","20/4/2023, 07.24.04","0","No","1","No","https://www.tiktok.com/@hanhan11_0"
"=""7223926313424356123""","=""7223921009468130074""","=""6926129122268890113""","m4nyuuyourx_","1,1%","send","20/4/2023, 07.44.16","0","No","","","https://www.tiktok.com/@m4nyuuyourx_"
"=""7223920979193283355""","","=""7165242528488244226""","tuhhkaann","Tuhkannn","Agi dong pliss","20/4/2023, 07.23.51","0","No","0","No","https://www.tiktok.com/@tuhhkaann"
"=""7223918183148880666""","","=""7074558963849577499""","sydkfrmnsyh","Rhazes 969","dia tetangga gw stop jangan sebarin kasian kata keluarga nya dia sering nangis","20/4/2023, 07.13.12","0","No","1","No","https://www.tiktok.com/@sydkfrmnsyh"
"=""7223972456318026522""","=""7223918183148880666""","=""6886841535641568258""","ridhosaputra237","ridho🐍","afa iya","20/4/2023, 10.43.17","0","No","","","https://www.tiktok.com/@ridhosaputra237"
"=""7223915504472294171""","","=""7052671744246957083""","wwnamwanwin","@im im","aku penasaran bang😂","20/4/2023, 07.02.31","0","No","2","No","https://www.tiktok.com/@wwnamwanwin"
"=""7224008338517803803""","=""7223915504472294171""","=""6788088251673625601""","danivxfilex","IG.danivxfilex","bagi we gua udah follow lu di tiktok😂","20/4/2023, 13.02.19","0","No","","","https://www.tiktok.com/@danivxfilex"
"=""7223972513414693659""","=""7223915504472294171""","=""6886841535641568258""","ridhosaputra237","ridho🐍","orang susah😂","20/4/2023, 10.43.24","0","No","","","https://www.tiktok.com/@ridhosaputra237"
"=""7223914529876476699""","","=""6959495529525871622""","allontol","Sakmadik","Tobat bro","20/4/2023, 06.58.59","0","No","0","No","https://www.tiktok.com/@allontol"
"=""7223914306102018843""","","=""7155026359777510402""","mhmmdhaikal125_","STARLA.ID","pamer elit bagi sulit","20/4/2023, 06.58.15","0","No","0","No","https://www.tiktok.com/@mhmmdhaikal125_"
"=""7223911651807019802""","","=""6844346778817545217""","langg....0","langg","info link","20/4/2023, 06.47.23","0","No","0","No","https://www.tiktok.com/@langg....0"
"=""7223908800042238746""","","=""7123853319211303963""","ipullah3","byy","ketinggalan info mulu😳","20/4/2023, 06.37.03","0","No","0","No","https://www.tiktok.com/@ipullah3"
"=""7223905228168430362""","","=""6913741576591524866""","notfoundation2","why","halah cuma foto doang cuakk😂😂","20/4/2023, 06.22.38","0","No","0","No","https://www.tiktok.com/@notfoundation2"
"=""7223905067991253787""","","=""6956779013013554177""","muhammadridhowahy7","daeng lala","Jan nebarin fitnah bro ingat sekarang ngedit itu mudah bro bisa jadi bukan dia mukanya di ganti","20/4/2023, 06.21.49","0","No","0","No","https://www.tiktok.com/@muhammadridhowahy7"
"=""7223902919895974682""","","=""7103962759046186011""","gokgokz","BALAK12🇩🇪","kirim wey","20/4/2023, 06.13.49","0","No","0","No","https://www.tiktok.com/@gokgokz"
"=""7223902206654661402""","","=""6857843402399073282""","ronn_rosandi","Ronn_","cakep sih tapi, ahh sudah lah🤣","20/4/2023, 06.11.07","0","No","0","No","https://www.tiktok.com/@ronn_rosandi"
"=""7223897398665724698""","","=""6960126995021104133""","noob_masterr92","NoobMaster92","halahh,, di Twitter berserakan","20/4/2023, 05.52.22","0","No","0","No","https://www.tiktok.com/@noob_masterr92"
"=""7223897346227225370""","","=""7143217019075445786""","siwowsj","firmin","minimal bagi","20/4/2023, 05.51.46","0","No","0","No","https://www.tiktok.com/@siwowsj"
"=""7223895923213927195""","","=""6907598975337022465""","febryrefnaldi","Aldi","pemain semua","20/4/2023, 05.46.32","0","No","0","No","https://www.tiktok.com/@febryrefnaldi"
"=""7223890008671126298""","","=""7128770691126641690""","anakorangtua69","🪷","gw udah liat astagfirullah 😳😳","20/4/2023, 05.23.41","0","No","0","No","https://www.tiktok.com/@anakorangtua69"
"=""7223889465612829446""","","=""7099344217516786714""","reva_sgt25","RS 💌","Gara gara dia gw buang buang anak hanyinggggg","20/4/2023, 05.20.54","0","No","0","No","https://www.tiktok.com/@reva_sgt25"
"=""7223888895317345050""","","=""6859231629291357186""","prsmfal","prsmfal","hahahhaa😳","20/4/2023, 05.18.58","0","No","0","No","https://www.tiktok.com/@prsmfal"
"=""7223888882756371227""","","=""7196549277228401666""","alienzelite","xyzzz","haha gw dah dapet semua video sama foto nya
masih ada","20/4/2023, 05.19.14","0","No","0","No","https://www.tiktok.com/@alienzelite"
"=""7223887928464311067""","","=""6700155642369426434""","mia.k101","Muh Abdul Wahid","serlink lh bang","20/4/2023, 05.15.25","0","No","0","No","https://www.tiktok.com/@mia.k101"
"=""7223886762140615429""","","=""7141375633837278234""","nikokoten1212","NIKO🎟️","inpo"" nnti bgi yak🗿🥵","20/4/2023, 05.10.22","0","No","0","No","https://www.tiktok.com/@nikokoten1212"
"=""7223886302683661082""","","=""6738019062913876994""","neroochawn","Mochaa latte","Ga bosen apa","20/4/2023, 05.08.47","0","No","0","No","https://www.tiktok.com/@neroochawn"
"=""7223883317749416731""","","=""7152921540831724570""","why2_31","namapengguna","late game terlalu seru 😂","20/4/2023, 04.57.33","0","No","0","No","https://www.tiktok.com/@why2_31"
"=""7223882961946215174""","","=""6857283365994398721""","lntooockaakmuu","Larpk21_","udh liat","20/4/2023, 04.55.42","0","No","0","No","https://www.tiktok.com/@lntooockaakmuu"
"=""7223882145810105114""","","=""6797080698098779138""","ariqisgood","Muhammad Ariq Fahrial","norakkkk bat bocil puber @awlsyhdn","20/4/2023, 04.52.44","0","No","0","No","https://www.tiktok.com/@ariqisgood"
"=""7223882134431482651""","","=""7118941082092323841""","12agyhffdz","R","sing areling sia th","20/4/2023, 04.52.53","0","No","0","No","https://www.tiktok.com/@12agyhffdz"
"=""7223880293734777626""","","=""7112073018848281627""","444rennxxz","codeshop","emang np itu?","20/4/2023, 04.45.22","0","No","0","No","https://www.tiktok.com/@444rennxxz"
"=""7223878105084330779""","","=""6755764114134549505""","qwertyyyyyy24","Arif Dirgantara","paling sering dia kok di WC haha","20/4/2023, 04.37.00","0","No","0","No","https://www.tiktok.com/@qwertyyyyyy24"
"=""7223877762687501082""","","=""6733427878048007170""","kazennsaa","-ThatsmeSarr.","wkwk bocil puber yg hanya menyimpan aib seseorang","20/4/2023, 04.35.48","0","No","0","No","https://www.tiktok.com/@kazennsaa"
"=""7223876707361653530""","","=""6763529252362011650""","_fansky","Fanskyy⚡","Gituan doank kok pada nonton 😋😋","20/4/2023, 04.31.29","0","No","0","No","https://www.tiktok.com/@_fansky"
"=""7223870862079623962""","","=""6958376571364328453""","tryneet_","tyronetylerr","lah trus urusannya apa?","20/4/2023, 14.12.22","0","No","0","No","https://www.tiktok.com/@tryneet_"
"=""7223869315061154586""","","=""6813778229540881410""","antimo7689","ANTIMO","diluar nalar bima","20/4/2023, 04.02.49","0","No","0","No","https://www.tiktok.com/@antimo7689"
"=""7223869143451747099""","","=""7056870935479731226""","tukanglaladang0","Ikin tasdikin","pliss stop","20/4/2023, 04.02.18","0","No","0","No","https://www.tiktok.com/@tukanglaladang0"
"=""7223868026105119515""","","=""6952060588249269250""","nggaa____","Angga jarang sekolah","@dnfbrto @ngurah28_","20/4/2023, 03.57.54","0","No","0","No","https://www.tiktok.com/@nggaa____"
"=""7223867057644765978""","","=""6717911650446263297""","septribowosinaga04","https://bit.ly/ViRalTerbaru","CEK AJA☝️☝️","20/4/2023, 03.54.11","0","No","0","No","https://www.tiktok.com/@septribowosinaga04"
"=""7223866783614092059""","","=""6966061912770298886""","mhdnrfdi_","⠀᠌⠀ ⠀ ⠀ ⠀᠌","yang punya bagilaahhh woyy Jan pada pelitt sihh","20/4/2023, 03.53.09","0","No","0","No","https://www.tiktok.com/@mhdnrfdi_"
"=""7223866665191981830""","","=""6953588361946088449""","akewid24","AKEWW⚡","Buat Yng Pengen liat di twit bnyak","20/4/2023, 03.52.25","0","No","0","No","https://www.tiktok.com/@akewid24"
"=""7223863065790956315""","","=""6850140703323997185""","esca383","Esca","info DJ nya","20/4/2023, 03.38.34","0","No","0","No","https://www.tiktok.com/@esca383"
"=""7223858796375065350""","","=""6880259098865304577""","kamaluddin_","Kamal","berbagi itu indah bro😂","20/4/2023, 03.21.49","0","No","0","No","https://www.tiktok.com/@kamaluddin_"
"=""7223858783742149403""","","=""7001056732467659778""","zylszxr","Zylsss","emang ga mengecewakan wkwk","20/4/2023, 03.21.57","0","No","0","No","https://www.tiktok.com/@zylszxr"
"=""7223855642506511131""","","=""6716398504527234049""","rijalpratama5","Rijal17","gue udah liat kok","20/4/2023, 03.09.48","0","No","0","No","https://www.tiktok.com/@rijalpratama5"
"=""7223855244996264730""","","=""6545782103950426114""","azisseptemberlie","BangKOKO","15 video tersusun rapi☝️😁","20/4/2023, 03.08.32","0","No","0","No","https://www.tiktok.com/@azisseptemberlie"
"=""7223854006152708891""","","=""6988057795406169093""","revvftyin","434⚡.","wkwk gwa dh bnyk😂","20/4/2023, 03.03.19","0","No","3","No","https://www.tiktok.com/@revvftyin"
"=""7223956336810591002""","=""7223854006152708891""","=""7199228747316184091""","mas_hell.2","Tou sen 😈","bagi bg","20/4/2023, 09.40.49","0","No","","","https://www.tiktok.com/@mas_hell.2"
"=""7223926745337037595""","=""7223854006152708891""","=""7177711318743942170""","fin.dex12_","koe sopo","bagi","20/4/2023, 07.45.56","0","No","","","https://www.tiktok.com/@fin.dex12_"
"=""7223693510724780827""","=""7223854006152708891""","=""7177352467977700357""","_nesa003","Nes🇮🇩","bagi","20/4/2023, 03.44.01","0","No","","","https://www.tiktok.com/@_nesa003"
"=""7223851364203709210""","","=""6957393032002094085""","frdiiokkotsu","Frdiii","@yongyongyongyong","20/4/2023, 02.53.19","0","No","0","No","https://www.tiktok.com/@frdiiokkotsu"
"=""7223849636153688858""","","=""7013722973568615426""","aldo.72_","doo_qt","ingat tujuan mu king","20/4/2023, 02.46.24","0","No","0","No","https://www.tiktok.com/@aldo.72_"
"=""7223848719850373914""","","=""7147501832217232385""","xxxxxx..zaa","xxxx.za","gua baru punya 9 pidio","20/4/2023, 02.43.10","0","No","3","No","https://www.tiktok.com/@xxxxxx..zaa"
"=""7223996999421690651""","=""7223848719850373914""","=""7147501832217232385""","xxxxxx..zaa","xxxx.za","di tele om","20/4/2023, 12.18.14","0","No","","","https://www.tiktok.com/@xxxxxx..zaa"
"=""7223926806573777690""","=""7223848719850373914""","=""7177711318743942170""","fin.dex12_","koe sopo","bagi","20/4/2023, 07.46.08","0","No","","","https://www.tiktok.com/@fin.dex12_"
"=""7223854216371733275""","=""7223848719850373914""","=""6553230546691178498""","rizazainal42","Rizaa","tutor liat video nya baang","20/4/2023, 03.04.15","0","No","","","https://www.tiktok.com/@rizazainal42"
"=""7223845589812740891""","","=""7170525528754750490""","yuddd011","𝙂𝙇_ᴋᴇᴛᴀᴘʟᴇᴋ","bagi om","20/4/2023, 02.30.50","0","No","0","No","https://www.tiktok.com/@yuddd011"
"=""7223842014666769179""","","=""6949577040048440321""","rajaa0980","Raja","Fany ku emang darat
kalau di clasic gak ada obat
kalau matahari udah terbit dari barat
bagai mana cara mu mau bertobat","20/4/2023, 02.16.45","0","No","0","No","https://www.tiktok.com/@rajaa0980"
"=""7223841139584320283""","","=""6929309686588081154""","efghick__","Dilll","@adhii.hi","20/4/2023, 02.13.24","0","No","0","No","https://www.tiktok.com/@efghick__"
"=""7223825777538728731""","","=""6739718125027148802""","kakaajhonn","kakaajhonn","ingat kiamat semakin dekat...","20/4/2023, 01.13.44","0","No","0","No","https://www.tiktok.com/@kakaajhonn"
"=""7223819490411512603""","","=""7072985877820261403""","koj.sevtinn","sevtinn","apa cuma gw aja ya kalo ada yg viral selalu ke tinggalan","20/4/2023, 00.49.23","0","No","3","No","https://www.tiktok.com/@koj.sevtinn"
"=""7224013844979434266""","=""7223819490411512603""","=""7072985877820261403""","koj.sevtinn","sevtinn","iya kahhh","20/4/2023, 13.23.33","0","No","","","https://www.tiktok.com/@koj.sevtinn"
"=""7223893626379010842""","=""7223819490411512603""","=""6906416334067434497""","balerina_.capuchina","Apasiii","pdhl 24 jam nonstop di telegram ya bang🗿","20/4/2023, 05.37.28","1","No","","","https://www.tiktok.com/@balerina_.capuchina"
"=""7223855611472364314""","=""7223819490411512603""","=""6772886790434227202""","l4_wahyu46","PP_RAMAHDA2026","sama","20/4/2023, 03.09.34","0","No","","","https://www.tiktok.com/@l4_wahyu46"
"=""7223818739932742427""","","=""7013383154333467649""","apoww777","ilhambaik77","bocor gara2 syakira
kita coba lagi letsgoo","20/4/2023, 00.46.24","0","No","0","No","https://www.tiktok.com/@apoww777"
"=""7223816901306499867""","","=""6998161628634137627""","mxspecter_v3","mx_dewaa💔","dah punya 🗿","20/4/2023, 00.39.31","0","No","3","No","https://www.tiktok.com/@mxspecter_v3"
"=""7224282172067201819""","=""7223816901306499867""","=""7012600374104835074""","drama_xqw","ID","bagi bg gua pnsrn,terus kita sama sama fans GD","21/4/2023, 06.45.01","0","No","","","https://www.tiktok.com/@drama_xqw"
"=""7223985236903641882""","=""7223816901306499867""","=""6867350637031851009""","anggerralvian","ⁿᵉʷ","bagi","20/4/2023, 11.32.52","0","No","","","https://www.tiktok.com/@anggerralvian"
"=""7223841318878806811""","=""7223816901306499867""","=""6959540799340086277""","ilhamsnakehead01","ilham01","bagi bg pliss","20/4/2023, 02.14.14","0","No","","","https://www.tiktok.com/@ilhamsnakehead01"
"=""7223803443495207706""","","=""6968440927833506818""","flyy2708","Flayy🧿","hati"" dosa jariyah loh bg","19/4/2023, 23.47.09","0","No","0","No","https://www.tiktok.com/@flyy2708"
"=""7223802722356675355""","","=""6826269694099391489""","mor33o","🏳️","FANNY KU TIDAK HEBAT
TAPI KALAU DI UJI TERLALU BERAT
JIKA MATAHARI SUDAH TERBIT DARI BARAT
BAGAIMANA CARAMU BERTAUBAT?","19/4/2023, 23.44.29","0","No","0","No","https://www.tiktok.com/@mor33o"
"=""7223800325030396698""","","=""6704156759411672066""","jekikujo","jeki","@𝕾𝖎𝖇𝖚𝖏𝖆𝖓𝖌 inpo","19/4/2023, 23.35.02","0","No","0","No","https://www.tiktok.com/@jekikujo"
"=""7223799441831576346""","","=""6773565114496222209""","qomarrengine","Turahan las","bagi bang","20/4/2023, 11.51.37","0","No","0","No","https://www.tiktok.com/@qomarrengine"
"=""7223794503286244102""","","=""7183133824724223003""","fullvinchy","gyn × everyone","lailatul qodar susah di cari king","19/4/2023, 23.12.18","0","No","0","No","https://www.tiktok.com/@fullvinchy"
"=""7223791814338429701""","","=""6873238549354447874""","toopainfultoreveal","?","@hasnul__ ad kh inpo mu pok","19/4/2023, 23.01.50","0","No","1","No","https://www.tiktok.com/@toopainfultoreveal"
"=""7223840483087713050""","=""7223791814338429701""","=""6935249417759392769""","dehbakso","Hasnul","ndd inpo inpo...uang ini terkuras 😂","20/4/2023, 02.10.57","0","No","","","https://www.tiktok.com/@dehbakso"
"=""7223788636155740955""","","=""7009243895263708186""","ajkshsiak","keykurangasik","ini knp jir ketinggalan","19/4/2023, 22.49.46","0","No","0","No","https://www.tiktok.com/@ajkshsiak"
"=""7223786684599829275""","","=""6873788913987912705""","muherwin317","Erwin 😌","emang ini knp bg?","20/4/2023, 09.39.08","0","No","3","No","https://www.tiktok.com/@muherwin317"
"=""7223987586096005914""","=""7223786684599829275""","=""7155086568151516187""","wahyufirnanda72","wahyu","bagi bang","20/4/2023, 11.42.04","0","No","","","https://www.tiktok.com/@wahyufirnanda72"
"=""7223973868960039707""","=""7223786684599829275""","=""7074421387481728026""","dikgenz1","yudi","bagi bang","20/4/2023, 10.48.49","0","No","","","https://www.tiktok.com/@dikgenz1"
"=""7223971814514787098""","=""7223786684599829275""","=""6886841535641568258""","ridhosaputra237","ridho🐍","kebelet bab bang","20/4/2023, 10.41.01","0","No","","","https://www.tiktok.com/@ridhosaputra237"
"=""7223786281749316378""","","=""6653281957932433410""","ae.kaiserr","Raiza Abid","semenjak ada Vidionya Ig nya langsung di privat😂","19/4/2023, 22.40.26","0","No","0","No","https://www.tiktok.com/@ae.kaiserr"
"=""7223782651194606363""","","=""7149568056117085186""","rzky_adka","Джеки","barang bagus cuy gw ada serius tapi gak gratis😂","19/4/2023, 22.26.33","0","No","0","No","https://www.tiktok.com/@rzky_adka"
"=""7223782307227517722""","","=""6959776060738159621""","b4ladag3hel_","joe","gw punya njirr😃","20/4/2023, 12.27.09","0","No","1","No","https://www.tiktok.com/@b4ladag3hel_"
"=""7224102247872496411""","=""7223782307227517722""","=""6871601905853203457""","dilla28.3","aries","gada","20/4/2023, 19.06.39","0","No","","","https://www.tiktok.com/@dilla28.3"
"=""7223781652462584602""","","=""7169083348152353819""","lovyciiuu","inii tellyyy","@xynaila_2 malu😂","19/4/2023, 22.22.31","0","No","1","No","https://www.tiktok.com/@lovyciiuu"
"=""7223781843866731290""","=""7223781652462584602""","=""7036353377155990530""","xynaila_2","call me naila","😭🙏","19/4/2023, 22.23.27","0","No","","","https://www.tiktok.com/@xynaila_2"
"=""7223778137506808602""","","=""7214893569092404251""","jhonpaulussembiri","king biru","bagi bg bagi","19/4/2023, 22.09.00","0","No","0","No","https://www.tiktok.com/@jhonpaulussembiri"
"=""7223777170476811035""","","=""7179123801698665498""","yudzzcules","yud fans messi","ktnya mau berbgi
mana dia bg
bgilah","19/4/2023, 22.05.23","0","No","0","No","https://www.tiktok.com/@yudzzcules"
"=""7223773080396055323""","","=""7153385598153196545""","user95399837226743","user95399837226743","CekOut nya dmna bang","19/4/2023, 21.49.17","0","No","0","No","https://www.tiktok.com/@user95399837226743"
"=""7223772850778719003""","","=""6632900563678625793""","turuae65","TURU AE","mn ngab","19/4/2023, 21.48.22","0","No","0","No","https://www.tiktok.com/@turuae65"
"=""7223767593169093403""","","=""7166807933384131590""","blvkxx0","￴ ￴ ￴ ￴ ￴ ￴ ￴ ￴ ￴ ￴ ￴ ￴ ￴ ￴","penasaran bgt ni","19/4/2023, 21.28.02","0","No","5","No","https://www.tiktok.com/@blvkxx0"
"=""7224347405779927834""","=""7223767593169093403""","=""6880333046668592130""","raa_aaa09","KIAAAKKK","mauuuu bangett","21/4/2023, 10.58.14","0","No","","","https://www.tiktok.com/@raa_aaa09"
"=""7224346314228843291""","=""7223767593169093403""","=""6943204926907122689""","hanlimit_","Ray","mau?","21/4/2023, 10.54.00","0","No","","","https://www.tiktok.com/@hanlimit_"
"=""7223816237317407514""","=""7223767593169093403""","=""6880333046668592130""","raa_aaa09","KIAAAKKK","bagi dong jngn ngilang","20/4/2023, 00.36.42","0","No","","","https://www.tiktok.com/@raa_aaa09"
"=""7223770837849342747""","=""7223767593169093403""","=""7166807933384131590""","blvkxx0","￴ ￴ ￴ ￴ ￴ ￴ ￴ ￴ ￴ ￴ ￴ ￴ ￴ ￴","bagi dong bre","19/4/2023, 21.40.46","0","No","","","https://www.tiktok.com/@blvkxx0"
"=""7223770734869431066""","=""7223767593169093403""","=""6943204926907122689""","hanlimit_","Ray","gua ada","19/4/2023, 21.40.07","0","No","","","https://www.tiktok.com/@hanlimit_"
"=""7223764391735722779""","","=""7130602090162144283""","jje3905","￴￴￴￴￴","pt13","19/4/2023, 21.15.29","0","No","0","No","https://www.tiktok.com/@jje3905"
"=""7223764304826745627""","","=""6860567287248028673""","l.r.m704","🧚‍♀️👯‍♀️ROBERTHA👯‍♀️🧚‍♀️","hyper ni","19/4/2023, 21.15.27","0","No","0","No","https://www.tiktok.com/@l.r.m704"
"=""7223762935541023515""","","=""6906518678708487170""","bay.prmna21","Kodok Balado","jgn gtu lh, cukup jgn disebarin, klo punya yaudah tp jgn disebar, kasian, lu gk mikir klo seandainya itu adik lu atau gimana ?","19/4/2023, 21.10.03","0","No","0","No","https://www.tiktok.com/@bay.prmna21"
"=""7223759645696852762""","","=""7103053375918736411""","dil_annn","ElNinoo","1. ditahannya hajat.
2. dikuranginya intelektual
3. ditariknya nikmat ibadah
dll.","19/4/2023, 20.57.13","0","No","0","No","https://www.tiktok.com/@dil_annn"
"=""7223759557616141083""","","=""7108707366366938138""","erlan_358","e","berbagi itu indah ada yg mau berbagi kah?","19/4/2023, 20.56.51","0","No","0","No","https://www.tiktok.com/@erlan_358"
"=""7223758464752173850""","","=""7040223654433326107""","dkptrawhyda","wahyuda","durasi nya pndek semua","19/4/2023, 20.52.32","0","No","0","No","https://www.tiktok.com/@dkptrawhyda"
"=""7223756634329563930""","","=""7081185042450088987""","chiraaa_dv","chopper","astagfirullah","19/4/2023, 20.45.38","0","No","0","No","https://www.tiktok.com/@chiraaa_dv"
"=""7223752101352424219""","","=""7202600472736515099""","fifififi3838","Bayu Ji","MAKASIHH CHANELLL Bayu Ji 🥰🥰🥰🥰🥰🥰","19/4/2023, 20.28.03","0","No","0","No","https://www.tiktok.com/@fifififi3838"
"=""7223751870341202715""","","=""6944590208685032450""","aliakbar00930","Ali akbar","masih tersusun di geleri hp yg 1 lagi udh 1 bln blm gua sentuh tu hp","19/4/2023, 20.26.53","0","No","0","No","https://www.tiktok.com/@aliakbar00930"
"=""7223751631719449371""","","=""6891255958983689218""","fernandosimanjuntakk","do","semua pada bilang Uda nonton pas diminta link malah kabur anehh","19/4/2023, 20.26.08","0","No","0","No","https://www.tiktok.com/@fernandosimanjuntakk"
"=""7223751189777793819""","","=""6952271515862696961""","perorinee0","Son of adam","udah bang udahh","19/4/2023, 20.24.17","0","No","0","No","https://www.tiktok.com/@perorinee0"
"=""7223750965055669018""","","=""6955934879939544065""","iiyunggggg","iyungg","pe dong yg punya haha","19/4/2023, 20.23.27","0","No","0","No","https://www.tiktok.com/@iiyunggggg"
"=""7223750765349045018""","","=""6992467563037443073""","aryaganzz73","Arya putra","emang apaan sih.gua ketinggalan pesawat ni","19/4/2023, 20.22.50","0","No","0","No","https://www.tiktok.com/@aryaganzz73"
"=""7223749685356315419""","","=""6549550018730065921""","mikaziyechh","VRS • Mikȧ","lupakan janji mu king, nanti janji lagi","19/4/2023, 20.18.23","0","No","0","No","https://www.tiktok.com/@mikaziyechh"
"=""7223748482187002650""","","=""6958069165605454854""","userjoy_12","call","apakah ada keuntungan bagi menyebarkan nya?","19/4/2023, 20.13.48","0","No","0","No","https://www.tiktok.com/@userjoy_12"
"=""7223744628297237274""","","=""7022106994371494939""","jufriraku","Beta Keys","Banyak di Twitter","19/4/2023, 19.58.53","0","No","0","No","https://www.tiktok.com/@jufriraku"
"=""7223743965714121499""","","=""6805281402914309122""","gkadanma___","rez🅰️","udah cok udah jngan gtu","20/4/2023, 04.06.48","0","No","0","No","https://www.tiktok.com/@gkadanma___"
"=""7223743823238267674""","","=""6956840265714271237""","rahmadd_012","🦩","bgi bg","19/4/2023, 19.55.45","0","No","0","No","https://www.tiktok.com/@rahmadd_012"
"=""7223741188443472667""","","=""6829425664685949954""","nana_gajah16","우치하 코너하","dia pasti digebukin bapaknya dan di seret mantan 😳","19/4/2023, 19.45.39","0","No","0","No","https://www.tiktok.com/@nana_gajah16"
"=""7223739144890139418""","","=""6737638729425191937""","byyy.yyy0","byy","udh lama cok","19/4/2023, 19.37.31","0","No","0","No","https://www.tiktok.com/@byyy.yyy0"
"=""7223738415031403290""","","=""6993133019142816774""","wenzzzzajaaa_30","wkwk","udh liat tp kya g selera co wk","20/4/2023, 07.44.25","0","No","0","No","https://www.tiktok.com/@wenzzzzajaaa_30"
"=""7223737342137008922""","","=""6769261605345166337""","sawo_matang18","Sawo Matang","mana mana","19/4/2023, 19.30.42","0","No","0","No","https://www.tiktok.com/@sawo_matang18"
"=""7223736573329146629""","","=""6995158642975196187""","waparajinmenabung","DEXTER!","🗿👌","19/4/2023, 22.58.46","0","No","0","No","https://www.tiktok.com/@waparajinmenabung"
"=""7223736213365130010""","","=""6961970409760457734""","deyoungkibra_17","datuuyem","info""","20/4/2023, 01.18.23","0","No","0","No","https://www.tiktok.com/@deyoungkibra_17"
"=""7223736065936507674""","","=""7142148612431840257""","anakpapiiimamii","adrian","vidionya udah gw kuasain semua 😁","19/4/2023, 19.25.46","0","No","2","No","https://www.tiktok.com/@anakpapiiimamii"
"=""7223797100797346587""","=""7223736065936507674""","=""7142148612431840257""","anakpapiiimamii","adrian","boleh ngab","19/4/2023, 23.22.31","0","No","","","https://www.tiktok.com/@anakpapiiimamii"
"=""7223737171249120026""","=""7223736065936507674""","=""7132114049148666907""","galihboyyyy","Glhhh_boyyy","boleh minta?","19/4/2023, 19.30.06","0","No","","","https://www.tiktok.com/@galihboyyyy"
"=""7223734893208257307""","","=""6950918043816592385""","zidhanramadhann","@zidhanramadhann","gue punya ni full😁","19/4/2023, 19.21.05","0","No","0","No","https://www.tiktok.com/@zidhanramadhann"
"=""7223733160227111706""","","=""6880035475470681094""","lyaamr","liaamr","bosen ahh udh nnton berulang kali😏","19/4/2023, 19.14.22","0","No","0","No","https://www.tiktok.com/@lyaamr"
"=""7223732703312216859""","","=""6778139774151590913""","presley1only","Presley.","ada vidio nya pc aja hahaa","19/4/2023, 19.12.37","0","No","0","No","https://www.tiktok.com/@presley1only"
"=""7223732555958764314""","","=""6914747866590708738""","samuley1","LEOBOY♌","udh punya ahhhh","19/4/2023, 19.12.13","0","No","1","No","https://www.tiktok.com/@samuley1"
"=""7223732350126474011""","","=""6932762964378371074""","sultan_pjn","EKKY","ada 7 video dia di galeri gw😎","19/4/2023, 19.11.14","0","No","0","No","https://www.tiktok.com/@sultan_pjn"
"=""7223731721870263067""","","=""6815025666174944257""","nawaladitya_","ᴡᴀʟ","berbagi itu indah","19/4/2023, 19.08.50","0","No","0","No","https://www.tiktok.com/@nawaladitya_"
"=""7223731248250110747""","","=""6959054227349390341""","andrian_reza_","`|Rez⩜⃝","Twitter akehh","19/4/2023, 19.07.03","0","No","0","No","https://www.tiktok.com/@andrian_reza_"
"=""7223731200040796954""","","=""6955110970528302086""","adl1frx18","pengikut mu","Dah Liat Di YT MISTER VIRAL😊","20/4/2023, 09.36.12","0","No","0","No","https://www.tiktok.com/@adl1frx18"
"=""7223730399128879899""","","=""6817542660598694913""","yyyuyyyyuui",".","bagi bg","19/4/2023, 19.03.38","0","No","0","No","https://www.tiktok.com/@yyyuyyyyuui"
"=""7223730173345645339""","","=""6951033067025613829""","fahmisangar_","🕊☘️","@R3","20/4/2023, 07.27.14","0","No","0","No","https://www.tiktok.com/@fahmisangar_"
"=""7223730104512299803""","","=""7045957472289113089""","sweekchs","🇳🇬🇺🇾🇪🇳","bodo amat
mending login","19/4/2023, 19.02.25","0","No","0","No","https://www.tiktok.com/@sweekchs"
"=""7223729100068832027""","","=""7158502250108437505""","kurniawan13222","2008","udah pakat lengkap om😅","19/4/2023, 18.58.34","0","No","0","No","https://www.tiktok.com/@kurniawan13222"
"=""7223728784704176923""","","=""6907691128280073217""","pacon666","mhdibrahim","kok bisa viral se indonesia siapa yang nyrbarin","19/4/2023, 18.57.30","0","No","0","No","https://www.tiktok.com/@pacon666"
"=""7223727304760410907""","","=""7147292832776291355""","nightmaree19","Blacksky","udah bang hapus aja kasian aib orang itu","19/4/2023, 18.51.41","0","No","0","No","https://www.tiktok.com/@nightmaree19"
"=""7223725660576334594""","","=""7095239448446649370""","argent_168","P.","pink","19/4/2023, 18.45.09","0","No","0","No","https://www.tiktok.com/@argent_168"
"=""7223725446084248347""","","=""7189289736153777154""","appona.lajabe","NaTaN⚡⚡⚡","ada apasih lewat beranda mulu","19/4/2023, 18.44.27","0","No","0","No","https://www.tiktok.com/@appona.lajabe"
"=""7223724790397436699""","","=""6942666545403855874""","tedisamdra","xtcy","tobat lah wahay manusia kiamat sudah dekat","20/4/2023, 09.15.17","0","No","0","No","https://www.tiktok.com/@tedisamdra"
"=""7223723299355149082""","","=""7083676231984448513""","sabilll43","𝙢𝙖𝙩𝙖𝙢𝙚𝙧_","bagi bang","19/4/2023, 18.36.06","0","No","0","No","https://www.tiktok.com/@sabilll43"
"=""7223721030720111386""","","=""6811456616778187778""","rmfn07","Romi FN07","kasian weh jgn d sebar 🥺.. heman cantik tau wkw","19/4/2023, 18.27.33","0","No","0","No","https://www.tiktok.com/@rmfn07"
"=""7223720177774084890""","","=""6912006674073977858""","my_boy078","by","sorry king👑 mahkota mu gw buang","19/4/2023, 18.24.03","0","No","0","No","https://www.tiktok.com/@my_boy078"
"=""7223719858520769307""","","=""6932368622519452673""","syahrulfredyans","noname","🤌🏻🤌🏻@vtrawhyu0 @hyiiiii_ @wave_nglamlay","19/4/2023, 18.22.51","0","No","0","No","https://www.tiktok.com/@syahrulfredyans"
"=""7223719122613715738""","","=""7078161936495641626""","c.calls","c.calls","👆🏻👆🏻⚠️","19/4/2023, 18.20.02","0","No","0","No","https://www.tiktok.com/@c.calls"
"=""7223712955904688922""","","=""6801328597015970818""","gepreksoul","Navie’s","kasian woi","19/4/2023, 17.56.13","0","No","0","No","https://www.tiktok.com/@gepreksoul"
"=""7223712143575778075""","","=""7163663797201437723""","tyzennstore16","TYZENN STORE","untungg Jadii cwok polosss 😏🥰","19/4/2023, 17.52.49","0","No","0","No","https://www.tiktok.com/@tyzennstore16"
"=""7223711131118322459""","","=""6912686730811687938""","ezaraezha","ezaraezha","bgi mentahan😂","20/4/2023, 08.30.10","0","No","0","No","https://www.tiktok.com/@ezaraezha"
"=""7223710076846211867""","","=""6559240876572770305""","tii_1201",".","muka polos mengerikan rupanya 💃","19/4/2023, 17.45.05","0","No","0","No","https://www.tiktok.com/@tii_1201"
"=""7223709061442667291""","","=""6822866886846907394""","vald.akbar","999","pdahal cakep 🗿","19/4/2023, 17.41.00","0","No","0","No","https://www.tiktok.com/@vald.akbar"
"=""7223706115170992922""","","=""6856581996287067137""","z.only23","None","fanny ku memang darat
tapi gak ada obat
jika matahari sudah terbit dari barat
gimana caramu bertobat","20/4/2023, 06.29.01","0","No","0","No","https://www.tiktok.com/@z.only23"
"=""7223703856420389658""","","=""7078582178631664666""","dlyygnr7","f","bagi bang bagi","19/4/2023, 17.20.50","0","No","0","No","https://www.tiktok.com/@dlyygnr7"
"=""7223703438231225115""","","=""6890125688578278402""","irwansyn622","Wantodd","bagi lah bang","19/4/2023, 17.19.08","0","No","0","No","https://www.tiktok.com/@irwansyn622"
"=""7223701120379618074""","","=""7219944488860943362""","user9668107320099","jee","gw tunggu king tag aja","19/4/2023, 17.10.13","0","No","0","No","https://www.tiktok.com/@user9668107320099"
"=""7223700581876810523""","","=""6976985529809486849""","s4nnvfx","s","Gua ada cuma ga komplit aja","19/4/2023, 17.08.04","0","No","2","No","https://www.tiktok.com/@s4nnvfx"
"=""7223769935196341018""","=""7223700581876810523""","=""6976985529809486849""","s4nnvfx","s","Gada link gua minta lewat wa ke tmn gua","19/4/2023, 21.37.01","0","No","","","https://www.tiktok.com/@s4nnvfx"
"=""7223701213489300251""","=""7223700581876810523""","=""6869392629547074562""","kodokrusak","jakmie","link coba","19/4/2023, 17.10.36","0","No","","","https://www.tiktok.com/@kodokrusak"
"=""7223699320436081435""","","=""6914433739901600770""","ptrairwansyh","🙄","kayak emak emak itu an😅","19/4/2023, 17.03.17","0","No","0","No","https://www.tiktok.com/@ptrairwansyh"
"=""7223698678782722843""","","=""6897603574156755970""","muslihz4","Muslih4","bagi lah bng","20/4/2023, 04.29.02","0","No","0","No","https://www.tiktok.com/@muslihz4"
"=""7223697992515240731""","","=""6892482416877028354""","aquariuuzzz_","̷A̷̷w̷̷i̷̷n̷̷n̷̷n̷//","waduhh masih lama buka 😂","19/4/2023, 16.58.11","0","No","0","No","https://www.tiktok.com/@aquariuuzzz_"
"=""7223697784674353947""","","=""6916461296163947522""","adityaaja260","𝘼𝙙𝙞𝙩𝙮𝙖🚀","@misterikal1 @misterikall","19/4/2023, 16.57.13","0","No","0","No","https://www.tiktok.com/@adityaaja260"
"=""7223697569045807898""","","=""7213220695265395738""","tiarjago","5STAR・Tiar亗","Cantik coeeeg","19/4/2023, 16.56.31","0","No","0","No","https://www.tiktok.com/@tiarjago"
"=""7223696002602353435""","","=""6807135389686449153""","andiirwannnn","K2","@Xo_ToxicBoyNt. cari tauu","19/4/2023, 16.50.15","0","No","3","No","https://www.tiktok.com/@andiirwannnn"
"=""7224103415441703707""","=""7223696002602353435""","=""6817103116468323329""","surexy_hlgrm","Imawlee","ImuTT banget dia main🥰","20/4/2023, 19.11.14","0","No","","","https://www.tiktok.com/@surexy_hlgrm"
"=""7224061827125625626""","=""7223696002602353435""","=""6807135389686449153""","andiirwannnn","K2","bagi dongg","20/4/2023, 16.29.46","0","No","","","https://www.tiktok.com/@andiirwannnn"
"=""7224003880382694170""","=""7223696002602353435""","=""6817103116468323329""","surexy_hlgrm","Imawlee","Udah..","20/4/2023, 12.44.55","0","No","","","https://www.tiktok.com/@surexy_hlgrm"
"=""7223695875952198426""","","=""6929358385687151621""","simpelplann","user15838140903","kalo ada video emaknya kirim dong Ngan🗿","19/4/2023, 16.49.58","0","No","0","No","https://www.tiktok.com/@simpelplann"
"=""7223695320734761754""","","=""6534177373168320513""","el_khakim","͏͏͏͏͏͏͏͏͏͏͏͏͏͏͏͏͏͏͏͏͏͏͏͏͏͏͏͏͏͏","di bookmark ku ada 🤭","19/4/2023, 16.47.45","0","No","0","No","https://www.tiktok.com/@el_khakim"
"=""7223694720681165573""","","=""6916994598611010562""","revobadai","nam ku nama","yang di WC buka bang?","19/4/2023, 16.45.19","0","No","0","No","https://www.tiktok.com/@revobadai"
"=""7223693016644518683""","","=""6966649190588466178""","lars.turu","LARS BERHARAP GLORY","kasian mana cakep lagi","19/4/2023, 16.38.44","0","No","0","No","https://www.tiktok.com/@lars.turu"
"=""7223691822584644378""","","=""7175306856927036417""","ariyadi446","ri","bagi bg","19/4/2023, 16.34.11","0","No","0","No","https://www.tiktok.com/@ariyadi446"
"=""7223690370943714075""","","=""7152803409434559514""","irfanprayogi_0","MIKO KOBOY77","info brp menit???","19/4/2023, 16.28.23","0","No","0","No","https://www.tiktok.com/@irfanprayogi_0"
"=""7223690308675273498""","","=""6882397238544614402""","onlyqaf","qafka","Wkwk, sampe gamau kluar rumah","19/4/2023, 16.28.11","0","No","0","No","https://www.tiktok.com/@onlyqaf"
"=""7223690087154189082""","","=""6895074936932533250""","faisal_29.07","icall","dh liat","19/4/2023, 16.27.30","0","No","0","No","https://www.tiktok.com/@faisal_29.07"
"=""7223689565394780954""","","=""6959170399439635461""","zyachann","Violet.","@oni.girii nih","19/4/2023, 16.25.22","0","No","2","No","https://www.tiktok.com/@zyachann"
"=""7223689818060096283""","=""7223689565394780954""","=""6959170399439635461""","zyachann","Violet.","gini aja cepet cihh","19/4/2023, 16.26.27","0","No","","","https://www.tiktok.com/@zyachann"
"=""7223689739617501978""","=""7223689565394780954""","=""6919437821661856769""","oni.girii","Oni Giri","ini mah dah punya awokwokwok","19/4/2023, 16.26.02","0","No","","","https://www.tiktok.com/@oni.girii"
"=""7223688962199569178""","","=""7071970847196103681""","dapapengenjadipolisi","lelegoreng","bagila bro🗿","19/4/2023, 16.23.10","0","No","0","No","https://www.tiktok.com/@dapapengenjadipolisi"
"=""7223688709321065243""","","=""7117595296410797058""","intnffdla","🛴","udh dikasih malah disebar wkwk","19/4/2023, 16.22.15","0","No","0","No","https://www.tiktok.com/@intnffdla"
"=""7223688674386182938""","","=""6960257775965586433""","mclullabiies","hi, ini shey","kasian bgt astaga..","19/4/2023, 16.21.57","0","No","0","No","https://www.tiktok.com/@mclullabiies"
"=""7223688300749112069""","","=""6672550568085881858""","wzrdbysss","az","itu mantan gua mas rumah nya di bogor cibadak, sblm nya gua uda tau duluan, pdhl dia pnya sepupu syekh terkenal","19/4/2023, 16.20.17","0","No","0","No","https://www.tiktok.com/@wzrdbysss"
"=""7223688081068917531""","","=""6873874764324029441""","jsghakabs","￶ æ","@infonemazzzeeh @solihinalzufri","19/4/2023, 16.19.44","0","No","0","No","https://www.tiktok.com/@jsghakabs"
"=""7223685675505615643""","","=""6814315675956691969""","ifanwaruwu836","Vannnn","gua udh liat item cuy🗿","19/4/2023, 16.10.26","0","No","0","No","https://www.tiktok.com/@ifanwaruwu836"
"=""7223684896593363738""","","=""7138755107030729754""","user2500441979870","hehehehehe","minta please bang","19/4/2023, 16.07.18","0","No","0","No","https://www.tiktok.com/@user2500441979870"
"=""7223683954301076250""","","=""7163364815850521602""","rizkystreet137","Rizky","jangan di sebar bg mending dihapus lebih baik , karena itu dosa jariah untuk Abang nya juga kalau di sebar","19/4/2023, 16.03.41","0","No","0","No","https://www.tiktok.com/@rizkystreet137"
"=""7223683945895019290""","","=""6659972351759089666""","adityaayae","lulupalupalu","@harorabil.02 mirip N","19/4/2023, 16.03.26","0","No","1","No","https://www.tiktok.com/@adityaayae"
"=""7223683956087653147""","=""7223683945895019290""","=""6659972351759089666""","adityaayae","lulupalupalu","foto pertama","19/4/2023, 16.03.37","0","No","","","https://www.tiktok.com/@adityaayae"
"=""7223683387445019419""","","=""7030391804940452866""","masmegelli","mas.megelli","kasihan dia bro","19/4/2023, 16.01.22","0","No","1","No","https://www.tiktok.com/@masmegelli"
"=""7223707000168268570""","=""7223683387445019419""","=""6987245017672975362""","ramaprsb33","ramaprsb33","gk ada","19/4/2023, 17.32.59","0","No","","","https://www.tiktok.com/@ramaprsb33"
"=""7223684971566351131""","=""7223683387445019419""","=""6708865100004066305""","arkandwimulyonugroho","Arkan Dwimulyo Nugro","tp kok dia malah kyk berani bgt bkin video","19/4/2023, 16.07.34","0","No","","","https://www.tiktok.com/@arkandwimulyonugroho"
"=""7223683141533549338""","","=""6898711270984975361""","topglobal903","youuwww","ingat dosa jariah sahabat ku","19/4/2023, 16.00.37","0","No","0","No","https://www.tiktok.com/@topglobal903"
"=""7223682452996260634""","","=""6961403873547191301""","maszriel04","NZ marketstore.","bagi lah","19/4/2023, 15.57.54","0","No","0","No","https://www.tiktok.com/@maszriel04"
"=""7223682292400718619""","","=""6916935563397874689""","strywa69","Agung s Store","inpo link ee bolo","19/4/2023, 15.57.16","0","No","0","No","https://www.tiktok.com/@strywa69"
"=""7223681946035454746""","","=""7196315715422749722""","user09725584818","p","Ingat Tujuanmu king💪👑","19/4/2023, 15.56.02","0","No","0","No","https://www.tiktok.com/@user09725584818"
"=""7223681735405044507""","","=""6854006973845259266""","pillapp05","𝙥𝙞𝙡𝙖𝙥𝙥","dosa jariyah📈📈📈😏","19/4/2023, 15.55.00","0","No","0","No","https://www.tiktok.com/@pillapp05"
"=""7223681712714449691""","","=""7053723961876677658""","oneshot200000","Ho","soundnya apa sih ini cok","19/4/2023, 15.55.06","0","No","0","No","https://www.tiktok.com/@oneshot200000"
"=""7223681320445068059""","","=""6935515411047957505""","frhnafndi","hancookkk","infooo","19/4/2023, 15.53.13","0","No","1","No","https://www.tiktok.com/@frhnafndi"
"=""7223700373474706181""","=""7223681320445068059""","=""7048878259724157954""","minpulupulu","🇸🇦مين","p","19/4/2023, 17.07.15","0","No","","","https://www.tiktok.com/@minpulupulu"
"=""7223681295201108762""","","=""6732002311302857729""","deathff426","Death ff","udh ada tpi blom nonton kan puasa wk","19/4/2023, 15.53.29","0","No","1","No","https://www.tiktok.com/@deathff426"
"=""7223506080332546842""","=""7223681295201108762""","=""7135825007843001371""","ricoherzatrii","R","bagi ngabs","19/4/2023, 18.17.21","0","No","","","https://www.tiktok.com/@ricoherzatrii"
"=""7223680150852240155""","","=""7055304497081664539""","dzyrkq","dahhh","gaa rugi lu bro nonton itu manaa ini bulan puasaa bulan suci lu gatau lu itu udaa ngerusak bulan sucii lu katanya pen glowing pas lebaran gimanaa sih","19/4/2023, 15.49.00","0","No","0","No","https://www.tiktok.com/@dzyrkq"
"=""7223679492832723738""","","=""6881615024869458945""","r.alsarr","Bang Alsar","lupakan hal ini, mari mengejar kebaikan..","19/4/2023, 15.46.25","0","No","0","No","https://www.tiktok.com/@r.alsarr"
"=""7223679021338198810""","","=""7067554920216495106""","frl23_5","F","tidak ngaruh😏","19/4/2023, 15.44.28","0","No","0","No","https://www.tiktok.com/@frl23_5"
"=""7223678810120536858""","","=""7180905169550509083""","kukat1231","orang susah","bagii bangg","19/4/2023, 15.43.32","0","No","0","No","https://www.tiktok.com/@kukat1231"
"=""7223678724766565146""","","=""7070730804117013530""","inijesmann","prince","ga ada anjayy di mana sih vidiont","19/4/2023, 15.43.16","0","No","0","No","https://www.tiktok.com/@inijesmann"
"=""7223678057595568923""","","=""7063568002235204635""","alfintoo_","nothing","jangan nyebarin aib orang mas dosa","19/4/2023, 15.40.37","0","No","0","No","https://www.tiktok.com/@alfintoo_"
"=""7223673363126076166""","","=""7050022828507366427""","ayeon_mfx","cap semut","cape gua nyari nya ga dapet""","19/4/2023, 15.22.35","0","No","0","No","https://www.tiktok.com/@ayeon_mfx"
"=""7223670147419325210""","","=""6959461395528745989""","abang_ayra","ULAT BULU 🐛","tunggu habis lebaran akan ku koleksi full album , untuk saat ini ga dulu","19/4/2023, 15.09.54","0","No","0","No","https://www.tiktok.com/@abang_ayra"
"=""7223666551798203163""","","=""6864133098784687109""","dazzz129","𝔩𝔢𝔢𝔫𝔦𝔥𝔟𝔬𝔲𝔰𝔰🩹","Gua baru 7 yg punya full sbi kli minta🤣","19/4/2023, 22.48.12","0","No","0","No","https://www.tiktok.com/@dazzz129"
"=""7223666230220964634""","","=""6950524044652610562""","randynurdiansyah11","Randynurdiansyah11","lupakan tujuanmu king","19/4/2023, 23.31.47","0","No","0","No","https://www.tiktok.com/@randynurdiansyah11"
"=""7223663614368121627""","","=""7105043724783567874""","ravelkeece","XyrooVelzz Store","sak mene🤲","19/4/2023, 14.44.45","0","No","0","No","https://www.tiktok.com/@ravelkeece"
"=""7223663463657489179""","","=""6728614506106602498""","caklohay182","H","udah punya twitter juga banyak","19/4/2023, 22.47.57","0","No","1","No","https://www.tiktok.com/@caklohay182"
"=""7223799114537485083""","=""7223663463657489179""","=""7067179516896527386""","yusufchandra.m","ᝯ𝖍𝖆𝖓𝖉𝖗𝖆","apaa namanya","19/4/2023, 23.30.22","0","No","","","https://www.tiktok.com/@yusufchandra.m"
"=""7223662592253756186""","","=""7018242546200626178""","hnyaorgbiasa43","BeatMosdow✨","@opikhanapi","19/4/2023, 14.40.49","0","No","0","No","https://www.tiktok.com/@hnyaorgbiasa43"
"=""7223659207894631195""","","=""6964718072793252865""","riaan66666","🥀","begitu diang jir, biasa ajah😒","19/4/2023, 22.36.30","0","No","0","No","https://www.tiktok.com/@riaan66666"
"=""7223658039076422427""","","=""6860910560936018946""","karantri_015","KARAN BUKAN KARANG","@tamrenpengong link e gek diingfo ndess","19/4/2023, 14.23.05","0","No","0","No","https://www.tiktok.com/@karantri_015"
"=""7223657806225179418""","","=""6957959844109468678""","klliiwann","kellzzz","ini mahkota mu king🩲","19/4/2023, 20.41.02","0","No","0","No","https://www.tiktok.com/@klliiwann"
"=""7223648884081214234""","","=""6800287692435047426""","bangboy__231","bangboyy","tidak peduli
tidak tergoda","19/4/2023, 13.47.32","0","No","0","No","https://www.tiktok.com/@bangboy__231"
"=""7223646566972179226""","","=""7165432694687532033""","masfarid387","Farid","Tahan king tinggal 3 hari lagi otw lebaran","19/4/2023, 13.38.44","0","No","0","No","https://www.tiktok.com/@masfarid387"
"=""7223645863331234566""","","=""6948491654572262402""","alwanfaisal_03","Alwan Faisal Batubara","bgi video lah","19/4/2023, 13.35.48","0","No","0","No","https://www.tiktok.com/@alwanfaisal_03"
"=""7223639888108176154""","","=""7117719395505292314""","agung_maulana04_","AgungMaulana","lo pikir nebar aib orang nggk dosa?","19/4/2023, 20.09.30","0","No","0","No","https://www.tiktok.com/@agung_maulana04_"
"=""7223637729920303899""","","=""6964990639625585665""","doonnyyy_18","dooonnyyy_18","kesian si","19/4/2023, 13.04.07","0","No","0","No","https://www.tiktok.com/@doonnyyy_18"
"=""7223636325747016474""","","=""7131907370469458945""","saya.ipull","nggeh","bg send bang","19/4/2023, 18.46.46","0","No","0","No","https://www.tiktok.com/@saya.ipull"
"=""7223635403705090843""","","=""7194459015995294746""","darmajiiiiiii","Stvan SiWi","b aja","19/4/2023, 12.55.07","0","No","0","No","https://www.tiktok.com/@darmajiiiiiii"
"=""7223635190823322370""","","=""6822750378238706690""","pantek_074","￴","@MISTER IKAL","19/4/2023, 12.54.08","0","No","0","No","https://www.tiktok.com/@pantek_074"
"=""7223632250100040475""","","=""7093929285500945410""","adestryaa_","Ga Pakai Dollar Kok","gk mancur gak seru😂","19/4/2023, 19.41.53","0","No","0","No","https://www.tiktok.com/@adestryaa_"
"=""7223623702792241946""","","=""6976587978504668162""","betterfidz","apis","marah si cowonya","19/4/2023, 12.09.47","0","No","0","No","https://www.tiktok.com/@betterfidz"
"=""7223621016004985627""","","=""7207730932983743490""","prasojojojo","DELUXE!!","gw pnya ny yang part 1&2","19/4/2023, 11.59.25","0","No","0","No","https://www.tiktok.com/@prasojojojo"
"=""7223620678640010010""","","=""6959955108746757126""","ilham_alfadny","Ilham @lfadany","ingat setelah lu liat itu lu ga bakal terlalu tertarik yang ada lu terlalu mikirin yang engga engga jadinya lu nyesal sendiri, ingat bro tujuan lu","19/4/2023, 17.57.29","0","No","0","No","https://www.tiktok.com/@ilham_alfadny"
"=""7223618979050259226""","","=""6874851719140312066""","aidillasiama","aidillasiama","emang dia kenapa","19/4/2023, 21.32.50","0","No","0","No","https://www.tiktok.com/@aidillasiama"
"=""7223618073555043098""","","=""6980241866949641218""","mrayaaa","rayaaa","gak kasian ta ?","19/4/2023, 11.48.13","0","No","0","No","https://www.tiktok.com/@mrayaaa"
"=""7223615286842016538""","","=""7028717330256905217""","rrullzy","rrullzyclip.","padahal di yt banyak","19/4/2023, 20.13.57","0","No","0","No","https://www.tiktok.com/@rrullzy"
"=""7223611919696724763""","","=""7025788307867206658""","beg1433566","pakde prindapan","berbagi itu indah, tukeran?","19/4/2023, 19.31.21","0","No","0","No","https://www.tiktok.com/@beg1433566"
"=""7223606962906219290""","","=""6968163557897192450""","itmeerio","rio ft karina","info link vidio asli dong","19/4/2023, 11.05.06","0","No","0","No","https://www.tiktok.com/@itmeerio"
"=""7223602141624320774""","","=""6850300456700724226""","erul.rhmn","Biru Dongker","yg tau jelasin dong","19/4/2023, 10.45.57","0","No","0","No","https://www.tiktok.com/@erul.rhmn"
"=""7223593701443715866""","","=""6962508317575660546""","culesboy20","Pedri potter","655541","19/4/2023, 18.53.18","0","No","0","No","https://www.tiktok.com/@culesboy20"
"=""7223587257793119002""","","=""6953543804720972801""","ex___________4","Geta","ingat janji mu waktu minta bro,🙏","19/4/2023, 18.36.27","0","No","0","No","https://www.tiktok.com/@ex___________4"
"=""7223586964267926298""","","=""7117719395505292314""","agung_maulana04_","AgungMaulana","inget dirimu aja belum tentu bersih","19/4/2023, 20.09.51","0","No","0","No","https://www.tiktok.com/@agung_maulana04_"
"=""7223583217106043675""","","=""7088758486993929243""","weemm","wEeremmmm","kasihan","19/4/2023, 09.33.19","0","No","0","No","https://www.tiktok.com/@weemm"
"=""7223577603298083611""","","=""7208772769659503643""","esasukasusu","waduh 👊😋","parah men 🗿","19/4/2023, 17.11.59","0","No","0","No","https://www.tiktok.com/@esasukasusu"
"=""7223573995106747163""","","=""7104769501649241115""","sugoi_seafood","𝕜𝕖𝕣𝕒𝕟𝕘_ 𝕓𝕒𝕝𝕒𝕡🐌","berusaha menutupi tpi disebar😂","19/4/2023, 20.11.44","0","No","0","No","https://www.tiktok.com/@sugoi_seafood"
"=""7223568806102057754""","","=""7156821724537095195""","adudu_can","aduduu","p ada ni","19/4/2023, 17.52.53","0","No","0","No","https://www.tiktok.com/@adudu_can"
"=""7223564458361160475""","","=""7158063503663825922""","hasannn__22","hasan_22","kerja bagus 🗿","19/4/2023, 08.19.59","0","No","0","No","https://www.tiktok.com/@hasannn__22"
"=""7223554876185445146""","","=""7123930627834119169""","eji_ejay29","wyuuu","bagi lah min","19/4/2023, 18.34.02","0","No","0","No","https://www.tiktok.com/@eji_ejay29"
"=""7223552905855435526""","","=""6923956191479514114""","pppp.123445","R I Z K I 555","Siapa saja yang mengajak kepada kesesatan, ia mendapatkan dosa sebagaimana dosa orang-orang yang mengikutinya tanpa dikurangi sedikitpun dari-","19/4/2023, 10.39.47","0","No","1","No","https://www.tiktok.com/@pppp.123445"
"=""7223530551650370309""","=""7223552905855435526""","=""6923956191479514114""","pppp.123445","R I Z K I 555","dosa-dosa mereka” (HR. Muslim).","19/4/2023, 10.40.04","0","No","","","https://www.tiktok.com/@pppp.123445"
"=""7223552806912443163""","","=""7041792958530962434""","fleeps_","digiedaw","inget king tujuan muu inget","19/4/2023, 17.24.14","0","No","0","No","https://www.tiktok.com/@fleeps_"
"=""7223546490583843610""","","=""6924338909980935174""","andesta2005","superseries","gak suka pepaya suka nya melon 😁","19/4/2023, 16.10.06","0","No","0","No","https://www.tiktok.com/@andesta2005"
"=""7223546095807677211""","","=""7117025641090253851""","grrennn_","grrennn__","tcih","19/4/2023, 07.09.03","0","No","0","No","https://www.tiktok.com/@grrennn_"
"=""7223531929136022299""","","=""6839671545913459713""","kyynott4u","￴","link oi","19/4/2023, 18.56.55","0","No","0","No","https://www.tiktok.com/@kyynott4u"
"=""7223531169576043291""","","=""6817683281871045634""","grwot0","dudukwe","cek vidio","19/4/2023, 06.11.19","0","No","0","No","https://www.tiktok.com/@grwot0"
"=""7223514884537008922""","","=""7036611134187865094""","pisangbohok1","PISANG BOHOK","pada dapat dimana si😊","19/4/2023, 16.24.41","0","No","0","No","https://www.tiktok.com/@pisangbohok1"
"=""7223511265049887514""","","=""6757178053908366338""","alyafiz","fizz","santui dulu ga si🤤","19/4/2023, 04.53.40","0","No","0","No","https://www.tiktok.com/@alyafiz"
"=""7223507976030634779""","","=""6981001355537581057""","gopalfluence","Son Gopal","mantan gua itu","19/4/2023, 04.40.37","0","No","0","No","https://www.tiktok.com/@gopalfluence"
"=""7223506314826187546""","","=""7092585207627416603""","roses_ara_rose","marsyaa","udh liat gila sihh padahal cantik sehat"" wanita mahal","19/4/2023, 04.34.08","0","No","0","No","https://www.tiktok.com/@roses_ara_rose"
"=""7223505541448139547""","","=""7201871285886108677""","6579573738.kyy","ikyy ajj","ingat janji mu bro","19/4/2023, 17.32.23","0","No","0","No","https://www.tiktok.com/@6579573738.kyy"
"=""7223505018607256346""","","=""7147936469314044954""","sabrintampal201","USER6880","bandar bung 😂😂😂","19/4/2023, 17.24.43","0","No","0","No","https://www.tiktok.com/@sabrintampal201"
"=""7223502489646056218""","","=""7085470294592488475""","fikrikesiangan","Fikriardiansyah","cowok ya prah","19/4/2023, 12.59.36","0","No","0","No","https://www.tiktok.com/@fikrikesiangan"
"=""7223484941299041050""","","=""7113071069590864923""","_dxyna","ross","@ojoturu1007","19/4/2023, 03.11.12","0","No","0","No","https://www.tiktok.com/@_dxyna"
"=""7223463122283332378""","","=""7110998329425249281""","xyznajsi","Kzyxxxxx.","DOSA lah itu
kali bagi bagi boleh dah😏","19/4/2023, 01.46.45","0","No","0","No","https://www.tiktok.com/@xyznajsi"
"=""7223459911832765210""","","=""6861137431007036418""","salman.fariz1","Tanzz","kasihan mana mau lebaran lagi","19/4/2023, 01.34.11","0","No","0","No","https://www.tiktok.com/@salman.fariz1"
"=""7223459575214654234""","","=""6926192840645854209""","gajebit12","prikitiw","9 video nih king🥰","19/4/2023, 01.32.52","0","No","4","No","https://www.tiktok.com/@gajebit12"
"=""7223832182637855514""","=""7223459575214654234""","=""6926192840645854209""","gajebit12","prikitiw","mau gue spoiler?","20/4/2023, 01.38.50","0","No","","","https://www.tiktok.com/@gajebit12"
"=""7223832140302762778""","=""7223459575214654234""","=""6926192840645854209""","gajebit12","prikitiw","enak aja 😂 download sendiri di Twitter","20/4/2023, 01.38.35","0","No","","","https://www.tiktok.com/@gajebit12"
"=""7223644847318860570""","=""7223459575214654234""","=""6955763042270479362""","luyskyyy","luyskyy","janji ga ngilanggg🦦","19/4/2023, 13.31.50","0","No","","","https://www.tiktok.com/@luyskyyy"
"=""7223467244339741466""","=""7223459575214654234""","=""6963226993338352645""","powerenjerr3","Rapp","bgi","19/4/2023, 02.02.34","0","No","","","https://www.tiktok.com/@powerenjerr3"
"=""7223451550114186011""","","=""6873621259314447361""","adittajaa_4","A","minimal bgi² lh","19/4/2023, 01.01.42","0","No","0","No","https://www.tiktok.com/@adittajaa_4"
"=""7223451163675476762""","","=""7037841038446281730""","suprax125r1","🕸️","what","19/4/2023, 01.00.03","0","No","0","No","https://www.tiktok.com/@suprax125r1"
"=""7223450779737441050""","","=""7072890258417501185""","flyingturtle999","ardan korban sales GT","lu simpen sndiri ae bang","19/4/2023, 00.58.38","0","No","0","No","https://www.tiktok.com/@flyingturtle999"
"=""7223450642591859462""","","=""6958841149638296577""","barliputh_","Puth Xye","@yt_dylanpros bagi ngab","19/4/2023, 00.57.54","0","No","0","No","https://www.tiktok.com/@barliputh_"
"=""7223450439911097114""","","=""7098283040456508418""","zahrasyafatilah","araa araa","gua yg gtau apa² : 🗿🗿🤔","19/4/2023, 00.57.23","0","No","0","No","https://www.tiktok.com/@zahrasyafatilah"
"=""7223448455606829851""","","=""6905598228813693954""","lupaaanama21","_","ada satu kata ni yang bikin merenung,
"" Lebih baik meninggalkan kemaksiatan dari pada melakukan kebaikan ""","19/4/2023, 00.49.39","0","No","0","No","https://www.tiktok.com/@lupaaanama21"
"=""7223443514825212699""","","=""7101060878337967131""","vyamadasik","panggil aja vyn","DOSAMU Sudan tidak mempan kawan","19/4/2023, 00.30.23","0","No","0","No","https://www.tiktok.com/@vyamadasik"
"=""7223443306793141019""","","=""6625538498944745474""","zaynandre666","boys6._","aib bang aib","19/4/2023, 00.29.48","0","No","0","No","https://www.tiktok.com/@zaynandre666"
"=""7223442081715733274""","","=""7003722110321427457""","atiarx","tiar21","baru punya?","19/4/2023, 00.24.55","0","No","0","No","https://www.tiktok.com/@atiarx"
"=""7223437333914354458""","","=""7095750656557106178""","rhannnnn_098","Rhann_00","untung gw dah 3 minggu tobat","19/4/2023, 00.06.26","0","No","0","No","https://www.tiktok.com/@rhannnnn_098"
"=""7223407949540115227""","","=""7070502237643293722""","sy1f4_ikfn4","[24/4 20.41] . : Cil","gw ketinggalan nih?","18/4/2023, 22.12.33","0","No","0","No","https://www.tiktok.com/@sy1f4_ikfn4"
"=""7223402958808826650""","","=""6565374767980953601""","cahayapurnamasarri_","blueayaa🦋","@dham_45 yg ini loh aa","18/4/2023, 21.53.06","0","No","0","No","https://www.tiktok.com/@cahayapurnamasarri_"
"=""7223389227253236506""","","=""6792081196258296834""","vassa2005","REMAN","udh liat duluan hh","18/4/2023, 20.59.51","0","No","4","No","https://www.tiktok.com/@vassa2005"
"=""7223791796457931546""","=""7223389227253236506""","=""6819830984780137473""","ardan0858","Indra Kurniawan","bagi bang","20/4/2023, 08.39.37","0","No","","","https://www.tiktok.com/@ardan0858"
"=""7223739759441003290""","=""7223389227253236506""","=""6792081196258296834""","vassa2005","REMAN","sayang bgt ya cntik²muka nya kalem+polos bgt, eh taunyaa","19/4/2023, 19.40.07","0","No","","","https://www.tiktok.com/@vassa2005"
"=""7223739633888543515""","=""7223389227253236506""","=""6792081196258296834""","vassa2005","REMAN","twiter bg","19/4/2023, 19.39.37","0","No","","","https://www.tiktok.com/@vassa2005"
"=""7223665773180125979""","=""7223389227253236506""","=""6973259652998923265""","kembarr023","𝙎𝙞 𝙆𝙚𝙢𝙗𝙖𝙧 ✨","download dimana?","19/4/2023, 14.53.00","0","No","","","https://www.tiktok.com/@kembarr023"
"=""7223386572238095130""","","=""6906495582040146946""","idrisidris4326","ank mlbb ramah2🥰","pasti mamak mu bangga","18/4/2023, 20.49.31","0","No","0","No","https://www.tiktok.com/@idrisidris4326"
"=""7223375173239194395""","","=""6948687484730901509""","biiiiitxh","ไก่","sehat"" wanita&pria mahal king menantimu","18/4/2023, 20.05.14","0","No","0","No","https://www.tiktok.com/@biiiiitxh"
"=""7223367264228344603""","","=""6980991372087739393""","yaelahhrii_","￴Al buchorii","user dood+Twitter full senyum","18/4/2023, 19.34.27","0","No","0","No","https://www.tiktok.com/@yaelahhrii_"
"=""7223366937169085211""","","=""7110039539708363802""","pshco097","pshco097","bagi bang udah buka puasa 😂😂","18/4/2023, 19.33.12","0","No","0","No","https://www.tiktok.com/@pshco097"
"=""7223364311389176603""","","=""6944653255704855553""","rmdniiiw","dann","jangan king jangan","18/4/2023, 19.23.14","0","No","0","No","https://www.tiktok.com/@rmdniiiw"
"=""7223353349432689413""","","=""7012950822519456794""","muhdquee","Q","udah liattt 😂","18/4/2023, 18.40.35","0","No","0","No","https://www.tiktok.com/@muhdquee"
"=""7223351426108670747""","","=""6917644988163605505""","arsamrllh__","A?!?!!.","ga takut dosa jariyah kah bang? orang mah nyari pahala ini malah bagi-bagi dosa hadeuh mending tobat","18/4/2023, 18.33.02","0","No","0","No","https://www.tiktok.com/@arsamrllh__"
"=""7223347233499988763""","","=""6909494294613918721""","zeckass_","Jaki","lebat bngt uwuhh","18/4/2023, 18.17.00","0","No","0","No","https://www.tiktok.com/@zeckass_"
"=""7223343972533601051""","","=""7159150398015767578""","akukeren_388","akukeren388","oooooooooooooo","18/4/2023, 18.04.20","0","No","0","No","https://www.tiktok.com/@akukeren_388"
"=""7223342389833679643""","","=""6996710612332053505""","ruzzdontcare","rz don't care","kata nya mau balas dendam kingg👑?","18/4/2023, 17.58.13","0","No","0","No","https://www.tiktok.com/@ruzzdontcare"
"=""7223341834080600837""","","=""6989551140976772098""","officaljunaidi","ADI N\S","@2kr4h apa ni syakira","18/4/2023, 17.55.57","0","No","4","No","https://www.tiktok.com/@officaljunaidi"
"=""7223387207812252422""","=""7223341834080600837""","=""6989551140976772098""","officaljunaidi","ADI N\S","hahahaha😂","18/4/2023, 20.51.45","0","No","","","https://www.tiktok.com/@officaljunaidi"
"=""7223369409082671877""","=""7223341834080600837""","=""6629878260325826561""","_.kirahhh_","kir4hh","apa yng viralnye😒","18/4/2023, 19.42.46","0","No","","","https://www.tiktok.com/@_.kirahhh_"
"=""7223362114752103173""","=""7223341834080600837""","=""6989551140976772098""","officaljunaidi","ADI N\S","viral dah ko","18/4/2023, 19.14.32","0","No","","","https://www.tiktok.com/@officaljunaidi"
"=""7223342863445934854""","=""7223341834080600837""","=""6629878260325826561""","_.kirahhh_","kir4hh","apa","18/4/2023, 17.59.49","0","No","","","https://www.tiktok.com/@_.kirahhh_"
"=""7223338481699291930""","","=""7196997350471123969""","ridho_saputr","Ridho ⚡ [MW]","janji king","18/4/2023, 17.43.04","0","No","0","No","https://www.tiktok.com/@ridho_saputr"
"=""7223338475998315290""","","=""6983874974520329221""","kev.v_v","Kev..","sedih liat cewek jaman sekarang","18/4/2023, 17.42.54","0","No","0","No","https://www.tiktok.com/@kev.v_v"
"=""7223338414657536794""","","=""6700822052925883393""","armotzy",">999","wk","18/4/2023, 17.42.51","0","No","0","No","https://www.tiktok.com/@armotzy"
"=""7223337280244056858""","","=""6735844176220472322""","ssnd071","s","wanita mahal🤙🏻😜","18/4/2023, 17.38.21","0","No","0","No","https://www.tiktok.com/@ssnd071"
"=""7223337191232914182""","","=""6960281876456342534""","isandxct","isandxct","bukan dia bang itu kek nya","18/4/2023, 17.37.52","0","No","0","No","https://www.tiktok.com/@isandxct"
"=""7223337012938457882""","","=""6752456515032613890""","diejaegar","indie","@dicαα info link","18/4/2023, 17.37.25","0","No","0","No","https://www.tiktok.com/@diejaegar"
"=""7223336685986562842""","","=""6855887385419514882""","4444torz","ᴋᴏɴᴛᴇɴ ᴇᴘᴇᴘ","maap ga lelaki murahan","18/4/2023, 17.35.53","0","No","0","No","https://www.tiktok.com/@4444torz"
"=""7223336051937510170""","","=""6903898011748877314""","febrian16_7","fyou","udah gw apusin semua file nya","18/4/2023, 17.33.27","0","No","0","No","https://www.tiktok.com/@febrian16_7"
"=""7223335834459276058""","","=""6958781297250665478""","akungabuttxx","rafikaasn","cantik tp udh gaada aura nya.","18/4/2023, 17.32.41","0","No","0","No","https://www.tiktok.com/@akungabuttxx"
"=""7223335657455125274""","","=""6841074592510575618""","lifesoemptyohsh1t","￴ ￴ ￴ ￴ ￴ ￴","skip rugi gw nahan lapar haus buat beginian mana banned 60 hari lgi cuih skip","18/4/2023, 17.32.02","0","No","0","No","https://www.tiktok.com/@lifesoemptyohsh1t"
"=""7223335479273423643""","","=""6941750765472662530""","your_boy.23","RioJul","ingat dosa jariyah","18/4/2023, 17.31.25","0","No","0","No","https://www.tiktok.com/@your_boy.23"
"=""7223335407990965018""","","=""7220584960087901210""","lost_boy434","often hurt","gw punya lebih dari 45","18/4/2023, 17.31.01","0","No","0","No","https://www.tiktok.com/@lost_boy434"
"=""7223334928960062235""","","=""7117097389172835354""","mlnaryann","Ryann","yang post itu cwoknya apa gimana si?","18/4/2023, 17.29.18","0","No","0","No","https://www.tiktok.com/@mlnaryann"
"=""7223334928028943131""","","=""6969151783357006849""","agui012","Bng Gui","udah dapat 6 buah","18/4/2023, 17.29.20","0","No","0","No","https://www.tiktok.com/@agui012"
"=""7223334901020689179""","","=""6711964183092003841""","urjoawh2","urjoawh2","Apanihhhu","18/4/2023, 17.28.57","0","No","0","No","https://www.tiktok.com/@urjoawh2"
"=""7223334780966847259""","","=""6725920493872514049""","pr1ly__","phalia🌸","Di gw lengkap[yummy]","18/4/2023, 17.28.25","0","No","0","No","https://www.tiktok.com/@pr1ly__"
"=""7223333736975827739""","","=""6793226296815764481""","cnlaanbl","🌊","dia sp?","18/4/2023, 17.24.33","0","No","0","No","https://www.tiktok.com/@cnlaanbl"
"=""7223332706841936666""","","=""6602465230683668482""","__szraaa","🚩","Ingatt janjii mu pas mintaa king","18/4/2023, 17.20.25","0","No","0","No","https://www.tiktok.com/@__szraaa"
"=""7223332599468720923""","","=""6928446735786656769""","latif_s","rrvldo","hii","18/4/2023, 17.20.18","0","No","0","No","https://www.tiktok.com/@latif_s"
"=""7223332424179270427""","","=""7199884322383758363""","aqilaa7jf","qiels","pdhl dia cntik anjr","18/4/2023, 17.19.19","0","No","0","No","https://www.tiktok.com/@aqilaa7jf"
"=""7223331944694989594""","","=""6934188908977406977""","doyok.recovery","Doyok","awawok scandal 😂","18/4/2023, 17.17.33","0","No","0","No","https://www.tiktok.com/@doyok.recovery"
"=""7223331059172737819""","","=""7150836410903102470""","alpin_n1","ALPIN   BETON","Gua Ada Dong 😳","18/4/2023, 17.14.11","0","No","0","No","https://www.tiktok.com/@alpin_n1"
"=""7223330800598139674""","","=""7202595517766222850""","vinziyaaaa","𝗩𝗶𝗻𝘇𝘆𝘆","dia ada tt kah bg?","18/4/2023, 17.13.07","0","No","0","No","https://www.tiktok.com/@vinziyaaaa"
"=""7223330349223887643""","","=""6694459702091351042""","pjh__2","PijhanStore99","njir dia cantik cuk,gw udh dpet di chnel yt nya mister rival","18/4/2023, 17.11.26","0","No","0","No","https://www.tiktok.com/@pjh__2"
"=""7223330152997143322""","","=""7022006961860576258""","wildn_nmnya","𝙬𝙙𝙣𝙣❤️‍🔥🥷","solo karier kh dia🗿","18/4/2023, 17.10.47","0","No","0","No","https://www.tiktok.com/@wildn_nmnya"
"=""7223329777713038107""","","=""7029152910835516421""","rf27_0","⚘DIᴸᴸ⛓️🕸️🥊","igt dosa jariyah","18/4/2023, 17.09.24","0","No","0","No","https://www.tiktok.com/@rf27_0"
"=""7223329658803766043""","","=""6877188850696881154""","suprageter1110","boyyy","pria sejati tidak akan menyebarkan aurat wanitanya","18/4/2023, 17.08.49","0","No","0","No","https://www.tiktok.com/@suprageter1110"
"=""7223328837852627738""","","=""7088257528916460545""","fahri_x1","fahrivzzz","gak enak cum gitu😂","18/4/2023, 17.05.33","0","No","0","No","https://www.tiktok.com/@fahri_x1"
"=""7223328592998302490""","","=""6888148065920975874""","ilah504","ila","Gausah umbar²aib orang bang","18/4/2023, 17.04.50","0","No","0","No","https://www.tiktok.com/@ilah504"
"=""7223328529428955931""","","=""6590661249993080834""","exoboyyy_","𝕬","vest merah🗿","18/4/2023, 17.04.25","0","No","0","No","https://www.tiktok.com/@exoboyyy_"
"=""7223328376055218971""","","=""7181444716378342402""","bcarry4","milda","dia knpa emng?","18/4/2023, 17.03.39","0","No","0","No","https://www.tiktok.com/@bcarry4"
"=""7223327864752849691""","","=""6896456788741391362""","lingryu","anonim","udah gwduga ga ada pacaran mulus kalau ga dikasih harga diri 🗿","18/4/2023, 17.01.43","0","No","0","No","https://www.tiktok.com/@lingryu"
"=""7223327550470538011""","","=""7117433062673449986""","anggunafiliaa","🍉","knp sih","18/4/2023, 17.00.46","0","No","0","No","https://www.tiktok.com/@anggunafiliaa"
"=""7223323687641826074""","","=""6849504062154867714""","allrighttt0","allright","@sya.5919 ini bukan si","18/4/2023, 16.45.36","0","No","0","No","https://www.tiktok.com/@allrighttt0"
"=""7223323323336704794""","","=""7052993981953491969""","ganesanzzz","￴ ￴￴￴ ￴￴ ￴","@444⚡ @Kimpling Carry Us @slyzzhe saatnya beraksi king💀","18/4/2023, 16.44.12","0","No","0","No","https://www.tiktok.com/@ganesanzzz"
"=""7223322446065255174""","","=""6942794691398206466""","rjuni21","@juni","kepolosan bisaja hilang jika ia berhadapan dengan kejahatan dan kemaksiatan","18/4/2023, 16.40.42","0","No","0","No","https://www.tiktok.com/@rjuni21"
"=""7223320229006426907""","","=""6751572280743330818""","tamaaa650","bintang","gua punya ni
(ngilanggg)","18/4/2023, 16.32.16","0","No","0","No","https://www.tiktok.com/@tamaaa650"
"=""7223318545126720282""","","=""7097550920812332059""","whoaaaaaaaaaaaa0","Pann","gue juga banyak bang 😂","18/4/2023, 16.25.28","0","No","0","No","https://www.tiktok.com/@whoaaaaaaaaaaaa0"
"=""7223317579292410629""","","=""6866495335902430210""","susukucing_","𝔰𝔞𝔫𝔫 🔥💧","modal ganteng bisa bodoh bodohin cewe sekarang ya, kasian","18/4/2023, 16.21.47","0","No","0","No","https://www.tiktok.com/@susukucing_"
"=""7223316301325550363""","","=""7196660655959884826""","saputr.aaa_","Ilhammm_","yoi","18/4/2023, 16.17.00","0","No","0","No","https://www.tiktok.com/@saputr.aaa_"
"=""7223312227661841179""","","=""6710929126549750785""","zyxxxxxxxxxxxxxx","xxyz.","Bgi""lah vidionya🗿","18/4/2023, 16.00.59","0","No","0","No","https://www.tiktok.com/@zyxxxxxxxxxxxxxx"
"=""7223310017134494491""","","=""7027869905690428417""","10_ecaa","ecawww🌀","kalian pada Kenap sih gak punya hati banget gituin sesama manusia
video di sebar kemana-mana","18/4/2023, 15.52.45","0","No","0","No","https://www.tiktok.com/@10_ecaa"
"=""7223309040465068826""","","=""7012176255399511042""","zannvord","Muzaa Always Learning.","ga dlu deh gw pen ganteng apalagi mau mondok","19/4/2023, 02.10.48","0","No","0","No","https://www.tiktok.com/@zannvord"
"=""7223308359142392602""","","=""7120875218746950658""","1.terserahku",":)","dosa jariyah bang,mending jangan","18/4/2023, 15.46.07","0","No","0","No","https://www.tiktok.com/@1.terserahku"
"=""7223308042984555291""","","=""6959351726134707205""","_sweeterplace","not support.","lebaran awto ngurung dikamar y mb","18/4/2023, 15.45.00","0","No","0","No","https://www.tiktok.com/@_sweeterplace"
"=""7223305656005395227""","","=""6949777181178708994""","dekuue_","DEKUU","aing cuman punya 9 doang bagi dong","18/4/2023, 15.35.35","0","No","0","No","https://www.tiktok.com/@dekuue_"
"=""7223304031094407962""","","=""6876680934189204482""","liviaaaajaa","aliviaanaa","tau","18/4/2023, 15.29.11","0","No","0","No","https://www.tiktok.com/@liviaaaajaa"
"=""7223303967944688411""","","=""6940117806714700802""","shecvenko","Van Minju","@ris6060","18/4/2023, 15.28.56","0","No","1","No","https://www.tiktok.com/@shecvenko"
"=""7223410176870892314""","=""7223303967944688411""","=""7135709922868921345""","ris6060","anon","tp sedih akun tt ne ilang cok pdhl sebelum viral ws tk folow","18/4/2023, 22.21.15","0","No","","","https://www.tiktok.com/@ris6060"
"=""7223302581656175387""","","=""7183894308965237762""","roziii74","Inisial R","b aj brg nya","18/4/2023, 15.23.38","0","No","0","No","https://www.tiktok.com/@roziii74"
"=""7223300678331187994""","","=""7152347147635000347""","ksndialra","ألرا","tutup lah aib wanita itu bro ,, sebagai mana nanti Allah akan menutup aib mu di akhirat nanti","18/4/2023, 15.16.14","0","No","0","No","https://www.tiktok.com/@ksndialra"
"=""7223300028122645254""","","=""6856772445173548034""","akmlzy._","mal","jangan disebar lo bang","18/4/2023, 15.13.47","0","No","0","No","https://www.tiktok.com/@akmlzy._"
"=""7223299259508458266""","","=""7138402730289480706""","firmann33333","firman","lawak lu","18/4/2023, 15.10.58","0","No","0","No","https://www.tiktok.com/@firmann33333"
"=""7223297540154131226""","","=""6850332690241012737""","revaindah09","Vaaaa","apaan ngga ngerti","18/4/2023, 15.04.25","0","No","0","No","https://www.tiktok.com/@revaindah09"
"=""7223295225400492826""","","=""6837802069865448449""","willyvygln","𝖜𝖎𝖑𝖑𝖞","makasih buat mantanya udah sebarin","18/4/2023, 14.55.08","0","No","0","No","https://www.tiktok.com/@willyvygln"
"=""7223295105750827803""","","=""6566771675047559170""","gg4lls0","🌊","gua baru aj nonton 😂😂","19/4/2023, 05.18.39","0","No","0","No","https://www.tiktok.com/@gg4lls0"
"=""7223294814920688411""","","=""6716372934963758081""","mujiiiibbb","A. mujibb","@Dikol","18/4/2023, 14.53.27","0","No","0","No","https://www.tiktok.com/@mujiiiibbb"
"=""7223292300461409050""","","=""6685109000314782722""","katanyaipan","katanya ipan","bang udah bang","18/4/2023, 14.43.53","0","No","0","No","https://www.tiktok.com/@katanyaipan"
"=""7223292035501916955""","","=""7059271179244979226""","enjoyforfun.1","Enjoy For Fun","tidak baik menyebar aib org","18/4/2023, 14.42.45","0","No","0","No","https://www.tiktok.com/@enjoyforfun.1"
"=""7223292033153860378""","","=""6985743720725398530""","identityprivacy","@wann","dosa jariyah bhanh","18/4/2023, 14.42.52","0","No","0","No","https://www.tiktok.com/@identityprivacy"
"=""7223291348827357978""","","=""6864170748110750722""","dinomasihkecill","indomiegoreng","udah nonton mantep","18/4/2023, 14.40.00","0","No","0","No","https://www.tiktok.com/@dinomasihkecill"
"=""7223286962550784795""","","=""6920967675280491521""","rizjdal","riddjz","kasian jug sm ceweknya","18/4/2023, 14.23.05","0","No","2","No","https://www.tiktok.com/@rizjdal"
"=""7223309945482740507""","=""7223286962550784795""","=""6927172466259624961""","realbangkistore","Hamzyyyyy","clmk","18/4/2023, 15.52.15","0","No","","","https://www.tiktok.com/@realbangkistore"
"=""7223101103528870683""","=""7223286962550784795""","=""7216223917156844549""","kaeeeto","Dikaa","dia clmk apa ngtd????","18/4/2023, 14.30.34","0","No","","","https://www.tiktok.com/@kaeeeto"
"=""7223286395322090267""","","=""7055533113523127323""","akun._.mati_","user021657678","katanya mau glowing king pass lebaran 👑","18/4/2023, 14.21.04","0","No","0","No","https://www.tiktok.com/@akun._.mati_"
"=""7223285351564837659""","","=""7125769200216589313""","ezizzyn","zii","kaget😳","18/4/2023, 14.16.55","0","No","0","No","https://www.tiktok.com/@ezizzyn"
"=""7223284704467157787""","","=""6772907554927870978""","akudimsumnda","DIMSUM MASSNDA","😳","18/4/2023, 14.14.20","0","No","0","No","https://www.tiktok.com/@akudimsumnda"
"=""7223280897881572101""","","=""6814820296509506562""","sembaranggmasukkk","Bagus tidur","syakirah punya cntik😳 putih ahh","18/4/2023, 13.59.37","0","No","0","No","https://www.tiktok.com/@sembaranggmasukkk"
"=""7223278668164367131""","","=""7064084948504593435""","rhmnz14_","Escanor","barusan nonton tado😏","18/4/2023, 13.51.11","0","No","0","No","https://www.tiktok.com/@rhmnz14_"
"=""7223278219898110746""","","=""6903108812241372162""","_bagussafaat","om_bagus                   🗿","mantabb","18/4/2023, 13.49.26","0","No","0","No","https://www.tiktok.com/@_bagussafaat"
"=""7223272347330806554""","","=""7028851226485867521""","baretoo028","Baretoo💫💫","katanya lebaran mau tnpa jerawat kok masi d sni king🥴","19/4/2023, 01.52.04","0","No","0","No","https://www.tiktok.com/@baretoo028"
"=""7223269905016406810""","","=""6688190059797218306""","ur.pizrxxz","apiss","perasaan dia gmna ya","18/4/2023, 20.28.59","0","No","0","No","https://www.tiktok.com/@ur.pizrxxz"
"=""7223269173073003290""","","=""7111615612022965274""","jon.joni1","pengen komen","cantik banget","18/4/2023, 13.14.03","0","No","0","No","https://www.tiktok.com/@jon.joni1"
"=""7223266733129417499""","","=""6527563685945491458""","dwstwn01","0126","bagi lah","18/4/2023, 13.04.42","0","No","0","No","https://www.tiktok.com/@dwstwn01"
"=""7223264561598890753""","","=""7029762592294241285""","syahrulcalu843","Syahrul Samosir","ahh b aja mending uang aja dulu ah masalah cewek nanti kita beli","18/4/2023, 15.40.59","0","No","0","No","https://www.tiktok.com/@syahrulcalu843"
"=""7223260553073443610""","","=""6882016620169675777""","siazhhh","salpakuu","@aaazzzzzzz__ apalagi ini","18/4/2023, 12.40.33","0","No","3","No","https://www.tiktok.com/@siazhhh"
"=""7223267708502115099""","=""7223260553073443610""","=""6882016620169675777""","siazhhh","salpakuu","carilah😂😂🤣","18/4/2023, 13.08.31","0","No","","","https://www.tiktok.com/@siazhhh"
"=""7223267630219969306""","=""7223260553073443610""","=""6882016620169675777""","siazhhh","salpakuu","kmungkinan","18/4/2023, 13.08.16","0","No","","","https://www.tiktok.com/@siazhhh"
"=""7223265829327553306""","=""7223260553073443610""","=""6843632351852708865""","pydisini_____","pydisini_____","18?","18/4/2023, 13.01.02","0","No","","","https://www.tiktok.com/@pydisini_____"
"=""7223259714922218266""","","=""6916704224764511234""","garena.freefire.real11","""Claim Hadiah Di Bio""","gw mles jadi di hpus walaupun agak seru di tonton 😂😂","18/4/2023, 12.37.24","0","No","1","No","https://www.tiktok.com/@garena.freefire.real11"
"=""7223641755471840027""","=""7223259714922218266""","=""6869749890907390977""","4n4l1515_","dandi.Ajee","bagi bang","19/4/2023, 13.20.00","0","No","","","https://www.tiktok.com/@4n4l1515_"
"=""7223259458192982811""","","=""6959201854690149377""","adinthu","🅰️Dinthuuuuu","skip","18/4/2023, 12.36.28","0","No","0","No","https://www.tiktok.com/@adinthu"
"=""7223255173073650459""","","=""7173084595381453825""","driver_fadlan","Driver_Fadlan","SAMA BRO MANTANKU JUGA FILENYA MASIH TERSUSUN RAPI KOK DIGALERI LEBARAN FULL SENYUM BERBAGI ITU INDAH🤣","18/4/2023, 12.19.42","0","No","0","No","https://www.tiktok.com/@driver_fadlan"
"=""7223254169779733275""","","=""6983265563745977345""","4six.com","4six","@pramanaputra7","18/4/2023, 12.16.01","0","No","0","No","https://www.tiktok.com/@4six.com"
"=""7223250997774582555""","","=""6844682249431106562""","nees0812","Nec🅰️","@xzxzzsyah","18/4/2023, 12.03.41","0","No","1","No","https://www.tiktok.com/@nees0812"
"=""7223252559019000603""","=""7223250997774582555""","=""6796969685852128258""","lehsyah_","lehsyah_","aga ero","18/4/2023, 12.09.22","0","No","","","https://www.tiktok.com/@lehsyah_"
"=""7223248632676909850""","","=""6994704016248996891""","vidyakarmavirapakca","adi.ky","bagi bang 🗿","18/4/2023, 11.54.20","0","No","0","No","https://www.tiktok.com/@vidyakarmavirapakca"
"=""7223247606243656474""","","=""6851549198980416513""","ariff531","Ariff ","Oi Bgi Link nya napa ga jls jir link di bio mana ada tod","18/4/2023, 11.50.36","0","No","0","No","https://www.tiktok.com/@ariff531"
"=""7223245182207656730""","","=""6977611858493604869""",".akung4but_","Tenzo💫","sok cantik","18/4/2023, 11.41.03","0","No","0","No","https://www.tiktok.com/@.akung4but_"
"=""7223244780430639899""","","=""6850019136492274690""","akbar_1311","abar","di twet bnyak 🗿","18/4/2023, 18.55.20","0","No","0","No","https://www.tiktok.com/@akbar_1311"
"=""7223244339954369306""","","=""6997018052383622145""","ezamiftahhh","arab","batal kan janji mu king,nanti janji lagi👑","18/4/2023, 11.37.51","0","No","0","No","https://www.tiktok.com/@ezamiftahhh"
"=""7223243708920349467""","","=""7205467850851795994""","gataulagimalasssss","Sleepyinsomniac","emg dia ada salah apa bang sama lu? kok bisa2 privasi org lu umbar2?","18/4/2023, 11.35.10","0","No","0","No","https://www.tiktok.com/@gataulagimalasssss"
"=""7223243284016923419""","","=""6963811767864689665""","elcassano3","fuviophile","ingat, org yg menyebar aib itu sama aja menyebar aib sendiri dan lu bklan kena karma","18/4/2023, 20.22.48","0","No","0","No","https://www.tiktok.com/@elcassano3"
"=""7223242056997962523""","","=""7026694549553660929""","rajadjufrii","Rjadjufri🎮","anjirr gg bgt dianya gw ampe greget liatnnya😱😬","18/4/2023, 11.28.53","0","No","0","No","https://www.tiktok.com/@rajadjufrii"
"=""7223241286295126810""","","=""6916326478045168641""","alfawaz78","ojin","ah ogah ah","18/4/2023, 11.26.05","0","No","0","No","https://www.tiktok.com/@alfawaz78"
"=""7223239595977212699""","","=""7090439428388652058""","cendiaulia_","Cen","Bgi banh","18/4/2023, 11.19.09","0","No","0","No","https://www.tiktok.com/@cendiaulia_"
"=""7223239536708846342""","","=""6987771395765830661""","pieaple2","￶￶","woy jangan dulu lah masih puasa","18/4/2023, 11.19.00","0","No","0","No","https://www.tiktok.com/@pieaple2"
"=""7223239092299891483""","","=""7204376908170757122""","syanyamok00","woyylahh_","udah nonton semuanya jdi tinggl nyimak 😏","18/4/2023, 11.17.11","0","No","1","No","https://www.tiktok.com/@syanyamok00"
"=""7223240792731337498""","=""7223239092299891483""","=""7204376908170757122""","syanyamok00","woyylahh_","aku dah nonton 7 bang 😂","18/4/2023, 11.23.44","0","No","","","https://www.tiktok.com/@syanyamok00"
"=""7223237888262079259""","","=""6927574333960094721""","anubiszd6","akunspam9","brusaha tidak tertarik!!!","18/4/2023, 11.12.28","0","No","0","No","https://www.tiktok.com/@anubiszd6"
"=""7223237797603214107""","","=""6894491413933802502""","67saja","cihuyyyy","awas dosa jariyah","18/4/2023, 11.12.29","0","No","0","No","https://www.tiktok.com/@67saja"
"=""7223235448036967195""","","=""6962031747358835713""","zack_06.09","Zacck🀄","bagi lah cok","18/4/2023, 11.03.00","0","No","1","No","https://www.tiktok.com/@zack_06.09"
"=""7223308650469835547""","=""7223235448036967195""","=""6962031747358835713""","zack_06.09","Zacck🀄","gak enak pun,gak ada apa² nya","18/4/2023, 15.47.08","0","No","","","https://www.tiktok.com/@zack_06.09"
"=""7223234488838423323""","","=""7122819469747307546""","kenu01scond","Raja.Pisang24","""barangsiapa yang membuka aib seorang Muslim, Allah akan membuka aibnya hingga terbukalah kejelekannya di dalam rumahnya.","18/4/2023, 10.59.33","0","No","0","No","https://www.tiktok.com/@kenu01scond"
"=""7223234241202144026""","","=""6931658153504736262""","iswannnnnn_","wannhehooo","Dia Yg Minta Dia Yg Nyebar Wkwkw","18/4/2023, 10.58.36","0","No","0","No","https://www.tiktok.com/@iswannnnnn_"
"=""7223233406400725787""","","=""7132444553596830721""","double.a_17","FB","masak godakannya gini aja,yg lebih Wow donk,gak tertarik","18/4/2023, 10.55.06","0","No","0","No","https://www.tiktok.com/@double.a_17"
"=""7223230599791837978""","","=""6960095133422175237""","icasukagalauu","not isa but icaa","pdhl ud spek arab","18/4/2023, 10.44.27","0","No","0","No","https://www.tiktok.com/@icasukagalauu"
"=""7223228733354754843""","","=""7152359753565373466""","hahahaiyaaaaaa","meipan","simpen dulu nanti habis lebaran kita gas","18/4/2023, 10.36.58","0","No","0","No","https://www.tiktok.com/@hahahaiyaaaaaa"
"=""7223228170656006938""","","=""6716441613948929026""","ya_aaiii",".","lah kok nyebar aib orang gimana kalau kamu punya aib juga disebar orang lain","18/4/2023, 10.34.55","0","No","0","No","https://www.tiktok.com/@ya_aaiii"
"=""7223220824630526725""","","=""7150123223320658971""","user001000145","فجريل","apakah dosa mu begitu besar sehingga ramadhan tidak mampu merubah mu","18/4/2023, 10.06.23","0","No","0","No","https://www.tiktok.com/@user001000145"
"=""7223220340935230234""","","=""6936409462085354497""","eee_xeeee","boooeng","tidak terlalu menggoda
mending nonton zila","18/4/2023, 10.04.48","0","No","0","No","https://www.tiktok.com/@eee_xeeee"
"=""7223218979833578267""","","=""6960336206115505158""","bujangsantuy6","ripppetttt","tunggu buka king","18/4/2023, 09.59.33","0","No","0","No","https://www.tiktok.com/@bujangsantuy6"
"=""7223218096075948827""","","=""7133543631718368283""","rayennn_47","⏤͟͟͞͞Rayen","bgi lh bg🗿","18/4/2023, 09.55.52","0","No","0","No","https://www.tiktok.com/@rayennn_47"
"=""7223217836252283674""","","=""7084108391597622274""","_miumiuuu3","Hii","cantikkkk tapiiii cok","18/4/2023, 09.55.13","0","No","0","No","https://www.tiktok.com/@_miumiuuu3"
"=""7223216191224251162""","","=""6821895051325604865""","yooikigarong","garongajaa🖐","hanya percaya mediafire 😏","18/4/2023, 09.48.22","0","No","0","No","https://www.tiktok.com/@yooikigarong"
"=""7223211551314363163""","","=""7067488585486107675""","xyyan__","Kingkong","kesian dia bg,memang dia salah tapi jangan gitu lah gk tega","18/4/2023, 09.30.42","0","No","2","No","https://www.tiktok.com/@xyyan__"
"=""7223227363806315291""","=""7223211551314363163""","=""7067488585486107675""","xyyan__","Kingkong","gk lah,kesian liat sakirah","18/4/2023, 10.31.55","0","No","","","https://www.tiktok.com/@xyyan__"
"=""7223214648483906330""","=""7223211551314363163""","=""7058416842532144130""","mbak_yuni27","mbak_yuni27","banyak gaya kw king mau lihat atau mau ngebela 🗿🤣","18/4/2023, 09.42.33","0","No","","","https://www.tiktok.com/@mbak_yuni27"
"=""7223211418551141146""","","=""6958474220443649026""","fauzy.ae","Fauzi","gua punya king","18/4/2023, 09.29.56","0","No","0","No","https://www.tiktok.com/@fauzy.ae"
"=""7223209146690208539""","","=""6878148706999436294""","mhmmd_nzar444","Zay","@always you ada 6 nich","18/4/2023, 18.45.00","0","No","0","No","https://www.tiktok.com/@mhmmd_nzar444"
"=""7223209061851071259""","","=""6959391415948575750""","arjuna_xa_","arjuna_xa_","udah bang itu aib orang kasihan bg dia","18/4/2023, 09.20.42","0","No","7","No","https://www.tiktok.com/@arjuna_xa_"
"=""7223218622046503707""","=""7223209061851071259""","=""6959391415948575750""","arjuna_xa_","arjuna_xa_","ga","18/4/2023, 09.58.06","0","No","","","https://www.tiktok.com/@arjuna_xa_"
"=""7223218532283073306""","=""7223209061851071259""","=""7058416842532144130""","mbak_yuni27","mbak_yuni27","yaudah sma bg tapi Di goggle Biru ada bang cek aja shakira full album🗿","18/4/2023, 09.57.24","0","No","","","https://www.tiktok.com/@mbak_yuni27"
"=""7223218290938774299""","=""7223209061851071259""","=""6959391415948575750""","arjuna_xa_","arjuna_xa_","gua gni ya gw anak pertama lbh baik aib seseorang tidak usah di sbrin apa lg demi fyp","18/4/2023, 09.56.30","0","No","","","https://www.tiktok.com/@arjuna_xa_"
"=""7223215592328545050""","=""7223209061851071259""","=""7058416842532144130""","mbak_yuni27","mbak_yuni27","lu ngebela pasti ada adek cewek kN bg 🤣😭🗿","18/4/2023, 09.46.25","0","No","","","https://www.tiktok.com/@mbak_yuni27"
"=""7223215535340749594""","=""7223209061851071259""","=""7058416842532144130""","mbak_yuni27","mbak_yuni27","untung gw gk punya adek cewe 🗿🗿 lagian gw anak pertama 🗿","18/4/2023, 09.46.06","0","No","","","https://www.tiktok.com/@mbak_yuni27"
"=""7223215372395954971""","=""7223209061851071259""","=""6959391415948575750""","arjuna_xa_","arjuna_xa_","bayangin aja klo slh stu keluarga lu kyk gtu trs di sebarin lu mau? sesama manusia harus saling mengerti keadaan bg bukan memanfaatkan keadaan","18/4/2023, 09.45.22","0","No","","","https://www.tiktok.com/@arjuna_xa_"
"=""7223214714682180379""","=""7223209061851071259""","=""7058416842532144130""","mbak_yuni27","mbak_yuni27","kasihan atau mau lihat 🗿🤣","18/4/2023, 09.42.45","0","No","","","https://www.tiktok.com/@mbak_yuni27"
"=""7223208338333532954""","","=""6937656947949339649""","ahmadsuru31","Ahmadsuru","gak mau ahk ntar kusam lagi dah muka aku","18/4/2023, 09.17.54","0","No","1","No","https://www.tiktok.com/@ahmadsuru31"
"=""7224708056629822235""","=""7223208338333532954""","=""6937656947949339649""","ahmadsuru31","Ahmadsuru","putih banget ya bng😂😅","22/4/2023, 10.18.18","0","No","","","https://www.tiktok.com/@ahmadsuru31"
"=""7223206612252476187""","","=""6898852994595423238""","pphitam880","4U🥶","ga doyan 🗿","18/4/2023, 09.11.27","0","No","2","No","https://www.tiktok.com/@pphitam880"
"=""7223224702705271579""","=""7223206612252476187""","=""6898852994595423238""","pphitam880","4U🥶","🗿","18/4/2023, 10.21.34","0","No","","","https://www.tiktok.com/@pphitam880"
"=""7223214757787206426""","=""7223206612252476187""","=""7058416842532144130""","mbak_yuni27","mbak_yuni27","dih sok sokan gk doyan🗿🤣🤣🤣🤣😭","18/4/2023, 09.42.54","0","No","","","https://www.tiktok.com/@mbak_yuni27"
"=""7223203559570424603""","","=""7057818756261331994""","nwpourbaee","pengguna tidak ditemukan","yg full album bagi dong","18/4/2023, 08.59.35","0","No","0","No","https://www.tiktok.com/@nwpourbaee"
"=""7223202654028333851""","","=""6906987906202125317""","rzkimhmmdghani","dimsummentai","ingat janji mu king👑. kita jngn jadi cowo yng menjatuhkan harga diri seorang perempuan. karna itu nama nya pecundang","18/4/2023, 14.14.11","0","No","0","No","https://www.tiktok.com/@rzkimhmmdghani"
"=""7223202345731490586""","","=""6743959565429277697""","amazinggmaul","Amazing Maul","cukkss","18/4/2023, 08.55.04","0","No","0","No","https://www.tiktok.com/@amazinggmaul"
"=""7223201937734189830""","","=""7127582691419227162""","gearfive58","ㅤRexzy","Goat Messi 🐐🇦🇷","18/4/2023, 15.24.39","0","No","0","No","https://www.tiktok.com/@gearfive58"
"=""7223195106277344026""","","=""7007803780931290113""","sakin531","OH","ada yang terbaru lebih beuh dari syakira 🥰","18/4/2023, 08.26.30","0","No","0","No","https://www.tiktok.com/@sakin531"
"=""7223194714130907931""","","=""6873082733657392130""","skylarkz015","Skyzo","dahlah ksian. dia gmau kluar kluar rumahh tuh","18/4/2023, 15.27.23","0","No","0","No","https://www.tiktok.com/@skylarkz015"
"=""7223193943340385050""","","=""6865699797895382017""","rizqulramadhan833","rizqulramadhan833","@Alif F.","18/4/2023, 08.22.24","0","No","0","No","https://www.tiktok.com/@rizqulramadhan833"
"=""7223192374745711365""","","=""6917529531911275521""","xyznanz13","'Nndo☆","lumayan","18/4/2023, 08.15.48","0","No","0","No","https://www.tiktok.com/@xyznanz13"
"=""7223189267592282886""","","=""7177786314964124699""","hantugedang27","𝙈𝙊𝙈𝙊𝙂𝙄","@muhammad_ontohod ye syakira","18/4/2023, 11.48.10","0","No","0","No","https://www.tiktok.com/@hantugedang27"
"=""7223186612934411035""","","=""6915769303422878722""","ikhsan_saputra4","HASIL PINANGG🪽","ingat janji mu king👑","18/4/2023, 07.53.58","0","No","0","No","https://www.tiktok.com/@ikhsan_saputra4"
"=""7223185052909716251""","","=""6525349153735475202""","inisial02082003","punya kamu","sudalah kawan kesenagang didunia hanyalah menipu untuk melupakan akhiratmu","18/4/2023, 07.48.06","0","No","0","No","https://www.tiktok.com/@inisial02082003"
"=""7223183780906468122""","","=""7096940867487630338""","thefatart33332","akumanda♪","akan aku cari sampai ke akar-akarnya😁","18/4/2023, 07.42.54","0","No","0","No","https://www.tiktok.com/@thefatart33332"
"=""7223182101670855451""","","=""6861366837281358849""","xjswonfafa","FAXTWO🛒🚀","tobat king,umur g ada yg tau","18/4/2023, 07.36.28","0","No","0","No","https://www.tiktok.com/@xjswonfafa"
"=""7223177633251984155""","","=""6982604657768858629""","mhardaby","B.","bagi dong pahlawan","18/4/2023, 07.18.59","0","No","0","No","https://www.tiktok.com/@mhardaby"
"=""7223174462240932635""","","=""7140508157692691482""","zysxos_","ZysXOS!!!!!!!!","@ryanqqqqqq ingpo","18/4/2023, 07.06.43","0","No","0","No","https://www.tiktok.com/@zysxos_"
"=""7223174428762538779""","","=""7091607751731004443""","rian09.4","Rian","hanya Vidio biasa serius amat 😂","18/4/2023, 07.06.51","0","No","0","No","https://www.tiktok.com/@rian09.4"
"=""7223172241500422939""","","=""6921218981983060993""","robi.anggara093","RA","bagus banget barang nya","18/4/2023, 06.58.35","0","No","0","No","https://www.tiktok.com/@robi.anggara093"
"=""7223170852094559002""","","=""7156587364709073926""","mauosatan","sudansatui306","aib orng bg","18/4/2023, 15.54.02","0","No","0","No","https://www.tiktok.com/@mauosatan"
"=""7223169452162351898""","","=""6899768339145901058""","byxwy","Wahyuw","seneng bener dosa jariyah bang","18/4/2023, 06.47.39","0","No","0","No","https://www.tiktok.com/@byxwy"
"=""7223161773779321627""","","=""7220356707611460613""","rizkydharmawann","pp kucing ramadhan","b aja","18/4/2023, 17.52.21","0","No","0","No","https://www.tiktok.com/@rizkydharmawann"
"=""7223161691659731738""","","=""6961755636087194629""","xxriss23","𝙊𝙬𝙣𝙚𝙧 𝙑𝙖𝙧𝙨𝙖☠️","pdhl cakep polos tpi suhu","18/4/2023, 06.17.32","0","No","0","No","https://www.tiktok.com/@xxriss23"
"=""7223160674548744987""","","=""7061144865888109569""","manusiasigma404","さみしい 🌨️","@sollitude.__gone bojo ku tak sebar ora yo🗿","18/4/2023, 16.17.06","0","No","0","No","https://www.tiktok.com/@manusiasigma404"
"=""7223158687043830554""","","=""7218723483177600026""","infinix19906","name?","jangan lupakan janji mu king 👑","18/4/2023, 06.05.34","0","No","1","No","https://www.tiktok.com/@infinix19906"
"=""7223268131812033285""","=""7223158687043830554""","=""7180026210406433819""","derrywahyudi0","Deri wahyudi","😅😅","18/4/2023, 13.10.00","0","No","","","https://www.tiktok.com/@derrywahyudi0"
"=""7223155028712850181""","","=""7065518942407787525""","mir.rins","lasako","lanjut kan bakat mu nak🗿","18/4/2023, 05.50.48","0","No","0","No","https://www.tiktok.com/@mir.rins"
"=""7223153849551618842""","","=""6963809228894340102""","dreywoks","Mr. Dree","2 jari anjy wkwk","18/4/2023, 05.46.54","0","No","0","No","https://www.tiktok.com/@dreywoks"
"=""7223153420945359642""","","=""7082622180547183643""","6.6.6_saa","Toxiclifee⸸","bagi","18/4/2023, 05.45.37","0","No","0","No","https://www.tiktok.com/@6.6.6_saa"
"=""7223152437404975899""","","=""6989906548824130562""","inoobaikcekali","Dinoow`","awlnya dia ngasih ke siapa si","18/4/2023, 13.16.20","0","No","0","No","https://www.tiktok.com/@inoobaikcekali"
"=""7223151508568343323""","","=""6683279266292122626""","_rendyi","Imam","Twitter tuh ada","18/4/2023, 05.37.50","0","No","0","No","https://www.tiktok.com/@_rendyi"
"=""7223140519210795803""","","=""7032465777442882561""","iamberuzz","beruzzz","Lengkap 800mb sama video dia live streaming😏","18/4/2023, 04.55.13","0","No","0","No","https://www.tiktok.com/@iamberuzz"
"=""7223140064912884507""","","=""7067908984175576091""","luthpay20","payy","udah bro kasian dia depresi di rumh diem aja, gua kasian anjir tapi suka🗿","18/4/2023, 04.53.12","0","No","0","No","https://www.tiktok.com/@luthpay20"
"=""7223139446917202714""","","=""6832613288313865217""","iyamalih_","𝑴𝑨𝑳𝑰𝑯 💫","ada banyak gw😅","18/4/2023, 04.50.47","0","No","1","No","https://www.tiktok.com/@iyamalih_"
"=""7223141584455156486""","=""7223139446917202714""","=""6922205753991562241""","punyadyhh","Gyyツ.","boleh share bang","18/4/2023, 04.58.44","0","No","","","https://www.tiktok.com/@punyadyhh"
"=""7223139406428783387""","","=""6729893296380822529""","arsahere","￴arsathrice`","dh basi wkwk","18/4/2023, 04.50.53","0","No","0","No","https://www.tiktok.com/@arsahere"
"=""7223136873047180059""","","=""6920940270243038210""","panggilajakahvi","⃟","twitter full","18/4/2023, 04.40.39","0","No","2","No","https://www.tiktok.com/@panggilajakahvi"
"=""7223143541404304154""","=""7223136873047180059""","=""6920940270243038210""","panggilajakahvi","⃟","cari aja syakirah viral","18/4/2023, 05.06.58","0","No","","","https://www.tiktok.com/@panggilajakahvi"
"=""7223009214967776027""","=""7223136873047180059""","=""7186485534804689947""","dillzzz_99","Dilzzz!","bagi bang","18/4/2023, 04.45.56","0","No","","","https://www.tiktok.com/@dillzzz_99"
"=""7223136800737657626""","","=""6971935063332701186""","dadang4._","dadang","tapi lu nyebar aib perempuan bisa kenak hukuman di akhirat nanti jan menyebar aib orang","18/4/2023, 12.14.55","0","No","0","No","https://www.tiktok.com/@dadang4._"
"=""7223135182257652507""","","=""6886336467704284161""","kacoro03","guk guk","gpernah bosen","18/4/2023, 04.34.52","0","No","0","No","https://www.tiktok.com/@kacoro03"
"=""7223134676683391771""","","=""7050753406764123137""","bramzniyeh16","aeng bramz","mana tobrut bngt [happy]","18/4/2023, 04.32.14","0","No","0","No","https://www.tiktok.com/@bramzniyeh16"
"=""7223132015850881819""","","=""6772131345294656513""","_mfthudn","udin","kasian org tua ny","18/4/2023, 04.22.00","0","No","0","No","https://www.tiktok.com/@_mfthudn"
"=""7223130735049736965""","","=""6914873324565677058""","_mdhsn","Sensz'","udah rapi dibrankas","18/4/2023, 04.16.44","0","No","0","No","https://www.tiktok.com/@_mdhsn"
"=""7223129874005263130""","","=""6783984609438368770""","jhyaplag","hakvwfqlg ✪","udh bosen liat gituaan WkWk😂😃","18/4/2023, 04.14.03","0","No","0","No","https://www.tiktok.com/@jhyaplag"
"=""7223129187326165787""","","=""7078802277516313602""","ardhiansyah5745","Ardhi Ansyah5745","ga kasian kah?","18/4/2023, 04.11.11","0","No","0","No","https://www.tiktok.com/@ardhiansyah5745"
"=""7223128664703075098""","","=""7097464776749810715""","abiiillll2","abil","merasa keren lu nyebar""gitu?","18/4/2023, 04.09.05","0","No","0","No","https://www.tiktok.com/@abiiillll2"
"=""7223128658540757786""","","=""7135204507537015809""","ryy4e_verr","........","ingpo link","18/4/2023, 04.08.45","0","No","0","No","https://www.tiktok.com/@ryy4e_verr"
"=""7223128333033997082""","","=""7043443023485043713""","siapasiiiiiii_3","YAYA","@troubledunia20 suhu","18/4/2023, 04.07.50","0","No","0","No","https://www.tiktok.com/@siapasiiiiiii_3"
"=""7223128145242751771""","","=""7177769498647380993""","apaluiyee","apaluiyee","@user2328508047768 😳","18/4/2023, 04.07.09","0","No","1","No","https://www.tiktok.com/@apaluiyee"
"=""7223264535489889050""","=""7223128145242751771""","=""6893993099354244097""","gkeroh35","emboh","icip","18/4/2023, 12.56.07","0","No","","","https://www.tiktok.com/@gkeroh35"
"=""7223128088971035418""","","=""6932308105943663617""","akoo_bey","A","itu cuma ngegitar gk pake konci@user3651370859625","18/4/2023, 04.06.40","0","No","0","No","https://www.tiktok.com/@akoo_bey"
"=""7223127885728973595""","","=""6868647924994245637""","stephannus","austinn","lebat","18/4/2023, 04.06.17","0","No","0","No","https://www.tiktok.com/@stephannus"
"=""7223126329909117723""","","=""7035568906509485083""","sopok55","v","bagi lah","18/4/2023, 03.59.47","0","No","0","No","https://www.tiktok.com/@sopok55"
"=""7223124098875327258""","","=""7132278442921526299""","rdwnn44","rdwn","yang ful bilek🗿","18/4/2023, 03.51.13","0","No","0","No","https://www.tiktok.com/@rdwnn44"
"=""7223117960994063130""","","=""6837152118579807233""","wanzz623","Kiboyyy","hama tiktok🤛","18/4/2023, 13.02.27","0","No","0","No","https://www.tiktok.com/@wanzz623"
"=""7223113222358336262""","","=""6916472996674110469""","de.ath05","eksanzz NC","sudah buka sama masih buka bedanya apa?","18/4/2023, 07.57.08","0","No","0","No","https://www.tiktok.com/@de.ath05"
"=""7223112914252776197""","","=""6900799118621393922""","tujubelasss17","Power renjer merah","emang siapa sih yg pertama kali sebarin videonya? kasian gua","18/4/2023, 03.07.32","0","No","0","No","https://www.tiktok.com/@tujubelasss17"
"=""7223111687884292891""","","=""6859725049201771521""","andriseptiii","AndriiiSeptii","kasian Cok sampe anak orng depresi gamau keluar rumah","18/4/2023, 03.03.17","0","No","0","No","https://www.tiktok.com/@andriseptiii"
"=""7223109148870918938""","","=""6806924270641415169""","whytod_","Why?","🐦: bg udh bg","18/4/2023, 02.53.30","0","No","0","No","https://www.tiktok.com/@whytod_"
"=""7223108563778421530""","","=""7051037259781112834""","azizuu._","zizuu","@*User* . ~ML~ ingfokan😳","18/4/2023, 02.51.28","0","No","1","No","https://www.tiktok.com/@azizuu._"
"=""7223177234005639962""","=""7223108563778421530""","=""7168594605506774043""","sigma.legacy_","KING👑","?","18/4/2023, 07.17.43","0","No","","","https://www.tiktok.com/@sigma.legacy_"
"=""7223107798488531738""","","=""6958475998229464070""","prjt.nd","brembo.","cantik cok tapi sayang","18/4/2023, 02.47.52","0","No","0","No","https://www.tiktok.com/@prjt.nd"
"=""7223107473233265435""","","=""6917963016290255873""","rfismsnaprsyh_","kii","bagi","18/4/2023, 02.46.53","0","No","0","No","https://www.tiktok.com/@rfismsnaprsyh_"
"=""7223106930780029722""","","=""6922975669329331205""","im_xysall","Saya","Jnganlah kau jatuh dalam kesesatan, maka kau akan menyesalinya","18/4/2023, 02.44.48","0","No","0","No","https://www.tiktok.com/@im_xysall"
"=""7223101428704019226""","","=""7156245228730958850""","apandi0705","￴ ￴ ￴￴ ￴ ￴￴ ￴ ￴￴","bagi bng","18/4/2023, 02.23.21","0","No","0","No","https://www.tiktok.com/@apandi0705"
"=""7223099664106947355""","","=""6967294450122163201""","hlmi6573274","miii~","biasa aja","18/4/2023, 02.16.54","0","No","0","No","https://www.tiktok.com/@hlmi6573274"
"=""7223097934479950619""","","=""6995139832546067461""","isallll.888","SaalLmatcha.","@Yosef Indra Winat913","18/4/2023, 02.09.42","0","No","0","No","https://www.tiktok.com/@isallll.888"
"=""7223092852024623899""","","=""6962568183426778113""","ilhmhrs6","brotowalii","belum punya alass coyyy😳","18/4/2023, 01.50.17","0","No","0","No","https://www.tiktok.com/@ilhmhrs6"
"=""7223092592555655963""","","=""7180682332348007426""","marostmb","Daeng ippang","bagi 🗿","18/4/2023, 11.41.40","0","No","0","No","https://www.tiktok.com/@marostmb"
"=""7223091894129017627""","","=""6961332278597878786""","dyara.nugraha","brigadir","gua punya yang part 1 sampe 6 semuanya gafa yang hijab . skrng gw mnta yang sykirah hijab dong boar naughty hehe","18/4/2023, 01.46.29","0","No","1","No","https://www.tiktok.com/@dyara.nugraha"
"=""7223106694208291610""","=""7223091894129017627""","=""6821029936640836609""","wahahahayuu","wayy","bagi bg","18/4/2023, 02.43.43","0","No","","","https://www.tiktok.com/@wahahahayuu"
"=""7223090324901856027""","","=""7157267537347986433""","han262007","juhan 🤍✨","folow dulu akun gua kalo mau di lanjut jn masi bnyk","18/4/2023, 15.47.46","0","No","0","No","https://www.tiktok.com/@han262007"
"=""7223088420830479131""","","=""6959384530449826817""","sagittariusss2008","user2282901089696","langsung apus semua sosmed cuyyy👆😜","18/4/2023, 01.33.07","0","No","0","No","https://www.tiktok.com/@sagittariusss2008"
"=""7223088245646394138""","","=""6593834559309660162""","vantserofficial","VANTSER ","udah liat full😅","18/4/2023, 01.32.00","0","No","0","No","https://www.tiktok.com/@vantserofficial"
"=""7223086869746123547""","","=""6884198270462329857""","nrilaziz1","N. @Ziz","dari syakirah aku tau isi orang cantik itu seperti apa😅
eh keceplosan","18/4/2023, 01.26.32","0","No","0","No","https://www.tiktok.com/@nrilaziz1"
"=""7223085392806003483""","","=""7195608146907563034""","strikee7_","Kevin","serendh itu lah Cowk?","18/4/2023, 01.20.50","0","No","0","No","https://www.tiktok.com/@strikee7_"
"=""7223081342128440090""","","=""7001616619060855810""","ariefnotarip","🍃","Punya Dari Sebelum Marak Maraknya Karena Kawanku Bandar 🗿","18/4/2023, 01.05.27","0","No","1","No","https://www.tiktok.com/@ariefnotarip"
"=""7223123863801660187""","=""7223081342128440090""","=""6724378097849877505""","iway1230","Dejan","kirim dong bang selow tf via apa nih","18/4/2023, 03.50.30","0","No","","","https://www.tiktok.com/@iway1230"
"=""7223080435114361626""","","=""7163593730733327387""","fdnrjni","𝓪𝓭𝔃𝓻𝓪𝓪 𐚁๋࣭⭑ֶָ֢","gua udh download trus gua apus lagi isinya cuman foto doang","18/4/2023, 01.01.53","0","No","1","No","https://www.tiktok.com/@fdnrjni"
"=""7223180137846702874""","=""7223080435114361626""","=""6976213515384718337""","jeee.butuhturu","Nall","sip g jadi kepo","18/4/2023, 07.28.41","0","No","","","https://www.tiktok.com/@jeee.butuhturu"
"=""7223078802333909786""","","=""7036949564390163482""","absord6","absord","@ꪎÿℓἔηt roamer.","18/4/2023, 00.55.26","0","No","1","No","https://www.tiktok.com/@absord6"
"=""7223084064387203867""","=""7223078802333909786""","=""6942686171840398337""","sheizou30fps","INISIAL Z.","perintahmu akan segera di laksanakan yg mulia☺️🙏","18/4/2023, 01.16.08","0","No","","","https://www.tiktok.com/@sheizou30fps"
"=""7223078720780944155""","","=""7221615877089723418""","topglobalcwekk","Fanns Gabagtha","Versi NotNot dong kak","18/4/2023, 16.04.29","0","No","0","No","https://www.tiktok.com/@topglobalcwekk"
"=""7223076610659189530""","","=""6972564121162990593""","ryn_glnggg","iyannnn","minimal saling memberi tau lah","18/4/2023, 00.46.47","0","No","0","No","https://www.tiktok.com/@ryn_glnggg"
"=""7223071209579332378""","","=""7186145879594091525""","putra_127.4","Ell Putra's","ga mempan dek🤓","18/4/2023, 13.59.10","0","No","0","No","https://www.tiktok.com/@putra_127.4"
"=""7223065193138979611""","","=""7061434262340568090""","p1piw.xr","pii","video nya banyak tapi yang bagus cuman sedikit","18/4/2023, 00.02.35","0","No","0","No","https://www.tiktok.com/@p1piw.xr"
"=""7223064415598330650""","","=""6944600069257872385""","barangai....3","Barangai..","@CHING cari2","17/4/2023, 23.59.21","0","No","0","No","https://www.tiktok.com/@barangai....3"
"=""7223058997695644442""","","=""7102015333103485957""","divaagung4","Janda kembang","di Twitter banyak, santai dulu gk sih","18/4/2023, 15.37.45","0","No","0","No","https://www.tiktok.com/@divaagung4"
"=""7223055159806116634""","","=""7097039381961425947""","szepri25var","Xkyiinnz","kira' tangepan syrikah gmna ya😌","17/4/2023, 23.23.28","0","No","0","No","https://www.tiktok.com/@szepri25var"
"=""7223036712494613275""","","=""7022544453169398785""","isansan317","ikhsanhehe","gw baru punya 6 video nya 👏","17/4/2023, 22.11.54","0","No","0","No","https://www.tiktok.com/@isansan317"
"=""7223035209921544986""","","=""6997994693981144090""","pirabtterfly_","piraaacoyyyy","bagi bng","17/4/2023, 22.05.53","0","No","0","No","https://www.tiktok.com/@pirabtterfly_"
"=""7223034938710541082""","","=""6782566983340491777""","rudi1140","Rudi1140","ytta","17/4/2023, 22.04.59","0","No","0","No","https://www.tiktok.com/@rudi1140"
"=""7223031317796897562""","","=""7171872375791813659""","akitpeyutt","🧑🏻‍🚀🌑","ohmysyakira ratu ku tidack","17/4/2023, 21.50.53","0","No","0","No","https://www.tiktok.com/@akitpeyutt"
"=""7223016930922808091""","","=""6961383116980503554""","softboy12_3","Coͥrnͣeͫtto☘","kelaz","18/4/2023, 06.50.35","0","No","0","No","https://www.tiktok.com/@softboy12_3"
"=""7223014176809354010""","","=""1690184054185009""","ddbinzyy_","Abinn","punya gua 109","18/4/2023, 09.57.50","0","No","0","No","https://www.tiktok.com/@ddbinzyy_"
"=""7223006080480658202""","","=""6899801843095749634""","jonpanghong","reksijon_","bagi bg pnsaran","17/4/2023, 20.12.53","0","No","0","No","https://www.tiktok.com/@jonpanghong"
"=""7223003242711859995""","","=""7061101310448419841""","jsvssksvscs57","gtauuu","bagii bang plisss","17/4/2023, 20.02.00","0","No","0","No","https://www.tiktok.com/@jsvssksvscs57"
"=""7222999926073672474""","","=""6975499863027762178""","riystar_7","$ZKJ","kasian woy anjj","17/4/2023, 19.49.01","0","No","0","No","https://www.tiktok.com/@riystar_7"
"=""7222988545291911963""","","=""7216558704145073179""","subkiandi8","pp orang susah","bagi bang","17/4/2023, 19.04.59","0","No","0","No","https://www.tiktok.com/@subkiandi8"
"=""7222986340291707674""","","=""6957543407406089217""","bizeet24","Bizeeet","cukup diam","18/4/2023, 07.38.21","0","No","0","No","https://www.tiktok.com/@bizeet24"
"=""7222979962050872091""","","=""7072705205289174022""","slawipoesat2","Dhanieee","bgi lah☺️","18/4/2023, 03.34.10","0","No","0","No","https://www.tiktok.com/@slawipoesat2"
"=""7222964239479833370""","","=""6866190067435881473""","just.gilangg","𝙂𝙞𝙡𝙖𝙣𝙜𝙜","tag akun asli nya bang..
mau liat dia panik apa engga","18/4/2023, 01.13.06","0","No","0","No","https://www.tiktok.com/@just.gilangg"
"=""7222948019129828122""","","=""7062629879296836634""","ndryjwlhlwj7","user84916117795","cantik elite
jaga diri sulit nyuakss","18/4/2023, 02.46.03","0","No","0","No","https://www.tiktok.com/@ndryjwlhlwj7"
"=""7222947632523772699""","","=""6962491776658375682""","hemmbsosnddospsn","yan?","gtu gtu aja bosen","18/4/2023, 04.04.39","0","No","0","No","https://www.tiktok.com/@hemmbsosnddospsn"
"=""7222946568620688155""","","=""7006228592086909979""","sxuyy.hnn","Shannnk cvc★","ingat tujuanmu king katanya mau glowup di lebaran","17/4/2023, 16.22.00","0","No","1","No","https://www.tiktok.com/@sxuyy.hnn"
"=""7222984157465936666""","=""7222946568620688155""","=""6886841535641568258""","ridhosaputra237","ridho🐍","tunggu tgl main nya","17/4/2023, 18.47.49","0","No","","","https://www.tiktok.com/@ridhosaputra237"
"=""7222890368340902683""","","=""6815900949794849794""","aidillr","wick⛓️","ada nih sblm kuapus","17/4/2023, 20.02.15","0","No","3","No","https://www.tiktok.com/@aidillr"
"=""7223123282760188699""","=""7222890368340902683""","=""7163952719102903297""","radokalumpang","radokalumpang","bagi","18/4/2023, 03.48.01","0","No","","","https://www.tiktok.com/@radokalumpang"
"=""7223084169877455642""","=""7222890368340902683""","=""6970210769276191745""","hengky02_0","￴ ￴ ￴ ￴ ￴ ￴ ￴ ￴ ￴ ￴","bagi bng","18/4/2023, 01.16.16","0","No","","","https://www.tiktok.com/@hengky02_0"
"=""7223019384629396250""","=""7222890368340902683""","=""6872205670550406145""","jdklskjfj","b","bagiii","17/4/2023, 21.04.38","0","No","","","https://www.tiktok.com/@jdklskjfj"
"=""7222616787052413723""","","=""7130554775633298458""","sann3826","Sanz|TURU","itu 18+ ya","17/4/2023, 03.50.54","0","No","0","No","https://www.tiktok.com/@sann3826"