"Comment ID","Reply to Which Comment","User ID","Username","Nick Name","Comment","Comment Time","Digg Count","Author Digged","Reply Count","Pinned to Top","User Homepage"
"=""7601328604127494919""","","=""6986566432038814747""","mudiyacantik","𝚂𝚙𝚒𝚕𝚛𝚊𝚌𝚞𝚗𝚌𝚊𝚗𝚝𝚒𝚔","katanya di KDRT, itu bilangnya baik banget🤣","31/1/2026, 08.17.28","11961","No","37","No","https://www.tiktok.com/@mudiyacantik"
"=""7601491442619663125""","=""7601328604127494919""","=""6958597960734573573""","ndaahusain__","🦋","skrg udh cnggih ka, apa' udh bisa di edit","31/1/2026, 18.49.15","659","No","","","https://www.tiktok.com/@ndaahusain__"
"=""7601780884571996948""","=""7601328604127494919""","=""6848133759545164801""","rossierahman","rossie","confuse kita ya dibuat nya","1/2/2026, 13.32.27","73","No","","","https://www.tiktok.com/@rossierahman"
"=""7602236952121819905""","=""7601328604127494919""","=""7519318503586563079""","bublegumyyy.lyz.www","bublegumyyy.lyz.www","serba salah ya jadi dia, bilang di kdrt pada ga percaya giliran dia bilang yang baik baik salah juga","2/2/2026, 19.02.19","68","No","","","https://www.tiktok.com/@bublegumyyy.lyz.www"
"=""7604136679301137172""","=""7601328604127494919""","=""6792987840059376642""","ghifary2823","👣","iyaa yaaa, biasanya orang kalo d KDRT ga pernah terbesit bilang dia baik.","7/2/2026, 21.54.06","27","No","","","https://www.tiktok.com/@ghifary2823"
"=""7602648611461726994""","=""7601328604127494919""","=""6913565540683498498""","uvnvd.23","winter bear","😅","3/2/2026, 21.39.37","22","No","","","https://www.tiktok.com/@uvnvd.23"
"=""7606375483873575696""","=""7601328604127494919""","=""7557954103353017352""","anonymous_5638","Anonymous _","ini ai","13/2/2026, 22.41.52","0","No","","","https://www.tiktok.com/@anonymous_5638"
"=""7623739119903490824""","=""7601328604127494919""","=""7311569755147797512""","afrizal5573","Acill✨","tapi kok asli yah","1/4/2026, 17.41.43","4","No","","","https://www.tiktok.com/@afrizal5573"
"=""7622114941651338002""","=""7601328604127494919""","=""6874084617214641153""","khdd19","kdbbb12","di KDRT karena ketauan selingkuh mungkin ya, siapa yg gak marah cobak 😏","28/3/2026, 08.39.13","3","No","","","https://www.tiktok.com/@khdd19"
"=""7610689693568615189""","=""7601328604127494919""","=""6976619373378257922""","dinda_momoy97","Dinda_MoMoy97🦋","Itu lah play victim nya si jule dh mmg jelas dia yang salah dalam hal ini padahal ex husb nya mmg Baik sngat apa lagi jaga anak2 betul2 tulus","25/2/2026, 13.43.20","3","No","","","https://www.tiktok.com/@dinda_momoy97"
"=""7602774951305822997""","=""7601328604127494919""","=""6769958289913463810""","kireii980","kirei","astaga itu editan. lu polos apa dngo?","4/2/2026, 05.50.16","2","No","","","https://www.tiktok.com/@kireii980"
"=""7630331108089643794""","=""7601328604127494919""","=""7529209655555720208""","saskehh335","saskehh","biar dia berasa jadi korban padahal mah emang si jule nya aja yang jablai","19/4/2026, 12.01.57","1","No","","","https://www.tiktok.com/@saskehh335"
"=""7635477913210782485""","=""7601328604127494919""","=""7186350665248179201""","dewiapriliya_","LEOO😼","biar gk terlalu kena hujat itu tuh","3/5/2026, 08.54.17","0","No","","","https://www.tiktok.com/@dewiapriliya_"
"=""7635303188014596884""","=""7601328604127494919""","=""6625573742745862146""","diana.gita","diana.gita","mungkin daehon kdrt karna si jule nya ketauan selingkuh,atau nakal sama cwo lain semacam chat2an atau apalah itu. karna ini bkn kejadian pertama , ini udh kedua kali nya","2/5/2026, 21.36.07","0","No","","","https://www.tiktok.com/@diana.gita"
"=""7630440655295365908""","=""7601328604127494919""","=""7207383316685079553""","user9661561380545","zaqi","mleot mulutnya🤣🤣🤣🤣","19/4/2026, 19.07.05","0","No","","","https://www.tiktok.com/@user9661561380545"
"=""7629915120785294087""","=""7601328604127494919""","=""7613911108658856978""","pdilll25","pdilll","lu denger info dari mana jir","18/4/2026, 09.07.43","0","No","","","https://www.tiktok.com/@pdilll25"
"=""7629414339150152468""","=""7601328604127494919""","=""7327679707352007698""","gianpratama112017","GnGsd11.","Cuman alesan doang biar bebas sama syafri wkwkwk","17/4/2026, 00.44.26","0","No","","","https://www.tiktok.com/@gianpratama112017"
"=""7628206135456482066""","=""7601328604127494919""","=""7624443927126377490""","zzkiya_au","Zzkiya_Au.🅰️🤍🌷","gak usah gitu kak, klo kakak di posisi kak jule juga gitu, Salah enggak nya dia juga hidup dia, bukan hidupmu.","13/4/2026, 18.35.55","0","No","","","https://www.tiktok.com/@zzkiya_au"
"=""7626295563906433799""","=""7601328604127494919""","=""7047308357682840603""","adlzeln","zaaa จินติ้ง◉◦","editan kak","8/4/2026, 15.01.55","0","No","","","https://www.tiktok.com/@adlzeln"
"=""7626097499694301959""","=""7601328604127494919""","=""6784788927859721217""","dhianaditya1","deanrashop","😁 nanti jg Jule nyesel ninggalin anak anak nya . liat aja","8/4/2026, 02.13.21","0","No","","","https://www.tiktok.com/@dhianaditya1"
"=""7620016856393368328""","=""7601328604127494919""","=""7236711967703467013""","norisknoferari0","whalelock","sifat dasar wanita, muka 1000","22/3/2026, 16.57.20","0","No","","","https://www.tiktok.com/@norisknoferari0"
"=""7614171940484694802""","=""7601328604127494919""","=""6779923752643363841""","dr.rosmacantiek","dr.Rosma Cantiek","Kan kmarin biar gak keliatan trlalu salah 😅😂","6/3/2026, 22.56.05","0","No","","","https://www.tiktok.com/@dr.rosmacantiek"
"=""7612837523999671060""","=""7601328604127494919""","=""7080047764273251354""","whd_rs2222","Driver Bapak'e","itulah betina 🥺🔥🔥🔥","3/3/2026, 08.37.54","0","No","","","https://www.tiktok.com/@whd_rs2222"
"=""7602531785272918804""","=""7601328604127494919""","=""6804982020180280321""","mombgzs","vuvhuyayha🐰","makanya Daehoon pun berani speak up ya ka kalo dia ga melakuan kdrt. tyt pun juljul kejebak sm ucapannya sendiri ttg kdrt pdhal d sini dia blg bae bgt","3/2/2026, 14.06.26","1","No","","","https://www.tiktok.com/@mombgzs"
"=""7605997636915397397""","=""7601328604127494919""","=""7399627595760878600""","kattyperriiiii","kattyperriiiii","karna gambar edit","12/2/2026, 22.15.36","0","No","","","https://www.tiktok.com/@kattyperriiiii"
"=""7604852781825884946""","=""7601328604127494919""","=""6798760879464252418""","iyahajja","@R_013..yach","ntr klo dah nikah lg trus tdk sesuai exptasi bru krasa nyeselnya😭","9/2/2026, 20.12.57","0","No","","","https://www.tiktok.com/@iyahajja"
"=""7604368654076740368""","=""7601328604127494919""","=""6572790173145710594""","tesaawae","🌳waa🍯","nahh iyakan, plenger ni org","8/2/2026, 12.54.20","0","No","","","https://www.tiktok.com/@tesaawae"
"=""7604326864173630229""","=""7601328604127494919""","=""7031863720331445249""","ddippsyy__","dipsyyy🤚🏻","org ky jule nih besok ngomong a, besok nya lagi ngomong b, jadi ga jls ga sesuai sm omongan nya","8/2/2026, 10.12.11","0","No","","","https://www.tiktok.com/@ddippsyy__"
"=""7603702367175705362""","=""7601328604127494919""","=""6868208964540449794""","vviiiiiiiiiiiiiiii","Indomi goreng","Lupa dia 🤣","6/2/2026, 17.48.46","0","No","","","https://www.tiktok.com/@vviiiiiiiiiiiiiiii"
"=""7603011788293243655""","=""7601328604127494919""","=""7244312867602908165""","iiaayyoo","ia","aku diselingkuhin, disakitin berkali kali tapi aku tetep bilang dia baik bgt kak","4/2/2026, 21.08.56","0","No","","","https://www.tiktok.com/@iiaayyoo"
"=""7602569478774424340""","=""7601328604127494919""","=""7317524968190624786""","anaktalonbaikhati","kiwii","serba salah anjirr","3/2/2026, 16.32.43","0","No","","","https://www.tiktok.com/@anaktalonbaikhati"
"=""7602467488597672712""","=""7601328604127494919""","=""115932741463957504""","yuniar.rusheng13","Sayang🍂","lupa kali dia. soalnya gg sesuai skenarionya🤣","3/2/2026, 09.56.53","0","No","","","https://www.tiktok.com/@yuniar.rusheng13"
"=""7602136466471764737""","=""7601328604127494919""","=""7566464967155713040""","tatanita_aa","tata","@kikiyy🦋 @ditya @Lollipop🍓💓💐","2/2/2026, 12.32.21","1","No","","","https://www.tiktok.com/@tatanita_aa"
"=""7602139756692226834""","=""7601328604127494919""","=""6964052229175149569""","eerin337","Lollipop🍓💓💐","Cantik sih tpi..😭","2/2/2026, 12.45.03","0","No","","","https://www.tiktok.com/@eerin337"
"=""7602102374219760385""","=""7601328604127494919""","=""7169635986657608706""","yuniyulits","yuniyulits","tukang selingkuh emang gitu kak suka lupa sama omongannya sendiri soalnya ngarang","2/2/2026, 10.20.00","0","No","","","https://www.tiktok.com/@yuniyulits"
"=""7602098103214654209""","=""7601328604127494919""","=""80269440394608640""","mimauyi","heLLomima🍃","biasa blunder","2/2/2026, 10.03.25","0","No","","","https://www.tiktok.com/@mimauyi"
"=""7601635541181088533""","=""7601328604127494919""","=""117234147449856000""","dindaputri1410","Dinda dwi putri","Labil kak","1/2/2026, 04.08.39","0","No","","","https://www.tiktok.com/@dindaputri1410"
"=""7601547446913991445""","=""7601328604127494919""","=""6914650994828346369""","qisss531","qisss531","Haha😂","31/1/2026, 22.26.36","0","No","","","https://www.tiktok.com/@qisss531"
"=""7604233046435775239""","=""7601328604127494919""","=""7592901533877552135""","rikafirda4","RikaFirda","emang siapa yg gak mau nampar jule dia JD peternak burung kan. Sebelum ketahuan yaiyalah baik daehoon ini, dah ketahuan siapa yg gak marah😂Nemu kursi juga dilempar liat kelakuan istri bgtu😂😂","8/2/2026, 04.08.20","0","No","","","https://www.tiktok.com/@rikafirda4"
"=""7602469345595982610""","=""7601328604127494919""","=""6958026126946845697""","daboriba9","noe","plenger abis diaa😭","3/2/2026, 10.04.02","0","No","","","https://www.tiktok.com/@daboriba9"
"=""7600001879859446535""","","=""6868899451110900737""","diandragustiani","Diandra","jule sumpah lu cakep pake hijab leeeee","27/1/2026, 18.29.01","10525","No","54","No","https://www.tiktok.com/@diandragustiani"
"=""7600359280620946196""","=""7600001879859446535""","=""6818894907651867649""","mutiaranurlsh","Yayay","Engga, itu karna auranya udah gelap aja jadinya keliatan jele 🥰","28/1/2026, 17.35.51","683","No","","","https://www.tiktok.com/@mutiaranurlsh"
"=""7600020329671295765""","=""7600001879859446535""","=""6886683237776475138""","ig.rizqha_widya","Rizqha widya","iya lagi😫","27/1/2026, 19.40.36","40","No","","","https://www.tiktok.com/@ig.rizqha_widya"
"=""7600215523080684306""","=""7600001879859446535""","=""7193330653310927874""","shidezii","dsaf","i agree","28/1/2026, 08.18.14","6","No","","","https://www.tiktok.com/@shidezii"
"=""7600246358658286343""","=""7600001879859446535""","=""6538726406591086593""","strawberrychoco_10","Hellonov","bnr yaa","28/1/2026, 10.17.45","5","No","","","https://www.tiktok.com/@strawberrychoco_10"
"=""7601091406891123476""","=""7600001879859446535""","=""7318960796754805765""","delicious_pratama","Risa","di sini jd keliatan tua gitu ga kyak pas pake hijab","30/1/2026, 16.56.55","4","No","","","https://www.tiktok.com/@delicious_pratama"
"=""7600179767506649877""","=""7600001879859446535""","=""6709865869881656321""","chanhaian","Ezzam🐣🇹🇼","Bener banget nget nget ngot ngot","28/1/2026, 05.59.44","3","No","","","https://www.tiktok.com/@chanhaian"
"=""7634951526796772104""","=""7600001879859446535""","=""6763050944207012866""","firman000","Im.successful","GK usah d puji","1/5/2026, 22.51.26","2","No","","","https://www.tiktok.com/@firman000"
"=""7600632592246227720""","=""7600001879859446535""","=""6814078713933235201""","ann.bsky","ann.bsky","aku juga merasa begitu ka","29/1/2026, 11.16.32","2","No","","","https://www.tiktok.com/@ann.bsky"
"=""7600482920105837333""","=""7600001879859446535""","=""7598814599166034964""","bahlill05","bahlill","udah jadi barges","29/1/2026, 01.35.45","2","No","","","https://www.tiktok.com/@bahlill05"
"=""7619931445058323207""","=""7600001879859446535""","=""7326460467253036050""","wooyoung_san","jie hwaa zua","dengan bangga nya, istri yg selingkuh itu dtg ke podcast sm selingkuhanya, dandan cantik, lepas hijab tnpa rasa bersalah udh nyakitin hati ke 3 anak nya seumur hidup, apalah arti fisik klo nurani dan malu ny sudah hilang pdhl yg terpenting dr wnita adlah hrga diri, perilaku dn adab","22/3/2026, 11.25.53","1","No","","","https://www.tiktok.com/@wooyoung_san"
"=""7614914016997294869""","=""7600001879859446535""","=""7000595870992368666""","naneyyyy14","tsatsa","iyah benrrr auranya juga beda","8/3/2026, 22.55.39","1","No","","","https://www.tiktok.com/@naneyyyy14"
"=""7603575005319299856""","=""7600001879859446535""","=""7176189398529147906""","hw_heldaaa","Heldaaa✨","Benerr kak, aku aja suka bgt pas liat dia pake hijab 🥹","6/2/2026, 09.34.51","1","No","","","https://www.tiktok.com/@hw_heldaaa"
"=""7603021909055570708""","=""7600001879859446535""","=""7120077754134414337""","jandaanaksatuyesss","Esti Hastuti","dikafanin jg cakep KA","4/2/2026, 21.48.14","1","No","","","https://www.tiktok.com/@jandaanaksatuyesss"
"=""7603023837652091666""","=""7600001879859446535""","=""6868899451110900737""","diandragustiani","Diandra","kakkk😭😭😭","4/2/2026, 21.55.43","1","No","","","https://www.tiktok.com/@diandragustiani"
"=""7602873596294267669""","=""7600001879859446535""","=""7139461418303276037""","gt.zra_mln","9itzr_mln","Lepas hijab kek jamett","4/2/2026, 12.12.50","1","No","","","https://www.tiktok.com/@gt.zra_mln"
"=""7600206119578895125""","=""7600001879859446535""","=""6655336135575420929""","alimun868","𝕂𝕠𝕟𝕔𝕠 𝔻𝕖𝕎𝕖","bener tp sekarang doyan selingkuh,, jadi aslinya keluar,","28/1/2026, 07.41.42","1","No","","","https://www.tiktok.com/@alimun868"
"=""7638631460035805960""","=""7600001879859446535""","=""7341994866237359109""","desti7188","fens yuka🎀🫶","heh lo nggak usah gitu lo nggak usah ikut ikut","11/5/2026, 20.51.29","0","No","","","https://www.tiktok.com/@desti7188"
"=""7636235125391229716""","=""7600001879859446535""","=""7236768182991455238""","sisda.paulina.tar","Sisda Paulina Tarigan","najisss","5/5/2026, 09.52.41","0","No","","","https://www.tiktok.com/@sisda.paulina.tar"
"=""7635988437489386247""","=""7600001879859446535""","=""6915117139389252609""","lastsmilelost25","🔒","udah gelap jdi gk cakep...bosan🤣","4/5/2026, 17.55.14","0","No","","","https://www.tiktok.com/@lastsmilelost25"
"=""7635182635686740754""","=""7600001879859446535""","=""7061133044522746881""","ridhaaara","ridhaa","hijabnya ga mau kak klo dia yg pake😅","2/5/2026, 13.48.23","0","No","","","https://www.tiktok.com/@ridhaaara"
"=""7634710511296807698""","=""7600001879859446535""","=""6772092875347117057""","la4zyy_","303","kesini makin² gblg dia mah , dikira jokes anaknya itu lucu","1/5/2026, 07.16.21","0","No","","","https://www.tiktok.com/@la4zyy_"
"=""7634330730369401621""","=""7600001879859446535""","=""7441762895586132999""","xbratzx3","Cha","gk cakep biasa aja. bnyak yg lebih cakep","30/4/2026, 06.42.51","0","No","","","https://www.tiktok.com/@xbratzx3"
"=""7629569334779757333""","=""7600001879859446535""","=""6804815813859820545""","rennyvnnd","Renny Vnnd","ga ah muka nya biasa aj","17/4/2026, 10.45.51","0","No","","","https://www.tiktok.com/@rennyvnnd"
"=""7628600851854131986""","=""7600001879859446535""","=""6527797206342434817""","herlixz","Herlix👑👑","jlek b aja. ckep apnyqa","14/4/2026, 20.07.33","0","No","","","https://www.tiktok.com/@herlixz"
"=""7627901767388955409""","=""7600001879859446535""","=""6927509847588570114""","ririe0580","Ririe","benerrr..buka hijab kliatan LIAR jd nya","12/4/2026, 22.54.49","0","No","","","https://www.tiktok.com/@ririe0580"
"=""7623067118154040084""","=""7600001879859446535""","=""6959010576832496646""","pittyluv12","Pitty_Luv🌻","bner kok pas buka hijab ke ada yg beda wjahnya he","30/3/2026, 22.13.54","0","No","","","https://www.tiktok.com/@pittyluv12"
"=""7609862477950993168""","=""7600001879859446535""","=""7235226135951361026""","nurjishop","Nurji","kan","23/2/2026, 08.13.13","0","No","","","https://www.tiktok.com/@nurjishop"
"=""7608390793066513173""","=""7600001879859446535""","=""7493740801048052742""","vvndye","cupcake","berhijab dari hati","19/2/2026, 09.02.21","0","No","","","https://www.tiktok.com/@vvndye"
"=""7603686918911492884""","=""7600001879859446535""","=""7274592441785140231""","lukatakberdarah785","mawar berduri","iya bener cantik berhijab","6/2/2026, 16.48.47","0","No","","","https://www.tiktok.com/@lukatakberdarah785"
"=""7603658572983157522""","=""7600001879859446535""","=""7095402544561849370""","starrrrr12333","Moonlight","Iyalagii dia lebih cocok klo pake kerudung klo gini malah kyk mba” biasa😭😭","6/2/2026, 14.58.48","0","No","","","https://www.tiktok.com/@starrrrr12333"
"=""7603605070994883349""","=""7600001879859446535""","=""6883220224994083842""","yunani878","Asmy. jd","hooh","6/2/2026, 11.31.12","0","No","","","https://www.tiktok.com/@yunani878"
"=""7603369668661265153""","=""7600001879859446535""","=""7351229769269429254""","dwiandriaa","dwiandriaa","Bener, jujurly pas pakai hijab tu cantik banget. Lepas hijab malah jadi kaya jamet😭","5/2/2026, 20.17.46","0","No","","","https://www.tiktok.com/@dwiandriaa"
"=""7603076139137336084""","=""7600001879859446535""","=""7563610349233898504""","howmebody","Hello world!","iya pas pake jilbab auranya keluar feminine bgt","5/2/2026, 01.18.44","0","No","","","https://www.tiktok.com/@howmebody"
"=""7602874620160967425""","=""7600001879859446535""","=""7426718653590094854""","99iamsagi","Masmas Jowo.","klo gk make malah jadi LoendTeNye🤣","4/2/2026, 12.16.40","0","No","","","https://www.tiktok.com/@99iamsagi"
"=""7602833311051825936""","=""7600001879859446535""","=""7274278518107472902""","sari.aning.wijaya","Sari Aning Wijayanti1234","iyaa asli","4/2/2026, 09.36.21","0","No","","","https://www.tiktok.com/@sari.aning.wijaya"
"=""7602639830980657940""","=""7600001879859446535""","=""7055657723774927873""","yuliana.safitri01","YULIANA SAFITRI 🤝","Kalok gak pakek kayak b aja ya muka dia , beda aura kalok pakek jilbab","3/2/2026, 21.05.38","0","No","","","https://www.tiktok.com/@yuliana.safitri01"
"=""7602561877877736212""","=""7600001879859446535""","=""6956852604857861125""","minnie_pooh","Lia","iya koq skrg beda ya","3/2/2026, 16.03.12","0","No","","","https://www.tiktok.com/@minnie_pooh"
"=""7602490682263749394""","=""7600001879859446535""","=""7077962502386123778""","pess1manud1n","Pessssss","gaada cakep2nya pake hijab gapake hijab pun 🗿","3/2/2026, 11.26.51","0","No","","","https://www.tiktok.com/@pess1manud1n"
"=""7602263010691613458""","=""7600001879859446535""","=""6977329226324935682""","lvy.homee","Lvy.homee","Iya kok bisa beda jauh gitu ya🥺","2/2/2026, 20.43.21","0","No","","","https://www.tiktok.com/@lvy.homee"
"=""7602225496646959880""","=""7600001879859446535""","=""7448594760660845569""","smalltcauue","brian","makanyaaa 🤣🤣🤣 pede bgt die","2/2/2026, 18.17.48","0","No","","","https://www.tiktok.com/@smalltcauue"
"=""7602217264603726612""","=""7600001879859446535""","=""6796509712798499841""","inxfft","𝑰𝒏𝒅𝒂𝒉˚˖𓍢","rambutnya kek lepek terus gitu","2/2/2026, 17.45.49","0","No","","","https://www.tiktok.com/@inxfft"
"=""7602125997559612168""","=""7600001879859446535""","=""7382619425416020998""","userrr062512","️","asli ga pake hijab kepalnya kecil yah","2/2/2026, 11.51.45","0","No","","","https://www.tiktok.com/@userrr062512"
"=""7602099995462255381""","=""7600001879859446535""","=""6547056239565029377""","incee_88","nia✨️","gak ada cakep"" nya, lama"" di liatin kya ableh","2/2/2026, 10.10.49","0","No","","","https://www.tiktok.com/@incee_88"
"=""7601848345569755925""","=""7600001879859446535""","=""7202355927663789058""","panny.mulyadi","Panny Mulyadi","bener...mukanya lebar bgt klo dilepas jilbabnya","1/2/2026, 17.54.18","0","No","","","https://www.tiktok.com/@panny.mulyadi"
"=""7601447409356604161""","=""7600001879859446535""","=""7346424132009280518""","ksihfnsti","ksih_fnastii","geli bnget ada ya manusia begini ,udah tertutup tbtb selingkuh buka hijab lebih rendah dari lonte njis","31/1/2026, 15.58.29","0","No","","","https://www.tiktok.com/@ksihfnsti"
"=""7601317434536674068""","=""7600001879859446535""","=""6978385375799297026""","superanomali393","Darksistemツ","Yaa itu mksud sy , Terkadang jilbab hny utk menutup kejelekan dr bentuk wajah bukan krn tuntutan ajaran Islam. 😅😅😅","31/1/2026, 07.34.12","1","No","","","https://www.tiktok.com/@superanomali393"
"=""7601354958545683207""","=""7600001879859446535""","=""6868899451110900737""","diandragustiani","Diandra","kak😭😭","31/1/2026, 09.59.39","0","No","","","https://www.tiktok.com/@diandragustiani"
"=""7601321457290134293""","=""7600001879859446535""","=""6624361140154728450""","anadwibinuri","anadbnr","iya cantikan pake hijab, auranya keluar, kalau sekarang aur..","31/1/2026, 07.49.48","0","No","","","https://www.tiktok.com/@anadwibinuri"
"=""7601311157404648212""","=""7600001879859446535""","=""7531071467074765825""","tsetiyowati_asli","iso masak ✔️","baru mau ngetik ""jelek, cantikan pake hijab""","31/1/2026, 07.09.59","0","No","","","https://www.tiktok.com/@tsetiyowati_asli"
"=""7601293768911209232""","=""7600001879859446535""","=""7560033307863843848""","namanya.kiki7","NAMANYA KIKI🎀","bener ka","31/1/2026, 06.02.24","0","No","","","https://www.tiktok.com/@namanya.kiki7"
"=""7601115772811510536""","=""7600001879859446535""","=""6950162895414428673""","ahmadfauzi94010","Ahmad fauzi","lebih baik gitu ga cocok takut gitu lagi kelakuan nya mungkin dia juga malu","30/1/2026, 18.31.28","0","No","","","https://www.tiktok.com/@ahmadfauzi94010"
"=""7602098046700258065""","=""7600001879859446535""","=""80269440394608640""","mimauyi","heLLomima🍃","auranya ikang","2/2/2026, 10.03.10","0","No","","","https://www.tiktok.com/@mimauyi"
"=""7601491048778547988""","=""7600001879859446535""","=""6958597960734573573""","ndaahusain__","🦋","leeelee","31/1/2026, 18.47.42","0","No","","","https://www.tiktok.com/@ndaahusain__"
"=""7625301584667689735""","=""7600001879859446535""","=""6867106963853247493""","flowerrrs05","piscess","😳","5/4/2026, 22.44.45","0","No","","","https://www.tiktok.com/@flowerrrs05"
"=""7625301432560878354""","=""7600001879859446535""","=""6867106963853247493""","flowerrrs05","piscess","😭","5/4/2026, 22.44.10","0","No","","","https://www.tiktok.com/@flowerrrs05"
"=""7611710739082691348""","=""7600001879859446535""","=""7060566763305485314""","liveneverflatt","bang jago","😂😂😂","28/2/2026, 07.45.29","0","No","","","https://www.tiktok.com/@liveneverflatt"
"=""7601272866725692167""","","=""6946995527390053377""","donjarot19","DON JAROT","piala bergilir","31/1/2026, 04.41.06","3449","No","5","No","https://www.tiktok.com/@donjarot19"
"=""7601305383395558164""","=""7601272866725692167""","=""6788362087389201410""","mallagumilar92","Mirzagumilar92","abis podcast jga gak tau nih🤣","31/1/2026, 06.47.32","22","No","","","https://www.tiktok.com/@mallagumilar92"
"=""7627496668708274965""","=""7601272866725692167""","=""7617749362991154197""","user.notfound3166","Indra Tanjung","giliran gw habis vobcas🤣","11/4/2026, 20.42.53","2","No","","","https://www.tiktok.com/@user.notfound3166"
"=""7634169785467568917""","=""7601272866725692167""","=""7042232160611140610""","marinduuu","Marinduuu","Fefek bergilir kak","29/4/2026, 20.18.04","2","No","","","https://www.tiktok.com/@marinduuu"
"=""7601288940372968212""","=""7601272866725692167""","=""6684208595679069185""","acaanisaaa_","acaanisa_","😳","31/1/2026, 05.43.42","2","No","","","https://www.tiktok.com/@acaanisaaa_"
"=""7602693680143581960""","=""7601272866725692167""","=""6989264910735885314""","izuhair_ng","Izuhair","🤣","4/2/2026, 00.34.35","1","No","","","https://www.tiktok.com/@izuhair_ng"
"=""7642937871657517845""","","=""7604396078482670613""","nurissafwah","🌷Safwah_Encoer🌷","ko jadi kesin sana jule😭🙏","23/5/2026, 11.22.46","1","No","0","No","https://www.tiktok.com/@nurissafwah"
"=""7600271528337261332""","","=""7117295884875138075""","knrdo_","murid tuhan yesus","RUJUK PLIS","28/1/2026, 11.55.23","837","No","16","No","https://www.tiktok.com/@knrdo_"
"=""7600271559063814933""","=""7600271528337261332""","=""7117295884875138075""","knrdo_","murid tuhan yesus","ke RSJ","28/1/2026, 11.55.30","2300","No","","","https://www.tiktok.com/@knrdo_"
"=""7601106074921517845""","=""7600271528337261332""","=""6784808247242687490""","user684365114","langit","rujuk ke poli jiwa dan poli kulit dan kelamin soalnya fefe nya di kangkangin sana sini","30/1/2026, 17.53.48","28","No","","","https://www.tiktok.com/@user684365114"
"=""7600577903949546248""","=""7600271528337261332""","=""7178383539216925698""","ellaluna509","@Makpolda'Allienatea🥷🐉","rujuk sma cwe yg udh di ulek² fefek nya ma cwo lain gt ? gmn klo th cwe nya bwa virus pnykit","29/1/2026, 07.44.41","12","No","","","https://www.tiktok.com/@ellaluna509"
"=""7600326693895635733""","=""7600271528337261332""","=""7365524367906440209""","user3811252446962","user3811252446962","rumah sakit hjiwa","28/1/2026, 15.29.32","8","No","","","https://www.tiktok.com/@user3811252446962"
"=""7636235249366909716""","=""7600271528337261332""","=""7236768182991455238""","sisda.paulina.tar","Sisda Paulina Tarigan","amit""","5/5/2026, 09.53.20","0","No","","","https://www.tiktok.com/@sisda.paulina.tar"
"=""7635342096946725633""","=""7600271528337261332""","=""6614894137878806530""","matahari_la","Sendyafriska4","Jijik kali","3/5/2026, 00.07.37","0","No","","","https://www.tiktok.com/@matahari_la"
"=""7634501895620772629""","=""7600271528337261332""","=""7222591538462442497""","minnakr25","minnakr25","lol","30/4/2026, 17.46.45","0","No","","","https://www.tiktok.com/@minnakr25"
"=""7634130721540080402""","=""7600271528337261332""","=""7326076015067268097""","milda4701","eleme","muhn","29/4/2026, 17.46.22","0","No","","","https://www.tiktok.com/@milda4701"
"=""7602150860617302792""","=""7600271528337261332""","=""6924040832106595329""","yhunieemmily_","yhunieemmily_","NAJIS","2/2/2026, 13.28.08","0","No","","","https://www.tiktok.com/@yhunieemmily_"
"=""7602100747287331605""","=""7600271528337261332""","=""6547056239565029377""","incee_88","nia✨️","ngapain fefek bebekasan pisang"" ndurjana, Allah sdh menjauhkan daehon dari wanita doyan selingkyuh","2/2/2026, 10.13.45","0","No","","","https://www.tiktok.com/@incee_88"
"=""7602098187797316353""","=""7600271528337261332""","=""80269440394608640""","mimauyi","heLLomima🍃","gk ikhlas","2/2/2026, 10.03.47","0","No","","","https://www.tiktok.com/@mimauyi"
"=""7601402521345934096""","=""7600271528337261332""","=""7148778978978612250""","coklattanahliat","coklattanahliat","piala bergilir","31/1/2026, 13.04.23","0","No","","","https://www.tiktok.com/@coklattanahliat"
"=""7600276499014370049""","=""7600271528337261332""","=""6505804852193607691""","schwaarheid_","dokkodokkk","bangg😭🤣","28/1/2026, 12.14.43","2","No","","","https://www.tiktok.com/@schwaarheid_"
"=""7600308017704387349""","=""7600271528337261332""","=""6767368242286806018""","rsjiwa78","RUMAH SAKIT JIWA","ready","28/1/2026, 14.17.05","0","No","","","https://www.tiktok.com/@rsjiwa78"
"=""7600309072050619157""","=""7600271528337261332""","=""7117295884875138075""","knrdo_","murid tuhan yesus","angkut dok","28/1/2026, 14.21.03","1","No","","","https://www.tiktok.com/@knrdo_"
"=""7603016716751602452""","=""7600271528337261332""","=""7306488398712210438""","gula_madu20","gula_madu","kalo rujuk itu hy akan membuat luka daehon tambah sakit,,karena orang yg sudah berselingkuh tidak menutup kemungkinan kalo ada kesempatan dia akan ngelakuin perselingkuhan LG,selingkuh itu penyakit","4/2/2026, 21.28.09","0","No","","","https://www.tiktok.com/@gula_madu20"
"=""7599988760612307720""","","=""7176248884287538203""","decaangelistaaso_","decaangelistaaso🧕💞","pasti ada sebabnya mengapa iaa sampai jadi begini 🥹","27/1/2026, 17.38.02","608","No","63","No","https://www.tiktok.com/@decaangelistaaso_"
"=""7599995004068578065""","=""7599988760612307720""","=""7546124137648112648""","rajaf136","rajaf","salah satunya dan yg pertama adalah tolol","27/1/2026, 18.02.17","2303","No","","","https://www.tiktok.com/@rajaf136"
"=""7600001498814300929""","=""7599988760612307720""","=""6786214060754977793""","phoetghem","CalRay Collections","sebabnya gatel 😭","27/1/2026, 18.27.37","227","No","","","https://www.tiktok.com/@phoetghem"
"=""7600017905124918024""","=""7599988760612307720""","=""7543243774227448833""","mymisery45","Yai_Ndra😊","salah satu nya Hyper","27/1/2026, 19.31.07","77","No","","","https://www.tiktok.com/@mymisery45"
"=""7599999524527112961""","=""7599988760612307720""","=""6914444022712353794""","aditmldik","Aditya","gblk","27/1/2026, 18.20.02","45","No","","","https://www.tiktok.com/@aditmldik"
"=""7600240559077311240""","=""7599988760612307720""","=""6788276700662580225""","eljaya6","EL Jaya","sebabny watak nya emang mau gonta ganti cwo ga bisa setia","28/1/2026, 09.55.19","13","No","","","https://www.tiktok.com/@eljaya6"
"=""7600109188132193032""","=""7599988760612307720""","=""7579702464329843719""","noval.aris78","haris Armand tsarukyan","tidak ada pembenaran buat wanita bangor...
😂😂😂 11 12 ya sama jule. awas penyakitan","28/1/2026, 01.25.24","8","No","","","https://www.tiktok.com/@noval.aris78"
"=""7601311322705789716""","=""7599988760612307720""","=""7531071467074765825""","tsetiyowati_asli","iso masak ✔️","apapun penyebabnya, selingkuh bukan solusi 💥","31/1/2026, 07.10.27","5","No","","","https://www.tiktok.com/@tsetiyowati_asli"
"=""7630515476951712519""","=""7599988760612307720""","=""6927300782326121474""","pen_citra_an","Kebun Saya Citra","betul, aku pun kadang suamiku kasar mulutnya bhkan prnh menampar, tpi kita sebagai perempuan, apa sih yg kita cari dari laki2 di luar sana?
gk ada....
kita cuma mau cari pembelaan kalau kita curhat. kan bisa tu si jule curhat sama kluarga atau teman cewek klo mau curhat. gk perlu sampai keluyuran sm laki2. trus ujung2nya dia yg minta rujuk... jule tu tipe org yg klo ada masalah, bukan nya di selesaikan dgn dingin, malah menantang masalah biar jadi lebih besar.
intinya kita sebagai perempuan hrus jaga diri deh apapun yg terjadi, kalau bukan dgn yg halal di rumah, mending tdk sama sekali...","19/4/2026, 23.57.22","0","No","","","https://www.tiktok.com/@pen_citra_an"
"=""7600398684265759495""","=""7599988760612307720""","=""6906358356068631554""","reycilsaudara","rian ji","gatal aja bawaan pepekkk nya","28/1/2026, 20.08.43","6","No","","","https://www.tiktok.com/@reycilsaudara"
"=""7624622933692203783""","=""7599988760612307720""","=""7048614576653419522""","drkjokee","⚓","tolol lo, udh tolol jelek lagi","4/4/2026, 02.51.17","1","No","","","https://www.tiktok.com/@drkjokee"
"=""7624621816087298834""","=""7599988760612307720""","=""7048614576653419522""","drkjokee","⚓","gini nih dampak negatif dari penggunaan gawai pada anak dibawah umur","4/4/2026, 02.47.01","1","No","","","https://www.tiktok.com/@drkjokee"
"=""7625638717244244744""","=""7599988760612307720""","=""7176248884287538203""","decaangelistaaso_","decaangelistaaso🧕💞","iya kek🙏","6/4/2026, 20.33.01","0","No","","","https://www.tiktok.com/@decaangelistaaso_"
"=""7616925863582384917""","=""7599988760612307720""","=""7590598680361813013""","883211_","sayangkamu","bener sih. bner bngtttt dia perempuan . sebejad2 perempuan ada sisi perempuan yang merubah dia jd bgitu. cm tertahan di dada","14/3/2026, 09.02.49","1","No","","","https://www.tiktok.com/@883211_"
"=""7603780887356343048""","=""7599988760612307720""","=""6776507483231781889""","ria0397","BUNGSU","inti nyah karna pergaulan.. liat temen temen nyah sekarang gimana .. kurang bahan semua kan","6/2/2026, 22.53.25","1","No","","","https://www.tiktok.com/@ria0397"
"=""7603408101526700820""","=""7599988760612307720""","=""120221704101982208""","vitaminsea0101","cookie","sebabnya karna ada gangguan jiwa, selingkuh itu penyakit","5/2/2026, 22.46.52","1","No","","","https://www.tiktok.com/@vitaminsea0101"
"=""7603209283433399057""","=""7599988760612307720""","=""6787311841556874241""","usertiktod22","YTTA 🗿","cntoh manusia k0ntl0","5/2/2026, 09.55.19","1","No","","","https://www.tiktok.com/@usertiktod22"
"=""7602684684443452167""","=""7599988760612307720""","=""7400027375045526533""","halloaabn","halloaabn","emng dia penyakit tukang selingkuh sih","3/2/2026, 23.59.38","1","No","","","https://www.tiktok.com/@halloaabn"
"=""7602628624310960913""","=""7599988760612307720""","=""6787984464875947009""","coffemochies","Ususbuntu","kalo diliat dari track recordnya si emang gada otak aja sih","3/2/2026, 20.22.02","1","No","","","https://www.tiktok.com/@coffemochies"
"=""7601402256956998421""","=""7599988760612307720""","=""6856547902741316610""","zaahira24","ara zahira","sebabnya murah, jd gk bisa menahan fefeknya","31/1/2026, 13.03.13","1","No","","","https://www.tiktok.com/@zaahira24"
"=""7639529952333136648""","=""7599988760612307720""","=""6524495643398045698""","ifah_0908","ifah❤","krna dia suka gonta ganti kntol, itu msalah ny on","14/5/2026, 06.58.12","0","No","","","https://www.tiktok.com/@ifah_0908"
"=""7636728564671726357""","=""7599988760612307720""","=""6508302857190653954""","barani_1","Begu kaltim","[Stiker] ","6/5/2026, 17.47.27","0","No","","","https://www.tiktok.com/@barani_1"
"=""7636610903350346517""","=""7599988760612307720""","=""81915925619""","dinovoilaarts","D-noise","cz gila akan kont*l jangan nyari pembenaran cok","6/5/2026, 10.10.57","0","No","","","https://www.tiktok.com/@dinovoilaarts"
"=""7636586465786544913""","=""7599988760612307720""","=""7101219426628666395""","buginese77_","JOY BOY","Jgn ngomong gtu emg betina nya aja ga bersyukur 😌 dana toloI bgt 😏","6/5/2026, 08.35.54","0","No","","","https://www.tiktok.com/@buginese77_"
"=""7636235279594095380""","=""7599988760612307720""","=""7236768182991455238""","sisda.paulina.tar","Sisda Paulina Tarigan","salah satunya gk cukup 1kon..","5/5/2026, 09.53.11","0","No","","","https://www.tiktok.com/@sisda.paulina.tar"
"=""7635962985668363028""","=""7599988760612307720""","=""7572154052264772628""","titin.aliyah275","Titin Aliyah","sebabnya dia nikah tapi belum siap jadi seorang ibu","4/5/2026, 16.16.34","0","No","","","https://www.tiktok.com/@titin.aliyah275"
"=""7635708766578754321""","=""7599988760612307720""","=""6912652322242200577""","udown.07","kobe Akabe™","otak lu ketinggal d kuburan","3/5/2026, 23.49.54","0","No","","","https://www.tiktok.com/@udown.07"
"=""7635547109567939349""","=""7599988760612307720""","=""122811885103497216""","buihbintangsyahdu","Buih Bintang Syahdu","sebab nya dia gblq","3/5/2026, 13.22.48","0","No","","","https://www.tiktok.com/@buihbintangsyahdu"
"=""7635506435619160852""","=""7599988760612307720""","=""6986944009005057029""","userku9cdprx24","𝗕𝗝𝗢𝗥𝗞𝗔","Begonya natural ni orang","3/5/2026, 10.44.57","0","No","","","https://www.tiktok.com/@userku9cdprx24"
"=""7635498857967403794""","=""7599988760612307720""","=""7588826508035179537""","cocofun217","COCOFUN217","ada kk. kurang iman","3/5/2026, 10.15.26","0","No","","","https://www.tiktok.com/@cocofun217"
"=""7635481964145509140""","=""7599988760612307720""","=""6856361612421366786""","putraaa21k","s for satyaa","mataem","3/5/2026, 09.10.02","0","No","","","https://www.tiktok.com/@putraaa21k"
"=""7635279256738267911""","=""7599988760612307720""","=""7041900467316327425""","sokartislu","Kiwkiwcikurukuk","Karna ketololan nya lah","2/5/2026, 20.03.15","0","No","","","https://www.tiktok.com/@sokartislu"
"=""7635192041886466837""","=""7599988760612307720""","=""6960803543301784578""","lipstick_merah","🇲🇾Lipstick_Merah🇵🇸","Bullshit! Dia memang gatal 😏😏","2/5/2026, 14.24.53","0","No","","","https://www.tiktok.com/@lipstick_merah"
"=""7635094998899475220""","=""7599988760612307720""","=""6948385198988903426""","mo.tau_aja","mimur92","dia merasa dirinya kurang baik untuk suaminya makanya dia lepas dengan cara begitu. dia sadar dia bukan wanita yg baik","2/5/2026, 08.08.23","0","No","","","https://www.tiktok.com/@mo.tau_aja"
"=""7635081450865689365""","=""7599988760612307720""","=""7008461309592175618""","maruko123u3055","anna","akibat pelet safari😂","2/5/2026, 07.15.55","0","No","","","https://www.tiktok.com/@maruko123u3055"
"=""7635006432295273234""","=""7599988760612307720""","=""6859629622528377857""","dzrmzo","VirgoSaint","liat dong dia bilang baik bangat sekali lagi baik bangat!! karena baik bangt belum tentu cukup bikin bahagia gitu kan maksudnya? yg namanya selingkuh itu gk butuh alasan buat selingkuh, selesai dulu masalah selesai kan hubungan barulah cari yg lain!!! klo orang selingkuh trus bilang karena begini karena begitu, ketahuilah dia cuma butuh pembelaan dari kesalahan yg dia buat!!","2/5/2026, 02.24.35","0","No","","","https://www.tiktok.com/@dzrmzo"
"=""7634980729008554760""","=""7599988760612307720""","=""7398933757933159429""","kamutanya005","kolangkaling","gatel tau gatelllll ..liat aja penampilan doi skrg gatel...tellll...telllll😂.","2/5/2026, 00.44.46","0","No","","","https://www.tiktok.com/@kamutanya005"
"=""7634909596091777800""","=""7599988760612307720""","=""6528973232702455809""","vee_mochi91","Vee Mochi park","kufur nikmat ajja sih ! gk tau diri","1/5/2026, 20.08.42","0","No","","","https://www.tiktok.com/@vee_mochi91"
"=""7634833572183966482""","=""7599988760612307720""","=""7247938526061446162""","tristan.karismapu","Tristan Karismaputra","sebabnya dia terlalu gatal JD perempuan","1/5/2026, 15.13.42","0","No","","","https://www.tiktok.com/@tristan.karismapu"
"=""7634805292198462224""","=""7599988760612307720""","=""6899323823943795713""","r.fikrir","fin","sblum niih udh selingkih","1/5/2026, 13.24.02","0","No","","","https://www.tiktok.com/@r.fikrir"
"=""7634795358769496852""","=""7599988760612307720""","=""7328339989283865606""","azntry","Az","hoakk cuih","1/5/2026, 12.45.32","0","No","","","https://www.tiktok.com/@azntry"
"=""7634721014916465429""","=""7599988760612307720""","=""6963520103968130049""","mislah_amrhy","Sincan🤪","Gatel😂","1/5/2026, 07.57.21","0","No","","","https://www.tiktok.com/@mislah_amrhy"
"=""7634604648109048583""","=""7599988760612307720""","=""7473766825634612231""","sweetdaddy0289","Papa_Manis","sama nihhh🤣😂","1/5/2026, 00.25.25","0","No","","","https://www.tiktok.com/@sweetdaddy0289"
"=""7634519060294091541""","=""7599988760612307720""","=""7464556045525402644""","rizkiadams0","R A","plenger bgt","30/4/2026, 18.53.20","0","No","","","https://www.tiktok.com/@rizkiadams0"
"=""7634434923718427412""","=""7599988760612307720""","=""6724484225053852674""","aifariesya89","aiFaRiesya89💐💃","sbbnya xpuas enjoy masa muda,awal2 menggedik nk kawin bila dh beranak trbeban. pastu xpuas enjoy masa muda","30/4/2026, 13.27.00","0","No","","","https://www.tiktok.com/@aifariesya89"
"=""7634373201020633863""","=""7599988760612307720""","=""7512661224325874706""","rarebags","RareBags","sebabnya? karna dia bangsyattt, perempuan dazzal ngarti loe","30/4/2026, 09.27.26","0","No","","","https://www.tiktok.com/@rarebags"
"=""7634364421259379477""","=""7599988760612307720""","=""7089060186228507650""","kikio797","Reva nanda","apapun alasannya tetap salah selingkuh nauzubillah","30/4/2026, 08.53.33","0","No","","","https://www.tiktok.com/@kikio797"
"=""7630844715713905415""","=""7599988760612307720""","=""87699935004852224""","hearttcold","coldheart♡︎","ga mungkin kak,setengil tengilnya pasangan gaakan buat lakuin perselingkuhan.jgn jd perselingkuhan buat tameng,salah ya salah.bukan ""ada sebab"" aneh","20/4/2026, 21.14.56","0","No","","","https://www.tiktok.com/@hearttcold"
"=""7627013280561070866""","=""7599988760612307720""","=""7467422064283403272""","radho_31","Radho","alasan nya nyari yang gede si","10/4/2026, 13.27.00","0","No","","","https://www.tiktok.com/@radho_31"
"=""7626704092698608385""","=""7599988760612307720""","=""6971755026516853762""","drogba4255","drogba","yah mau ngelo*te aja😜","9/4/2026, 17.27.26","0","No","","","https://www.tiktok.com/@drogba4255"
"=""7626045762325889799""","=""7599988760612307720""","=""7372577595391886341""","apri.yana429","Apri Yana","sebabnya dia to**l","7/4/2026, 22.52.31","0","No","","","https://www.tiktok.com/@apri.yana429"
"=""7625921856479757076""","=""7599988760612307720""","=""6851186789714707457""","mayasel25","geminian🫶🏻","Dia merasa cantik dan gampang suka sama lawan jenis🙏🏻","7/4/2026, 14.51.51","0","No","","","https://www.tiktok.com/@mayasel25"
"=""7624077248585827092""","=""7599988760612307720""","=""6927120245341668353""","_aslanxyz","AAslan","Baca ini iq gua turun","2/4/2026, 15.33.51","0","No","","","https://www.tiktok.com/@_aslanxyz"
"=""7625638888136721160""","=""7599988760612307720""","=""7176248884287538203""","decaangelistaaso_","decaangelistaaso🧕💞","SDMmu rendah 🙏","6/4/2026, 20.33.40","0","No","","","https://www.tiktok.com/@decaangelistaaso_"
"=""7625605558402695944""","=""7599988760612307720""","=""7168442302096147483""","fadlisa04414","aulifa shop II","setuju","6/4/2026, 18.24.22","0","No","","","https://www.tiktok.com/@fadlisa04414"
"=""7625572967959642901""","=""7599988760612307720""","=""6820690755231040513""","kak.budi","Budi Nurcahya","Sebabnya adalah PENYAKIT","6/4/2026, 16.17.59","0","No","","","https://www.tiktok.com/@kak.budi"
"=""7624433108403094279""","=""7599988760612307720""","=""7271866317765903366""","strawbbaiesskii4","𝓴","sebab fefek nya gatel","3/4/2026, 14.34.41","0","No","","","https://www.tiktok.com/@strawbbaiesskii4"
"=""7624406292908753672""","=""7599988760612307720""","=""6785561634234418177""","darkestthan","darkestthan","kalo murah ya murah aja gaada sebabnya, ya sebabnya krn murah","3/4/2026, 12.50.38","0","No","","","https://www.tiktok.com/@darkestthan"
"=""7624242458246775560""","=""7599988760612307720""","=""7549972335894348807""","incessanaaa28","anaaaa","ya sebab nya krna dia ga tahan pen coba kanjut lain","3/4/2026, 02.14.49","0","No","","","https://www.tiktok.com/@incessanaaa28"
"=""7624081519719858962""","=""7599988760612307720""","=""7472415724515050513""","zhain784","ZHAIN PRATHAMA2","sebabnya mau merasa kan punya yg lain..dan seterusnya","2/4/2026, 15.50.17","0","No","","","https://www.tiktok.com/@zhain784"
"=""7624017977298944776""","=""7599988760612307720""","=""6871080917210203138""","shanum_aurelia_n","Rizky","wanita ga suka dgn laki laki yg terlalu baik, itulah sebabnya... gwa sih berharapnya wanita yg bilang gitu jodohnya penjahat.😅😅😅","2/4/2026, 11.43.51","0","No","","","https://www.tiktok.com/@shanum_aurelia_n"
"=""7623110612093534997""","=""7599988760612307720""","=""7458865952982402055""","saliti05","K-keMBang kEmpiS","otak sama usus lu sama!!
sama2 buntu😂😂","31/3/2026, 01.02.48","0","No","","","https://www.tiktok.com/@saliti05"
"=""7623028794819199765""","=""7599988760612307720""","=""6610168986384728066""","n0n4m389","@N0N4M3","GATAL","30/3/2026, 19.45.11","0","No","","","https://www.tiktok.com/@n0n4m389"
"=""7620169772241044225""","=""7599988760612307720""","=""6978506201994986497""","lawsolotrade_1","Law_","iya sebabnya tolol & trlalu mikirin dunia","23/3/2026, 02.50.57","0","No","","","https://www.tiktok.com/@lawsolotrade_1"
"=""7619707971572187924""","=""7599988760612307720""","=""7261203916778996742""","bedul885","Pembela Kebenaran","iya gak jauh beda sama lu sebab nya kegatelan aja gak ada sebab yang lain","21/3/2026, 20.58.41","0","No","","","https://www.tiktok.com/@bedul885"
"=""7619093123741991688""","=""7599988760612307720""","=""6811471383219536897""","cat_familly999","lovely_Cat🐱🐈‍⬛","sebabnya ga bersyukur","20/3/2026, 05.12.49","0","No","","","https://www.tiktok.com/@cat_familly999"
"=""7615203340687328008""","=""7599988760612307720""","=""6873402435655992322""","articletriyani","Neni triyani","Iyah tolol banget ngikutin hawa nafsu","9/3/2026, 17.38.25","0","No","","","https://www.tiktok.com/@articletriyani"
"=""7615131357060580112""","=""7599988760612307720""","=""7458942068719846405""","ukim2405","Kimcpo","Suaminya terlalu baik buat dia yg busuk😁","9/3/2026, 12.59.06","0","No","","","https://www.tiktok.com/@ukim2405"
"=""7614093028353180436""","=""7599988760612307720""","=""7035270338079671298""","sucidalamdebu12345","jovi","kenapa sekarang jadi jab**y yak","6/3/2026, 17.49.52","0","No","","","https://www.tiktok.com/@sucidalamdebu12345"
"=""7613992189174416148""","=""7599988760612307720""","=""7455250512310502406""","terlalu.diiniin.apasih","Terlalu Di Iniin","SEBAB NYA GATAL BERJAMUR","6/3/2026, 11.18.43","0","No","","","https://www.tiktok.com/@terlalu.diiniin.apasih"
"=""7612837626169770772""","=""7599988760612307720""","=""7080047764273251354""","whd_rs2222","Driver Bapak'e","Jangan ada pembenaran lg Mbak, jelas dia sdh salah...","3/3/2026, 08.38.28","0","No","","","https://www.tiktok.com/@whd_rs2222"
"=""7609117948481061653""","=""7599988760612307720""","=""6692850623899173890""","fiyani33","fiya","karena hyper","21/2/2026, 08.04.02","0","No","","","https://www.tiktok.com/@fiyani33"
"=""7608686420056310544""","=""7599988760612307720""","=""6782071914979656706""","masjowa","Mas JoWa","🤣 sebabnya gobl*k dan dongo
semua keluarga ada masalahnya
tp selingkuh bukan jalan keluar","20/2/2026, 04.09.45","0","No","","","https://www.tiktok.com/@masjowa"
"=""7608431514955498260""","=""7599988760612307720""","=""7258636360863663105""","yusufeffendi339","yusufeffendi339","ibelis laknat","19/2/2026, 11.40.28","0","No","","","https://www.tiktok.com/@yusufeffendi339"
"=""7606434554681574161""","=""7599988760612307720""","=""7305432419909501954""","_softyhh","@softyyhh","lo ada otak ga? menghalalkan perselingkuhan 😏","14/2/2026, 02.31.14","0","No","","","https://www.tiktok.com/@_softyhh"
"=""7606282667579196168""","=""7599988760612307720""","=""7470444763515700231""","oke.boss797","oke boss","sebabnya...adalh produk bestsalerrrrr...di flashsale fefe k...","13/2/2026, 16.41.37","0","No","","","https://www.tiktok.com/@oke.boss797"
"=""7605410731269440277""","=""7599988760612307720""","=""7166238804197786651""","noneitsylv","🌻","Dia gatel si paling","11/2/2026, 08.18.17","0","No","","","https://www.tiktok.com/@noneitsylv"
"=""7604745719124214549""","=""7599988760612307720""","=""7425627426203468806""","fendri055","Fendri","gatallll itu sebab nya","9/2/2026, 13.17.39","0","No","","","https://www.tiktok.com/@fendri055"
"=""7604400160702579477""","=""7599988760612307720""","=""7345449189168825349""","akupink7","akupink","SALAHSATUNYA GA BERSYUKUR DAN BODOH","8/2/2026, 14.56.34","0","No","","","https://www.tiktok.com/@akupink7"
"=""7604384454824788757""","=""7599988760612307720""","=""7179177355482432538""","nailafzahra_","nailafzahra","iya memang, sebabnya gatel san tolol","8/2/2026, 13.55.46","0","No","","","https://www.tiktok.com/@nailafzahra_"
"=""7604358416924754709""","=""7599988760612307720""","=""7545572862309041173""","cemfor0","cemfor","penyebabnya pengen seelit yang gede","8/2/2026, 12.14.42","0","No","","","https://www.tiktok.com/@cemfor0"
"=""7604245700880270100""","=""7599988760612307720""","=""7020972376821253121""","anitaashsyahudi","Anita Ash Syahudi","ya minimal kalo gak cocok, cerai dulu baru ganti yang lain","8/2/2026, 04.57.18","0","No","","","https://www.tiktok.com/@anitaashsyahudi"
"=""7604153516488098576""","=""7599988760612307720""","=""7074565457676059674""","shila92040","shila🫐","bocah tolol😭","7/2/2026, 22.59.24","0","No","","","https://www.tiktok.com/@shila92040"
"=""7603984793609601813""","=""7599988760612307720""","=""7215524627865977862""","baatoosai","Kenshin","salah satunya vevex nya minta terong yg lain 🤪","7/2/2026, 12.04.50","0","No","","","https://www.tiktok.com/@baatoosai"
"=""7603943287889036052""","=""7599988760612307720""","=""7288606487324279813""","couple.edan3","Pyuupyuuuu","Ya karna dia gatal lah apalagi , dibilang puber kedua juga bisa","7/2/2026, 09.23.53","0","No","","","https://www.tiktok.com/@couple.edan3"
"=""7603936716265423636""","=""7599988760612307720""","=""6711216598310454273""","diniyanti11","🥀D!N!¥@NTi🌾🇮🇩","sebabnya utamanya sih gatel","7/2/2026, 08.58.19","0","No","","","https://www.tiktok.com/@diniyanti11"
"=""7603890693450613524""","=""7599988760612307720""","=""6846898009768248321""","nursays30","Mbahnya kayla","intinya dia ingin bebas😏","7/2/2026, 05.59.45","0","No","","","https://www.tiktok.com/@nursays30"
"=""7603747039889867540""","=""7599988760612307720""","=""7422104960982713350""","blueberrypoffertjes","blueberrypoffertjes🫐","no. 1 dia tukang selingkuh. dah itu aja latar belakang kelakuan dia.","6/2/2026, 20.42.08","0","No","","","https://www.tiktok.com/@blueberrypoffertjes"
"=""7603746754765636353""","=""7599988760612307720""","=""6645103721310273538""","agnaaaffzie","misssilvermits","dia belum habis masa mudanya","6/2/2026, 20.41.00","0","No","","","https://www.tiktok.com/@agnaaaffzie"
"=""7603684522195223303""","=""7599988760612307720""","=""7414790047368774657""","presidenkenziekenzo","Presiden kenzie kenzo","karna merasa hebat kak ,merasa hebat dri suami nya ,kaya ibu aku bgitu. tapi skrg karma yg luar biasa ibuku dapetin","6/2/2026, 16.39.33","0","No","","","https://www.tiktok.com/@presidenkenziekenzo"
"=""7603597066212868885""","=""7599988760612307720""","=""6887777387750327298""","loveeeeeeeee019","loveeeeeeeee019","iya.. fefeknya gatel terus","6/2/2026, 11.00.17","0","No","","","https://www.tiktok.com/@loveeeeeeeee019"
"=""7603537904820290325""","=""7599988760612307720""","=""7548625990894601234""","kesatrio.tanpo.tanding03","Bang Robb","mimpi siksa neraka tuh anak😭😭🤣","6/2/2026, 07.10.48","0","No","","","https://www.tiktok.com/@kesatrio.tanpo.tanding03"
"=""7603343676744811272""","=""7599988760612307720""","=""6848318573564724226""","nrnterahh.__","Iraaa🇵🇸","Yaa sbb nafsu","5/2/2026, 18.36.53","0","No","","","https://www.tiktok.com/@nrnterahh.__"
"=""7603198450138022672""","=""7599988760612307720""","=""7490073875369198609""","sitirahmaa04","sitirahma","sebabnya dia masih kepingin bebas","5/2/2026, 09.13.33","0","No","","","https://www.tiktok.com/@sitirahmaa04"
"=""7603187016599208720""","=""7599988760612307720""","=""7597093050238583824""","lalaaaaaaaaa131","lalaaaaa","soalnya g cukup 1kntl kak,dia kan fefeknya gampang gatel","5/2/2026, 08.29.01","0","No","","","https://www.tiktok.com/@lalaaaaaaaaa131"
"=""7603177936884187925""","=""7599988760612307720""","=""7417628857849168902""","drdaa_04","aku_om_⁴","karna dia tololll","5/2/2026, 07.54.01","0","No","","","https://www.tiktok.com/@drdaa_04"
"=""7603103468979979029""","=""7599988760612307720""","=""6829176848746005506""","chyx_jes","Echy_jes","sebabnya adalah gatel bodoh","5/2/2026, 03.05.01","0","No","","","https://www.tiktok.com/@chyx_jes"
"=""7603075691383341831""","=""7599988760612307720""","=""7012222279548503066""","lumenflowfilm","Lumen flow","sebabnya mmknya gatel","5/2/2026, 01.16.58","0","No","","","https://www.tiktok.com/@lumenflowfilm"
"=""7603005796003595015""","=""7599988760612307720""","=""6863462173966353410""","morqinihboss","morqi","Jijik bgt gw baca komenan kaya gini!!!","4/2/2026, 20.45.40","0","No","","","https://www.tiktok.com/@morqinihboss"
"=""7602874469543052033""","=""7599988760612307720""","=""7426718653590094854""","99iamsagi","Masmas Jowo.","masih ada ya mikir begini🙂","4/2/2026, 12.16.03","0","No","","","https://www.tiktok.com/@99iamsagi"
"=""7602862057101099783""","=""7599988760612307720""","=""7017954253378651162""","yo256438","RajinBernafas","sebabnya tolol","4/2/2026, 11.27.58","0","No","","","https://www.tiktok.com/@yo256438"
"=""7602842694251119377""","=""7599988760612307720""","=""6919399118931690497""","threercha_","jamesonly_cortijeu","fefeknya gatal pasti","4/2/2026, 10.12.47","0","No","","","https://www.tiktok.com/@threercha_"
"=""7602804604899967764""","=""7599988760612307720""","=""7399102106060768261""","rakha_al2","♛𝐫𝐚𝐤𝐚 | 𝐑𝐢𝐳𝐳 💥","bener bgt😂😂😂","4/2/2026, 07.45.08","0","No","","","https://www.tiktok.com/@rakha_al2"
"=""7602595327682642704""","=""7599988760612307720""","=""7042267141610406918""","uriesolong","uriejinkook","sebabnya tukang selingkuh","3/2/2026, 18.12.59","0","No","","","https://www.tiktok.com/@uriesolong"
"=""7602579121328554769""","=""7599988760612307720""","=""77342567490""","momnellyandnaeff","Momnell&naeff.jrnl","Sebabnya jule gob*ok kek kamu","3/2/2026, 17.10.02","0","No","","","https://www.tiktok.com/@momnellyandnaeff"
"=""7602491893855519508""","=""7599988760612307720""","=""7030621520562471963""","dewisinta7428","Yeppeofull","","3/2/2026, 11.31.37","0","No","","","https://www.tiktok.com/@dewisinta7428"
"=""7602473215512904456""","=""7599988760612307720""","=""6811902710653666306""","muzammirzammir","Muzammil","Lu tolol lu","3/2/2026, 10.19.07","0","No","","","https://www.tiktok.com/@muzammirzammir"
"=""7602465275220558600""","=""7599988760612307720""","=""7444428045249872904""","ekak.dewiiii","Sayang","sebabnya dia toloI dan bIoon","3/2/2026, 09.48.13","0","No","","","https://www.tiktok.com/@ekak.dewiiii"
"=""7602454756322558728""","=""7599988760612307720""","=""6527420331416764418""","hellawowl","adiwidayanti","ya iyalah, sebabnya yaitu oon","3/2/2026, 09.07.33","0","No","","","https://www.tiktok.com/@hellawowl"
"=""7602451354280231701""","=""7599988760612307720""","=""6921273668182656001""","anis_deka178","anisdeka","jangan menilai dari sisi negatif nya saja,sisi positifnya juga nggak ada 😭","3/2/2026, 08.54.25","0","No","","","https://www.tiktok.com/@anis_deka178"
"=""7602431936406291207""","=""7599988760612307720""","=""74742216652""","gusgusmeow","F.Anjar P","Apapun itu, klo merasa kurang suaminya, omongin klo tdk bs rekonsiliasi hub. Akhir baik” dan silhknlh melakukan ap yg diingin sesukanya.","3/2/2026, 07.39.10","0","No","","","https://www.tiktok.com/@gusgusmeow"
"=""7602264572557820680""","=""7599988760612307720""","=""6879076789881799682""","aguscipeluk","irawan","udah ga setrong lgi suaminya","2/2/2026, 20.49.27","0","No","","","https://www.tiktok.com/@aguscipeluk"
"=""7602195009609876244""","=""7599988760612307720""","=""7436664717860619319""","aellouie","Aellouie","ya karena sipat dia nya caper mbak, klo watak orang caper mh walo dah nikah jg gatel pen lirik laki lain terus","2/2/2026, 16.19.30","0","No","","","https://www.tiktok.com/@aellouie"
"=""7602151641890980626""","=""7599988760612307720""","=""6848928496056550401""","lalabebe78","lala","sebab nya karna dia gatal mbak😭","2/2/2026, 13.31.13","0","No","","","https://www.tiktok.com/@lalabebe78"
"=""7602102387093160712""","=""7599988760612307720""","=""6895720391378322434""","riskalistiyaaaaaa30","Riska","","2/2/2026, 10.20.07","0","No","","","https://www.tiktok.com/@riskalistiyaaaaaa30"
"=""7602099645645587220""","=""7599988760612307720""","=""6547056239565029377""","incee_88","nia✨️","sebab nya fefeknya pngen ngerasain kenti baru🤣🤣","2/2/2026, 10.09.36","0","No","","","https://www.tiktok.com/@incee_88"
"=""7602098016849527568""","=""7599988760612307720""","=""80269440394608640""","mimauyi","heLLomima🍃","emang tolol","2/2/2026, 10.03.03","0","No","","","https://www.tiktok.com/@mimauyi"
"=""7602083406185939719""","=""7599988760612307720""","=""6960286694299059205""","ti_22105","GulaGula","gda kak kalo emng sifatnya tukang selingkuh susah","2/2/2026, 09.06.28","0","No","","","https://www.tiktok.com/@ti_22105"
"=""7602079905853997831""","=""7599988760612307720""","=""6520708161815805954""","naenol.ontiktok","nae_handcraft","ada 5 sebabnya adalah;
1.t*l*l
2.G***09
3.Gatel
4.Gatel
5.Gatel","2/2/2026, 08.52.56","0","No","","","https://www.tiktok.com/@naenol.ontiktok"
"=""7601902582302950165""","=""7599988760612307720""","=""7005591514970833922""","giena028","GieNa","sebabnya Gatellll","1/2/2026, 21.24.41","0","No","","","https://www.tiktok.com/@giena028"
"=""7601873305960940306""","=""7599988760612307720""","=""7461999580335571985""","hananiahaazim","Rizka","sebabnya atel😂","1/2/2026, 19.31.07","0","No","","","https://www.tiktok.com/@hananiahaazim"
"=""7601816276420772615""","=""7599988760612307720""","=""7524552174908785681""","rerereisha75","reoul_162","ya bisa jadi","1/2/2026, 15.49.50","0","No","","","https://www.tiktok.com/@rerereisha75"
"=""7601801889286275860""","=""7599988760612307720""","=""7556816977349166098""","no_caption991","€¥","iya goblok aja si Jule. ngapain pilih opet? udah dekil, gembrot, buntet, item pula.","1/2/2026, 14.54.00","0","No","","","https://www.tiktok.com/@no_caption991"
"=""7601786455735796501""","=""7599988760612307720""","=""6558830199923507202""","combantrin_sirup","Ju@nda_96","masalahnra gatel","1/2/2026, 13.54.05","0","No","","","https://www.tiktok.com/@combantrin_sirup"
"=""7601757349006590736""","=""7599988760612307720""","=""7035613263246509058""","jusman270","앤디 저스만","iya sebabnya dia cari besar barang ny pengen di coba","1/2/2026, 12.01.03","0","No","","","https://www.tiktok.com/@jusman270"
"=""7601741179407352584""","=""7599988760612307720""","=""6790686775456171010""","ratuingeu","R Ingeu Arti","Emg ada alasa ga bersyuku ga menerima kekurangan pasangan atau ga bahagia tp dr yg kita lihat. Gabahagia versi mna dan kn bsa ga slngku tgl lpas dlu bru cr yg lain bsa kn?","1/2/2026, 10.58.23","0","No","","","https://www.tiktok.com/@ratuingeu"
"=""7601726984318075668""","=""7599988760612307720""","=""7429190331134034949""","labirin9855","Labirin4443","yah sebabnya adalah karena Jule sdh kedat kedut","1/2/2026, 10.03.20","0","No","","","https://www.tiktok.com/@labirin9855"
"=""7601685468266332948""","=""7599988760612307720""","=""7297054783516541954""","xiikeccikputribon","~•Little A•~🧚‍♀️","bener aku setuju pasti ada sebap nya dia kayak gitu misal nya GATELLL & GAK TAU BERSYUKUR.","1/2/2026, 07.22.16","0","No","","","https://www.tiktok.com/@xiikeccikputribon"
"=""7601671273945121543""","=""7599988760612307720""","=""7456068713251783685""","apriaejj3oi","indah","kalau mau ada sebabnya ya kurang puas sama suaminya lah soalnya aku ada kenalan yang suaminya gak pernah ribet sama dia, suaminya sibuk cari uang gak pernah nuntut istrinya untuk selalu masak atau ngurus rumah, hari' istrinya lebih sering jalan' anaknya lebih sering dirumah mama mertuanya karena ditinggal tapi malah ketauan selingkuh sama tetangga dan beberapa laki' lain pas suaminya tau bukannya dicerai tapi malah dirangkul dan gongnya beberapa bulan lagi dia hamil besar lalu ninggalin suaminya sama salah satu selingkuhannya dan istri selingkuhannya juga masih keluarga sama si laki jadi dia ninggalin suaminya dan selingkuhannya ninggalin istrinya dan mereka tinggal serumah tanpa menikah walau akhirnya di paksa nikah oleh keluarga laki, intinya kalo orang mau selingkuh ya pasti bakal ada aja alasannya tapi ya gitu alasannya suka gak ngotak😏","1/2/2026, 06.27.15","0","No","","","https://www.tiktok.com/@apriaejj3oi"
"=""7601609795196060434""","=""7599988760612307720""","=""6919842411032953857""","brutaltant112","Brutaltank","iya promo 12.12 sihh","1/2/2026, 02.28.36","0","No","","","https://www.tiktok.com/@brutaltant112"
"=""7601585976250827541""","=""7599988760612307720""","=""6700034474049242114""","ajisada1","aji sada","kelakuan hawa dari zaman nabi Adam","1/2/2026, 00.56.06","0","No","","","https://www.tiktok.com/@ajisada1"
"=""7601555160440029968""","=""7599988760612307720""","=""6871033915668579330""","wascalledkiki","user037229901","krna aidiyet","31/1/2026, 22.56.37","0","No","","","https://www.tiktok.com/@wascalledkiki"
"=""7601552132546986753""","=""7599988760612307720""","=""7396138262336848901""","syklraa.n","🫙🪷✨🤍","ada kpla gd otak","31/1/2026, 22.44.48","0","No","","","https://www.tiktok.com/@syklraa.n"
"=""7601524662665397012""","=""7599988760612307720""","=""7516091843537536007""","bacokuttu850","joooo","kurang besar punya suami nya","31/1/2026, 20.58.10","0","No","","","https://www.tiktok.com/@bacokuttu850"
"=""7601511010172109576""","=""7599988760612307720""","=""6682035318324036609""","r_ahman_94","R@hman jr.","penyebabnya hanya satu kurang bersyukur","31/1/2026, 20.05.08","0","No","","","https://www.tiktok.com/@r_ahman_94"
"=""7601509407998919444""","=""7599988760612307720""","=""6741689368420992002""","shepia04","shepia16","karna ingin coba2...krna lakinya sabar ..d sangka .akan biasa aja","31/1/2026, 19.59.01","0","No","","","https://www.tiktok.com/@shepia04"
"=""7601484121282904852""","=""7599988760612307720""","=""7366448204549850118""","lollipop_2jt","cup cake 🧁","karna awalnya penasaran jadi nyoba nyoba eh ketagihan dan sekarang udah kepalang ketauan yaudahlah terusin ae","31/1/2026, 18.20.56","0","No","","","https://www.tiktok.com/@lollipop_2jt"
"=""7601458249121055496""","=""7599988760612307720""","=""7474974990723793937""","yukendu1t","McLarenz","bpk kao lah😂🔥","31/1/2026, 16.40.28","0","No","","","https://www.tiktok.com/@yukendu1t"
"=""7601412052317963016""","=""7599988760612307720""","=""7397777017309086726""","kontenai09","widyaw","mukanya mirip jule lagi 😹","31/1/2026, 13.41.11","0","No","","","https://www.tiktok.com/@kontenai09"
"=""7601402417598612240""","=""7599988760612307720""","=""6862675494040290306""","brownsu871","brownsu🧋","sebab kenapa dia gini?!! yaa karna gatal dan bego","31/1/2026, 13.03.56","0","No","","","https://www.tiktok.com/@brownsu871"
"=""7601399784347697938""","=""7599988760612307720""","=""6911680751789310978""","ig.mayaugstnrdlf","Mayaugustienrdlf","Cepotnya gatelll kk itu sebab nya","31/1/2026, 12.53.36","0","No","","","https://www.tiktok.com/@ig.mayaugstnrdlf"
"=""7601397899999085333""","=""7599988760612307720""","=""6889806684656288769""","vina_alexandria","virgo_sky","sebabnya karna dia ga bs mensyukuri nikmat Allah , segitu besarnya nikmat yg dikasi masih liat kanan kiri","31/1/2026, 12.46.28","0","No","","","https://www.tiktok.com/@vina_alexandria"
"=""7601397004274991890""","=""7599988760612307720""","=""7464930573531808769""","juju.jumiarti","virgo's","dia tetep slh krn udh selingkuhsaat dia udh punya suami dn ninggalin ank2nya gt ajh","31/1/2026, 12.42.48","0","No","","","https://www.tiktok.com/@juju.jumiarti"
"=""7601375826227839751""","=""7599988760612307720""","=""7477392548681434120""","steria165","Steria","kelainan kak","31/1/2026, 11.20.41","0","No","","","https://www.tiktok.com/@steria165"
"=""7601367159013638930""","=""7599988760612307720""","=""6816274122046882817""","hartatahtashella_","N O Y","Krna dia mau obral kak, gada alesan lain😌","31/1/2026, 10.47.01","0","No","","","https://www.tiktok.com/@hartatahtashella_"
"=""7601360408192221960""","=""7599988760612307720""","=""6787739719394673665""","anispspt","Anis puspita","Pasti sebabnya karna itil nya keduten","31/1/2026, 10.20.47","0","No","","","https://www.tiktok.com/@anispspt"
"=""7601358354771084052""","=""7599988760612307720""","=""6966546057543074817""","sabrina.han6","Bunga Tanpa Akar:,)","diatuh nikah muda dan selama remaja dia pesantren yg notabene hidup dilingkungan yg tertutup terus sekarang dia jadi seleb bergaul sama seleb² juga, kemungkinan besar dia ingin mencoba² hal baru saat ini (telat nakal)","31/1/2026, 10.12.58","0","No","","","https://www.tiktok.com/@sabrina.han6"
"=""7601357224556151559""","=""7599988760612307720""","=""6957304095683347458""","rindu.senja05","NOTHING🏹♐","[Stiker] sebabnya dia gatel,,, mm*knya haus knt*l....
dan terakhir dia itu.....","31/1/2026, 10.08.26","0","No","","","https://www.tiktok.com/@rindu.senja05"
"=""7601355241581282069""","=""7599988760612307720""","=""6533462904979931138""","ilham_ftth97","ilham Fatahillah","penyebabnya goblok dan penyakitan pingin di belay pria","31/1/2026, 10.00.45","0","No","","","https://www.tiktok.com/@ilham_ftth97"
"=""7601354834688885524""","=""7599988760612307720""","=""7083309553182475266""","moyyyyyyyyy_3","Aku__","Kalo gblk jgn ditunjukkin 🤣","31/1/2026, 09.59.18","0","No","","","https://www.tiktok.com/@moyyyyyyyyy_3"
"=""7601342754681963284""","=""7599988760612307720""","=""6781650110436295681""","dita_mardita","Dita✨🔥","Sebabnya belum siap menghadapi tantangan rumah tangga, capek ngurus anak masih ingin bebas","31/1/2026, 09.12.24","0","No","","","https://www.tiktok.com/@dita_mardita"
"=""7601316372799537927""","=""7599988760612307720""","=""7536335182724760583""","homeliving_yanthy","Yanthy/ sahabat rumah","karena kurangnya bersyukur dengan kehidupannya","31/1/2026, 07.30.11","0","No","","","https://www.tiktok.com/@homeliving_yanthy"
"=""7601315998842716948""","=""7599988760612307720""","=""7444922127125677073""","mimu_chan87","Haiii... It's Mimu🩷","salah satunya gatel","31/1/2026, 07.28.35","0","No","","","https://www.tiktok.com/@mimu_chan87"
"=""7601217040733422344""","=""7599988760612307720""","=""6544940412090597377""","putrianadee","Putrianadee","Ya itu sebabnya fefeknya gatellllll *eh😑","31/1/2026, 01.04.27","0","No","","","https://www.tiktok.com/@putrianadee"
"=""7601208082870092562""","=""7599988760612307720""","=""7005876988581774337""","bayo.lubis.lubis87","Daffa el Fahreza lubis","sebab nya pepe nya terlalu gatel.jdi pegen ganti ganti ular kasur masuk 🤣","31/1/2026, 00.29.39","0","No","","","https://www.tiktok.com/@bayo.lubis.lubis87"
"=""7601200742480986900""","=""7599988760612307720""","=""7509871364435362823""","andinipitri7","andini","sekaum jule tukang selingkuh wkwk😂","31/1/2026, 00.01.11","0","No","","","https://www.tiktok.com/@andinipitri7"
"=""7601153402278707976""","=""7599988760612307720""","=""7142846820158571521""","herspot913","Herspot","Yes di mana mana . Permpuan biasa nya hanya. Kliatan pas bikin salah ja. Suami bikin 10 x slh msh ditutup istri. 🥺🥺 Bnyk kejadian gitu. Ga menormalisasikan selingkuh. Tp aslinya perempuan di dunia ini bnyk yg sakit menthal krn prilaku suami. Semoga kita ga termasuk yg dapet suami manipulatif. Tp bkn berarti gue blg ex laki jule model gitu. Engga ya. Tp itu mereka lah yg tau. Intinya dia bagus msih minta maap kalo si Inaroh ga mau minta maap ga mau merendah.","30/1/2026, 20.57.29","0","No","","","https://www.tiktok.com/@herspot913"
"=""7601151827392594709""","=""7599988760612307720""","=""7170621108629996546""","pbblo8","私空くり","gadak penyebab Selingkuh anjgg, Selingkuh Itu Penyakit!! Orng lakiknya berkecukupan, Kaya, ganteng. kurangnya apalagi?","30/1/2026, 20.51.22","0","No","","","https://www.tiktok.com/@pbblo8"
"=""7601077056144048904""","=""7599988760612307720""","=""7494284605705585671""","cerry4214","cerry","jadi ini jule","30/1/2026, 16.01.19","0","No","","","https://www.tiktok.com/@cerry4214"
"=""7601002699500307207""","=""7599988760612307720""","=""7358843643639317509""","bell68219","Bell","pergaulan","30/1/2026, 11.12.40","0","No","","","https://www.tiktok.com/@bell68219"
"=""7600982615721984775""","=""7599988760612307720""","=""7111596096338789377""","kmzjaybeeakaun","kmzjaybee🇲🇾 akaun2","suami sepatut bertangongjwp bila mengetahui isteri selingkuh..bukan dibiar berbulan2 dibawa org..","30/1/2026, 09.54.48","0","No","","","https://www.tiktok.com/@kmzjaybeeakaun"
"=""7600973502321181447""","=""7599988760612307720""","=""7189989621312783366""","god.is.dead_11","GOD is DEAD_11","yaelahhh bocilll sekolah lu kontol","30/1/2026, 09.19.24","0","No","","","https://www.tiktok.com/@god.is.dead_11"
"=""7600945142091006740""","=""7599988760612307720""","=""7348464370324374534""","udhye76","@FoReVeR✍️","sebabnya dia dongo dam tolol","30/1/2026, 07.29.28","0","No","","","https://www.tiktok.com/@udhye76"
"=""7600935586309260052""","=""7599988760612307720""","=""6928938336884212738""","mafy.qolbi","マピ.コルビ","ya karna dia murah🗿
susah amat bilang murah
barang murah kan d obral sana sini","30/1/2026, 06.52.35","0","No","","","https://www.tiktok.com/@mafy.qolbi"
"=""7600838510975370005""","=""7599988760612307720""","=""6959750226098226181""","dillaarwinsyah","Dillaarwinsyah","sebabnya saprik","30/1/2026, 00.35.35","0","No","","","https://www.tiktok.com/@dillaarwinsyah"
"=""7600826274021884680""","=""7599988760612307720""","=""6555641215910510593""","1wh20","Desy🪐","Bacot taik, selingkuh ya selingkuh aja anj","29/1/2026, 23.48.02","0","No","","","https://www.tiktok.com/@1wh20"
"=""7600810387453444884""","=""7599988760612307720""","=""7428901516193580033""","riskipranata312","Petani_Muda🌴","sebab nya cuman satu, Watak yg menggatal itu sebab nya🗿","29/1/2026, 22.46.22","0","No","","","https://www.tiktok.com/@riskipranata312"
"=""7600749423488582420""","=""7599988760612307720""","=""7530282255001912376""","gameover13_3","R","Yah sama kaya lo aset sawah satu petaknya gak cukup satu pacul","29/1/2026, 18.49.54","0","No","","","https://www.tiktok.com/@gameover13_3"
"=""7600699053819724551""","=""7599988760612307720""","=""7040083937104987163""","ucok1124","Mang Gelay492","fefeknya mau yg besar salah satunya","29/1/2026, 15.34.26","0","No","","","https://www.tiktok.com/@ucok1124"
"=""7600697588736967445""","=""7599988760612307720""","=""6893392707512402946""","_l0stinheaven","yyz","ca kasian banget pasti ortumu udah gak ada yah makanya caper di komentar","29/1/2026, 15.28.49","0","No","","","https://www.tiktok.com/@_l0stinheaven"
"=""7600685105615979272""","=""7599988760612307720""","=""7185261105261921307""","anggrabastianpratama0","Anggra Bastian Prarama","calon penerus Jule anj malah di belah","29/1/2026, 14.40.20","0","No","","","https://www.tiktok.com/@anggrabastianpratama0"
"=""7600683083825922823""","=""7599988760612307720""","=""7405184173470352389""","leaveandlov","Lollipoplly","Nanya sebab🙄? Sblm nikah dia aja hobby selingkuh","29/1/2026, 14.32.24","0","No","","","https://www.tiktok.com/@leaveandlov"
"=""7600635976725725960""","=""7599988760612307720""","=""7246344214660711426""","nobodyelsejustrandom","someone","ffekny gatel","29/1/2026, 11.29.37","0","No","","","https://www.tiktok.com/@nobodyelsejustrandom"
"=""7600635251308839700""","=""7599988760612307720""","=""7531011649466237970""","kebun.odank","Kebun odank","manusia bodoh baru kali ini liat seseorang ibu ninggalin ank2 nya jgn sampai nanti udh besar anknya minta anknya","29/1/2026, 11.26.54","0","No","","","https://www.tiktok.com/@kebun.odank"
"=""7600633983025644308""","=""7599988760612307720""","=""7221016089798411291""","umayginova","umayginova","kurang asupan terong dia","29/1/2026, 11.21.54","0","No","","","https://www.tiktok.com/@umayginova"
"=""7600629470769333013""","=""7599988760612307720""","=""7164027369044280346""","fachrialradhi85","Fachri alradhi","Sebab apapun itu tdk ada alasan untuk melakukan perbuatan tercela","29/1/2026, 11.04.29","0","No","","","https://www.tiktok.com/@fachrialradhi85"
"=""7600620186165084929""","=""7599988760612307720""","=""6968879901743498241""","rhiopondaag_","Rhiopondaag","salah satunya goblok","29/1/2026, 10.28.25","0","No","","","https://www.tiktok.com/@rhiopondaag_"
"=""7600619757222216469""","=""7599988760612307720""","=""7039110021531157506""","renrenlen","RenRenLen","Sebabnya ya gatel","29/1/2026, 10.26.45","0","No","","","https://www.tiktok.com/@renrenlen"
"=""7600599919065498389""","=""7599988760612307720""","=""6796414616949933057""","elanzx01","Elanzxヘルラン","yah di nonaktifkan komen nya, kayak jule aja🤭","29/1/2026, 09.09.43","0","No","","","https://www.tiktok.com/@elanzx01"
"=""7600576755870548737""","=""7599988760612307720""","=""6881228730778764289""","geryysalut69","✨","bocah puber sosoan ngerti hal ginian","29/1/2026, 07.39.52","0","No","","","https://www.tiktok.com/@geryysalut69"
"=""7600575835721368340""","=""7599988760612307720""","=""7368853060393927686""","taat.aturan6","Taat Aturan","karena di WANITA BIRAHI an","29/1/2026, 07.36.34","0","No","","","https://www.tiktok.com/@taat.aturan6"
"=""7600575508837319444""","=""7599988760612307720""","=""7218304951771382810""","andrabang6","andrabang6","penyebabnya fefeknya mau ngegym soalnya cedut cedut trus😭","29/1/2026, 07.35.10","0","No","","","https://www.tiktok.com/@andrabang6"
"=""7600549948485501716""","=""7599988760612307720""","=""6859642085844567046""","itis_siti_journey_2020","itis_siti_journey_2020","APAPUN SEBABNYA SELINGKUH ITU MENJIJIKAN❗️❗️❗️","29/1/2026, 05.56.10","0","No","","","https://www.tiktok.com/@itis_siti_journey_2020"
"=""7600525949528752912""","=""7599988760612307720""","=""6966266917804491781""","esek44","M👤","karna mudahan sebabnya","29/1/2026, 04.22.57","0","No","","","https://www.tiktok.com/@esek44"
"=""7600485477078582033""","=""7599988760612307720""","=""7219465017023808519""","kampak_.merah","brot","karna jule hyper , lho ada lho sebab itu","29/1/2026, 01.45.42","0","No","","","https://www.tiktok.com/@kampak_.merah"
"=""7600471620394042119""","=""7599988760612307720""","=""7121369157242209281""","wafiemwe","EMWE","kesalahannya laki2 itu terlalu baik, wanita ini butuh tantangan","29/1/2026, 00.51.48","0","No","","","https://www.tiktok.com/@wafiemwe"
"=""7600470940371682066""","=""7599988760612307720""","=""7375131755466703878""","its.meytiii","its.meytiii","","29/1/2026, 00.49.10","0","No","","","https://www.tiktok.com/@its.meytiii"
"=""7600470389488452372""","=""7599988760612307720""","=""7419357192316896262""","mr.rj410","MR","Karna 🦜 kecil","29/1/2026, 00.47.06","0","No","","","https://www.tiktok.com/@mr.rj410"
"=""7600464274277139221""","=""7599988760612307720""","=""7351980216984126470""","kak_raaa11","マウラ 🌸♓","sebabny karna gatal","29/1/2026, 00.23.25","0","No","","","https://www.tiktok.com/@kak_raaa11"
"=""7600458903192683271""","=""7599988760612307720""","=""6839581265738843138""","hexorinvoker","Hexorgrate","Heleh jembd","29/1/2026, 00.02.26","0","No","","","https://www.tiktok.com/@hexorinvoker"
"=""7600456408535089927""","=""7599988760612307720""","=""6902051036904801281""","daa.mhndr","IG : d44.mhndr","goblokkkk","28/1/2026, 23.52.49","0","No","","","https://www.tiktok.com/@daa.mhndr"
"=""7600449240972346119""","=""7599988760612307720""","=""6982839901453485082""","raker198","shinigami","fefek murahan","28/1/2026, 23.24.57","0","No","","","https://www.tiktok.com/@raker198"
"=""7600435930325386002""","=""7599988760612307720""","=""6638476343456104450""","muhamadtamz1","MUHAMAD TAMZIS","dia menggatal","28/1/2026, 22.33.19","0","No","","","https://www.tiktok.com/@muhamadtamz1"
"=""7600429842312659732""","=""7599988760612307720""","=""6789529160832484354""","fitalis31","moskov","tdk ada sebab, pada dasarnya wanita ini tdk ada otak","28/1/2026, 22.09.43","0","No","","","https://www.tiktok.com/@fitalis31"
"=""7600416525463913224""","=""7599988760612307720""","=""7520961858350924807""","junot9603","junot","telat nakal ditambah dia punya banyak uang udah jatoh makin dalam","28/1/2026, 21.17.58","0","No","","","https://www.tiktok.com/@junot9603"
"=""7600414415368979208""","=""7599988760612307720""","=""6868222623436899329""","novalsnjaya","K E D E L A I  H I T A M","menurutku yaa dia jadi bgni pasti karna pertemanan yg menormalisasikan selingkuh jujur yaa teman"" yg tdk sehat pasti bakal mempengaruhi kita","28/1/2026, 21.09.48","0","No","","","https://www.tiktok.com/@novalsnjaya"
"=""7600413837866697480""","=""7599988760612307720""","=""7150423200181814299""","kiinn122","kii","se spesies kahh?","28/1/2026, 21.07.31","0","No","","","https://www.tiktok.com/@kiinn122"
"=""7600403580227502869""","=""7599988760612307720""","=""6959435197964600321""","bukan_superman08","bukan_superman08","sebabnya dia tolol sama kayak kau","28/1/2026, 20.27.48","0","No","","","https://www.tiktok.com/@bukan_superman08"
"=""7600403088310108944""","=""7599988760612307720""","=""6796310531197600770""","nancyjesse97","Gab Nancy","Iyaa pasti sebabnya gathal 🥹🥹","28/1/2026, 20.25.48","0","No","","","https://www.tiktok.com/@nancyjesse97"
"=""7600398408487355156""","=""7599988760612307720""","=""7320261482929964038""","beny.sofyan.hadi","Beny Sofyan Hadi","sebabnya karena terlalu tolol","28/1/2026, 20.07.47","0","No","","","https://www.tiktok.com/@beny.sofyan.hadi"
"=""7600395506413781781""","=""7599988760612307720""","=""7047870948213818369""","aldodedo2","kuda liarrr","msh mikir sprti it, Goblokkkkk","28/1/2026, 19.56.26","0","No","","","https://www.tiktok.com/@aldodedo2"
"=""7600395323101823761""","=""7599988760612307720""","=""6962863388901426177""","kocackbets","🕸️🕸️","kegatelan","28/1/2026, 19.55.41","0","No","","","https://www.tiktok.com/@kocackbets"
"=""7600387067823047442""","=""7599988760612307720""","=""6972039669886813185""","misransyah777","M 1512 AN","fefek gatal🤣🤣🤣","28/1/2026, 19.23.42","0","No","","","https://www.tiktok.com/@misransyah777"
"=""7600382228111246100""","=""7599988760612307720""","=""6629971216345628673""","111196_96","‼️🫂@M🉐🉐iN㊙️㊙️🇮🇩🇲🇾‼️‼️‼️","GK ada slingku itu di lakuin dengan sadar bukan khilaf,,","28/1/2026, 19.04.57","0","No","","","https://www.tiktok.com/@111196_96"
"=""7600380550600770311""","=""7599988760612307720""","=""7493076726663316488""","naniyu1506","dapur mini","ada hal yg nggk bisa d rubah itu tabiat...Jule ini sebelum SMA daehoon udah pernah slingkuh....JD itu tabiat yg nggk bisa d rubah ..AP LG selingkuh...itu ibarat makan cabe...pedas TPI nagih..","28/1/2026, 18.58.30","0","No","","","https://www.tiktok.com/@naniyu1506"
"=""7600374908027536146""","=""7599988760612307720""","=""6898700776970388481""","diassauqi","Rifalma Dias","kecantikan itu bisa hilang pudar dan menua, mencari kesetiaan dari laki2 yg tulus itu jelas lebih susah","28/1/2026, 18.36.31","0","No","","","https://www.tiktok.com/@diassauqi"
"=""7600364119033070356""","=""7599988760612307720""","=""6557670231510106113""","budiii266","Budi Nugroho","yes","28/1/2026, 17.54.44","0","No","","","https://www.tiktok.com/@budiii266"
"=""7600363296126681873""","=""7599988760612307720""","=""7142504414123738138""","runehc","Hanya Lewat","vvg kedut2","28/1/2026, 17.51.27","0","No","","","https://www.tiktok.com/@runehc"
"=""7600361550087717652""","=""7599988760612307720""","=""7237832265588802565""","bio.one78","Bio One","mana ada sebabnya,emang jule gatal pepenya seharga bawang merah 😂","28/1/2026, 17.44.42","0","No","","","https://www.tiktok.com/@bio.one78"
"=""7600353640524022549""","=""7599988760612307720""","=""6904897522600018945""","savonsimangunsong","Boxing Boy","Bodooo.","28/1/2026, 17.14.01","0","No","","","https://www.tiktok.com/@savonsimangunsong"
"=""7600352484733174536""","=""7599988760612307720""","=""6991836797149316098""","sitinurlaeni13","sitinurlaeni🥳","ya sebab nya tll sama sangean ngikutin hawa nafsu","28/1/2026, 17.09.33","0","No","","","https://www.tiktok.com/@sitinurlaeni13"
"=""7600344787049644821""","=""7599988760612307720""","=""6962646217877210113""","nasrudin659","jescul","pikiran LC kayak gini ya ternyata","28/1/2026, 16.39.46","0","No","","","https://www.tiktok.com/@nasrudin659"
"=""7600340830138303233""","=""7599988760612307720""","=""7020421839617737729""","muhamadhussien279","Che usin","sebab dia dtg dari konoha","28/1/2026, 16.24.30","0","No","","","https://www.tiktok.com/@muhamadhussien279"
"=""7600340231783973639""","=""7599988760612307720""","=""6533726548917567489""","dhonapoe","Dhona Sularso","salah satunya demi HonTolitah","28/1/2026, 16.21.58","0","No","","","https://www.tiktok.com/@dhonapoe"
"=""7600334367266030357""","=""7599988760612307720""","=""7198371597606241281""","ray_shine88","Rhara_ayya","Sebab nya dia tululll","28/1/2026, 15.59.20","0","No","","","https://www.tiktok.com/@ray_shine88"
"=""7600317826214380308""","=""7599988760612307720""","=""7275678990945780741""","benianggara00","1%","taiiiii","28/1/2026, 14.55.10","0","No","","","https://www.tiktok.com/@benianggara00"
"=""7600303226625229575""","=""7599988760612307720""","=""7535449370885391380""","artiierlangga7","artiierlangga","sebabnya karna tidak bisa mengendalikan fefeknya","28/1/2026, 13.58.22","0","No","","","https://www.tiktok.com/@artiierlangga7"
"=""7600299788295766805""","=""7599988760612307720""","=""6526551001032310786""","nebyhbery23","Ilham Nebyh Bery","sebabnya krna uteknya sak itil","28/1/2026, 13.45.09","0","No","","","https://www.tiktok.com/@nebyhbery23"
"=""7600292816602858260""","=""7599988760612307720""","=""7485042520855970824""","ittokristianto","ittokristianto","fefeknya gatal","28/1/2026, 13.18.07","0","No","","","https://www.tiktok.com/@ittokristianto"
"=""7600288378273514241""","=""7599988760612307720""","=""6857296202444571650""","hnifaaa_","hnifaaa","Sikap dan prilaku itu bukan di sebabkan dari orang lain, melainkan pilihan sendiri!","28/1/2026, 13.00.44","0","No","","","https://www.tiktok.com/@hnifaaa_"
"=""7600284868694639361""","=""7599988760612307720""","=""7546935641943131144""","bs.all6","BASTERFAT07","vevenya gatel. pengen nyobain semua lelaki","28/1/2026, 12.47.11","0","No","","","https://www.tiktok.com/@bs.all6"
"=""7600268012332532488""","=""7599988760612307720""","=""7452964756603077650""","davvaaaaa___","Dava","knp kamu mau buat pembelaan utk dia ??","28/1/2026, 11.41.48","0","No","","","https://www.tiktok.com/@davvaaaaa___"
"=""7600265903670723349""","=""7599988760612307720""","=""6866868148999373826""","hendrik307217","Hendrik","sebabnya krena suaminya terlalu baikkk","28/1/2026, 11.33.39","0","No","","","https://www.tiktok.com/@hendrik307217"
"=""7600253167385887489""","=""7599988760612307720""","=""7481648339621807125""","user35s4","lucaasss","dari tampang nya aja uda doyan laki laki😂😂😂😂😂","28/1/2026, 10.44.28","0","No","","","https://www.tiktok.com/@user35s4"
"=""7600245081011028737""","=""7599988760612307720""","=""6959954750121870342""","laluary29","Lalu Ary","sebabnya karena Dy tolol🤣
kalau memang pernah di kdrt sama mantan suaminya pasti dari kemarin Dy nyebar buktinya 😂 ngapain harus nunggu di hujat habis habisan dulu..!!","28/1/2026, 10.12.53","0","No","","","https://www.tiktok.com/@laluary29"
"=""7600240397005456135""","=""7599988760612307720""","=""6878350045834609665""","iumedhok","Kucing Albino","sebelum nikah juga udah begini, jadi alesanya apa ?","28/1/2026, 09.54.44","0","No","","","https://www.tiktok.com/@iumedhok"
"=""7600233324191564552""","=""7599988760612307720""","=""7088457400889738242""","haiwilda","wiwil","sebab apa kak😂 udah di jelasin suami nya gimana tapi dia tetep SELINGKUH","28/1/2026, 09.27.08","0","No","","","https://www.tiktok.com/@haiwilda"
"=""7600229724731753237""","=""7599988760612307720""","=""7114149689687098373""","operator_juniorbos","Ari pranata","sebabnya gatel gak sadar kalau Uda punya suami dan anak 3","28/1/2026, 09.15.32","0","No","","","https://www.tiktok.com/@operator_juniorbos"
"=""7600223852422316821""","=""7599988760612307720""","=""6869370854683214849""","ownersalon66","queen 👑","kecil","28/1/2026, 08.50.38","0","No","","","https://www.tiktok.com/@ownersalon66"
"=""7600221493293089543""","=""7599988760612307720""","=""6757918584545084417""","nem0_47","zaR.","karena dia tolol 😂","28/1/2026, 08.41.14","0","No","","","https://www.tiktok.com/@nem0_47"
"=""7600221022017159954""","=""7599988760612307720""","=""6607009448715255809""","fyananovita","Zoyanyemil","Karna vevek gatal kak","28/1/2026, 08.39.27","0","No","","","https://www.tiktok.com/@fyananovita"
"=""7600200929824588562""","=""7599988760612307720""","=""7093187292835644442""","azamshah.92","Azam.Shah","bab1 lu","28/1/2026, 07.21.35","0","No","","","https://www.tiktok.com/@azamshah.92"
"=""7600200432787424001""","=""7599988760612307720""","=""7447418191200420882""","caramel5967","caramel","Ya dia centil trs suami nya bebasin krn percaya baik aja laki kebaikan harusnya disyukurin jule ga bersyukur gausah cari cari alesan lain udh dia nafsu aja","28/1/2026, 07.19.38","0","No","","","https://www.tiktok.com/@caramel5967"
"=""7600199211191632641""","=""7599988760612307720""","=""7557840326326993932""","kenzoalfaruqsyah","kenzoalfaruqsyah","iya sebabnya ffeknya gacel","28/1/2026, 07.14.47","0","No","","","https://www.tiktok.com/@kenzoalfaruqsyah"
"=""7600183402470834962""","=""7599988760612307720""","=""6932748071239926785""","shan_zm","Ҝ𝕌𝕡ι_Ƥαⓗι𝐓😉","kalau cowk yg bgini pasti di omong yg ngak2","28/1/2026, 06.13.45","0","No","","","https://www.tiktok.com/@shan_zm"
"=""7600172574341055240""","=""7599988760612307720""","=""7388753235106038789""","opai_nete","I'am FAKE","anda calon jule k2 kah🗿","28/1/2026, 05.31.26","0","No","","","https://www.tiktok.com/@opai_nete"
"=""7600087121425629973""","=""7599988760612307720""","=""7381896770881651728""","zi.zou_0","Napitupulu","kepengen kntl gak sih?","27/1/2026, 23.59.50","0","No","","","https://www.tiktok.com/@zi.zou_0"
"=""7600082604046058248""","=""7599988760612307720""","=""6555694508741558273""","m.susan.j","san🌷","sebabnya krna gatel dan cukup sama satu laki2 saja.","27/1/2026, 23.42.13","0","No","","","https://www.tiktok.com/@m.susan.j"
"=""7600080464259777300""","=""7599988760612307720""","=""7310297179772601349""","ilham_msdr","Ilham Masdr","kurng puas dngan satu kntl mba","27/1/2026, 23.34.00","0","No","","","https://www.tiktok.com/@ilham_msdr"
"=""7600072413627745045""","=""7599988760612307720""","=""6847506235588609026""","imo17_","𝒾𝒾𝑀𝑜𝓃𝒾𝒸𝒶","Intinya kurang bersyukur. Itu aja sih..","27/1/2026, 23.02.40","0","No","","","https://www.tiktok.com/@imo17_"
"=""7600068242543035153""","=""7599988760612307720""","=""7565373277414442000""","6xis9in","Ultraman 6Xin9ine","SBB gak puas hahaa","27/1/2026, 22.46.28","0","No","","","https://www.tiktok.com/@6xis9in"
"=""7600062886175048466""","=""7599988760612307720""","=""7211795373931627522""","hobi1236","나 자신을 사랑하세요","penyebabnya karna dia gatel","27/1/2026, 22.25.43","0","No","","","https://www.tiktok.com/@hobi1236"
"=""7600055625246262024""","=""7599988760612307720""","=""7224478560982762502""","user10265487238645","Xqzyfráqtyhx","Mungkin punya mantan suaminya x mampu memuaskan n4fsunya dia","27/1/2026, 21.57.28","0","No","","","https://www.tiktok.com/@user10265487238645"
"=""7600055593147269909""","=""7599988760612307720""","=""6938460333003539457""","nasryeancantik","Yaya ♡","Fefeknya udah gatal","27/1/2026, 21.57.23","0","No","","","https://www.tiktok.com/@nasryeancantik"
"=""7600051218057413394""","=""7599988760612307720""","=""6768882337452344322""","saleena.s","Saleena.","ga ada sbb. memang dia begitu. ya udah","27/1/2026, 21.40.27","0","No","","","https://www.tiktok.com/@saleena.s"
"=""7600045937277272833""","=""7599988760612307720""","=""6666930287421784066""","mmzoffical1","Mmz offical","Kalau ada sebabnya lebih baik minta cerai setelah cerai mau nakal berlabuh di mana mana ya terserah kalau dah jd istri patang coba lelaki lain sudah bergelar istri ada suami ada anak anak","27/1/2026, 21.19.56","0","No","","","https://www.tiktok.com/@mmzoffical1"
"=""7600040831282070292""","=""7599988760612307720""","=""6996878132218463233""","hendrihendri84235","Hendri","salah satunyo bodoh
ketika pacaran cari lah yang tampan
ketika menikah carilah yang bertnggung jawab","27/1/2026, 21.00.07","0","No","","","https://www.tiktok.com/@hendrihendri84235"
"=""7600040437437399816""","=""7599988760612307720""","=""74894719002""","irut.edogawa","Irut_edogawa","yup kita sebagai orang yg gak tau apa2 jgn merasa pantas menghakimi😊","27/1/2026, 20.58.36","0","No","","","https://www.tiktok.com/@irut.edogawa"
"=""7600038015122342663""","=""7599988760612307720""","=""7384639599514141702""","5corpio28","senja","sebabnya fefek nya gatal pengen cari yg besar dan ber otot 😔","27/1/2026, 20.49.16","0","No","","","https://www.tiktok.com/@5corpio28"
"=""7600036687473181460""","=""7599988760612307720""","=""6778617958140920833""","illamahaji","Tukung","sbb nafsu","27/1/2026, 20.44.01","0","No","","","https://www.tiktok.com/@illamahaji"
"=""7600034804691813141""","=""7599988760612307720""","=""6564523952131424258""","jawwirrrrrr___","moms velicia","KLO lu mikir gitu,trus brarti suaminya jga hrus ngikutin","27/1/2026, 20.36.43","0","No","","","https://www.tiktok.com/@jawwirrrrrr___"
"=""7600033331987858196""","=""7599988760612307720""","=""6717551997476258818""","dibam_92","Sumala92_","tmn kaka ku kaya gini , dksih suami baik banget ttp gak bisa hidup sm satu lakii.. jd bkn krn ada sebab nya emang penyakit ajah gak bisa setia..","27/1/2026, 20.30.59","0","No","","","https://www.tiktok.com/@dibam_92"
"=""7600032308612645639""","=""7599988760612307720""","=""6715325165753943042""","ersania_a","HANA Shoping center","Salah nya sana sini mauan","27/1/2026, 20.27.01","0","No","","","https://www.tiktok.com/@ersania_a"
"=""7600031968311034642""","=""7599988760612307720""","=""7561416812145312780""","waferclassic_","waferclassic_","gatal","27/1/2026, 20.25.44","0","No","","","https://www.tiktok.com/@waferclassic_"
"=""7600027886138163989""","=""7599988760612307720""","=""7240057854564238338""","vicky_saputri","Putrii 🎀","sebab gatel dan terkena penyakit yg namanya kemonthol kak","27/1/2026, 20.09.58","0","No","","","https://www.tiktok.com/@vicky_saputri"
"=""7600017690808877845""","=""7599988760612307720""","=""7311634892831654917""","zitaa.029","C.ziita","sebab fefek ka","27/1/2026, 19.30.18","0","No","","","https://www.tiktok.com/@zitaa.029"
"=""7600016390439568148""","=""7599988760612307720""","=""7514544198516147206""","syahrulmuamar21","Akang sunda","Sebab nya fefek nya gatalan terus","27/1/2026, 19.25.17","0","No","","","https://www.tiktok.com/@syahrulmuamar21"
"=""7600013110774760213""","=""7599988760612307720""","=""7453797649377756167""","user4471928306","user447192830","Emng dasarnya aja tolol si jule. Manusia Kufur nikmat.","27/1/2026, 19.12.33","0","No","","","https://www.tiktok.com/@user4471928306"
"=""7600011392416203538""","=""7599988760612307720""","=""7367777242334118918""","mbak_v1","mbak V","iya bener,,sebabnya dia gatel","27/1/2026, 19.05.54","0","No","","","https://www.tiktok.com/@mbak_v1"
"=""7600008881482679058""","=""7599988760612307720""","=""7342854489391596549""","strowbaby19","Strowbaby🍓","Udah ada 3 mau menggatal aja","27/1/2026, 18.56.13","0","No","","","https://www.tiktok.com/@strowbaby19"
"=""7600008527188591367""","=""7599988760612307720""","=""6755519446846866433""","de_pindaaa","Pinnn🌻🌼🌈✨☀️.","ya cerai lah dari Pada selingkuh, org selingkuh ko di blg ada sebabnya . YA EMANG SEBABNYA GATAL DAN GA BERSYUKUR","27/1/2026, 18.54.45","0","No","","","https://www.tiktok.com/@de_pindaaa"
"=""7600003523615015701""","=""7599988760612307720""","=""79850262446""","ganggiluthfya","Ganggi","vevek nya cenad cenud ka tiap ngliat teripang lain","27/1/2026, 18.35.23","0","No","","","https://www.tiktok.com/@ganggiluthfya"
"=""7600001500542894864""","=""7599988760612307720""","=""7294998014951212039""","gilrss033","@uyunn🐥","Iya sebeb gatel","27/1/2026, 18.27.28","1","No","","","https://www.tiktok.com/@gilrss033"
"=""7599990911332025089""","=""7599988760612307720""","=""6798862714024592386""","dhanira14","dhanira","Ya mungkin ada🙏","27/1/2026, 17.46.34","0","No","","","https://www.tiktok.com/@dhanira14"
"=""7599990803259622145""","=""7599988760612307720""","=""6957435263838094337""","nnrelyana","Yana🍭30❤️09🐣","ya emg gatep😭","27/1/2026, 17.46.04","0","No","","","https://www.tiktok.com/@nnrelyana"
"=""7599994012828861205""","=""7599988760612307720""","=""6791080799989105666""","d4rlingss","ELL BY LL BEAUTY STUDIO","Tak puas enjoy Sbb nya, muda lg","27/1/2026, 17.58.27","1","No","","","https://www.tiktok.com/@d4rlingss"
"=""7634749948668297992""","=""7599988760612307720""","=""6732470061809271809""","aimeenn23","A S","Ngetik sambil clmkkk kn t","1/5/2026, 09.49.25","0","No","","","https://www.tiktok.com/@aimeenn23"
"=""7603604712185643794""","=""7599988760612307720""","=""7574795684575380487""","i.got.my.future.a","I got my future Ayunk","ya kerna fefek nya terlalu gatal","6/2/2026, 11.29.51","0","No","","","https://www.tiktok.com/@i.got.my.future.a"
"=""7603017676231164692""","=""7599988760612307720""","=""7362943560872100869""","singkek62","Masmu","","4/2/2026, 21.31.46","0","No","","","https://www.tiktok.com/@singkek62"
"=""7602536458356065041""","=""7599988760612307720""","=""7059509456518972418""","saefulrizal296","Zal_KBM","karena joinnya daehon ga jumbo😅","3/2/2026, 14.24.25","0","No","","","https://www.tiktok.com/@saefulrizal296"
"=""7602488696475026183""","=""7599988760612307720""","=""6951629765875237889""","almiqdad21","almiqdad21","ujian y d s Jule Kya y,gtel😁","3/2/2026, 11.19.09","0","No","","","https://www.tiktok.com/@almiqdad21"
"=""7602431702733374216""","=""7599988760612307720""","=""74742216652""","gusgusmeow","F.Anjar P","Salah satunya dan yg pertama adalah Gatal","3/2/2026, 07.38.15","0","No","","","https://www.tiktok.com/@gusgusmeow"
"=""7601651229736174353""","=""7599988760612307720""","=""7492094801833460743""","sahrilsidik684","clipz","BASO URAT NYA KECIL""","1/2/2026, 05.09.41","0","No","","","https://www.tiktok.com/@sahrilsidik684"
"=""7601347119886385928""","=""7599988760612307720""","=""6814849116839347202""","annanovita09","@A_🫦","sebabnya murmer","31/1/2026, 09.29.13","0","No","","","https://www.tiktok.com/@annanovita09"
"=""7601332458890003220""","=""7599988760612307720""","=""7103497027435316225""","anandaanih","Anndaautami","Tabiat mah tabiat gausah di sangkut pautin sama sebab semua tergantung niat . Gw anak broken Home sebelum nikah aku nakal nya nakal banget tapi setelah nikah itu selesai semua karna tau apa itu yg namanya hidup berdua bukan cuma tinggal berdua","31/1/2026, 08.32.25","0","No","","","https://www.tiktok.com/@anandaanih"
"=""7601331322267779856""","=""7599988760612307720""","=""6767152351150261249""","_sakmasak_","Lia sari rizky","apalagi kalo bukan gatall","31/1/2026, 08.28.23","0","No","","","https://www.tiktok.com/@_sakmasak_"
"=""7601192837284430600""","=""7599988760612307720""","=""7289410572910789637""","nining6601","Nining","iiiiii","30/1/2026, 23.30.30","0","No","","","https://www.tiktok.com/@nining6601"
"=""7600990809613746964""","=""7599988760612307720""","=""7191836024582489089""","mryns2494","My","sebab fefek nya tantrum","30/1/2026, 10.26.35","0","No","","","https://www.tiktok.com/@mryns2494"
"=""7600705289436300053""","=""7599988760612307720""","=""7031743387980891163""","ambonmanise_40","Lee","Halah pqik","29/1/2026, 15.58.37","0","No","","","https://www.tiktok.com/@ambonmanise_40"
"=""7600568790339191572""","=""7599988760612307720""","=""6840719615291753474""","_takai.san","TakaiTzy","karna veveknya gatel aja sih. gada yg lain🗿","29/1/2026, 07.09.16","0","No","","","https://www.tiktok.com/@_takai.san"
"=""7600476289229570817""","=""7599988760612307720""","=""7166110938989855746""","rahmat.riyanta","Unknown","@ecaas0 Sebabnya fefeknya gatal gak cukup satu","29/1/2026, 01.10.10","0","No","","","https://www.tiktok.com/@rahmat.riyanta"
"=""7600404863968920340""","=""7599988760612307720""","=""7144196362404791322""","yalora.studio","YALORA Official Store","cot","28/1/2026, 20.32.45","0","No","","","https://www.tiktok.com/@yalora.studio"
"=""7600401810025923335""","=""7599988760612307720""","=""7087052546002879490""","jyeppo","juliaa","sbb nya culture shock","28/1/2026, 20.20.58","0","No","","","https://www.tiktok.com/@jyeppo"
"=""7600384402543313672""","=""7599988760612307720""","=""7420613935730263046""","dipo.negoro55","Dipo Negoro","tanya aja sama Jefry alkohol..ah sudahlah","28/1/2026, 19.13.19","0","No","","","https://www.tiktok.com/@dipo.negoro55"
"=""7600242908533310209""","=""7599988760612307720""","=""7484318590138926088""","muhamadsyaifudinzuhri","OM ASEP","cot","28/1/2026, 10.04.21","0","No","","","https://www.tiktok.com/@muhamadsyaifudinzuhri"
"=""7600042133811217169""","=""7599988760612307720""","=""6875080815076803585""","mekrahhsaranghae_","IRAH✨ AFFILIATE✅","tak kepuasan enjoy kak","27/1/2026, 21.05.09","0","No","","","https://www.tiktok.com/@mekrahhsaranghae_"
"=""7600015542406218514""","=""7599988760612307720""","=""6954736970204283906""","mjbokus.yy","B.0kirrrr","Toll","27/1/2026, 19.22.01","0","No","","","https://www.tiktok.com/@mjbokus.yy"
"=""7624430670979252999""","","=""7038605484585305090""","viqaririn","ririn16","foto belakangnya plis😭","3/4/2026, 14.25.13","169","No","4","No","https://www.tiktok.com/@viqaririn"
"=""7625597772151849735""","=""7624430670979252999""","=""7530542995859899410""","dead_b0yfriend","""Can I see you..?""","kesian banget suami dan anak nya ya ampun 💀","6/4/2026, 17.54.05","4","No","","","https://www.tiktok.com/@dead_b0yfriend"
"=""7625069196611453714""","=""7624430670979252999""","=""6975709608967291905""","siapaajakev1","kev","y","5/4/2026, 07.43.09","0","No","","","https://www.tiktok.com/@siapaajakev1"
"=""7624725266623202069""","=""7624430670979252999""","=""7099445188548477979""","gangin710","Moonton","🤣🤣🤣","4/4/2026, 09.28.27","0","No","","","https://www.tiktok.com/@gangin710"
"=""7624522179803415317""","=""7624430670979252999""","=""6908785076235699206""","godone38","Syandri","😭🤣🤣","3/4/2026, 20.20.17","0","No","","","https://www.tiktok.com/@godone38"
"=""7642261896070071057""","","=""7519915250347607056""","syfaazhra18","kilz_CSS✌🏻🪼","salfok sm poto yg di belakang jule 🗿","21/5/2026, 15.39.36","2","No","1","No","https://www.tiktok.com/@syfaazhra18"
"=""7642571720340390676""","=""7642261896070071057""","=""7545422400974177288""","rioa170","rio","maaf bang ke Jule jangan kesitu","22/5/2026, 11.41.55","0","No","","","https://www.tiktok.com/@rioa170"
"=""7602653052273263378""","","=""7228278163162776603""","nhengnia","97👑♈","ksni gara2 di parodiin bbirnya😭😭😭😭","3/2/2026, 21.56.50","1701","No","10","No","https://www.tiktok.com/@nhengnia"
"=""7603636125874045714""","=""7602653052273263378""","=""7544294591470584833""","nurrohmah3151","Alvyama jionoe","kita satu rombongan ka","6/2/2026, 13.31.45","7","No","","","https://www.tiktok.com/@nurrohmah3151"
"=""7603658097090200338""","=""7602653052273263378""","=""7228278163162776603""","nhengnia","97👑♈","ya udah atuh ayo plg kak 😴","6/2/2026, 14.57.01","0","No","","","https://www.tiktok.com/@nhengnia"
"=""7609802317004948242""","=""7602653052273263378""","=""7509510854762021896""","jualan.ma2.queen","Jualan Ma2 Queen","siapa.kak😂","23/2/2026, 04.19.42","0","No","","","https://www.tiktok.com/@jualan.ma2.queen"
"=""7603732461796786952""","=""7602653052273263378""","=""7034487716436165633""","elmidayeni15","mida15","sama😭😭","6/2/2026, 19.45.30","0","No","","","https://www.tiktok.com/@elmidayeni15"
"=""7603338474028401415""","=""7602653052273263378""","=""6541326125376847874""","yunachan_6","𝕄𝕒𝕞𝕒𝕟𝕪𝕒 ℝ𝕦𝕟𝕒","heh iya aku jg😭 mana barusan😂😂😂","5/2/2026, 18.16.39","0","No","","","https://www.tiktok.com/@yunachan_6"
"=""7603345773254083336""","=""7602653052273263378""","=""7228278163162776603""","nhengnia","97👑♈","ya udah ayuk balik😂😂😂","5/2/2026, 18.44.58","0","No","","","https://www.tiktok.com/@nhengnia"
"=""7603356828341158674""","=""7602653052273263378""","=""6541326125376847874""","yunachan_6","𝕄𝕒𝕞𝕒𝕟𝕪𝕒 ℝ𝕦𝕟𝕒","yuk lah, merinding😭","5/2/2026, 19.27.54","0","No","","","https://www.tiktok.com/@yunachan_6"
"=""7602701287227392776""","=""7602653052273263378""","=""78909912952""","ultramensachet","By. Mandaa","Hadirr kak aku jugaa dari situ😭","4/2/2026, 01.04.08","0","No","","","https://www.tiktok.com/@ultramensachet"
"=""7602811736987976456""","=""7602653052273263378""","=""7228278163162776603""","nhengnia","97👑♈","knpa ya dia ini 😭😭😭😭","4/2/2026, 08.12.56","0","No","","","https://www.tiktok.com/@nhengnia"
"=""7600251640817730322""","","=""6571739838591139845""","moccacino889","M.D.N.A","jangan menghujat guys, dia seperti ini pasti ada sebab nya🥹","28/1/2026, 10.38.13","10","No","17","No","https://www.tiktok.com/@moccacino889"
"=""7600659010496283409""","=""7600251640817730322""","=""6951664684499993601""","calyxara","calyxara","Ya krna tolol","29/1/2026, 12.58.57","60","No","","","https://www.tiktok.com/@calyxara"
"=""7601339866312262408""","=""7600251640817730322""","=""6669213095909474305""","aanaaaakaalay","Sereal","Karena gatel","31/1/2026, 09.01.10","4","No","","","https://www.tiktok.com/@aanaaaakaalay"
"=""7601352488311571201""","=""7600251640817730322""","=""6868108722682496001""","vrlymhrn","vrlymhrn","ya karna lonteh","31/1/2026, 09.50.27","3","No","","","https://www.tiktok.com/@vrlymhrn"
"=""7600251682333590279""","=""7600251640817730322""","=""6571739838591139845""","moccacino889","M.D.N.A","salah satu penyebab nya ""GATEL""","28/1/2026, 10.38.25","18","No","","","https://www.tiktok.com/@moccacino889"
"=""7601176494954758920""","=""7600251640817730322""","=""7035865852290450459""","lawan944","lawan","gatel fefek bg","30/1/2026, 22.27.01","1","No","","","https://www.tiktok.com/@lawan944"
"=""7639312750929888016""","=""7600251640817730322""","=""7424429299069715461""","musafaar7","musafaar","karena kontol","13/5/2026, 16.55.39","0","No","","","https://www.tiktok.com/@musafaar7"
"=""7636235797315142420""","=""7600251640817730322""","=""7236768182991455238""","sisda.paulina.tar","Sisda Paulina Tarigan","sebap karena fefeknya murah🤣","5/5/2026, 09.55.23","0","No","","","https://www.tiktok.com/@sisda.paulina.tar"
"=""7634909689101501192""","=""7600251640817730322""","=""6528973232702455809""","vee_mochi91","Vee Mochi park","gatellllann ajja ko","1/5/2026, 20.09.10","0","No","","","https://www.tiktok.com/@vee_mochi91"
"=""7634581188493247249""","=""7600251640817730322""","=""7570497244212216849""","ayamgoreng35._","yo.si12","sebab dia gbl'k","30/4/2026, 22.54.23","0","No","","","https://www.tiktok.com/@ayamgoreng35._"
"=""7634367171334718209""","=""7600251640817730322""","=""96234274168651776""","marmiulfan","Marmi Ulfan","emang gatel selingkuh Ada sebabnya ya gatel kok mash di kasih panggung","30/4/2026, 09.04.02","0","No","","","https://www.tiktok.com/@marmiulfan"
"=""7634157486208287496""","=""7600251640817730322""","=""6828875727925969922""","iseo_ra","🌻","ya goblok suami sebaik itu malah di duain kan sakit😭gws deh jul","29/4/2026, 19.30.14","0","No","","","https://www.tiktok.com/@iseo_ra"
"=""7625324805131191041""","=""7600251640817730322""","=""6720852365908083713""","malik251098","Malik25","karena k*nt*l","6/4/2026, 00.15.00","0","No","","","https://www.tiktok.com/@malik251098"
"=""7624412301701415696""","=""7600251640817730322""","=""6615346931919241218""","oviienr","oviienr","Khilap biasana mah ceunah","3/4/2026, 13.14.04","0","No","","","https://www.tiktok.com/@oviienr"
"=""7603492269338084117""","=""7600251640817730322""","=""7158734093667583002""","nurhalimatussofa","Sofa tapi bukan kursi🛋","apapun masalahnya, apapun sebabnya emang selingkuh jadi jalan dibenarkan untuk sebab masalah itu? mikir kali, apalagi dia koar-koar bilang daehold KDRT skrg bilang baik banget","6/2/2026, 04.13.43","0","No","","","https://www.tiktok.com/@nurhalimatussofa"
"=""7602642269963125525""","=""7600251640817730322""","=""6870111344538125314""","asemelekete_","kadang sapi","gausah bela jule","3/2/2026, 21.15.01","0","No","","","https://www.tiktok.com/@asemelekete_"
"=""7602098342646891281""","=""7600251640817730322""","=""80269440394608640""","mimauyi","heLLomima🍃","yaa krana tolol","2/2/2026, 10.04.23","0","No","","","https://www.tiktok.com/@mimauyi"
"=""7637442328601854728""","=""7600251640817730322""","=""7575371601110418439""","litlegirl212","🫧🪼🩵","😂","8/5/2026, 15.57.10","0","No","","","https://www.tiktok.com/@litlegirl212"
"=""7607065136726278932""","","=""7555737385598780432""","muhammad.ikhsan0152","x-box","fefek jule milik kita semua","15/2/2026, 19.18.06","7","No","4","No","https://www.tiktok.com/@muhammad.ikhsan0152"
"=""7607068526406861588""","=""7607065136726278932""","=""7477051529170813953""","ellplenger_67","𑣲Xaviera۶ৎ","plss jan dikit dikit fefek...","15/2/2026, 19.31.10","2","No","","","https://www.tiktok.com/@ellplenger_67"
"=""7607108703820661525""","=""7607065136726278932""","=""7555737385598780432""","muhammad.ikhsan0152","x-box","ngkk bisa tahan gw, sama fefeknya,maaf ya","15/2/2026, 22.07.04","0","No","","","https://www.tiktok.com/@muhammad.ikhsan0152"
"=""7635822284838912785""","=""7607065136726278932""","=""7514663446639477778""","yazi5572","yazi☠️","gw aj ga mau ngebokep kek lu","4/5/2026, 07.11.19","0","No","","","https://www.tiktok.com/@yazi5572"
"=""7635822202223264528""","=""7607065136726278932""","=""7514663446639477778""","yazi5572","yazi☠️","otak bokep","4/5/2026, 07.11.08","0","No","","","https://www.tiktok.com/@yazi5572"
"=""7601273955944956693""","","=""6507938334052073473""","bojominyoongi_","bojominyoongi_","trs yg katanya KDRT itu kabar drmn ya? sedangkan daehoon baik banget kata c julaeha..😅😅","31/1/2026, 04.45.26","934","No","8","No","https://www.tiktok.com/@bojominyoongi_"
"=""7601452498230821649""","=""7601273955944956693""","=""7389494367545967622""","rusiana283","rusiana","ibu2 labil dia 😁","31/1/2026, 16.18.17","51","No","","","https://www.tiktok.com/@rusiana283"
"=""7601318937036931856""","=""7601273955944956693""","=""6969850272618644481""","56_pisces","@Pisces56","lebih o990o9ooolo9ooo999 p p PPPLPPP pernah punya 0ppppp","31/1/2026, 07.39.55","7","No","","","https://www.tiktok.com/@56_pisces"
"=""7602098068163461905""","=""7601273955944956693""","=""80269440394608640""","mimauyi","heLLomima🍃","dia lagi halu kak","2/2/2026, 10.03.19","4","No","","","https://www.tiktok.com/@mimauyi"
"=""7602292072222196501""","=""7601273955944956693""","=""6507938334052073473""","bojominyoongi_","bojominyoongi_","😂","2/2/2026, 22.36.07","0","No","","","https://www.tiktok.com/@bojominyoongi_"
"=""7602080084061373192""","=""7601273955944956693""","=""6520708161815805954""","naenol.ontiktok","nae_handcraft","dia kan t*l*l","2/2/2026, 08.53.37","1","No","","","https://www.tiktok.com/@naenol.ontiktok"
"=""7601309634267955976""","=""7601273955944956693""","=""7220014041636832257""","user2850932483076","tharina","setauku dia uda klarif kak , kalo itu hoax yang dia bikin buat jatuh in daehoon","31/1/2026, 07.03.58","18","No","","","https://www.tiktok.com/@user2850932483076"
"=""7601498046534763272""","=""7601273955944956693""","=""6902919836352742401""","0okaa_","Nana","liatt dimanaa kakk aku juga pen bacaa","31/1/2026, 19.14.52","1","No","","","https://www.tiktok.com/@0okaa_"
"=""7622303894542697233""","=""7601273955944956693""","=""7064868312714445825""","budaksunda24tea","🌼🌸teteh sunda 🌼🌸","Kan namanya jga lg puber bininy ketahuan dah,y biasa pasti playing victim nyalahin suami😂","28/3/2026, 20.52.11","0","No","","","https://www.tiktok.com/@budaksunda24tea"
"=""7602429833905963797""","","=""71936666161""","jejethmsn","jejethmsn","Dulu banyak yg bilang kalo jule buka hijab bkl mirip orang korea pas lihat ini gak ya anjirrr gak sama sekali","3/2/2026, 07.30.55","345","No","9","No","https://www.tiktok.com/@jejethmsn"
"=""7602651919471592199""","=""7602429833905963797""","=""6579801937390321665""","heyybro_k","Eds","Lebih ke Tukang Sayur dipabrik jam istirahat","3/2/2026, 21.52.29","52","No","","","https://www.tiktok.com/@heyybro_k"
"=""7608431901750182677""","=""7602429833905963797""","=""7258636360863663105""","yusufeffendi339","yusufeffendi339","kaya yg di kebun binatang","19/2/2026, 11.41.56","2","No","","","https://www.tiktok.com/@yusufeffendi339"
"=""7625826128414147348""","=""7602429833905963797""","=""7019243217891771397""","zingga884","user82035651128","😂😂","7/4/2026, 08.40.23","0","No","","","https://www.tiktok.com/@zingga884"
"=""7605167432357643015""","=""7602429833905963797""","=""7344890335082480645""","linahartati_","Lina Hartati","Ke muka pasaran","10/2/2026, 16.33.57","7","No","","","https://www.tiktok.com/@linahartati_"
"=""7610446041330385665""","=""7602429833905963797""","=""7505378780992635912""","dew_sav_","Dewi Savira","tul.. ga maksud ngehina fisik.. tapi maaf maaf nihyee.. mukanya pasaran bgt gak ada spesial²nya.. dia klo klihatan cantik tu cuma efek kamera. kayak gini tanpa hijab dan buka mulut makin ga menarik.","24/2/2026, 21.57.42","3","No","","","https://www.tiktok.com/@dew_sav_"
"=""7604266349791757077""","=""7602429833905963797""","=""7176268490181116930""","akusukaduriann","Sukadurian","Kaya ayam warna warni yaa","8/2/2026, 06.17.33","2","No","","","https://www.tiktok.com/@akusukaduriann"
"=""7635113129822831381""","=""7602429833905963797""","=""6779057101618775041""","fariel.sipit","fariel sipit","iya.. cantik drmna sih..","2/5/2026, 09.18.43","0","No","","","https://www.tiktok.com/@fariel.sipit"
"=""7635057982360044289""","=""7602429833905963797""","=""7490279455388222465""","yuhuuuww82","yuhuuuww","malah keliatan kaya cabe2an yaa 😁😅","2/5/2026, 05.44.54","0","No","","","https://www.tiktok.com/@yuhuuuww82"
"=""7615214524174336786""","=""7602429833905963797""","=""6866329901311837185""","annisarizkiyoseari","Annisa Rizki Yoseari","dia memang salah dan aku juga nggak pernah membenarkan apa yang dilakukannya. tapi entah kenapa saat dia bicara suaranya seperti bergetar. atau memang perasaanku saja.","9/3/2026, 18.21.55","0","No","","","https://www.tiktok.com/@annisarizkiyoseari"
"=""7600404592296559367""","","=""7366897202847777798""","nipfat2013","benguk","emang dah cerai?","28/1/2026, 20.31.44","5","No","2","No","https://www.tiktok.com/@nipfat2013"
"=""7600409655018160916""","=""7600404592296559367""","=""7475268383413666836""","ihcibozz_pmew.02","#CHIMENG.sk.yppng😝#","kemana aja ka? 😫","28/1/2026, 20.51.21","3","No","","","https://www.tiktok.com/@ihcibozz_pmew.02"
"=""7600551257933808392""","=""7600404592296559367""","=""7366897202847777798""","nipfat2013","benguk","ke sana jauh pake helem","29/1/2026, 06.01.07","2","No","","","https://www.tiktok.com/@nipfat2013"
"=""7600025082040320775""","","=""6785082307092317186""","ninapuddies","Nina Merlina","Kalo baik kenapa diselingkuhin?","27/1/2026, 19.59.00","26","No","15","No","https://www.tiktok.com/@ninapuddies"
"=""7600210447200453393""","=""7600025082040320775""","=""6914625613350798341""","khanzaaa141","khanza","karna dia yg tidak baik kak😁","28/1/2026, 07.58.33","66","No","","","https://www.tiktok.com/@khanzaaa141"
"=""7600033211100316423""","=""7600025082040320775""","=""7422293932618826758""","kaixinjiuhao058","Haoyun","vevek nya gatal kak","27/1/2026, 20.30.35","7","No","","","https://www.tiktok.com/@kaixinjiuhao058"
"=""7600930536899035911""","=""7600025082040320775""","=""7445931993302959110""","amiramran23_","AmirAmran23_","manusia kak , jangan terlalu hukum bahkan bekas suami dia pun tak hina ape ape , ape hak awak hina dia mcmtu ?","30/1/2026, 06.32.47","0","No","","","https://www.tiktok.com/@amiramran23_"
"=""7600936765557359368""","=""7600025082040320775""","=""6785082307092317186""","ninapuddies","Nina Merlina","Lah emang nanya kenapa di selingkuhin tu ngehina ya?","30/1/2026, 06.56.53","1","No","","","https://www.tiktok.com/@ninapuddies"
"=""7604944585273459457""","=""7600025082040320775""","=""6988052036860953626""","ismaibkhvz5","Yulita Margaretha❤️","gak nyambung amat","10/2/2026, 02.09.09","0","No","","","https://www.tiktok.com/@ismaibkhvz5"
"=""7605432847294300935""","=""7600025082040320775""","=""7445931993302959110""","amiramran23_","AmirAmran23_","pende kata , kau hina jule sebap mantan suami dia good loking kan 🤣 cuba kalau dia buruk mesti alasan , pasti ada alasan kenapa jule buat mcm tu 🤣","11/2/2026, 09.44.01","0","No","","","https://www.tiktok.com/@amiramran23_"
"=""7602659958400877313""","=""7600025082040320775""","=""7539839995365147649""","yohanes.tampan74","DOKTER ODGJ_","karna julenya bukan perempuan baik baik","3/2/2026, 22.23.48","0","No","","","https://www.tiktok.com/@yohanes.tampan74"
"=""7602101127128040212""","=""7600025082040320775""","=""6547056239565029377""","incee_88","nia✨️","kepengen kenti yg lebih garang🤣🤣🤣","2/2/2026, 10.15.14","0","No","","","https://www.tiktok.com/@incee_88"
"=""7602098246651560721""","=""7600025082040320775""","=""80269440394608640""","mimauyi","heLLomima🍃","nah bener","2/2/2026, 10.03.59","0","No","","","https://www.tiktok.com/@mimauyi"
"=""7601176702940758791""","=""7600025082040320775""","=""7035865852290450459""","lawan944","lawan","hmmmmm","30/1/2026, 22.27.50","0","No","","","https://www.tiktok.com/@lawan944"
"=""7601175471469019924""","=""7600025082040320775""","=""6807423840529564673""","rblyinky","alfian tb","Karna kon kecil🤣🤣","30/1/2026, 22.23.09","0","No","","","https://www.tiktok.com/@rblyinky"
"=""7600609550941094677""","=""7600025082040320775""","=""6871375516730065922""","iffan_brjk","່","mungkin dy bosan karna mantan suami terlalu baik,jule ingin mencari tantangan baru🗿","29/1/2026, 09.47.09","0","No","","","https://www.tiktok.com/@iffan_brjk"
"=""7600449450062873351""","=""7600025082040320775""","=""6982839901453485082""","raker198","shinigami","fefek nya murahan😂","28/1/2026, 23.25.46","0","No","","","https://www.tiktok.com/@raker198"
"=""7600232831383569168""","=""7600025082040320775""","=""6940974397201302529""","big_mister_king","Steven King","heran kan
klo baik knp dtinggl","28/1/2026, 09.25.14","0","No","","","https://www.tiktok.com/@big_mister_king"
"=""7600220863850660616""","=""7600025082040320775""","=""6607009448715255809""","fyananovita","Zoyanyemil","Karna yg baik psti dpt yg terbaik","28/1/2026, 08.38.57","0","No","","","https://www.tiktok.com/@fyananovita"
"=""7601513089620787976""","","=""7557990478903559176""","cxxyy06","ׅ꯱ᨮׁׅ֮ɑׁׅɑׁׅ??🌷💤","belakang jule tuu apaa😭😭","31/1/2026, 20.13.17","10","No","2","No","https://www.tiktok.com/@cxxyy06"
"=""7601775803910865681""","=""7601513089620787976""","=""7372231729077453825""","quetespakpak0","aldyansyahmanik","@diksii @rimanik","1/2/2026, 13.12.42","0","No","","","https://www.tiktok.com/@quetespakpak0"
"=""7601517145025479445""","=""7601513089620787976""","=""7502349835225170962""","jierrr44","mell","😭😭🗿","31/1/2026, 20.29.00","0","No","","","https://www.tiktok.com/@jierrr44"
"=""7600007402632610567""","","=""6893839675740816386""","pwettyloveeu0","Cutiepiee🤏🏻","wkwk 😜","27/1/2026, 18.50.22","480","No","14","No","https://www.tiktok.com/@pwettyloveeu0"
"=""7600008395773248277""","=""7600007402632610567""","=""7085512081440900122""","mauliafattan_","fatan","mulai birahinya","27/1/2026, 18.54.18","47","No","","","https://www.tiktok.com/@mauliafattan_"
"=""7601665126479217425""","=""7600007402632610567""","=""6551214275549396993""","hambaallah28_lkxjsjsbsjj","ICE Cool","sama² modus, ngundang podcast nati ina bagian jg tuh🤣","1/2/2026, 06.03.18","6","No","","","https://www.tiktok.com/@hambaallah28_lkxjsjsbsjj"
"=""7603769922800108308""","=""7600007402632610567""","=""6979407910477497345""","jelitaaprlia2","pencari duda","caraa menggaettt mangsaa","6/2/2026, 22.10.54","1","No","","","https://www.tiktok.com/@jelitaaprlia2"
"=""7602098277529682705""","=""7600007402632610567""","=""80269440394608640""","mimauyi","heLLomima🍃","udah gk tahan dia","2/2/2026, 10.04.06","1","No","","","https://www.tiktok.com/@mimauyi"
"=""7601371222023160583""","=""7600007402632610567""","=""6723908227682255874""","itzmetinaaa","libragurl🐣","WKWKWKKW ALINGGGG😭😭😭","31/1/2026, 11.02.46","1","No","","","https://www.tiktok.com/@itzmetinaaa"
"=""7600576566629008136""","=""7600007402632610567""","=""6827782677857698817""","asstargirl11","Elleonoree","jurusnya keluar ituh","29/1/2026, 07.39.13","0","No","","","https://www.tiktok.com/@asstargirl11"
"=""7600466812106785556""","=""7600007402632610567""","=""7520564240270492690""","mayacomel66","may","gk blh gitu","29/1/2026, 00.33.09","0","No","","","https://www.tiktok.com/@mayacomel66"
"=""7600447158798861076""","=""7600007402632610567""","=""6519315824162013186""","kupukup_3","kupukup_3","ngelunjak birahi satu ini","28/1/2026, 23.16.56","0","No","","","https://www.tiktok.com/@kupukup_3"
"=""7600227122640569108""","=""7600007402632610567""","=""7585534355800491028""","diangi8","Arip#x","9o","28/1/2026, 09.03.13","0","No","","","https://www.tiktok.com/@diangi8"
"=""7600058213253661448""","=""7600007402632610567""","=""6672645776948741121""","ikha_tumanggor","Ikhaaa","Raarrwww","27/1/2026, 22.07.30","0","No","","","https://www.tiktok.com/@ikha_tumanggor"
"=""7600474541806732048""","=""7600007402632610567""","=""6618202494856953857""","fitri_nj13","P I S C E S ..","buset suamiku komen di jule😳","29/1/2026, 01.03.08","0","No","","","https://www.tiktok.com/@fitri_nj13"
"=""7602536595079021329""","=""7600007402632610567""","=""7059509456518972418""","saefulrizal296","Zal_KBM","awas dikokop tu😂","3/2/2026, 14.25.02","0","No","","","https://www.tiktok.com/@saefulrizal296"
"=""7602151100741567239""","=""7600007402632610567""","=""6924040832106595329""","yhunieemmily_","yhunieemmily_","Abis podcast lgsg cek in anying","2/2/2026, 13.29.05","0","No","","","https://www.tiktok.com/@yhunieemmily_"
"=""7602653109299331848""","=""7600007402632610567""","=""7228278163162776603""","nhengnia","97👑♈","😭😭😭","3/2/2026, 21.57.04","0","No","","","https://www.tiktok.com/@nhengnia"
"=""7602941514746757895""","","=""6913417305742525441""","devoltm_","devoltm_","dia kek pengen nangis","4/2/2026, 16.36.20","31","No","1","No","https://www.tiktok.com/@devoltm_"
"=""7602941544262681362""","=""7602941514746757895""","=""6913417305742525441""","devoltm_","devoltm_","pasti nyesel","4/2/2026, 16.36.31","4","No","","","https://www.tiktok.com/@devoltm_"
"=""7599989471123718933""","","=""6533535824473047042""","faidawanti","Wanti","Lukisannya bagus banget","27/1/2026, 17.40.50","245","No","5","No","https://www.tiktok.com/@faidawanti"
"=""7600006005959099156""","=""7599989471123718933""","=""7444845555254150200""","ryuga_official8","Ryuga Official","mana gw baru tau lu komen njirr","27/1/2026, 18.45.00","18","No","","","https://www.tiktok.com/@ryuga_official8"
"=""7599990910818616071""","=""7599989471123718933""","=""7477904325693441029""","meltedbuttercream","Buttercream","Salfok 😭😭😭","27/1/2026, 17.46.24","5","No","","","https://www.tiktok.com/@meltedbuttercream"
"=""7603709429939749652""","=""7599989471123718933""","=""7129420726143042561""","my_30313","my_","berbanding terbalik sama kelakuan org yg di depan lukisan","6/2/2026, 18.16.18","1","No","","","https://www.tiktok.com/@my_30313"
"=""7600001121706394389""","=""7599989471123718933""","=""6857790990859600897""","putriinzzz_","Putri","Baru ngeh pas baca komen","27/1/2026, 18.26.07","1","No","","","https://www.tiktok.com/@putriinzzz_"
"=""7601084035314762516""","=""7599989471123718933""","=""7313264236880446469""","yao.al","aldorivey","sini kak aku lukisin kek gitu","30/1/2026, 16.28.24","0","No","","","https://www.tiktok.com/@yao.al"
"=""7631160698166248212""","","=""7625882392263754769""","sifaaaa741","𝐰𝐡𝐨'𝐬_𝐟𝐚𝐚🕷୨ৎ","salfok sama foto yg belakang😭","21/4/2026, 17.41.14","6","No","1","No","https://www.tiktok.com/@sifaaaa741"
"=""7631548227691922196""","=""7631160698166248212""","=""7491522903457039368""","vyzckkz","ZKKKVX","😂","22/4/2026, 18.45.06","0","No","","","https://www.tiktok.com/@vyzckkz"
"=""7628103786406363912""","","=""7422159014962922501""","yusufbukansuyuf","YUSUF","liat foto di belakang","13/4/2026, 11.58.47","3","No","1","No","https://www.tiktok.com/@yusufbukansuyuf"
"=""7628821619901334292""","=""7628103786406363912""","=""6967654193754981377""","istiqlal78","Ka'Is 🕊️","aku juga merhatiin 🤭","15/4/2026, 10.24.24","0","No","","","https://www.tiktok.com/@istiqlal78"
"=""7600465189856248596""","","=""7154872076858639362""","alsirasa8","sarasa","sbnrnya dia menyesal bgt","29/1/2026, 00.26.53","3","No","2","No","https://www.tiktok.com/@alsirasa8"
"=""7601352786881741585""","=""7600465189856248596""","=""6868108722682496001""","vrlymhrn","vrlymhrn","mana ada menyesal lanjut part 2 sama yuka","31/1/2026, 09.51.16","5","No","","","https://www.tiktok.com/@vrlymhrn"
"=""7602098407196377857""","=""7600465189856248596""","=""80269440394608640""","mimauyi","heLLomima🍃","mana ada dia nyesel","2/2/2026, 10.04.33","0","No","","","https://www.tiktok.com/@mimauyi"
"=""7627813827186492177""","","=""7355534013095166977""","pngge_jo_qim","🤷🏻‍♀️","foto dibelakang😭😭","12/4/2026, 17.13.37","4","No","1","No","https://www.tiktok.com/@pngge_jo_qim"
"=""7627818356435043080""","=""7627813827186492177""","=""7565131729641079816""","sheilakifa","sһᥱіᥣᥲ 🪐","17 mnt","12/4/2026, 17.31.06","0","No","","","https://www.tiktok.com/@sheilakifa"
"=""7642628159636947719""","","=""7512365044870398984""","itsshofi38","yayaaa🤍","salfok ama jule ❌
salfok ama foto yg di belakang ✅","22/5/2026, 15.20.42","1","No","0","No","https://www.tiktok.com/@itsshofi38"
"=""7619542373304124181""","","=""7507822225438082066""","loversginaa","KZ_NAAAA💤🌠🦈","nyadar gk lukisan di belakang jule","21/3/2026, 10.16.18","5","No","1","No","https://www.tiktok.com/@loversginaa"
"=""7624201747431949063""","=""7619542373304124181""","=""7569601480110785554""","mecaa495","syrfh_meisyaa","😭😭","2/4/2026, 23.36.59","0","No","","","https://www.tiktok.com/@mecaa495"
"=""7600684660364182280""","","=""6551912597234499586""","puspitaals","Mama keenan & Vanka","giginya emang knp itu guyss","29/1/2026, 14.38.30","8","Yes","2","No","https://www.tiktok.com/@puspitaals"
"=""7601628030888411922""","=""7600684660364182280""","=""7389516771180577797""","sentilingosip","SENTILIN GOSIP💋","kayanya gara2 aku HD in video nya, giginya jd aneh🥲","1/2/2026, 03.39.15","2","No","","","https://www.tiktok.com/@sentilingosip"
"=""7601401164207440660""","=""7600684660364182280""","=""7485597393658315796""","rma9588","r-Ma","kya beda y kak","31/1/2026, 12.59.02","1","No","","","https://www.tiktok.com/@rma9588"
"=""7600477731633087239""","","=""6963272903967540229""","yuzion27","Yuzi","salfok ma jule❌
salfok ma lukisan d belakang 😭","29/1/2026, 01.15.30","60","No","3","No","https://www.tiktok.com/@yuzion27"
"=""7635514160658449170""","=""7600477731633087239""","=""7610105919309251604""",".xyz.s.a.b.r.i.n._","princesss_imoet✌️","yap","3/5/2026, 11.14.47","0","No","","","https://www.tiktok.com/@.xyz.s.a.b.r.i.n._"
"=""7601194726994346770""","=""7600477731633087239""","=""7289410572910789637""","nining6601","Nining","i","30/1/2026, 23.37.50","0","No","","","https://www.tiktok.com/@nining6601"
"=""7600478611817579272""","=""7600477731633087239""","=""6958815063738516485""","wjyardy19","wjyardy19","anj😭","29/1/2026, 01.19.02","0","No","","","https://www.tiktok.com/@wjyardy19"
"=""7601138094104199956""","","=""7371113643909383173""","mantan.sepender","PANG 5 TEMPUR","Trusss ???😳","30/1/2026, 19.58.04","1","No","0","No","https://www.tiktok.com/@mantan.sepender"
"=""7621493279758467847""","","=""7485030523133215762""","f.mie_khrl","𝑭.𝑴𝒊𝒆_𝕽𝖀𝕰𝕷","salfok sama foto di belakangnya🗿","26/3/2026, 16.26.34","5","No","0","No","https://www.tiktok.com/@f.mie_khrl"
"=""7632305410225046293""","","=""7524987652539712519""","najwa95804","🌺🌺to bidadari🌸","salfok dengan kata² jule❎️salfok sama foto di belakang jule✅️","24/4/2026, 19.43.11","2","No","1","No","https://www.tiktok.com/@najwa95804"
"=""7632716688799318802""","=""7632305410225046293""","=""7382480877269582853""","c_nootd_","alsysss🤩","ia lgi","25/4/2026, 22.22.33","0","No","","","https://www.tiktok.com/@c_nootd_"
"=""7601428636440953618""","","=""7066697745047061530""","kisyning","vyta’s alter ego","demi dah cakepan pake hijab","31/1/2026, 14.45.39","6","No","0","No","https://www.tiktok.com/@kisyning"
"=""7625110208423691028""","","=""7623028413285286932""","rniindomi","rni🐢","jule itu baik, tapi cuman salah arah aja..","5/4/2026, 10.22.14","14","No","0","No","https://www.tiktok.com/@rniindomi"
"=""7602257221695881991""","","=""7292027244314166278""","luvzzshiie","ѕнα 🐤","jujur agak mikir, kenapa daehoon di sia siain.. , kalo jule masi sama daehoon udah jadi keluarga cemara banget :(","2/2/2026, 20.20.52","20","No","3","No","https://www.tiktok.com/@luvzzshiie"
"=""7602307328641942290""","=""7602257221695881991""","=""7542915228783739924""","rahmafrygil","RAHMAT EFENDI NASUTION","pp","2/2/2026, 23.35.18","0","No","","","https://www.tiktok.com/@rahmafrygil"
"=""7602566227806208776""","=""7602257221695881991""","=""7292027244314166278""","luvzzshiie","ѕнα 🐤","ha","3/2/2026, 16.19.59","0","No","","","https://www.tiktok.com/@luvzzshiie"
"=""7602294687546671888""","=""7602257221695881991""","=""80269440394608640""","mimauyi","heLLomima🍃","emang agak lain ci juleha ma","2/2/2026, 22.46.12","0","No","","","https://www.tiktok.com/@mimauyi"
"=""7600431214885946113""","","=""7587372725628011521""","lupanama452","YANZZ ff","salfok yg di foto belakang😁","28/1/2026, 22.15.00","5","No","2","No","https://www.tiktok.com/@lupanama452"
"=""7600445813936653063""","=""7600431214885946113""","=""7440814140043625490""","jennn3245","Zaen","sering makan wortel yah kmu","28/1/2026, 23.11.38","0","No","","","https://www.tiktok.com/@jennn3245"
"=""7600434162605359893""","=""7600431214885946113""","=""7001524258585674778""","jang_beng11","Localpride99","😂","28/1/2026, 22.26.30","0","No","","","https://www.tiktok.com/@jang_beng11"
"=""7623387142459081492""","","=""7166913736375682074""","dalbanudin","Melody's🍓","sebenarnya dia baik","31/3/2026, 18.55.52","6","No","0","No","https://www.tiktok.com/@dalbanudin"
"=""7600058047301894932""","","=""7471119314847941639""","pj.lestari16","pj.lestari16","Gatau kenapa dn ada ujian apa di hidupnya jule tapi jule udh smpe jauh banget nyasarnya, semoga bisa kembali ke jln yg baik ya jule. Maaf kalo sblmny ak smpet kesel dn jariku ad ku ketik kata2 yg ga baik dn nyakitin hatimu klo smsal kebaca, semoga km cpt balik ke hidup km yg baik ya jangan lama2 jauh sama Allahnya. Gpp hina di dunia tp di mata Allah km tetep hambany, smua hamba pasti punya dosanya bahkan ak rasa dosaku lebih besar dri km.🥺","27/1/2026, 22.06.55","232","No","10","No","https://www.tiktok.com/@pj.lestari16"
"=""7600588526220067604""","=""7600058047301894932""","=""7491673632030114823""","afika_meisya","adalah pokonya 🤪😜🥴","suka sekali komen kakak... Manusia tidak ada yang sempurna...yang keliatan sempurna aja blm tentu baik...","29/1/2026, 08.25.34","38","No","","","https://www.tiktok.com/@afika_meisya"
"=""7605395406848066322""","=""7600058047301894932""","=""7225309031673594906""","runcing99","runcing99","boong luhh","11/2/2026, 07.18.49","0","No","","","https://www.tiktok.com/@runcing99"
"=""7603728102381159175""","=""7600058047301894932""","=""7261182560955745298""","sorelrum","sorelrum","Aamiin.. Aku liat jule lebih ke kasian kak, dia udah sejauh itu.. padahal bisa dibilang hidupnya dulu udah perfect 🥺","6/2/2026, 19.28.38","2","No","","","https://www.tiktok.com/@sorelrum"
"=""7600529429429568274""","=""7600058047301894932""","=""7110256854005515291""","moh_itlal_wahyudi","nata.roam","best komen sih","29/1/2026, 04.36.16","2","No","","","https://www.tiktok.com/@moh_itlal_wahyudi"
"=""7626787423336235797""","=""7600058047301894932""","=""7386247565543343109""","ratnaintanpermatasari","RatnaIntanPermataSari","tidak ada manusia yg sempurna..semoga bisa hidup lebih baik lagi kedepannya.. Aamiin","9/4/2026, 22.50.37","1","No","","","https://www.tiktok.com/@ratnaintanpermatasari"
"=""7600427748536419088""","=""7600058047301894932""","=""6769238690096546818""","1xlagijangandicari","I'm a star 🌟 🌟💫⭐","iya aku juga pernah mengumpat dia semoga bisa secepatnya kembali kejalan yg benar ☺🙏","28/1/2026, 22.01.31","1","No","","","https://www.tiktok.com/@1xlagijangandicari"
"=""7634244835885056785""","=""7600058047301894932""","=""7598929275740619784""","im_555551","im_555551","stres lu","30/4/2026, 01.09.10","0","No","","","https://www.tiktok.com/@im_555551"
"=""7602890391080616722""","=""7600058047301894932""","=""7387248004707877894""","didiansaja","Inisial D","makasih kk adh komen yg baik baik, sdh ingatkn kami semua","4/2/2026, 13.17.58","0","No","","","https://www.tiktok.com/@didiansaja"
"=""7602626387862045447""","=""7600058047301894932""","=""7347569483835278341""","ikhawidaya_","Libra 🍅","Kaaakkk 🥺 sejatinya manusia tempatnya salah, apa yg dia lakuin bukan ranah kita juga, paling bner ya kita doakan yg terbaik , semoga dia bisa kembali baik seperti sebelumnya.","3/2/2026, 20.13.25","0","No","","","https://www.tiktok.com/@ikhawidaya_"
"=""7602960493741048583""","=""7600058047301894932""","=""6642860023368302593""","jumarni1997","Jumarni 🌻","Dosaku lebih bsar janji gak bakalan terulang ujunya terulang lagi dosaku ..nafsu setangku lebih kuat …malu bget nnti klo suatu hari meninggal trus berhadapan sma Allah swt😭😭😭","4/2/2026, 17.49.56","0","No","","","https://www.tiktok.com/@jumarni1997"
"=""7600008733200433927""","","=""6667833052926656513""","soniaputrif2","spf","tuker dia aja ya Allah return lula aku😭","27/1/2026, 18.55.33","6","No","2","No","https://www.tiktok.com/@soniaputrif2"
"=""7600325906415174417""","=""7600008733200433927""","=""7061584844581012506""","xyz555i",".","stres","28/1/2026, 15.26.26","2","No","","","https://www.tiktok.com/@xyz555i"
"=""7600356563430523666""","=""7600008733200433927""","=""6667833052926656513""","soniaputrif2","spf","ahaha😭","28/1/2026, 17.25.24","0","No","","","https://www.tiktok.com/@soniaputrif2"
"=""7626716384382501639""","","=""7493223241244181512""","zulmunurlina","zaas","tpi kenp harus selingkuh?🥺","9/4/2026, 18.14.54","4","No","0","No","https://www.tiktok.com/@zulmunurlina"
"=""7599993429225308936""","","=""7212224133571232773""","vivin_surodimejo","""Vivin_Surodimejo"" 💋","[Stiker] ","27/1/2026, 17.56.11","114","No","4","No","https://www.tiktok.com/@vivin_surodimejo"
"=""7600034464857719559""","=""7599993429225308936""","=""6631008675584557057""","spalspil_by_nisa","spalspil_by_nisa","Heh😭","27/1/2026, 20.35.22","0","No","","","https://www.tiktok.com/@spalspil_by_nisa"
"=""7600034623004853000""","=""7599993429225308936""","=""7212224133571232773""","vivin_surodimejo","""Vivin_Surodimejo"" 💋","Bukan Nisa Sabyan kan 😩","27/1/2026, 20.35.59","0","No","","","https://www.tiktok.com/@vivin_surodimejo"
"=""7600035006984241928""","=""7599993429225308936""","=""6631008675584557057""","spalspil_by_nisa","spalspil_by_nisa","Astaga heh kau😭😂😂😂🤣","27/1/2026, 20.37.32","0","No","","","https://www.tiktok.com/@spalspil_by_nisa"
"=""7601140841306653458""","=""7599993429225308936""","=""6557997018098499586""","zhanglinghe9391","ᖇαᕼмᗩ_ꌦσᨵׁׅׅη૭꒐893🍓🍇🍨","😂😂😂","30/1/2026, 20.08.41","0","No","","","https://www.tiktok.com/@zhanglinghe9391"
"=""7600053424247784213""","","=""7097874590013834241""","ratnady82","RatnaOldshop","","27/1/2026, 21.48.59","3","No","1","No","https://www.tiktok.com/@ratnady82"
"=""7612689899099882241""","=""7600053424247784213""","=""6874155047468319746""","meilina260224","Meilina","🤣🤣🤣🤣","2/3/2026, 23.05.07","0","No","","","https://www.tiktok.com/@meilina260224"
"=""7601077373404316424""","","=""6836516113900454913""","trisnayanti103","Trisnayanti","Jule nangis","30/1/2026, 16.02.24","24","No","0","No","https://www.tiktok.com/@trisnayanti103"
"=""7627297123693134599""","","=""6566499774344724482""","nay_6899999","Nayyarorrr🦖","tapii jujurrr gueeee nangissss cooook😭","11/4/2026, 07.48.39","3","No","0","No","https://www.tiktok.com/@nay_6899999"
"=""7603380146641290005""","","=""6915229759740052486""","asita_putri","{🌕•ASITA•🌏}","dia kek mau nangis gak sih?","5/2/2026, 20.58.24","9","No","0","No","https://www.tiktok.com/@asita_putri"
"=""7625555477891547912""","","=""7613635636164330517""","mylovepinkp49gmail.com","𝔦𝔠𝔢 𝔭𝔦𝔫𝔨","jjur gw pngn bnget jule blik ke jman biasanya🥺","6/4/2026, 15.09.59","6","No","0","No","https://www.tiktok.com/@mylovepinkp49gmail.com"
"=""7600041867258397447""","","=""7442301754618790967""","rimaauliaa._","Rimaa⚖️","[Stiker] ","27/1/2026, 21.04.09","12","No","4","No","https://www.tiktok.com/@rimaauliaa._"
"=""7600076464726622996""","=""7600041867258397447""","=""7399669337373656069""","knzwulndari","♓️","[Stiker] Tunggu kk","27/1/2026, 23.18.28","3","No","","","https://www.tiktok.com/@knzwulndari"
"=""7600191173920146194""","=""7600041867258397447""","=""7044957775794144258""","haeranirazak","haerani","😂😂😂","28/1/2026, 06.43.50","0","No","","","https://www.tiktok.com/@haeranirazak"
"=""7600047639695491856""","=""7600041867258397447""","=""6695920704456819714""","usernothere613","usernothere613","[Stiker] ","27/1/2026, 21.26.34","0","No","","","https://www.tiktok.com/@usernothere613"
"=""7601140975700214535""","=""7600041867258397447""","=""6557997018098499586""","zhanglinghe9391","ᖇαᕼмᗩ_ꌦσᨵׁׅׅη૭꒐893🍓🍇🍨","😂😂😂😂😂","30/1/2026, 20.09.13","0","No","","","https://www.tiktok.com/@zhanglinghe9391"
"=""7635941170145919751""","","=""7090757922904884250""","diary_vibes20","🌺flow🌺","skrg auranya beda banget","4/5/2026, 14.51.52","1","No","0","No","https://www.tiktok.com/@diary_vibes20"
"=""7600016396291392274""","","=""6921936230582518786""","sfr.ars","Sfr'","lempar satu2","27/1/2026, 19.25.21","19","No","0","No","https://www.tiktok.com/@sfr.ars"
"=""7638019905476379400""","","=""7029730348414026754""","jangkauluas","Kak Nurul | Qur’an Isyarat","Bergetar suaranya","10/5/2026, 05.18.30","3","No","0","No","https://www.tiktok.com/@jangkauluas"
"=""7635092224938345234""","","=""6540119055608184834""","ahmadazhar99","Mas azhar","definisi kamu terlalu baik buat aku","2/5/2026, 07.57.34","5","No","0","No","https://www.tiktok.com/@ahmadazhar99"
"=""7600339186437538567""","","=""7467122518680699921""","ema.nurpaidah","Ema Nurpaidah","rada teu cageur s jule","28/1/2026, 16.18.03","2","No","1","No","https://www.tiktok.com/@ema.nurpaidah"
"=""7600345523317736200""","=""7600339186437538567""","=""7370879124225590278""","pras_anak_ba1k182","PrasRajinMenabung","🤣🤣","28/1/2026, 16.42.33","0","No","","","https://www.tiktok.com/@pras_anak_ba1k182"
"=""7626235278382351121""","","=""7365093249248035841""","ctypiwpiw8","CTy","balikan woy😩","8/4/2026, 11.08.01","4","No","0","No","https://www.tiktok.com/@ctypiwpiw8"
"=""7600051930585318152""","","=""6531696950340091906""","putri.keongg","اميليا محمد حمزة","Dilihat lihat , sumpah cantikan gue 🙏🥺","27/1/2026, 21.43.11","12","No","0","No","https://www.tiktok.com/@putri.keongg"
"=""7639707108926276372""","","=""7260363124850672646""","octario.pratama.g","V4MP DOBRAK★★","foto belakang du tutup","14/5/2026, 18.25.44","1","No","0","No","https://www.tiktok.com/@octario.pratama.g"
"=""7634754016290865936""","","=""7514587183065515024""",".rizal_67","RIZAL","gw kok salfok sama lukisan yang ada di belakang","1/5/2026, 10.05.03","1","No","0","No","https://www.tiktok.com/@.rizal_67"
"=""7634824923899200277""","","=""6602116723654230018""","vianieyulia","Yulia Mitsubishi Bandung","Boleh ketawa gk","1/5/2026, 14.40.20","1","No","0","No","https://www.tiktok.com/@vianieyulia"
"=""7630366417250255617""","","=""7490543353517114384""","farisyahgodd","farisyahsetec💱","kepo sama jule❎
kepo sama gambar di belakang✅","19/4/2026, 14.18.52","3","No","0","No","https://www.tiktok.com/@farisyahgodd"
"=""7635862978964751122""","","=""7311433270377317381""","mas.asep376","EsTehManis","aura hyper nya kuat banget 😌 pasti make amon","4/5/2026, 09.48.21","2","No","0","No","https://www.tiktok.com/@mas.asep376"
"=""7634701679593587474""","","=""6566407766277275649""","aansiti30","aries🥰","kurang sabar mbak 🙏suami mu adalah 1 kesempatan trbaik mu saat itu skrg apa yg km cari g pernah ada yg seperti dya dn sllu bersyukur itu kunci ny🙏","1/5/2026, 06.42.05","6","No","0","No","https://www.tiktok.com/@aansiti30"
"=""7637764051243008788""","","=""7584044496088040469""","sallllll039","SALMA","lukidan di belakang be like","9/5/2026, 12.45.47","1","No","0","No","https://www.tiktok.com/@sallllll039"
"=""7601348885986345736""","","=""7377026673046651909""","piscesgurl.8","Vanilaa","Aura nya hilang","31/1/2026, 09.36.06","5","No","0","No","https://www.tiktok.com/@piscesgurl.8"
"=""7635129800654832404""","","=""6820997220574921729""","an.belleyhey4","n","selebrasi jule","2/5/2026, 10.23.24","5","No","0","No","https://www.tiktok.com/@an.belleyhey4"
"=""7635584206106084116""","","=""7629403780714824725""","acim288","acim","Salfok sama lukisan di belakang","3/5/2026, 15.46.43","2","No","0","No","https://www.tiktok.com/@acim288"
"=""7635634840481678098""","","=""7554165815249060876""","diela.dilong","Diela","Padahal Deahoon baik hati banget selalu jaga kamu😔😔","3/5/2026, 19.03.03","0","No","0","No","https://www.tiktok.com/@diela.dilong"
"=""7636023214774649618""","","=""7495533393636525064""","norsahrizal19","norsahrizal","[Stiker] perhati je ni","4/5/2026, 20.10.07","1","No","0","No","https://www.tiktok.com/@norsahrizal19"
"=""7600017250620539669""","","=""7363966697562457093""","matchaa6257","matchaa","DIH","27/1/2026, 19.28.42","39","No","0","No","https://www.tiktok.com/@matchaa6257"
"=""7618361728081937168""","","=""6542537208829886465""","alesha.azalia000","alesha","gw baru tau ini jule 😂 soalnye ga ngikutin berita lu","18/3/2026, 05.54.34","4","No","0","No","https://www.tiktok.com/@alesha.azalia000"
"=""7634395064973787905""","","=""7551402324717290514""","norlsli3","Michael killer","minta maaf nya kayak gak ikhlas gitu","30/4/2026, 10.52.08","3","No","0","No","https://www.tiktok.com/@norlsli3"
"=""7628956256842056456""","","=""7539592816096216071""","azka_viewss","@🐊🌿Seblang.Azkaa🌿🐊","salfok sama jule ❌
salfok sama lukisan di belakang jule ✅","15/4/2026, 19.06.47","3","No","0","No","https://www.tiktok.com/@azka_viewss"
"=""7600381331168576272""","","=""7488233565152085010""","pertge","etregg435","itu gue Salfok sama foto dibelakangnya😂😂😂😂😂","28/1/2026, 19.01.37","3","No","1","No","https://www.tiktok.com/@pertge"
"=""7600384121454363400""","=""7600381331168576272""","=""6919177652129907713""","hype.elshop","INI DOEL","jir...","28/1/2026, 19.12.15","0","No","","","https://www.tiktok.com/@hype.elshop"
"=""7634219339584193298""","","=""7078101174478046234""","nzaawla_","🐾🔟","sakit bgt liatnya","29/4/2026, 23.30.15","2","No","0","No","https://www.tiktok.com/@nzaawla_"
"=""7602481513988719367""","","=""6532348401357438978""","517ourhome","Meluvvv","Bener ya harus banyak2 bersyukur, mencari 10% diorang lain padahal kita sudah punya 90% :(","3/2/2026, 10.51.12","8","No","0","No","https://www.tiktok.com/@517ourhome"
"=""7612895774946493192""","","=""6746915871816221698""","kechun19","yi_wei🗣️🗣️","di satu hari di undang bilang daehoon baik banget
ke esokan hari nya di undang lagi sama Sapri ...dia laki laki nya sabar banget kan lahh 🗿","3/3/2026, 12.23.52","1","No","0","No","https://www.tiktok.com/@kechun19"
"=""7600272328253752071""","","=""7361289868578980865""","fruittea224","PRODUK GAGAL","","28/1/2026, 11.58.37","2","No","2","No","https://www.tiktok.com/@fruittea224"
"=""7600272772992434962""","=""7600272328253752071""","=""7007373971385844742""","atulsara4atulsara4","user4301830550142","daehon hrusnya dengerin penjelasan Jule dlu Bru Bru crain","28/1/2026, 12.03.48","0","No","","","https://www.tiktok.com/@atulsara4atulsara4"
"=""7600274103123903250""","=""7600272328253752071""","=""7361289868578980865""","fruittea224","PRODUK GAGAL","Siap"" kena hujat 🙈","28/1/2026, 12.05.26","0","No","","","https://www.tiktok.com/@fruittea224"
"=""7634576683286545159""","","=""7408827817423668229""","asup.kerbu","@杨鹏城_love you gege china","salfok sama lukisan yang di belakang jule😅😅😅","30/4/2026, 22.36.52","1","No","0","No","https://www.tiktok.com/@asup.kerbu"
"=""7636241866178118408""","","=""7380250382055031813""","lovely.akbar49","lovely akbar","menahan diri utk ga komen aneh aneh","5/5/2026, 10.18.44","1","No","0","No","https://www.tiktok.com/@lovely.akbar49"
"=""7634764724802945800""","","=""7602649558128378901""","finzzzz_44","finzz_imupss🫧👅","akuu salfok gambaran foto yang di belakang julee😭😭😭","1/5/2026, 10.46.39","1","No","0","No","https://www.tiktok.com/@finzzzz_44"
"=""7600065766012388103""","","=""6969120387221734401""","yinggirlll","uyeee","MUAKKKK","27/1/2026, 22.36.50","4","No","1","No","https://www.tiktok.com/@yinggirlll"
"=""7600080742665093895""","=""7600065766012388103""","=""6959183646666572805""","diamond_sumedang","Diamond beautycare","sama","27/1/2026, 23.35.02","0","No","","","https://www.tiktok.com/@diamond_sumedang"
"=""7602449146549240597""","","=""6853685916365784066""","nurmasha10","nu hasanah","Sumpah lu dulu couple goals bgtt , aku liatnya udh sempurna bgt , asal km bersyukur aj le 🥺 bersyukur bersyukurr wlau penghasilan daehoon ga lebih besar dr km pokonya bersyukur atas seribu kebaikan suamimu, dan mengabaikan segelintir kekurangan daehoon","3/2/2026, 08.45.47","4","No","0","No","https://www.tiktok.com/@nurmasha10"
"=""7619924063137415952""","","=""7295253942311961605""","zaaaa.207","My Love 💋","baik banget tapi kok diselingkuhi sih ?","22/3/2026, 10.57.21","5","No","0","No","https://www.tiktok.com/@zaaaa.207"
"=""7626322881291092753""","","=""7605488430843839504""","finaaaaa_y0","finaaaaa_y💋","amit² lah gua kyak gitu klo udah dewasa","8/4/2026, 16.47.55","3","No","0","No","https://www.tiktok.com/@finaaaaa_y0"
"=""7600763431474021141""","","=""7566958620530672647""","asyla.zalindra41","asyilasyilla","daehon kasih aku aj","29/1/2026, 19.44.12","6","No","0","No","https://www.tiktok.com/@asyla.zalindra41"
"=""7599972892328117013""","","=""7490142662344541202""","lusi_960","uccciiii","[Stiker] anjay","27/1/2026, 16.36.36","17","No","0","No","https://www.tiktok.com/@lusi_960"
"=""7600230873744655125""","","=""6734951311907456001""","m.farzahwhyu","m.farzahwhyu","Aku ngga suka sama kaka ini","28/1/2026, 09.17.38","6","No","0","No","https://www.tiktok.com/@m.farzahwhyu"
"=""7625124579245179655""","","=""7297961921516209158""","love_blue078","ap it woi","sial air mata gw keluar gara gara jule","5/4/2026, 11.17.53","2","No","0","No","https://www.tiktok.com/@love_blue078"
"=""7635233624447222546""","","=""7590730344341537800""","hehe.hehe8451","Hehe Hehe","kalo ada penghargaan kira kira jule cocok masuk nominasi apa ya","2/5/2026, 17.06.10","2","No","0","No","https://www.tiktok.com/@hehe.hehe8451"
"=""7635298217063809799""","","=""6872300763759625218""","tanpanam4___","🕊️","Baik aja ditinggalin😭","2/5/2026, 21.16.47","2","No","0","No","https://www.tiktok.com/@tanpanam4___"
"=""7600396504642077441""","","=""6962863388901426177""","kocackbets","🕸️🕸️","iya jul gw sama daehoon udah maafin lu kok","28/1/2026, 20.00.18","7","No","0","No","https://www.tiktok.com/@kocackbets"
"=""7636412009954165525""","","=""7485549309224846352""","penjahat._647","𝘽𝙡𝙄𝙩𝙯 𝙚𝙙𝙞𝙩𝙯𝙯𝙯3⃣0⃣","pretttt😂","5/5/2026, 21.19.04","2","No","0","No","https://www.tiktok.com/@penjahat._647"
"=""7635182520548688658""","","=""7061133044522746881""","ridhaaara","ridhaa","cocok sama ahmad dhani","2/5/2026, 13.47.55","1","No","0","No","https://www.tiktok.com/@ridhaaara"
"=""7634349096655995669""","","=""7080411681901396993""","aaatinns0","TwentySix💫","Anjir gda cakep cakep","30/4/2026, 07.53.54","6","No","0","No","https://www.tiktok.com/@aaatinns0"
"=""7601317730290320135""","","=""6836209858640004097""","ysslvn","Cii","jule kenapa aura mu jadi awur awuran ☹️","31/1/2026, 07.35.24","7","No","0","No","https://www.tiktok.com/@ysslvn"
"=""7600029904756065031""","","=""7042313373941875738""","welove380","viola","[Stiker] ","27/1/2026, 20.17.46","6","No","0","No","https://www.tiktok.com/@welove380"
"=""7634088955512128263""","","=""7627412531954861074""","alfianridwan2","RIDWAN,","ADUH BLAY BALY","29/4/2026, 15.04.17","4","No","0","No","https://www.tiktok.com/@alfianridwan2"
"=""7601396347610776337""","","=""6833595517763716098""","intanovliani","intann","sumpah ya jul lu yg berbuat kok aku yg rasa nyesal udh ninggalin keluarga yg jdi impian bnyk org..","31/1/2026, 12.40.13","4","No","0","No","https://www.tiktok.com/@intanovliani"
"=""7601342087217808129""","","=""7045227396128408578""","cimeera08","cimeera🐋","Heran, hidup sebahagia itu knpa harus dihancurin, even ada mslh ekonomi atau mslh yg lain tapi kan dia pnya suami yg baik dan ank2 lucu. Heran aja, just why??","31/1/2026, 09.09.48","4","No","0","No","https://www.tiktok.com/@cimeera08"
"=""7601336106685563669""","","=""6654399208064860161""","chiquisa__","NASA🪐","baik bgt tp (hmpir?) dituduh kdrt😭","31/1/2026, 08.46.46","4","No","0","No","https://www.tiktok.com/@chiquisa__"
"=""7622270441214886676""","","=""7470035085762511888""","acountfound671","우자이르","maaf oot,tapi syok banget sama lukisan di belakang","28/3/2026, 18.42.26","2","No","0","No","https://www.tiktok.com/@acountfound671"
"=""7632658018663957268""","","=""7618985858062222352""","oon3748","{REAL MADRID}π¥¢©°","salfok sama foto yg di belakang nya","25/4/2026, 18.32.57","1","No","0","No","https://www.tiktok.com/@oon3748"
"=""7600183542149153554""","","=""7193729437321053190""","queen7un","Queen_💋💋","Apapun kesalahan orang lain, bagi ku orang paling baik orang yg mau mengakui kesalahan…","28/1/2026, 06.14.11","4","No","0","No","https://www.tiktok.com/@queen7un"
"=""7630503582762255124""","","=""7447163894453535762""","cewe.imut629","1️⃣0️⃣","jule baik tapi efeknya aja yg liar😭🥰","19/4/2026, 23.11.16","1","No","0","No","https://www.tiktok.com/@cewe.imut629"
"=""7603363203631907604""","","=""7194247507948848154""","jarinfh","Ly🌷","aura nya jadi gelap bgttt😭, padahal jujur aja ya, pas dia pake hijab tuh keliatan nya seger terus😭","5/2/2026, 19.52.37","3","No","0","No","https://www.tiktok.com/@jarinfh"
"=""7629688322541699847""","","=""7310515313576068102""","zorost221","ZORO ST PEPENG","salfok sama jule 🙅🏻‍♂️salfok sama foto","17/4/2026, 18.27.34","1","No","0","No","https://www.tiktok.com/@zorost221"
"=""7601778909037904661""","","=""7395953785942672390""","juicyinred_10","𝘔𝘪𝘦 𝘢𝘺𝘢𝘮 😹😹","𝘉𝘢𝘪𝘬 𝘣𝘨𝘵? 𝘒𝘦𝘯𝘢𝘱𝘢 𝘥𝘪 𝘵𝘪𝘯𝘨𝘨𝘢𝘭𝘪𝘯 𝘴𝘪 𝘥𝘢𝘦𝘩𝘰𝘰𝘯","1/2/2026, 13.24.48","3","No","0","No","https://www.tiktok.com/@juicyinred_10"
"=""7601345522422825736""","","=""7430394914180039685""","wiwin.karwini8","Wi_2n16🍃","[Stiker] ","31/1/2026, 09.23.04","3","No","0","No","https://www.tiktok.com/@wiwin.karwini8"
"=""7601335588180607761""","","=""7162009074422072321""","putriutari1012","ig || Utari_1012","senyum-senyum mulu pas minta maaf ke mantan suami, kek ga ada rasa bersalah sama sekali.","31/1/2026, 08.44.44","3","No","0","No","https://www.tiktok.com/@putriutari1012"
"=""7601290716086158087""","","=""7319364744333460481""","litachau0","Litachau🐼🎀","udah terlambat jule, kata -kata manis kamu nggak bisa menggetarkan hati Daehoon ya..","31/1/2026, 05.50.31","3","No","0","No","https://www.tiktok.com/@litachau0"
"=""7601135652847928085""","","=""7292701183402263558""","itszi54","Florent_tine","GUYS?
kalo dia minta maaf hargai...","30/1/2026, 19.48.37","3","No","0","No","https://www.tiktok.com/@itszi54"
"=""7600697283851846407""","","=""7116093462747055105""","gshsvbgsbs","neptune (neptunus)","lukisan apa itu🗿","29/1/2026, 15.27.35","3","No","0","No","https://www.tiktok.com/@gshsvbgsbs"
"=""7600385839822422804""","","=""7552902129486087180""","whi.dhee","Dhe","[Stiker] Emang Gue Pikrin","28/1/2026, 19.18.57","3","No","0","No","https://www.tiktok.com/@whi.dhee"
"=""7600332098742305556""","","=""7243437999933244417""","_cancer_girls94_","❤️‍🔥🤘Mekyaya_CoMeL🤘❤️‍🔥","lebih cantik berhijab","28/1/2026, 15.50.27","3","No","0","No","https://www.tiktok.com/@_cancer_girls94_"
"=""7600327986063999762""","","=""6968501482111042562""","tariayu636","TariAyu","nyesek banget dia bilang gitu kek nahan tangis banget dan itu gak enak bngt","28/1/2026, 15.34.29","3","No","0","No","https://www.tiktok.com/@tariayu636"
"=""7600319169238500117""","","=""7332487477968225286""","syafirana_2611","Dila Oktapiani💙","baru kali ini , liat ibu Cerai tapi Tega ga bawa anak 😭","28/1/2026, 15.00.20","3","No","0","No","https://www.tiktok.com/@syafirana_2611"
"=""7600309722462028560""","","=""7208464293754668033""","ynprnmsr","Ainun20","sungguh manusia rugi","28/1/2026, 14.23.40","3","No","0","No","https://www.tiktok.com/@ynprnmsr"
"=""7600030295622583058""","","=""7214794188621431810""","eskopisusu.com","unknown","DIH","27/1/2026, 20.19.13","3","No","0","No","https://www.tiktok.com/@eskopisusu.com"
"=""7600001270372008725""","","=""6797979947346215938""","twillerbys","⭒˚｡⋆","[Stiker] ","27/1/2026, 18.26.38","3","No","0","No","https://www.tiktok.com/@twillerbys"
"=""7627864360085390098""","","=""7559447047267451912""","andini_imup6","_you and me💐","udah lah jangan hujat Jule Mulu kasian","12/4/2026, 20.29.35","1","No","0","No","https://www.tiktok.com/@andini_imup6"
"=""7627035914573972232""","","=""7513350241749025800""","novi.astini1011","💠Novi astini💠","salfok sama jule❎
salfok sama lukisan di belakang jule✅","10/4/2026, 14.54.57","1","No","0","No","https://www.tiktok.com/@novi.astini1011"
"=""7609263273807987476""","","=""6844411040148751361""","tasim24794","✩♬ ₊˚.Tִׂαׂ໋ׅׅ࣪꯱ָׂ࣭֗ꬻꪱꭑ͓⋆☾⋆⁺₊✧","selpok lukisan pas Jule cerita","21/2/2026, 17.27.56","2","No","0","No","https://www.tiktok.com/@tasim24794"
"=""7625519022112998160""","","=""7544223410022237201""","jvkyuu","𝓪𝓬","kangen...","6/4/2026, 12.48.34","1","No","0","No","https://www.tiktok.com/@jvkyuu"
"=""7623338086802916117""","","=""7482304655563211794""","santriid4m4n","فايز","gua salfok sama lukisan ny","31/3/2026, 15.45.35","1","No","0","No","https://www.tiktok.com/@santriid4m4n"
"=""7603178388706099989""","","=""6970313787745371137""","capt.j.a_tang","Capt. J.A_Tang","sekarang jaman AI lidah pun bisa di edit .... 😭","5/2/2026, 07.55.37","2","No","0","No","https://www.tiktok.com/@capt.j.a_tang"
"=""7623228301703971600""","","=""6547500619517820929""","17syyhhaafitrrhy","Yas_🫦","Doa aja... manusia semua ada dosa, belum tentu yg hujat penghuni surga, Tuhan bisa mengampuni umatnya, apalgi kita sesama manusia harus saling memaafkan","31/3/2026, 08.39.24","1","No","0","No","https://www.tiktok.com/@17syyhhaafitrrhy"
"=""7602535055273313042""","","=""7585449315645260818""","liraaayp_","hii, im liraa","jul gua nyari laki kayak daehoon gaada, dia baik banget loh kurang apa","3/2/2026, 14.19.02","2","No","0","No","https://www.tiktok.com/@liraaayp_"
"=""7602463476116734738""","","=""7164971731542524934""","desiemili_29","emil cantikkkk🐣","dulu jule sekarang lele","3/2/2026, 09.41.22","2","No","0","No","https://www.tiktok.com/@desiemili_29"
"=""7602459773787210503""","","=""6888556994501018626""","cxl946","Pocica🪭","Pdahal rumah tanggamu itu adalah rumah tangga yg aku inginkan , aku pengen punya suami yg slalu ada 🥺","3/2/2026, 09.26.56","2","No","0","No","https://www.tiktok.com/@cxl946"
"=""7602074168154276629""","","=""6794231610259850241""","lbragirl","Bbygirl🧸🎀","Jule gapake kerudung ternyata lebih cantik gue 😂 pedeee 🤣","2/2/2026, 08.30.41","2","No","0","No","https://www.tiktok.com/@lbragirl"
"=""7601499632448619271""","","=""7211848010229433346""","rayaopenall1","🥞金𝅄 ۫ ׅrᥲᥡᥡᥲᥲ𝅄 ۫ ׅ","dia udah minta maaf masih ga kalian maafin?, iya aku tauuu tapi kan yg ngerasain daehoon bukan kitaa, ini aku gada maksud pembelaan ya gada maksud aku nyocot atau yapping tapi yang ngerasain itu daehoon, mungkin dia ga bakal maafin tapi aku kayak ga tega gitu..
#juleanj","31/1/2026, 19.21.02","2","No","0","No","https://www.tiktok.com/@rayaopenall1"
"=""7601403266195096340""","","=""7472664492112757776""","sarigading19","sarigading19","klo gw diposisi daehoon gw ga akan terima fix 😭😭😭😭😭😭😭😭😭😭","31/1/2026, 13.07.11","2","No","0","No","https://www.tiktok.com/@sarigading19"
"=""7600748190770348821""","","=""7405892861138568198""","hairulmaulana01","√bruno_","Orderan jule lagi sepi","29/1/2026, 18.45.08","2","No","0","No","https://www.tiktok.com/@hairulmaulana01"
"=""7600734120864170770""","","=""7098619952081748994""","as.memoir","𝄀𝄁𝄃𝄂𝄂𝄃𝄃𝄃𝄂𝄂𝄀𝄁𝄃","udah tau baik kenapa di tinggal mba","29/1/2026, 17.50.27","2","No","0","No","https://www.tiktok.com/@as.memoir"
"=""7600607547456832257""","","=""7006970558739629057""","istaravisena","Tara ✨ daily routine","cantikan pake jilbab apalagi dipake untuk berwudhu,lebih terpancar auranya.","29/1/2026, 09.39.22","2","No","0","No","https://www.tiktok.com/@istaravisena"
"=""7600447119765455637""","","=""7555340761698665492""","azzura.zea0","Azzura.Shop","Haduhhh jgn muncul dong cape liatnya","28/1/2026, 23.16.43","2","No","0","No","https://www.tiktok.com/@azzura.zea0"
"=""7600439685492622098""","","=""7448250690201601040""","_caramellateeaa","ig:z.zullppa4a","[Stiker] bla bla blaa","28/1/2026, 22.47.53","2","No","0","No","https://www.tiktok.com/@_caramellateeaa"
"=""7600384018688918273""","","=""6962871785436382209""","firza.gaviria","Husni mubarok","cuuuiiiiihhh","28/1/2026, 19.11.55","2","No","0","No","https://www.tiktok.com/@firza.gaviria"
"=""7600361230298399509""","","=""6966879733225145346""","windaningsihmei","HartaTahtaWinda","Msh promo ga ya😂","28/1/2026, 17.43.33","2","No","0","No","https://www.tiktok.com/@windaningsihmei"
"=""7600355971605938965""","","=""7036110233953240066""","cepicahyana317","cepicahyana317","flas sale nya udahan kek nya 🤣","28/1/2026, 17.23.08","2","No","0","No","https://www.tiktok.com/@cepicahyana317"
"=""7600321311848858388""","","=""6858236915846562817""","zcyndr","Zcy","Cantikan berhijabbbb😭","28/1/2026, 15.08.42","2","No","0","No","https://www.tiktok.com/@zcyndr"
"=""7600204341912306439""","","=""6800125833816130561""","yantiee6","Yantieee","dia cuma mau hidup bebas","28/1/2026, 07.34.59","2","No","0","No","https://www.tiktok.com/@yantiee6"
"=""7600110572579488529""","","=""6848109078783984641""","wakakoooo","🖕🏻","seburuk2nya perilakunya tapi dia mengakui kalau dia salah.","28/1/2026, 01.30.54","2","No","0","No","https://www.tiktok.com/@wakakoooo"
"=""7600078722963653384""","","=""6797330781599433729""","itsyooncyi","Yooncy","Ya Allah kasian banget orang sebaik daehon kenapa harus sama org kek dia😭","27/1/2026, 23.27.06","2","No","0","No","https://www.tiktok.com/@itsyooncyi"
"=""7600077837701808897""","","=""7398506217016411152""","farhan_albiyan","Albii","Gk boleh gitu lah dia sudh mengakui kesalahan nya,dia juga manusia,bukan maksud membela tapi sebaik baik nya manusia adalah memperbaiki diri dan tidak mengulangi kesalahan yang sma,jule jangan pernah lupain ank ank mu ya kasian mereka masih kecil 🥺","27/1/2026, 23.23.40","2","No","0","No","https://www.tiktok.com/@farhan_albiyan"
"=""7600031077843125010""","","=""7226175995346715666""","sukacoklaaaaaaaattt","sukacoklaaaaaaaattt","mungkin kangen kali yak🙏#julemodeserius","27/1/2026, 20.22.14","2","No","0","No","https://www.tiktok.com/@sukacoklaaaaaaaattt"
"=""7600007066103989010""","","=""6945091168108528642""","_fidasaa","fidasaa","","27/1/2026, 18.49.07","2","No","0","No","https://www.tiktok.com/@_fidasaa"
"=""7600001481462874900""","","=""6883672698963346433""","dwialfan_","dwialfan_","[Stiker] ","27/1/2026, 18.27.27","2","No","0","No","https://www.tiktok.com/@dwialfan_"
"=""7600001338315735824""","","=""6546739030045491202""","noneedsupport0","CallMeTraa","[Stiker] ","27/1/2026, 18.26.53","2","No","0","No","https://www.tiktok.com/@noneedsupport0"
"=""7599992698180158228""","","=""7166223251688555522""","browniessultan","browniessultan","pdhl serasi banget","27/1/2026, 17.53.28","2","No","0","No","https://www.tiktok.com/@browniessultan"
"=""7621408999612023572""","","=""6603447083742756866""","radzzz130","rad ` nonchalant","salfok sama foto di belakang jir😹","26/3/2026, 10.59.43","1","No","0","No","https://www.tiktok.com/@radzzz130"
"=""7621179120521478932""","","=""7236649050991985665""","ihapasi8","ultrmilk_","salfok Ama foto di belakang😭","25/3/2026, 20.07.32","1","No","0","No","https://www.tiktok.com/@ihapasi8"
"=""7621020098002420488""","","=""7608415578868761621""","laila.nayla5","nayla_07","𝐲𝐠 𝐝𝐢𝐛𝐞𝐥𝐚𝐤𝐚𝐧 𝐣𝐮𝐥𝐞 𝐚𝐩𝐚","25/3/2026, 09.50.30","1","No","0","No","https://www.tiktok.com/@laila.nayla5"
"=""7620301912571839239""","","=""7536479383918314504""","princess23_300","*putriii💕👸🏻","coba kapal ini ga karam... keluarga impian gw..🥲","23/3/2026, 11.23.36","1","No","0","No","https://www.tiktok.com/@princess23_300"
"=""7619718620114223880""","","=""7509423257289442322""","korizen_64","🎀✩♡_𝐹𝒷𝓎'𝓀𝓇𝓏𝓃_🎀✩♡","Jule, aku kangen kamu yg dulu Jule","21/3/2026, 21.40.01","1","No","0","No","https://www.tiktok.com/@korizen_64"
"=""7619610463278744340""","","=""7489779783321846792""","gracielle.aurelia","si_PLEgeR🤟😜","salfok sama Lukisannya","21/3/2026, 14.40.26","1","No","0","No","https://www.tiktok.com/@gracielle.aurelia"
"=""7616906360563237653""","","=""7470001374441800712""","gngynche_","hantatpungg","kenapa gw yg nagis🙃","14/3/2026, 07.47.05","1","No","0","No","https://www.tiktok.com/@gngynche_"
"=""7615212391684375312""","","=""7378003468646286342""","dekk_barr","barr.nampull","ada yang sadar lukisan belakang gak?","9/3/2026, 18.13.34","1","No","0","No","https://www.tiktok.com/@dekk_barr"
"=""7614723738025689872""","","=""7614053365463139335""","yyyyyrxxwzyyiieelll_","Lyn 🕸️","serasa nonton Drakor sad Ending","8/3/2026, 10.37.16","1","No","0","No","https://www.tiktok.com/@yyyyyrxxwzyyiieelll_"
"=""7611444561638900501""","","=""6959010211503866882""","oaega","oa ega","𝕖𝕟𝕥𝕒𝕙 𝕜𝕟𝕡 𝕤𝕪 𝕞𝕖𝕣𝕒𝕤𝕒 𝕤𝕖𝕖 𝕛𝕦𝕝𝕖 𝕝𝕖𝕓𝕚𝕙 𝕔𝕒𝕟𝕥𝕚𝕜 𝕜𝕖𝕥𝕚𝕜𝕒 𝕞𝕒𝕜𝕖 𝕙𝕚𝕛𝕒𝕓, 𝕜𝕪𝕜 𝕒𝕦𝕣𝕒 𝕓𝕖𝕕𝕒 𝕘𝕚𝕥𝕦","27/2/2026, 14.32.36","1","No","0","No","https://www.tiktok.com/@oaega"
"=""7610813198296810258""","","=""7263258854934316037""","haura_6102","cobongg👁👅👁💅","liat ke jule :❌
liat ke pajangan nya :😭✅","25/2/2026, 21.42.26","1","No","0","No","https://www.tiktok.com/@haura_6102"
"=""7610758170743587602""","","=""7509319652678419474""","chikaarsila14","Chika arsila","𝑠𝑎𝑙𝑓𝑜𝑘 𝑠𝑎𝑚𝑎 𝑏𝑖𝑛𝑔𝑘𝑎𝑖 𝑛𝑦𝑎 🙏🏻","25/2/2026, 18.08.52","1","No","0","No","https://www.tiktok.com/@chikaarsila14"
"=""7609456054149268232""","","=""7185029980945499137""","ebiedddmuff","*HIHI*","gapapa daehoon yang penting dah eksplore","22/2/2026, 05.56.02","1","No","0","No","https://www.tiktok.com/@ebiedddmuff"
"=""7609230309704024852""","","=""6856357777871750145""","loverska_","riska","terus lo nyari apa jule","21/2/2026, 15.20.05","1","No","0","No","https://www.tiktok.com/@loverska_"
"=""7609142379660493589""","","=""7093420146009621531""","flowerddyr","ʚɞ","jule lu parah bgt sumpah","21/2/2026, 09.38.52","1","No","0","No","https://www.tiktok.com/@flowerddyr"
"=""7607996011294556949""","","=""6687950239846138882""","emmuach_26","_fitria emmuach✨","kok ada seorang ibu jauh dr ank2nya palgi anknya 3 pas luwcu2nya jg.","18/2/2026, 07.30.34","1","No","0","No","https://www.tiktok.com/@emmuach_26"
"=""7607853797067129607""","","=""7391814618006160389""","dypandhok","apa aja asal aku","keliatan bgt mau nangis, masi cinta dan sayang sama daehon+ anak”, tp dia udah melakukan kesalahan besar yg ga bisa ditoleransi lagi","17/2/2026, 22.18.26","1","No","0","No","https://www.tiktok.com/@dypandhok"
"=""7606973323574051600""","","=""7297852746405200902""","_pauls_7","ull_24","orng orang padal pada insanfdia br mo gaul","15/2/2026, 13.21.57","1","No","0","No","https://www.tiktok.com/@_pauls_7"
"=""7606816962315846407""","","=""7532549224664843282""","rucas0851","GOBAN ☣️","salfok sama bingke nya aja dah
kaya markas pericibosan 🗿😂😂","15/2/2026, 03.14.58","1","No","0","No","https://www.tiktok.com/@rucas0851"
"=""7606001148626354951""","","=""7580396303855846418""","oranggilaa722","oranggilaa722","salfok ama jule ❎ salfok ama gambar di belakang ✅","12/2/2026, 22.29.12","1","No","0","No","https://www.tiktok.com/@oranggilaa722"
"=""7605582811118977810""","","=""7536155909330125832""","7sp_em","Why..?","terus kalo baik kenapa diselingkuhin jule.....😭😭","11/2/2026, 19.25.51","1","No","0","No","https://www.tiktok.com/@7sp_em"
"=""7605527459118973716""","","=""7287898712411948037""","aeshop01_","AEshop","pretlah","11/2/2026, 15.51.03","1","No","0","No","https://www.tiktok.com/@aeshop01_"
"=""7604839180417368839""","","=""7590876722674828295""","ffry56","ARESS’","julee juleee susah untuk mu berubah","9/2/2026, 19.20.10","1","No","0","No","https://www.tiktok.com/@ffry56"
"=""7604375295353897745""","","=""6814622814185243650""","fanisiasalsblf","fanisia","Ya allah apa yg kamu cari mbakk","8/2/2026, 13.20.17","1","No","0","No","https://www.tiktok.com/@fanisiasalsblf"
"=""7604064246372647687""","","=""6519850861744865281""","iqisss_0415","Ani muvidah","masih bisa bilang ""karna MUNgKiN""???? mungkinn?","7/2/2026, 17.13.04","1","No","0","No","https://www.tiktok.com/@iqisss_0415"
"=""7603932865303413521""","","=""7470664013068829713""","kiraaa.yakk","xyz_raa⚡📍",":KAKK KAMU BAIKK+CANTIK TAPI KAMU SALAH PILIH JALANN😕 KAKK SEMANGAT☺️","7/2/2026, 08.48.42","1","No","0","No","https://www.tiktok.com/@kiraaa.yakk"
"=""7603425342348444434""","","=""7085290413724189723""","nayladian_","nayyy","","5/2/2026, 23.53.49","1","No","0","No","https://www.tiktok.com/@nayladian_"
"=""7603180043611898632""","","=""7448633782078718984""","glennkasihputih","M O N O L O G.","jadi daehon cuman baik aja ya?😳","5/2/2026, 08.02.05","1","No","0","No","https://www.tiktok.com/@glennkasihputih"
"=""7603166187849614101""","","=""7245512811010081797""","secc.al1nne","Aku Alinne👋🏻🦋","@AIM FAMILY SHOP:Kenapa semuanya nampak wajar sih yaAllah dikasi panggung trus","5/2/2026, 07.08.17","1","No","0","No","https://www.tiktok.com/@secc.al1nne"
"=""7601554191258370817""","","=""6924681702141756417""","dinda_ji3","dindangdut","yaallah julee padahal kamu cantik banget pake jilbab🥺","31/1/2026, 22.52.56","1","No","0","No","https://www.tiktok.com/@dinda_ji3"
"=""7601496447452693268""","","=""6574302508637650946""","nzlstoreofficial1","NAZSTOREb","Maaf ka mau tanya mantan suami super baik banget? Terus Kaka cari pendamping baik apa jahat ka maaf ni naya hehe…🙏🏻","31/1/2026, 19.08.44","1","No","0","No","https://www.tiktok.com/@nzlstoreofficial1"
"=""7601468279937762064""","","=""7531357869074973713""","mioceneh","ayamgeprekk🐓","gw mlah fokus gmbr di belakang😹","31/1/2026, 17.19.24","1","No","0","No","https://www.tiktok.com/@mioceneh"
"=""7601454554358432519""","","=""7403651573685797894""","justcallmieayam","🐒er?🌪","aku liat ke foto belakang jule...","31/1/2026, 16.26.08","1","No","0","No","https://www.tiktok.com/@justcallmieayam"
"=""7601408959064343314""","","=""7093494959785100315""","sselviaaaaa_","𝒱𝒾𝒶𐙚","JADI LETAK KDRT NTA GIMANA😭?!","31/1/2026, 13.29.08","1","No","0","No","https://www.tiktok.com/@sselviaaaaa_"
"=""7601400655433417492""","","=""7485597393658315796""","rma9588","r-Ma","padahal cantikan pake krudung loh jul","31/1/2026, 12.57.00","1","No","0","No","https://www.tiktok.com/@rma9588"
"=""7601343520368968455""","","=""7321640646744753153""","yulismeylina_","yulismeylina_","kenapa jadi gelap gitu auranya","31/1/2026, 09.15.19","1","No","0","No","https://www.tiktok.com/@yulismeylina_"
"=""7601336102625002260""","","=""7578096133890245650""","hann29555","E🍂","ya semoga kamu lebih jadi baik dari sebelumnya,tapi jangan di ulangin lagi ya jul","31/1/2026, 08.46.40","1","No","0","No","https://www.tiktok.com/@hann29555"
"=""7601313751104865044""","","=""7181614437186520066""","im.hana30","YOHANA_MONYETZZZ 🙈","KALIAN GIMANA SIH DIA UDAH MINTA MAAF ANJIR
(BUKAN MEMIHAK)","31/1/2026, 07.19.57","1","No","0","No","https://www.tiktok.com/@im.hana30"
"=""7601169046890103573""","","=""7313877416618247174""","abid_ibad","ᴀʙɪᴅ","[Stiker] ","30/1/2026, 21.58.14","1","No","0","No","https://www.tiktok.com/@abid_ibad"
"=""7601165730466202384""","","=""7165391453572596737""","user3603435304844","userrr","[Stiker] juleeee","30/1/2026, 21.45.24","1","No","0","No","https://www.tiktok.com/@user3603435304844"
"=""7601047073371439893""","","=""7593766712488313864""","ril_kemul3","yaelah_pake_nanya✔️","lu udah part 5 ""mungkin""sama Jefri nichol","30/1/2026, 14.04.56","1","No","0","No","https://www.tiktok.com/@ril_kemul3"
"=""7600981663938233105""","","=""7219596181993817089""","aw.gaill","gaill","gimna ya pengen voice note dong","30/1/2026, 09.51.14","1","No","0","No","https://www.tiktok.com/@aw.gaill"
"=""7600959542453879560""","","=""7209544793550079002""","rpshoop020","aqella shop20","jangan gitu kawann, setiap manusia punya kesalahan, apa salahnya Jule ingin berubah, jangan terlalu menghakimi dosa orang ,iyaaa tahuu kesalahan yaa melebihi batas tapi Tuhan tidak melihat seberapa besarnya dosa dia yg Tuhan ingin anaknya yg pergi jauh datang ke pelukannya dengan sungguh-sungguh ingin berubah. sama seperti julee , dia juga udh akuin kesalahannya dan satu lagi jangan melihat seseorang di negatif ya doang tapi cobalah kepositifnya.","30/1/2026, 08.25.28","1","No","0","No","https://www.tiktok.com/@rpshoop020"
"=""7600957687182017300""","","=""7548889301761852437""","juen326","duda ank 1 💔💔","jule jule","30/1/2026, 08.18.05","1","No","0","No","https://www.tiktok.com/@juen326"
"=""7600792345810830098""","","=""7516935434979968001""","alumni_fourbee1","FOURBEEE🪐","jule,jule kamu...menyesal🥹","29/1/2026, 21.36.20","1","No","0","No","https://www.tiktok.com/@alumni_fourbee1"
"=""7600789383248282385""","","=""7580595178625483797""","alvaro.boby.gavr","HBS AUDIO","kalo baik ngapain selingkuh","29/1/2026, 21.24.53","1","No","0","No","https://www.tiktok.com/@alvaro.boby.gavr"
"=""7600789179312997141""","","=""7505266380473811976""","sintya.cegil","snty","alah maaf tidk cukup bro👊","29/1/2026, 21.24.11","1","No","0","No","https://www.tiktok.com/@sintya.cegil"
"=""7600760436808418069""","","=""6810156889519686657""","user92922772918236739292","user92922772918236739292","Tak nampak ada wajah penyelasan nya","29/1/2026, 19.32.36","1","No","0","No","https://www.tiktok.com/@user92922772918236739292"
"=""7600745991003767570""","","=""6876654383581873154""","107205moonlov","d4rrkcoffe","ala ala ala wlowlwowlwowlwowlwowlwo","29/1/2026, 18.36.28","1","No","0","No","https://www.tiktok.com/@107205moonlov"
"=""7600730937903285013""","","=""7585434589453009927""","jolvinhll","Jolvin hal👁️‍🗨️","jull🥲","29/1/2026, 17.38.09","1","No","0","No","https://www.tiktok.com/@jolvinhll"
"=""7600711745309901576""","","=""6956746726019843078""","juns_stnyky_8","junans","[Stiker] halah gimik doang","29/1/2026, 16.23.39","1","No","0","No","https://www.tiktok.com/@juns_stnyky_8"
"=""7600702652410626834""","","=""6994702740975813634""","selviyanar546","selvirusmaning678","gak usah balik. dia sudah bahagia.","29/1/2026, 15.48.24","1","No","0","No","https://www.tiktok.com/@selviyanar546"
"=""7600678393214075665""","","=""92958044609""","ttadwi","titaaaa🫧","[Stiker] ","29/1/2026, 14.14.20","1","No","0","No","https://www.tiktok.com/@ttadwi"
"=""7600447702195700487""","","=""7479674856754562055""","gihyulprtma137","𝕲𝖎𝖌𝖊𝖍𝖍137","","28/1/2026, 23.18.58","1","No","0","No","https://www.tiktok.com/@gihyulprtma137"
"=""7600433738857759509""","","=""7038431213678183425""","bagusdwih10","Bgsdh","Bloook","28/1/2026, 22.24.47","1","No","0","No","https://www.tiktok.com/@bagusdwih10"
"=""7600429380604052244""","","=""7436782792442414135""","darmawan8144","SHOW","RUJUK LAH 🙏","28/1/2026, 22.07.57","1","No","0","No","https://www.tiktok.com/@darmawan8144"
"=""7600420891328365313""","","=""6502262902342582274""","rikaataorik","Kikayyy🦋","eweuh ka era ihhh","28/1/2026, 21.35.07","1","No","0","No","https://www.tiktok.com/@rikaataorik"
"=""7600420695403954965""","","=""7460086047742968839""","sintaayulestari798","shududu","apapun masalahnya selingkuh bukan solusinya paham kan","28/1/2026, 21.34.17","1","No","0","No","https://www.tiktok.com/@sintaayulestari798"
"=""7600415622296912660""","","=""7038922640468739073""","angkringanbiasa02","manusia biasa","secuek"" nya manusia pasti ada rasa penyesalan yg luar biasa ketika kita meninggalkan seseorang yg baik dlm hidup kita","28/1/2026, 21.16.59","1","No","0","No","https://www.tiktok.com/@angkringanbiasa02"
"=""7600411451794162453""","","=""7275341449268462598""","parakang533","Ya'jud ma'jud","Jujur aku di tim Jule🧡","28/1/2026, 20.58.18","1","No","0","No","https://www.tiktok.com/@parakang533"
"=""7600406602943988500""","","=""6813531171361588226""","dralifputraiii3","Dr. Alif Putra III 𐙚˙⋆.˚ ᡣ𐭩","Tak boleh percaya !","28/1/2026, 20.39.28","1","No","0","No","https://www.tiktok.com/@dralifputraiii3"
"=""7600398219474387730""","","=""6871080130535277570""","ganjarrahayudin_sptra","LowProfile","kamu terlau baik buat aku🗣","28/1/2026, 20.06.57","1","No","0","No","https://www.tiktok.com/@ganjarrahayudin_sptra"
"=""7600390430190928661""","","=""7266743712770999298""","pakyachekyeh","Pakyachekyeh","hahaha","28/1/2026, 19.36.47","1","No","0","No","https://www.tiktok.com/@pakyachekyeh"
"=""7600377503874827029""","","=""6798940774476301313""","faaat1h_","🫥","juleee my lopeee🫶🏻","28/1/2026, 18.46.42","1","No","0","No","https://www.tiktok.com/@faaat1h_"
"=""7600345170632442642""","","=""7248975828096107525""","khoiriyah9111","Khoiriyah","sebab nyaa fefek nya kedat kedut truuss😂","28/1/2026, 16.41.09","1","No","0","No","https://www.tiktok.com/@khoiriyah9111"
"=""7600288992463242002""","","=""6791692845574439937""","sudrajatekopamuji","DRA-KEN","jule j nya apa","28/1/2026, 13.03.17","1","No","0","No","https://www.tiktok.com/@sudrajatekopamuji"
"=""7600264324657152769""","","=""7376948959699387397""","adx.ikiy","Rii♡♥︎","tidak ada manusia yg sempurna pasti dia tidak luput dari dosa jadi kita sesama manusia jangan pernah menilai orang lain belum tentu hari ini atau besok kita juga tidak seperti ini","28/1/2026, 11.27.22","1","No","0","No","https://www.tiktok.com/@adx.ikiy"
"=""7600240856348345106""","","=""7134169405936223258""","mueezza43","🥰 DEWI AYANG GEMOY 🥰","[Stiker] jule apa","28/1/2026, 09.56.22","1","No","0","No","https://www.tiktok.com/@mueezza43"
"=""7600218892912837396""","","=""7457199040053756934""","ikiibots","gachoo","[Stiker] ","28/1/2026, 08.31.16","1","No","0","No","https://www.tiktok.com/@ikiibots"
"=""7600184037248008978""","","=""7569229920438944776""","omkribo17","Natano","bukan kesalahan apa kamu thu ffk terlaris di THN kemarin","28/1/2026, 06.15.54","1","No","0","No","https://www.tiktok.com/@omkribo17"
"=""7600156578885698322""","","=""6902889004305482753""","_terserahh.dehh","dektann_","suatu saat lo bkl kgn sih jul","28/1/2026, 04.29.31","1","No","0","No","https://www.tiktok.com/@_terserahh.dehh"
"=""7600091431763559186""","","=""7379872546185577477""","liawan39","Hi ini iy@💋","[Stiker] ","28/1/2026, 00.16.29","1","No","0","No","https://www.tiktok.com/@liawan39"
"=""7600072843657134866""","","=""6869705248077546497""","kkiittyymi4ww",".","[Stiker] ","27/1/2026, 23.04.18","1","No","0","No","https://www.tiktok.com/@kkiittyymi4ww"
"=""7600068297904866055""","","=""7265329202701648904""","faniaadw","faniaadw","PRETTTT","27/1/2026, 22.46.42","1","No","0","No","https://www.tiktok.com/@faniaadw"
"=""7600066716001846037""","","=""7269341308467889154""","kiro_una","kiro_una","[Stiker] ","27/1/2026, 22.40.36","1","No","0","No","https://www.tiktok.com/@kiro_una"
"=""7600061549445415688""","","=""6800760514564015105""","evasuryani071","Cipaa","Apa susahnya sih cancel culture 😭","27/1/2026, 22.20.31","1","No","0","No","https://www.tiktok.com/@evasuryani071"
"=""7600050364880257813""","","=""6747467647477072898""","mlsawlndrr","Meilisa wulandari👸🏻","[Stiker] ","27/1/2026, 21.37.06","1","No","0","No","https://www.tiktok.com/@mlsawlndrr"
"=""7600046711839425298""","","=""7415593833993749509""","nisacya_","nisacya_","Marah ga kalian kalau aku sayang sama jule 😭😭","27/1/2026, 21.22.57","1","No","0","No","https://www.tiktok.com/@nisacya_"
"=""7600043946941743879""","","=""7222276560030991387""","rrmlny_","m","stresss","27/1/2026, 21.12.16","1","No","0","No","https://www.tiktok.com/@rrmlny_"
"=""7600042066492949264""","","=""7256643389021422598""","ridha.amly","Rid","","27/1/2026, 21.05.04","1","No","0","No","https://www.tiktok.com/@ridha.amly"
"=""7600033047145366290""","","=""6867287567545926658""","satriyadima","ini_dimaa🇹🇼","[Stiker] ","27/1/2026, 20.29.56","1","No","0","No","https://www.tiktok.com/@satriyadima"
"=""7600031564986286865""","","=""6782848575498191874""","hafizahory","ory hafizah","[Stiker] ","27/1/2026, 20.24.06","1","No","0","No","https://www.tiktok.com/@hafizahory"
"=""7600016253454730002""","","=""7391387183036630021""","im.dewisa","just_dewisa","[Stiker] ","27/1/2026, 19.24.45","1","No","0","No","https://www.tiktok.com/@im.dewisa"
"=""7600001763098231568""","","=""7572832712885699596""","username1030__","Mr.zlnt","[Stiker] ","27/1/2026, 18.28.33","1","No","0","No","https://www.tiktok.com/@username1030__"
"=""7599999735118889749""","","=""6575677331712704514""","ameliasilvia131619","Amelia Silvia","[Stiker] ","27/1/2026, 18.20.46","1","No","0","No","https://www.tiktok.com/@ameliasilvia131619"
"=""7599919826535351041""","","=""7532704927602131969""","produkbaru69","kinkin nur sakinah","jd te Galis ning","27/1/2026, 13.10.40","1","No","0","No","https://www.tiktok.com/@produkbaru69"
"=""7641918314290086674""","","=""7629493978232308756""","tri0.gril.plenger","Pasya✨💫","heh Poto yg di belakang bikin Akau syok","20/5/2026, 17.26.11","0","No","0","No","https://www.tiktok.com/@tri0.gril.plenger"
"=""7641759858492424978""","","=""7520098786706883592""","faakmlaaa","sipp","AKU MASIII GAMONN BGTT JUJURR SMAA NII KELUAR PLCC DHH JULL!!🥺","20/5/2026, 07.11.25","0","No","0","No","https://www.tiktok.com/@faakmlaaa"
"=""7641493437905240839""","","=""7407080111722447878""","asucomkont0","Aa rudet","jule sumpah lu cakep jadi tobrut","19/5/2026, 13.57.35","0","No","0","No","https://www.tiktok.com/@asucomkont0"
"=""7641487954301993748""","","=""7530873354368582664""","nurr34309","nurr","[Stiker] 🤭😌😁🙏","19/5/2026, 13.36.20","0","No","0","No","https://www.tiktok.com/@nurr34309"
"=""7637767276779078420""","","=""6952156577202488322""","auuroo_raa","aku suka emel👀💗","kata nya baik ko...","9/5/2026, 12.58.06","0","No","0","No","https://www.tiktok.com/@auuroo_raa"
"=""7636558038228517648""","","=""6552078603861344257""","zackacia2","KYe","[Stiker] ","6/5/2026, 06.46.16","0","No","0","No","https://www.tiktok.com/@zackacia2"
"=""7636340866319319824""","","=""7208466482547049499""","juandaradha","Juan","cuuuiihhh","5/5/2026, 16.42.47","0","No","0","No","https://www.tiktok.com/@juandaradha"
"=""7636054744335434504""","","=""7140907558802637825""","nanasuslutz","S U S A N🌻","cantik banget pas pakai hijab","4/5/2026, 22.12.32","0","No","0","No","https://www.tiktok.com/@nanasuslutz"
"=""7635934529551287060""","","=""7501592495815787538""","nakmiloooooooooooooooo","Masha🐻","kok gambar di belakang jule gitu sih","4/5/2026, 14.26.11","0","No","0","No","https://www.tiktok.com/@nakmiloooooooooooooooo"
"=""7635929333685601032""","","=""6982556149690958874""","agnes_meleniaa16","Mell716_","tapi gw malah yang gamon kalo liat kebersamaan mereka sebelum pisah😭","4/5/2026, 14.05.57","0","No","0","No","https://www.tiktok.com/@agnes_meleniaa16"
"=""7635053836923536149""","","=""7296815632321430534""","firmanafandi47","firmanafandi 2","kaya raya gak menjamin keluarga harmonis dan saling menerima apa adanya , buktinya kaya raya ujiannya perpisahan, malah yang hidup sederhana uang pas Pasan selalu harmonis dan bahagia ☺️","2/5/2026, 05.34.15","0","No","0","No","https://www.tiktok.com/@firmanafandi47"
"=""7634921279388353288""","","=""7170954667153114139""","anstcs","dz","Halah","1/5/2026, 20.54.02","0","No","0","No","https://www.tiktok.com/@anstcs"
"=""7634574954943955733""","","=""7625543793449911316""","mie.acehenak","Shaa pulang ada mie ayam🍜","ih..","30/4/2026, 22.30.15","0","No","0","No","https://www.tiktok.com/@mie.acehenak"
"=""7634552458378986247""","","=""6881930136926749698""","darasagalareals","숫처녀dara sagala reals♍","baru sadar","30/4/2026, 21.02.52","0","No","0","No","https://www.tiktok.com/@darasagalareals"
"=""7634549203586958098""","","=""6966668807939408898""","veaim_","nis_chailie☆","sayang nya yahh,, padahal udah umrohh tuuhhh🥺","30/4/2026, 20.50.17","0","No","0","No","https://www.tiktok.com/@veaim_"
"=""7634501758994023188""","","=""7222591538462442497""","minnakr25","minnakr25","bilang maaf kerna apa guys maaf nya aja gak iklas","30/4/2026, 17.46.20","0","No","0","No","https://www.tiktok.com/@minnakr25"
"=""7634475164331295495""","","=""6915372563384730626""","nengmay27","Maymun🍓","kalau baik bgt ,knpa disakitin dih😭","30/4/2026, 16.02.57","0","No","0","No","https://www.tiktok.com/@nengmay27"
"=""7634444086967730962""","","=""6958554426245170177""","lenylenara","LenyLenara","Sakit bettt jul sakit anjirlahh🥺 fiks udah daehoon buat gw aja😭🤣","30/4/2026, 14.02.24","0","No","0","No","https://www.tiktok.com/@lenylenara"
"=""7634441514496803602""","","=""7096309284057498650""","justqlbert1028","Mostwãntedddd_","[Stiker] ","30/4/2026, 13.52.28","0","No","0","No","https://www.tiktok.com/@justqlbert1028"
"=""7634146902879716113""","","=""7210323043712484379""","deaaaaaaaaputri","Kittyyy Putri","@appleuser9946946:@biscuitt🦋: Guys cancel culture itu ga bisa kalo kalian fomo ngehujat di akun dia, apalagi kalian selalu kepo sama sosmednya. Alogaritmanya pasti naik, vidio dia akan selalu naik views banyak meskipun kolom komentar isinya hujatan tapi akun dia akan selalu naik. Please klo mau hujat di akun gosip aja, jangan di akun dia supaya akunnya redup, klo bisa unfollow, vt nya lewat di skip jangan kalian tontonin trus kalian komen. Klo di komen ya tetep rame lah akunnya . Niat kalian mau cancel culture tapi kaliannya salah konsep kalian malah tetep komen vt vt dia, sedangkan komen hujatan kalian itu ga akan di baca sama sekali sama dia jadi percuma yg ada kalian nyumbang alogaritma 💔","29/4/2026, 18.49.17","0","No","0","No","https://www.tiktok.com/@deaaaaaaaaputri"
"=""7632891319790912274""","","=""7528989232280355856""","kukura85","レザSyahreza🍃","[Stiker] ","26/4/2026, 09.36.54","0","No","0","No","https://www.tiktok.com/@kukura85"
"=""7632380765163373319""","","=""6960915240339162113""","arlfauzy","affauzy","siaaaa","25/4/2026, 00.35.39","0","No","0","No","https://www.tiktok.com/@arlfauzy"
"=""7631829121891533569""","","=""6970589140879688705""","mumystrawberry","Mummy Strawberry","[Stiker] ","23/4/2026, 12.55.20","0","No","0","No","https://www.tiktok.com/@mumystrawberry"
"=""7631250735363523335""","","=""7143586943371379713""","aenun.123","shilviaAenun 123","yakin","21/4/2026, 23.30.28","0","No","0","No","https://www.tiktok.com/@aenun.123"
"=""7631132203547722503""","","=""7618954777394152455""","impiankurazor2","rascall🫪🫪🫥","omdoooo","21/4/2026, 15.50.33","0","No","0","No","https://www.tiktok.com/@impiankurazor2"
"=""7630866457987859221""","","=""7386528493502678022""","ghiiqilll","Giiiiiiiiaaaaaaannnnnn","katanya si opet yang baik","20/4/2026, 22.39.22","0","No","0","No","https://www.tiktok.com/@ghiiqilll"
"=""7630185175616127751""","","=""6532787030073917442""","sukasukamoodku","bukandiatapiaku","jule lu tu cantik banget, semoga semakin bertambahnya umur hati dan prilaku lu juga cantik ya seperti wajah lu","19/4/2026, 02.35.43","0","No","0","No","https://www.tiktok.com/@sukasukamoodku"
"=""7629411458497299221""","","=""7610816905335538689""","ypw_53","ypw_","plis jangan hujat kak jule 😭 dia itu cwe bail bail sebenernya","17/4/2026, 00.33.11","0","No","0","No","https://www.tiktok.com/@ypw_53"
"=""7628322187054105364""","","=""7193994983915996161""","onlyagain1310","Gaa","sadar sadar","14/4/2026, 02.06.22","0","No","0","No","https://www.tiktok.com/@onlyagain1310"
"=""7628052394426073877""","","=""6913699070784013314""","naura96128","🐣NAURA🐣🌷","pengen mereka kembali lagi kaya duluu🥺","13/4/2026, 08.39.35","0","No","0","No","https://www.tiktok.com/@naura96128"
"=""7627822707819791126""","","=""7375084875256349729""","n_k_s85","N.k.S","What happens can someone explain please","12/4/2026, 17.48.01","0","No","0","No","https://www.tiktok.com/@n_k_s85"
"=""7627729257200075538""","","=""7614559797597176840""","amboy.bolang","amboy bolang","mau dia balikan lagi plss","12/4/2026, 11.45.22","0","No","0","No","https://www.tiktok.com/@amboy.bolang"
"=""7627606700603048725""","","=""7151425921492124677""","biintang_99","✨🔞 Bintang","PL","12/4/2026, 03.50.02","0","No","0","No","https://www.tiktok.com/@biintang_99"
"=""7626417655717872392""","","=""7562437437201581063""","aubreynadia_","Nadiaaubreyyy","Nangisin ini mlm” 🫠","8/4/2026, 22.55.41","0","No","0","No","https://www.tiktok.com/@aubreynadia_"
"=""7626345996763071252""","","=""7523884950250292241""","velly_a1","nasi goreng🤍","foto yang di belakang jule😭","8/4/2026, 18.17.39","0","No","0","No","https://www.tiktok.com/@velly_a1"
"=""7626033032700609287""","","=""7513502873604015105""","nopita.rafi.reyha","NOpita Rafi Reyhan","udh dpt yg baik dan terbaik kenapa ditinggalin sih KA Jul.. blm tentu loh KA Jul dpt yg baik seperti opa daehoon","7/4/2026, 22.03.07","0","No","0","No","https://www.tiktok.com/@nopita.rafi.reyha"
"=""7626020612238459668""","","=""7266920158613586950""","tuppingg123_","tuppingg123_","Pdhl ccok bngt🥺","7/4/2026, 21.14.58","0","No","0","No","https://www.tiktok.com/@tuppingg123_"
"=""7625984304023864082""","","=""7512611739281409025""","ndra1467","Hen_19","[Stiker] ","7/4/2026, 18.54.07","0","No","0","No","https://www.tiktok.com/@ndra1467"
"=""7625825245072835349""","","=""6925637172961068033""","alamwalker6","0%","setelah kehilangan baru sadar","7/4/2026, 08.37.02","0","No","0","No","https://www.tiktok.com/@alamwalker6"
"=""7625668886579806996""","","=""7336336048849323026""","yandisyahputra13","yandi pasker","akhir zaman","6/4/2026, 22.30.11","0","No","0","No","https://www.tiktok.com/@yandisyahputra13"
"=""7625651485445407508""","","=""7505009058367374357""","fira.ria555","FIRA Al jauhaar 🔥","salfok ke foto yang ada di belakang nya jule🙂","6/4/2026, 21.22.36","0","No","0","No","https://www.tiktok.com/@fira.ria555"
"=""7625556589156041493""","","=""7087030531380741122""","iannnnnnnnnnnnn7","fabianhbtllh","dih","6/4/2026, 15.14.22","0","No","0","No","https://www.tiktok.com/@iannnnnnnnnnnnn7"
"=""7625528452061790994""","","=""6553604544097206273""","amnidmia_67","米娅","woi la knp gw nngis dh","6/4/2026, 13.25.12","0","No","0","No","https://www.tiktok.com/@amnidmia_67"
"=""7625508022520988433""","","=""7571764967473529873""","jmbt737","𝕬𝖑𝖜𝖆𝖞𝖘_𝖋𝖑𝖜𝖗𝖘","jull🥲","6/4/2026, 12.05.51","0","No","0","No","https://www.tiktok.com/@jmbt737"
"=""7625476577945928468""","","=""6829978864535405570""","kodokcomel_","kodok comell","dlu aku juga suka selingkuh pdhl cowo ku setia bngt dan aku sadar setelah dia pergi aku ga pernah nemuin yg setulus dia lagi setelah kami putus aku berkali kali di sakitin sama setiap org baru yg aku temui pdhl aku udh berubah jdi lebih baik setelah kehilangan dia hingga akhirnya dia kembali dan kami perbaiki lagi hubungan lama aku kasi versi terbaikku untuk dia sekarang 🥲🥹","6/4/2026, 10.04.00","0","No","0","No","https://www.tiktok.com/@kodokcomel_"
"=""7625263971935306516""","","=""7530971735001891857""","plenger_imppp","dOlie_Nazwa","Poto belakangnya gess😭","5/4/2026, 20.18.51","0","No","0","No","https://www.tiktok.com/@plenger_imppp"
"=""7624097547607819028""","","=""7589991503234466837""","kaiirumi7","KaiiRumi🐾🌟","Jule ga promo lagi ya?","2/4/2026, 16.52.38","0","No","0","No","https://www.tiktok.com/@kaiirumi7"
"=""7606304937849160455""","","=""7567228522298999815""","dralala07","larara","INI GADA SALFOK SAMA GAMBAR DIBELAKANG??????? 😂😂😂😂😂","13/2/2026, 18.08.04","0","No","0","No","https://www.tiktok.com/@dralala07"
"=""7603293559181427477""","","=""6861905070701118465""","princessputri4657","Putri","Saa daehoon pdhl udh jd good girl pake hijab, giliran sama safrie malahan jd bad girl buka hijab. Sangat amat disayangkan","5/2/2026, 15.22.26","0","No","0","No","https://www.tiktok.com/@princessputri4657"
"=""7600277354333602561""","","=""7560566966696903698""","syfacntaaa","syfacntaaa","Baru kali ini gue lihat orang minta maaff ga ada sedih' nyaa","28/1/2026, 12.18.12","0","No","0","No","https://www.tiktok.com/@syfacntaaa"
"=""7600230618726712085""","","=""6864056861336634369""","yesinda_regina","yesind🅰️","","28/1/2026, 09.16.37","0","No","0","No","https://www.tiktok.com/@yesinda_regina"
"=""7600215565475447553""","","=""6824106082319991809""","sintasusianishofa","sinta susiani shofa","padahal vibesnya udah jadi keluarga bahagia & sempurna..","28/1/2026, 08.18.17","0","No","0","No","https://www.tiktok.com/@sintasusianishofa"
"=""7600063982560772872""","","=""6860751791509668865""","hasriana_16","i’m Anha🤎","Muak","27/1/2026, 22.29.55","0","No","0","No","https://www.tiktok.com/@hasriana_16"
"=""7600008944690807560""","","=""6816173809780245505""","lustforside_88","lustforside_88","","27/1/2026, 18.56.28","0","No","0","No","https://www.tiktok.com/@lustforside_88"
"=""7599999510492234516""","","=""7095379798616949787""","cimprut96","Pᴜᴛʀɪ`友","Iye jul gue maapin 🫩🍌🍑","27/1/2026, 18.19.50","0","No","0","No","https://www.tiktok.com/@cimprut96"
"=""7601746055873331988""","","=""7490847686414533653""","atheavbsr","🪼","dia pngn nangis 🥹","1/2/2026, 11.17.23","2","No","0","No","https://www.tiktok.com/@atheavbsr"
"=""7600010026597942024""","","=""7531150378521248773""","ikhsan_qlwouw","ikhsan_qlwouw","Muncul dengan cas sing asli ya hehe","27/1/2026, 19.00.33","1","No","0","No","https://www.tiktok.com/@ikhsan_qlwouw"
"=""7600059922910774037""","","=""6707093105558356994""","bubbkyyy","Rintannn🧋","[Stiker] Dih","27/1/2026, 22.14.11","1","No","0","No","https://www.tiktok.com/@bubbkyyy"
"=""7629340403934200594""","","=""7537223467562550280""","frombali22","riski","udah gak usah sedih sini nikah Ama gw😂","16/4/2026, 19.57.28","1","No","0","No","https://www.tiktok.com/@frombali22"
"=""7600065343701697301""","","=""7521239302362973191""","suehana.suehana.a","Suehana Suehana ana","mata berkaca kaca menahan penyesalan ....tapi ya sudahlah semua udah terjadi ...","27/1/2026, 22.35.19","1","No","0","No","https://www.tiktok.com/@suehana.suehana.a"
"=""7600001262876934930""","","=""6538089472297631746""","xxuzzhi","🦋","[Stiker] ","27/1/2026, 18.26.34","2","No","0","No","https://www.tiktok.com/@xxuzzhi"
"=""7615923325575004935""","","=""7364332397847233542""","daus_ed1tz","Daus","aj* jule","11/3/2026, 16.14.20","1","No","0","No","https://www.tiktok.com/@daus_ed1tz"
"=""7600042720774456080""","","=""7258557422271611909""","ismavirgo23","virgo","[Stiker] ","27/1/2026, 21.07.26","1","No","0","No","https://www.tiktok.com/@ismavirgo23"
"=""7600032698694845191""","","=""6704162127680848898""","dhiensayahrania","🇹🇷 🅳 🅷 🅸 🅴 🅽 🆂  🇹🇷","","27/1/2026, 20.28.35","1","No","0","No","https://www.tiktok.com/@dhiensayahrania"
"=""7599999933764535061""","","=""7051099881142633473""","ltfffaa","🍒Latifaaa","anj","27/1/2026, 18.21.26","1","No","0","No","https://www.tiktok.com/@ltfffaa"
"=""7640365798293537544""","","=""7617802546891703316""","julingmoonners","Deyyyy!🌺","Belaca jiertt yulee😭","16/5/2026, 13.01.35","0","No","0","No","https://www.tiktok.com/@julingmoonners"
"=""7639766599550485268""","","=""7476799641326289937""","doladoladola21","𝑵𝒆𝒆𝒓𝒂","krna mungkin ya aku gatel😂","14/5/2026, 22.16.28","0","No","0","No","https://www.tiktok.com/@doladoladola21"
"=""7636960640830030608""","","=""7235226135951361026""","nurjishop","Nurji","knp berubah sebegitu...pakai tudung Jule..manis kamu bertudung.. mashaallah","7/5/2026, 08.48.01","0","No","0","No","https://www.tiktok.com/@nurjishop"
"=""7634637468922823440""","","=""7450778732974949392""","ibbckc","ibbckc","wc umum","1/5/2026, 02.32.50","0","No","0","No","https://www.tiktok.com/@ibbckc"
"=""7634497360743613202""","","=""7468220089784075280""","chiicii_chipaw","chiicii_chipaw ","Lu jlk juleee cakep pake krudung sumpah","30/4/2026, 17.29.05","0","No","0","No","https://www.tiktok.com/@chiicii_chipaw"
"=""7634350157828653845""","","=""6798758933840053249""","clash.emel","clash.emel","Julee sihh🥺😭😭 ngpain la sama japrii","30/4/2026, 07.58.15","0","No","0","No","https://www.tiktok.com/@clash.emel"
"=""7634188776008844050""","","=""7125421486328808474""","lisamaulida167","Lisa 🧚🏻‍♀️","taeeeee","29/4/2026, 21.31.35","0","No","0","No","https://www.tiktok.com/@lisamaulida167"
"=""7631088798445126407""","","=""6991092358621430785""","hani8789","Hani L&F","ujian pernikahan itu sangat berat. kembali lg ke diri sendiri harus selalu istiqomah n jadi cewek kita juga harus kerja, n ngimbangi juga. ujian yg berat itu ekonomi, kdrt n perselingkuhan. semoga kita selalu dalam lindungan Allah SWT dan jauh dari hal buruk. aminnn","21/4/2026, 13.02.08","0","No","0","No","https://www.tiktok.com/@hani8789"
"=""7627460852179157767""","","=""6936777677894960129""","darnaaurelliaazah","Darna","lele...","11/4/2026, 18.23.55","0","No","0","No","https://www.tiktok.com/@darnaaurelliaazah"
"=""7626756406410265362""","","=""7338048348618621958""","r054581","美しいディアス❤️🦋","cabi","9/4/2026, 20.50.10","0","No","0","No","https://www.tiktok.com/@r054581"
"=""7626573951687050002""","","=""7405282790852428805""","wonk_sunda_ae88","kaula","anj","9/4/2026, 09.02.18","0","No","0","No","https://www.tiktok.com/@wonk_sunda_ae88"
"=""7625934889272263444""","","=""7621881203267765268""","o259009","ᑎOᑭᗩ","njis","7/4/2026, 15.42.29","0","No","0","No","https://www.tiktok.com/@o259009"
"=""7625780115272155912""","","=""6766232997940839426""","sitty_cubby1","sitty_naumi","aku ga yalahin jule umur segitu memang lagi puber pubernya .kaya aku dlu 😭","7/4/2026, 05.41.49","0","No","0","No","https://www.tiktok.com/@sitty_cubby1"
"=""7610237069755548436""","","=""7452496121422070792""","a_njyara","~ Aulia lve a.☆  l ^~e. w.yeis","@AA Daehoon 대훈","24/2/2026, 08.30.16","1","No","0","No","https://www.tiktok.com/@a_njyara"
"=""7600022160690266901""","","=""7464960814140130321""","ribhel_sayang_affan","𝘤𝘦𝘨𝘪𝘭𝘯𝘺𝘢 𝘺𝘶𝘢𝘯 🤍","@jawa @SUKA DUIT💸💵🤑🤑🤗😝 @Ga•raauwwwwrrr🦖 @🐾 @R🥀 @Nana 11 💋 @ke_Ketchin🤏🏻💅🏻 @Babaaa💋💋 @zawaa_wawaa👄💯😻 @𝗀𝗑𝗒𝗒_𝗇𝖺𝖺 🐣 @Olive ✨","27/1/2026, 19.47.42","1","No","0","No","https://www.tiktok.com/@ribhel_sayang_affan"
"=""7599999525277745940""","","=""7394842334960010241""","ernida.hasibuan0","ERNIDA HASIBUAN🇮🇩","🤯","27/1/2026, 18.19.54","1","No","0","No","https://www.tiktok.com/@ernida.hasibuan0"
"=""7599988340427178773""","","=""7455278519348102160""","dandy2539","Dandi Sinuraya","😁","27/1/2026, 17.36.28","1","No","0","No","https://www.tiktok.com/@dandy2539"
"=""7641692482280145684""","","=""7345390923374150662""","inisal.d15","lestari,😹","😭😭😭😭😭","20/5/2026, 02.50.18","0","No","0","No","https://www.tiktok.com/@inisal.d15"
"=""7641508070627017492""","","=""7454990126691959815""","vibesramadan22","𝕶𝕬𝕷𝕴𝕷💯✔","😳😳😳","19/5/2026, 14.54.13","0","No","0","No","https://www.tiktok.com/@vibesramadan22"
"=""7641508068185883412""","","=""7454990126691959815""","vibesramadan22","𝕶𝕬𝕷𝕴𝕷💯✔","🥰🥰🥰","19/5/2026, 14.54.14","0","No","0","No","https://www.tiktok.com/@vibesramadan22"
"=""7641507987676791572""","","=""7454990126691959815""","vibesramadan22","𝕶𝕬𝕷𝕴𝕷💯✔","🥰🥰🥰","19/5/2026, 14.54.01","0","No","0","No","https://www.tiktok.com/@vibesramadan22"
"=""7641507949382746901""","","=""7454990126691959815""","vibesramadan22","𝕶𝕬𝕷𝕴𝕷💯✔","😳😳😳","19/5/2026, 14.54.01","0","No","0","No","https://www.tiktok.com/@vibesramadan22"
"=""7641507949480117012""","","=""7454990126691959815""","vibesramadan22","𝕶𝕬𝕷𝕴𝕷💯✔","😁😁😁","19/5/2026, 14.53.58","0","No","0","No","https://www.tiktok.com/@vibesramadan22"
"=""7641507981158548244""","","=""7454990126691959815""","vibesramadan22","𝕶𝕬𝕷𝕴𝕷💯✔","😳😳😳","19/5/2026, 14.53.57","0","No","0","No","https://www.tiktok.com/@vibesramadan22"
"=""7639466868307329813""","","=""7470692000888849409""","usernamemelc","usernamemelc","😂😂😂","14/5/2026, 02.53.36","0","No","0","No","https://www.tiktok.com/@usernamemelc"
"=""7638175522408710920""","","=""7610486180341924884""","fikaamaya5","yang peng chenggg","😁😁😁","10/5/2026, 15.22.11","0","No","0","No","https://www.tiktok.com/@fikaamaya5"
"=""7638175492999217928""","","=""7610486180341924884""","fikaamaya5","yang peng chenggg","😳😳😳","10/5/2026, 15.22.09","0","No","0","No","https://www.tiktok.com/@fikaamaya5"
"=""7638175459327116050""","","=""7610486180341924884""","fikaamaya5","yang peng chenggg","😁😁😁","10/5/2026, 15.22.05","0","No","0","No","https://www.tiktok.com/@fikaamaya5"
"=""7637804104139948820""","","=""7514330545880089608""","user888126521","Ahmad Ahmad 02","🥰🥰🥰","9/5/2026, 15.21.00","0","No","0","No","https://www.tiktok.com/@user888126521"
"=""7637444148123140882""","","=""7321583774330979333""","yoruni.cheong","≽^• ˕ • ྀིNATASHYA ଘ៸៸᳐⦁⩊⦁៸៸᳐ଓ","🗿🗿🗿","8/5/2026, 16.04.05","0","No","0","No","https://www.tiktok.com/@yoruni.cheong"
"=""7637310209736704785""","","=""7618838596787930129""","ssssaaaastecu","Raaaa??💐","🔥","8/5/2026, 07.24.34","0","No","0","No","https://www.tiktok.com/@ssssaaaastecu"
"=""7635973978646266645""","","=""7598895522523857937""","dimsumholic688","dimsumholic","🥰🥺😎😊","4/5/2026, 16.59.19","0","No","0","No","https://www.tiktok.com/@dimsumholic688"
"=""7635601419722064647""","","=""235034180773191680""","wannllii","WANLI","😁","3/5/2026, 16.53.23","0","No","0","No","https://www.tiktok.com/@wannllii"
"=""7635131170225767188""","","=""6730137542102926337""","nurzyanannings","Nurzyana Nnings","😳😳😳","2/5/2026, 10.28.51","0","No","0","No","https://www.tiktok.com/@nurzyanannings"
"=""7634432459135812370""","","=""7225960682150708250""","zaskia9199","Zas","😂","30/4/2026, 13.17.11","0","No","0","No","https://www.tiktok.com/@zaskia9199"
"=""7634098123105321746""","","=""7074105027652158490""","sulis.lis02","Sulis🕸️","😁","29/4/2026, 15.39.52","0","No","0","No","https://www.tiktok.com/@sulis.lis02"
"=""7632249685914305296""","","=""7204049004274828290""","indahkarimah8","indahkarimah8","😁","24/4/2026, 16.06.58","0","No","0","No","https://www.tiktok.com/@indahkarimah8"
"=""7630766607258895120""","","=""6954178660388865025""","tigapuluhagustus1","strawberry🍓","😂😂😂","20/4/2026, 16.11.56","0","No","0","No","https://www.tiktok.com/@tigapuluhagustus1"
"=""7630340879149236999""","","=""6708021393987175425""","icamellysa_","ICA","🥰","19/4/2026, 12.39.54","0","No","0","No","https://www.tiktok.com/@icamellysa_"
"=""7629758226553111303""","","=""7286491661369443334""","fatih.fatih702","gokil","@","17/4/2026, 22.58.47","0","No","0","No","https://www.tiktok.com/@fatih.fatih702"
"=""7628501222328550165""","","=""7078862685430334490""","tati.nurhayati35","Tati Nurhayati","😂😂😂😂","14/4/2026, 13.41.04","0","No","0","No","https://www.tiktok.com/@tati.nurhayati35"
"=""7628115198256038677""","","=""7551577989428823060""","haii.buk2","aplu?🙄🖕🏻","😭😭😭","13/4/2026, 12.43.09","0","No","0","No","https://www.tiktok.com/@haii.buk2"
"=""7626913324273730311""","","=""7120749207498408987""","milenllovers1","MILEN LOVERS ❤️‍🔥💖","kakak ku@Selfi Yamma","10/4/2026, 06.59.15","0","No","0","No","https://www.tiktok.com/@milenllovers1"
"=""7625886291305267975""","","=""7287202913632551942""","4yudh1ta","taa^🦢","😊","7/4/2026, 12.33.45","0","No","0","No","https://www.tiktok.com/@4yudh1ta"
"=""7625785836186010376""","","=""81421087055""","azzahraajeng.23","azzahraajeng.23","🥺🥺","7/4/2026, 06.04.17","0","No","0","No","https://www.tiktok.com/@azzahraajeng.23"
"=""7625277149968974608""","","=""7592832400314418192""","keysu10","Hanamitchi","😂","5/4/2026, 21.09.56","0","No","0","No","https://www.tiktok.com/@keysu10"
"=""7599982864671163143""","","=""104017926671753216""","ur96crush","pangsit rebuuuus~","dih @｡ꪆৎ ˚⋅Bubu ZQᡣ𐭩","27/1/2026, 17.15.11","0","No","0","No","https://www.tiktok.com/@ur96crush"
"=""7601281998514930440""","","=""6750604954707362817""","ditazapr","Sooya","Udh baik bgt malah diselingkuhin sama difitnah kdrt ama lu Jul","31/1/2026, 05.16.38","8","No","0","No","https://www.tiktok.com/@ditazapr"
"=""7604360206987035412""","","=""6996575023490647067""","sanioktania","Sani Dubber","Banyak perempuan mencari lelaki baik, dari segi attitude, care nya, apalagi cintanya, Dan kamu tlah menyiayiakan apa yg Allah berikan padamu. Entah apa yg ada dalam benakmu hingga bisa melepaskannya. Semoga ending nya kalian akan menemukan lagi pasangan terbaik menurut Allah sesuai harapan kalian..","8/2/2026, 12.21.39","3","No","0","No","https://www.tiktok.com/@sanioktania"
"=""7602656685522141960""","","=""7311480115711132677""","2.013x","-pr!n¢exyo-","alah silit","3/2/2026, 22.10.57","2","No","0","No","https://www.tiktok.com/@2.013x"
"=""7601353215343739655""","","=""6852941178418611202""","drunkbysake","Kai🌸","Tp ktnya kdrt gajetotttt","31/1/2026, 09.52.59","2","No","0","No","https://www.tiktok.com/@drunkbysake"
"=""7610968651894981383""","","=""7112440848646358017""","dendirhmdni","karpet","hayper","26/2/2026, 07.45.50","1","No","0","No","https://www.tiktok.com/@dendirhmdni"
"=""7607385806432748309""","","=""7171017732266640390""","rinnisari1","rinnisari670","aku nangis .. nyesal udah gak guna. kasian anaknya 😭","16/2/2026, 16.02.24","1","No","0","No","https://www.tiktok.com/@rinnisari1"
"=""7605226542227161877""","","=""6560204540120793090""","ch6xaf5e","Idham Ilyas","Hati hati,tipu daya wanita itu sangat lah dahsyat","10/2/2026, 20.23.24","1","No","0","No","https://www.tiktok.com/@ch6xaf5e"
"=""7603329616526197525""","","=""6811145781769274369""","savitricha","savitricha","setelah lepas hijab
tambah cantik ❎
tambah surem ✅","5/2/2026, 17.42.16","1","No","0","No","https://www.tiktok.com/@savitricha"
"=""7602919054332134151""","","=""7582541196821169159""","leeeunbi_125","○o。.Me~♡","kalo dia nangis sih masih waras...
aku aja nangis liatnya...","4/2/2026, 15.09.10","1","No","0","No","https://www.tiktok.com/@leeeunbi_125"
"=""7602833548676301575""","","=""6846976412826649602""","litaalisyaaa_","Alisyastore.✨️🎀","jul jul,sudah tahu baik ,masi aja betingkeh kau😭","4/2/2026, 09.37.20","1","No","0","No","https://www.tiktok.com/@litaalisyaaa_"
"=""7600750211230008072""","","=""6855123188856128513""","giyohaw_id","KLIK BAIT","mpreeeeet","29/1/2026, 18.52.59","1","No","0","No","https://www.tiktok.com/@giyohaw_id"
"=""7600554255586181905""","","=""6848287687582172161""","jefriantasaimaratarigan","JEFRI TARIGAN","wanita terhahat","29/1/2026, 06.13.00","1","No","0","No","https://www.tiktok.com/@jefriantasaimaratarigan"
"=""7600350387794641672""","","=""6980908215975822338""","art02.12","Zero-'23","bohong semua itu.duta vevek gratis JULE","28/1/2026, 17.01.20","1","No","0","No","https://www.tiktok.com/@art02.12"