"Comment ID","User ID","Username","Nick Name","Comment","Comment Time","Digg Count","Author Digged","Reply Count","Pinned to Top","User Homepage"
"=""7642967757198082837""","=""7397618538758669317""","dell_sihotang","dell_sihotang","saya paling suka orang Indonesia, karena memiliki orang yang asik dan menggugah selera. saya mengetik ini memakai translate, saya berasal dari medan","23/5/2026, 13.24.26","3932","No","62","No","https://www.tiktok.com/@dell_sihotang"
"=""7642779557087707922""","=""7404764650212066310""","juliiani.ananda","Juliiani Ananda","ksian x yg chekin jam 1 dh idup 😭","23/5/2026, 01.08.15","979","No","39","No","https://www.tiktok.com/@juliiani.ananda"
"=""7642896845078217479""","=""6876420365707920385""","awokawokiw","teengirl","gara"" mati lampu ini, kami sekeluarga tidur diteras tadi malam karna panas kali😭😭","23/5/2026, 08.43.31","5744","No","39","No","https://www.tiktok.com/@awokawokiw"
"=""7643068683783815954""","=""7525430565895291911""","bukan21.aku","user_10","anak wifi apa kabar?","23/5/2026, 19.50.15","47","No","19","No","https://www.tiktok.com/@bukan21.aku"
"=""7642923369416409876""","=""6499120236121407490""","chacabie","Chacabie","tinggal di kota,berasa tinggal dihutan,sampe skrng blom idup juga 😌","23/5/2026, 10.26.36","437","No","20","No","https://www.tiktok.com/@chacabie"
"=""7643477302248817428""","=""79955146564""","norma_w97","normawati","ini beneran sepulau pulau matinya","24/5/2026, 22.15.54","0","No","1","No","https://www.tiktok.com/@norma_w97"
"=""7642938054362252052""","=""6790545969898865666""","tika_danora","Tika Tambunan 🎼✨","Anj banget emang, ga kepikiran buat tidur dihotel tadi malam 😭","23/5/2026, 11.23.21","41","No","13","No","https://www.tiktok.com/@tika_danora"
"=""7643115723346314004""","=""7459202499124839432""","hii_anonim","Senja_15","dimedan Apapun masalahnya yang antri pasti SPBU😂😭🤭","23/5/2026, 22.52.44","6","No","2","No","https://www.tiktok.com/@hii_anonim"
"=""7642999403037754130""","=""6946791780089480194""","lightmatchaa1","ᰔᩚ٭╶𝒏𝒂𝒊𝒍𝒂𝒉∘˙•ও","[Stiker] part 2 katanya weh hari ini jam 18.18","23/5/2026, 15.21.19","23","No","31","No","https://www.tiktok.com/@lightmatchaa1"
"=""7643450837230289671""","=""7642923743602377746""","ayufauzi636","nin_ lovers❤","ampun kali wee","24/5/2026, 20.33.07","1","No","0","No","https://www.tiktok.com/@ayufauzi636"
"=""7642872992284246801""","=""7489823983149286417""","chyntiaagtha_g.purba","chyntia_agtha","di tempat ku belum hidup hidup lampu nya dari semalam anjir 😭","23/5/2026, 07.11.25","2065","No","54","No","https://www.tiktok.com/@chyntiaagtha_g.purba"
"=""7642941806053606164""","=""6533579890591219713""","batak__pride","Akun Gabut","yg hidupnya gk bisa tanpa scrol HP pasti tdi malam gelisah 😂😂","23/5/2026, 11.38.08","144","No","5","No","https://www.tiktok.com/@batak__pride"
"=""7643490149514806036""","=""7541775090347213840""","dian_sri_indah","Indah","snt apa woi","24/5/2026, 23.05.42","0","No","0","No","https://www.tiktok.com/@dian_sri_indah"
"=""7642960433297589012""","=""7535006257875420165""","rewwvaa","bobaa","baru hidup 14.49 apa gak maen kali","23/5/2026, 12.50.16","15","No","13","No","https://www.tiktok.com/@rewwvaa"
"=""7642982751452463880""","=""7499473352034272263""","name.lynn5","call me lyn.","YA TUHAN BARU SEHARI SAMPE BANYAK BANGET BERITANYA😭","23/5/2026, 14.16.43","965","No","13","No","https://www.tiktok.com/@name.lynn5"
"=""7643037599271863047""","=""6815050824550155265""","noinmoonsz","zahrasiregarr","DIRUMAHKU BARU IDOPPP WEEEE PATEN KALI EMG SRI GUNTING INI😭😭😭","23/5/2026, 17.49.36","22","No","7","No","https://www.tiktok.com/@noinmoonsz"
"=""7642944347172504338""","=""6829240754947539969""","acc_raaa","•♡°☆ミ","kalo beneran 3 hari 3 malem matinya gmn la ini 😭😭","23/5/2026, 11.47.44","4","No","13","No","https://www.tiktok.com/@acc_raaa"
"=""7643008613985207058""","=""6700862827274650625""","4meyicano","es","semua orang dijalan pada kalungan charger😭🙏","23/5/2026, 15.57.11","504","No","2","No","https://www.tiktok.com/@4meyicano"
"=""7642896663723655953""","=""6760063423223202817""","callmepiika","asdhjkf","tembong udh nyala blm sii😭","23/5/2026, 08.42.41","3","No","17","No","https://www.tiktok.com/@callmepiika"
"=""7642981292926092053""","=""7091685663082923034""","blueejjhluv","nayaa✮","kami medan pancing belum idopp sampe skrg jam 2 siang","23/5/2026, 14.11.14","5","No","7","No","https://www.tiktok.com/@blueejjhluv"
"=""7642930603067687698""","=""7079690748312568834""","penghunisurganich","sengsantun","yang baru hidup cung 😭😭","23/5/2026, 10.54.22","461","No","8","No","https://www.tiktok.com/@penghunisurganich"
"=""7642968439902094100""","=""7535006257875420165""","rewwvaa","bobaa","mati lagi jam 10 katanya weh?","23/5/2026, 13.21.24","3","No","38","No","https://www.tiktok.com/@rewwvaa"
"=""7642888960868893458""","=""6966614981932663809""","gataujodoh","DUTA LDR","Dari 18.30 sampai detik ini dirumahku belum hidup, sementara tetangga depan rumah udah hidup listriknya 😭😭","23/5/2026, 08.12.56","88","No","13","No","https://www.tiktok.com/@gataujodoh"
"=""7643116148259472136""","=""6913774096829416449""","mrvbell","Rossiebell","Udah 29 jam mati lampu weeee","23/5/2026, 22.54.26","6","No","5","No","https://www.tiktok.com/@mrvbell"
"=""7643039196022162196""","=""7227487335549453339""","yh_poke","gabe","[Stiker] sumatera tadi malam","23/5/2026, 17.55.58","108","No","1","No","https://www.tiktok.com/@yh_poke"
"=""7643073093161730824""","=""6738820213070038017""","hannatria","Jean","barusan org rame rame borong lilin trs ga lama listrik nyala 😭","23/5/2026, 20.07.15","71","No","4","No","https://www.tiktok.com/@hannatria"
"=""7642894226263311121""","=""6907290391406576641""","pirmannajaa","f!rmannn","sampe skrg ga idop"" disini ah","23/5/2026, 08.33.21","70","No","12","No","https://www.tiktok.com/@pirmannajaa"
"=""7643051135368889109""","=""7116010626098922497""","bebyboo071","icaaaaa","DISINI BRU IDOP WEE😭","23/5/2026, 18.42.16","10","No","6","No","https://www.tiktok.com/@bebyboo071"
"=""7642879674184139541""","=""6784737150706713601""","rahelsinagaa_21","Rahel Octavia Sinaga","helvet jam 10 dah nyala","23/5/2026, 07.36.54","2","No","10","No","https://www.tiktok.com/@rahelsinagaa_21"
"=""7642869912701403924""","=""7076114663117358106""","yyaceewwww","yayaa","inpo panceng jam brp idop lampu","23/5/2026, 06.59.26","4","No","11","No","https://www.tiktok.com/@yyaceewwww"
"=""7642926159814902549""","=""7106424143739094042""","ffryyn_","fa","wee jaringan axis emang belom ada ya?","23/5/2026, 10.37.17","6","No","8","No","https://www.tiktok.com/@ffryyn_"
"=""7642936896267518727""","=""7431498679422682118""","akutauakucantik1","Eva","Ini jaringan memang nge leg apa cuman aku aja ?","23/5/2026, 11.18.43","5","No","5","No","https://www.tiktok.com/@akutauakucantik1"
"=""7642996332626395921""","=""7605048560590291969""","ameliaa277777","Z","di ayahanda bru nyala ih 😭😭😭😭😭😭😭","23/5/2026, 15.09.51","2","No","12","No","https://www.tiktok.com/@ameliaa277777"
"=""7642977735938016021""","=""7517283102030201864""","p.mabar.yok4","🦋 ˃ 𖥦 ˂","udah malam malam panas banyak nyamuk lagi apanya PLN Medan ini 😭","23/5/2026, 13.57.25","7","No","2","No","https://www.tiktok.com/@p.mabar.yok4"
"=""7643040242069095186""","=""7096537443089237018""","eerrrraaaa6","ᶻ 𝗓 𐰁","woii udah hidup lampuu, udah ga ky orng stres lgi, udahhhhh tenang aman damai😭🫰🏻😘","23/5/2026, 17.59.49","29","No","13","No","https://www.tiktok.com/@eerrrraaaa6"
"=""7643054916348642069""","=""7263457374224532481""","ndkarooo0","Rindu br Surbakti","bayangkan we 23 jam mati lampu","23/5/2026, 18.56.46","10","No","3","No","https://www.tiktok.com/@ndkarooo0"
"=""7643104078406992657""","=""6940703880053326850""","alora140","AloRa","hotel kok gak ikut mati lmpu","23/5/2026, 22.07.42","1","No","1","No","https://www.tiktok.com/@alora140"
"=""7643055317929280264""","=""6872695714730230785""","bluwie_sgn","blowie✨","[Stiker] cis dulu yang lampu ny udah hidup","23/5/2026, 18.58.21","15","No","1","No","https://www.tiktok.com/@bluwie_sgn"
"=""7643085599834686226""","=""7363309713436296197""","la_lalaa01","yeeyeeyeye","kak, kami sekeluarga sampe ke kolam renang biar mandi😇","23/5/2026, 20.55.50","4","No","2","No","https://www.tiktok.com/@la_lalaa01"
"=""7643013926997377812""","=""6679288597789312001""","user718060060817","ℳ","baru hidup 😭😭😭😭😔","23/5/2026, 16.17.50","0","No","0","No","https://www.tiktok.com/@user718060060817"
"=""7643048245934048008""","=""7304088178721457153""","umyknowdv","kringggg","kocak x😭","23/5/2026, 18.30.56","0","No","0","No","https://www.tiktok.com/@umyknowdv"
"=""7643030355624903431""","=""7304922907942978561""","yzdwsfebqvx","nothing.","anjjjj hampir 24 jam mati lampu 😭
baru hidup jam 17.00 tadi, jaringan pun belum normal, air gdak..kimbek kali la memanggg😭😭😭😭😭","23/5/2026, 17.21.28","43","No","3","No","https://www.tiktok.com/@yzdwsfebqvx"
"=""7643095782950322964""","=""7222792059811726338""","k3pokalikau","NABILA NASUTION","aku tim checkin🤣","23/5/2026, 21.35.23","0","No","0","No","https://www.tiktok.com/@k3pokalikau"
"=""7642919520067420948""","=""7260464856771019781""","mellykirana07","mel_29","Sunggal km 12 dr td Mlmm smpek skrg Bru hdup😭","23/5/2026, 10.11.25","11","No","9","No","https://www.tiktok.com/@mellykirana07"
"=""7643093937687413521""","=""6857134879277663234""","bbycheicu","sheilaMDN","[Stiker] panassssssss","23/5/2026, 21.28.24","0","No","0","No","https://www.tiktok.com/@bbycheicu"
"=""7642986954786685717""","=""7201122072012981253""","watchmedanindonesia","watchmedanindonesia","masih mati lampu kan woiii
tempt Kelen udh hidup lampu blm","23/5/2026, 14.33.05","5","No","22","No","https://www.tiktok.com/@watchmedanindonesia"
"=""7643026580241023751""","=""7441526279201408007""","ahmad_fahmi.2","f","di umsu kan emang masih ada event tadi malem iya ga si?","23/5/2026, 17.06.48","1","No","0","No","https://www.tiktok.com/@ahmad_fahmi.2"
"=""7643066773688288001""","=""7061979063212229633""","paini439","ᵐꜞᔆᔆ᭄ Qᴜᴇᴇɴ✿࿐","sama bang😭","23/5/2026, 20.00.03","0","No","0","No","https://www.tiktok.com/@paini439"
"=""7642972783442068245""","=""7175464056612996123""","asaharsa6","sannst","kami disini belum hidup udah
17 jam 😭","23/5/2026, 13.38.11","8","No","6","No","https://www.tiktok.com/@asaharsa6"
"=""7643127974813188884""","=""6810401557629748226""","wahyusunarliss_","Wahyuu s","Umsu selalu menyalaa","23/5/2026, 23.40.25","0","No","0","No","https://www.tiktok.com/@wahyusunarliss_"
"=""7643053974686221064""","=""7046681121874035739""","arbi.nnda","N A N D A","iya wak iya wak","23/5/2026, 18.53.09","0","No","0","No","https://www.tiktok.com/@arbi.nnda"
"=""7642976605392356117""","=""7151049460398326785""","cookiespyiw_","𝓁𝓎𝓎𔓘 ࣪˖ ִ","18jam matlam apa ga besibuk semua orng 😭😭😭","23/5/2026, 13.52.57","16","No","2","No","https://www.tiktok.com/@cookiespyiw_"
"=""7643035458217771796""","=""7154283173743412226""","urell114","uurlyyy","skrang baru bisa buka sosmed🥰","23/5/2026, 17.41.19","7","No","0","No","https://www.tiktok.com/@urell114"
"=""7643114854820135700""","=""6789944447893128193""","yvonne.yelena.yuvr","౨ৎ⋆♬♩𝕐ׁׅ᥎ׁׅєᴛ𝒕ɛ𓆝୨୧˚⋆","relate😭","23/5/2026, 22.49.31","0","No","0","No","https://www.tiktok.com/@yvonne.yelena.yuvr"
"=""7642925046118564615""","=""7521084124498265108""","samuel129888","Samuel1298","Alhamdulillah menang lagi derr Di ModJP 💚😘😘","23/5/2026, 10.32.57","66","No","7","No","https://www.tiktok.com/@samuel129888"
"=""7642944325731975957""","=""6591403610844184578""","berrycano_","aida","menyala umsu ku😭🙏🏻","23/5/2026, 11.47.47","2","No","0","No","https://www.tiktok.com/@berrycano_"
"=""7643037413388174101""","=""7622662124888491029""","zio.wijaya28","Zio Wijaya","udah hidupppp","23/5/2026, 17.48.54","0","No","0","No","https://www.tiktok.com/@zio.wijaya28"
"=""7642779938756281096""","=""7135866998541517851""","yoongis912","saaa","binjai blum hdup, hp gua udh lowbat bgt😭","23/5/2026, 13.22.52","8","No","5","No","https://www.tiktok.com/@yoongis912"
"=""7643020961491256084""","=""6505157906911428610""","pulupuluhi_","ce ceria","yg ke 2 aku bgt😔","23/5/2026, 16.45.09","0","No","0","No","https://www.tiktok.com/@pulupuluhi_"
"=""7642977334886204180""","=""7279797324909839365""","im7utt","yaww","kmi disini blm hdp sampe skrng udh 19 jam ga idup²😭","23/5/2026, 13.55.47","17","No","3","No","https://www.tiktok.com/@im7utt"
"=""7642969977494897429""","=""7546898391600301074""","nurul.selviana","Nurul Selviana","kabupaten Simalungun belum hidup sampai sekarang 😭😭😭","23/5/2026, 13.27.21","2","No","6","No","https://www.tiktok.com/@nurul.selviana"
"=""7642967502939292424""","=""6775400782827308033""","matchacihyu","lovebiscuit","busett sampe skrg jg blm hidup, ini paksa pake genset krn udh gada air samsek dan cuman untuk hidupin wifi doang 😭🙏🏻","23/5/2026, 13.17.35","3","No","5","No","https://www.tiktok.com/@matchacihyu"
"=""7642966080366363399""","=""7613770549411791873""","sheeniko","DIVA~sheen💜","spil dong kalian hidup lampu nya jam berapa,spil juga daerah mana,gua tebingtinggi,hidup lampu nya jam 1 siang","23/5/2026, 13.19.19","3","No","21","No","https://www.tiktok.com/@sheeniko"
"=""7643083345824809749""","=""6871927443881837570""","icaaja284","Icaaja284","SATU LAGI...
Berkurang yg Pake HP
krn hbz Batre🤣","23/5/2026, 20.47.15","4","No","3","No","https://www.tiktok.com/@icaaja284"
"=""7642920967698891536""","=""7153207155252118529""","zenithazan","Zenitha","[Stiker] baru idop","23/5/2026, 10.17.24","2","No","4","No","https://www.tiktok.com/@zenithazan"
"=""7642981744806773511""","=""7620852102160385045""","noribon01","H°•","tempat aku belum hidup hidup njir😭","23/5/2026, 14.12.48","15","No","4","No","https://www.tiktok.com/@noribon01"
"=""7642955397728305940""","=""7237780151241016325""","ndiiii243","dyzah","mana katanya sampek tanggal 25 setiap malam ya mati lampu😭","23/5/2026, 12.30.40","5","No","3","No","https://www.tiktok.com/@ndiiii243"
"=""7643040196820353793""","=""7443415103133205525""","bil53512","bil","tempatku belum hidup"" sampe skrang woyy dari tadi mlm😭","23/5/2026, 17.59.36","5","No","1","No","https://www.tiktok.com/@bil53512"
"=""7642931759118467858""","=""6853252792946721797""","rebeccatobingg_","Rebecca Tobing","baru hidup jam 10.30 mantap kali pln ini kann","23/5/2026, 10.58.57","40","No","7","No","https://www.tiktok.com/@rebeccatobingg_"
"=""7643109728181584660""","=""7524332422059344901""","jenfuckingcares","janeeeiee","aku kira cowoku meninggal di temapt kwnnya, mati lampu rupanya kek mna lg LDR INI","23/5/2026, 22.29.30","3","No","2","No","https://www.tiktok.com/@jenfuckingcares"
"=""7643034495943901959""","=""6816612389842060290""","mhd.alfarizi26","ᅠ","gua dari tdi mlm, sampe sekarang blm hidup lampu anjay, ini tiba"" aja ada jaringan 😭","23/5/2026, 17.37.31","4","No","6","No","https://www.tiktok.com/@mhd.alfarizi26"
"=""7642975281729766152""","=""7075175306038936603""","navinne_","911 nnaakenn","ini aja baru idup jir💔💔","23/5/2026, 13.55.39","6","No","1","No","https://www.tiktok.com/@navinne_"
"=""7642937791269700360""","=""6859956220439708674""","hereisalsa","salsabila","Marelan sampe sekarang belum idup lampuu","23/5/2026, 11.22.17","8","No","4","No","https://www.tiktok.com/@hereisalsa"
"=""7643095060741292816""","=""7241773018384909313""","dinnnnn_001","Dinnnnn_.","Emang d sna jarang matlis kah ?","23/5/2026, 21.32.46","0","No","2","No","https://www.tiktok.com/@dinnnnn_001"
"=""7642970811707933460""","=""6686674355848987649""","_matcha51","sedaa","WOI BARU HIDUP BINJE NI BARU BISA JARINGANKU😭","23/5/2026, 13.30.29","3","No","4","No","https://www.tiktok.com/@_matcha51"
"=""7643000777199436551""","=""7264474912877413382""","zahraanasutionn","Zahra Aleysha  Nasution","Tembung idup jam 4 subuh dan masi idup🤣alhamdullilah","23/5/2026, 15.26.39","3","No","2","No","https://www.tiktok.com/@zahraanasutionn"
"=""7642872658552488725""","=""6950979838341661698""","dinilim08","dinilim08","aku di Tembung jam 21.30 Uda hdp","23/5/2026, 07.09.57","0","No","6","No","https://www.tiktok.com/@dinilim08"
"=""7642951031497179905""","=""6718912580352181250""","byyestlefleur","Flowy","wehh untung smlm ujan klo ga apa ga kepanasan pas tdr😭😭gbisa tdr pun mgkn","23/5/2026, 12.13.44","4","No","3","No","https://www.tiktok.com/@byyestlefleur"
"=""7643030452357317397""","=""7305627220973700102""","thiscindyy","cindyy🧚🏻‍♀️","mati lampu lagii😭","23/5/2026, 17.21.50","0","No","1","No","https://www.tiktok.com/@thiscindyy"
"=""7643005486615036673""","=""6948798612651164674""","darkmoonwan","MOONWAN","mati lampu sih mati lampu tapi sinyal Telkomsel jangan ilang juga dong, berasa bgt panik nya😭","23/5/2026, 15.44.55","11","No","1","No","https://www.tiktok.com/@darkmoonwan"
"=""7642997063148552967""","=""7146882168714003457""","blokeeskeanu1_2","blokees keanu","[Stiker] gua yang rumah nya dimedan dan mati lampunya maghrib","23/5/2026, 15.12.18","3","No","4","No","https://www.tiktok.com/@blokeeskeanu1_2"
"=""7642946332109800199""","=""7501578704692626448""","ghazkhabib","GHAZXBIANZZ🇺🇸","lihat nih kak aku bawa Cok Sambong semua numpang cas","23/5/2026, 11.55.26","0","No","2","No","https://www.tiktok.com/@ghazkhabib"
"=""7642875105618002704""","=""6752150873059951617""","kaktussilence","Kaktus 🌵","tebing masih belum nyala sampe sekarang🔥","23/5/2026, 07.19.10","8","No","3","No","https://www.tiktok.com/@kaktussilence"
"=""7642935330828796692""","=""6962187504694936577""","jjesiien","Jee","Baru hidup lek","23/5/2026, 11.12.59","3","No","1","No","https://www.tiktok.com/@jjesiien"
"=""7643029347424011029""","=""6977605146168869889""","wennyanggraini530","Wenny Anggraini🦀","bentar lagi mati lgi lampu ku ni😌","23/5/2026, 17.17.47","0","No","2","No","https://www.tiktok.com/@wennyanggraini530"
"=""7643046234567050005""","=""6711531958873359362""","zxngaa_","razzynga","Tim yg hidup jam tgh 3 tdi😭😭","23/5/2026, 18.23.04","0","No","2","No","https://www.tiktok.com/@zxngaa_"
"=""7643278684560818960""","=""7618968025786074128""","baper_cabut.07","√mamz aja ✌️","[Stiker] boleh liat story aku gak","24/5/2026, 09.25.36","1","No","0","No","https://www.tiktok.com/@baper_cabut.07"
"=""7642886490581779217""","=""7259296351384552453""","alter_ego000000","Alter ego | tia","Semua listrik mati yang disebut tetap “mati lampu”","23/5/2026, 08.03.39","19","No","2","No","https://www.tiktok.com/@alter_ego000000"
"=""7642856411207516936""","=""7479304580036248584""","hari.novita","ITA","dimana Masi hidup lampu di Langkat mati dari jam 18.55 semalam sampai sekarang GK hidup lampu","23/5/2026, 06.06.53","22","No","15","No","https://www.tiktok.com/@hari.novita"
"=""7643130317343933192""","=""98435114211""","hanyahaluansaja",".","asli ah tadi pagi mau ngisi air minum pun ngantrinya panjang mana harganya di stel naek lagi jadi 7rb per galon","23/5/2026, 23.49.22","6","No","1","No","https://www.tiktok.com/@hanyahaluansaja"
"=""7643000403865486098""","=""6958654997018706949""","xmin021","Minanti","Binje baru bget ini hidup😭","23/5/2026, 15.25.18","6","No","3","No","https://www.tiktok.com/@xmin021"
"=""7643012032816202517""","=""6974202438237357057""","sindyrahmaa_18","𝓒𝓲𝓷𝓭𝔂","informasinya katanya tiap mlm mati lampu lgi,smpe 8-10jm tgl 25 apa ga menyala kali 😭","23/5/2026, 16.10.28","1","No","1","No","https://www.tiktok.com/@sindyrahmaa_18"
"=""7643013538462941973""","=""7221095651639100418""","sitifatimah_274","Siti Fatimah🥀","bsok MLM jgn mati lampu pliss,bsok MLM gua lamaran 😭","23/5/2026, 16.16.20","3","No","1","No","https://www.tiktok.com/@sitifatimah_274"
"=""7642993153494795029""","=""7106843053131351041""","lizzaningtiyas0","lisa0","jam 14:56 ini baru hidup setelah mati listrik nya jam 18.00😭","23/5/2026, 14.57.09","1","No","2","No","https://www.tiktok.com/@lizzaningtiyas0"
"=""7642899122349212423""","=""6586805811879329793""","hiiniciti","hii ini citii 26🧚","ih di sini blm idup","23/5/2026, 08.52.13","1","No","3","No","https://www.tiktok.com/@hiiniciti"
"=""7643039569234952967""","=""7313770160669738002""","cindyaulia_nst","Cindy Aulia nasution","Dri maghreb baru idop jam /6,","23/5/2026, 17.57.11","3","No","1","No","https://www.tiktok.com/@cindyaulia_nst"
"=""7643124127738528530""","=""7263254050405630981""","apaansih19905","Hann👣👣","anak wifi apa kabar","23/5/2026, 23.25.24","2","No","0","No","https://www.tiktok.com/@apaansih19905"
"=""7643030527528502037""","=""6796778388298466305""","yangterindah111212","ARSITA 111212","BENGKULU SAAT INI MATI LAMPU LAGI..TADI MALAM UDAH MATI SEMALAMAN SEKARANG MATI LAGI😳","23/5/2026, 17.22.28","2","No","1","No","https://www.tiktok.com/@yangterindah111212"
"=""7642940680620786452""","=""6790179491752166402""","linda705sn","linda sari ningsih","POV Medan tercepat kayaknya ,😂","23/5/2026, 11.33.36","1","No","1","No","https://www.tiktok.com/@linda705sn"
"=""7643020601700172564""","=""6802901559136289793""","fthiisaa","asaa","LUCUU KALIIII","23/5/2026, 16.43.52","0","No","0","No","https://www.tiktok.com/@fthiisaa"
"=""7643064120212538129""","=""6891854931767329794""","matcha4chi11","matcha4chi11","baru bisa scrol tiktok aku setelah menghemat batre dri smlmn tambah lgi gd sinyal,puki memang😭","23/5/2026, 19.32.32","3","No","0","No","https://www.tiktok.com/@matcha4chi11"
"=""7642931735797285649""","=""7200303391879758875""","ludnoottt","abcdlannnn","Duitt Orang Kok BanyakBanyak Kali Yaa.Aku Malah Diem DiRumah Sambil Ngipasin Pakek Bekas Kardus Minuman🤣","23/5/2026, 10.58.46","2","No","0","No","https://www.tiktok.com/@ludnoottt"
"=""7642940087898407688""","=""6954735774513431553""","juwitapanjaitan_04","secret_jouju","jaringan woi ilang ya ampunn","23/5/2026, 11.31.11","2","No","0","No","https://www.tiktok.com/@juwitapanjaitan_04"
"=""7643115283612189447""","=""7562907099828306945""","clemiraz06","clemiraz06","Pas genset idup inilah krj kami 😂","23/5/2026, 22.51.01","2","No","0","No","https://www.tiktok.com/@clemiraz06"
"=""7643088332964954881""","=""6926047834594034689""","rifani_774","Rifani Anisa Putri_","banyak x nyamok kak pening kali kepala","23/5/2026, 21.06.38","5","No","0","No","https://www.tiktok.com/@rifani_774"
"=""7642950021084775188""","=""7489792292673586184""","mumuwwt","ティア","yeyy akhirnya idop lampu rumah ku","23/5/2026, 12.09.59","3","No","0","No","https://www.tiktok.com/@mumuwwt"
"=""7642963872316752660""","=""7634523326170416149""","ndary862","ndary","baru idup","23/5/2026, 13.03.36","3","No","0","No","https://www.tiktok.com/@ndary862"
"=""7643217106050237200""","=""6772975339428037634""","fwzzrfif","mhdfawwaz_","mo flexing dulu aku we 😋","24/5/2026, 05.27.11","2","No","0","No","https://www.tiktok.com/@fwzzrfif"
"=""7643041553728242448""","=""6938732579173778434""","cotep_21","🌬𝙷'SiaN💨","laporan ini yg d tunggu2","23/5/2026, 18.05.05","2","No","0","No","https://www.tiktok.com/@cotep_21"
"=""7643103096642126612""","=""7560010632545928212""","aulia_aul8","aul ul ul ♊️","[Stiker] dimana idup lampu disitu kita numpang cas 😭","23/5/2026, 22.03.48","3","No","0","No","https://www.tiktok.com/@aulia_aul8"
"=""7642920243866043156""","=""7257853784797234183""","kim_ipl","Kim_ipul💕","keknya hanya sekitar 6 jam aja kurang lebih Udh seviral ini yak SIBOLGA TAPTENG 10 Hari Tanpa listrik 😁😂","23/5/2026, 10.14.16","3","No","1","No","https://www.tiktok.com/@kim_ipl"
"=""7643135722031923975""","=""7496679957177189377""","evelyncute36","𝘽𝘼֟𝘼𝘽𝙔 𝙉𝙄𝘼 🐣ʚɞ","trauma ga lagi lagi dah, hp rusak gegara cas pke genset","24/5/2026, 00.10.19","1","No","1","No","https://www.tiktok.com/@evelyncute36"
"=""7642994344874754836""","=""6890551646343201794""","ingrid.ethereal","ingrid ˚୨୧⋆｡","info medan pancing jam berapa hidup lampu ini weeeee","23/5/2026, 15.07.42","1","No","0","No","https://www.tiktok.com/@ingrid.ethereal"
"=""7642912130069365524""","=""6788798443361895425""","libragirl20100","audriiiiiiiiii🌹","Tembung pasar 7 blm ada sama sekali idup anjaiii gada airrr mo mandi mo kerjaaaa 😤","23/5/2026, 09.43.00","1","No","2","No","https://www.tiktok.com/@libragirl20100"
"=""7642912640247841552""","=""7614719298086978568""","ka_tiwiii","Suciiiww","Sampe skrng di rmh ku gak idup lampu nya untung di kerjaan udh hidup","23/5/2026, 09.44.41","9","No","4","No","https://www.tiktok.com/@ka_tiwiii"
"=""7642977334362702599""","=""7443754907989722168""","binikevan2","Ddongsik's mom","lah kalian mati lampu ada jaringan?","23/5/2026, 13.55.42","1","No","1","No","https://www.tiktok.com/@binikevan2"
"=""7642995837614064392""","=""6852711436490507266""","ghafurandy","andyghafur","yg belum hidup lampu, kek nya itu yg pake PLTU, agak lebih lama wak","23/5/2026, 15.07.28","1","No","3","No","https://www.tiktok.com/@ghafurandy"
"=""7642913759564235528""","=""7128021012948009986""","dhraaa_yf","◡̈","Demi apa ke SM raja dari tamora hanya untuk cari sinyal internet 😭","23/5/2026, 09.49.03","5","No","3","No","https://www.tiktok.com/@dhraaa_yf"
"=""7643015592047608597""","=""7521821556483392517""","payongg076","payongg","marelan bru idup 😁","23/5/2026, 16.24.18","0","No","1","No","https://www.tiktok.com/@payongg076"
"=""7643251770396115733""","=""7411104501397390341""","hazirah315","»ZIRA«","bang Abang tadi lewat Deket. kerjaan mmk ku bang","24/5/2026, 07.49.05","0","No","1","No","https://www.tiktok.com/@hazirah315"
"=""7642921018931544850""","=""6918182378319053830""","arahmadaniii","𝑪 𝑯 𝑨","[Stiker] kondisi semua org tdi mlm🥰","23/5/2026, 10.17.12","2","Yes","0","No","https://www.tiktok.com/@arahmadaniii"
"=""7643056672344736532""","=""7546613560668603400""","kailaanggelikaants_","caa","Riau mati lampu part 2","23/5/2026, 19.03.43","1","No","0","No","https://www.tiktok.com/@kailaanggelikaants_"
"=""7643185204080821013""","=""7321697781227406341""","pengusaha_muda__","RF Wash","ada liat truk konvoi bawa muatan berat gak? ytta","24/5/2026, 03.26.23","1","No","0","No","https://www.tiktok.com/@pengusaha_muda__"
"=""7642946874294420245""","=""6911909342687216641""","_meeeyyyyyy","meygrl","pada ke warkop smua numpang cas🥹","23/5/2026, 11.57.33","3","No","0","No","https://www.tiktok.com/@_meeeyyyyyy"
"=""7643454813485679368""","=""7458590127112635398""","nrvzxyy","nrvaa","ih kok ga ada yang ngantri air galon😭😭","24/5/2026, 20.53.16","1","No","0","No","https://www.tiktok.com/@nrvzxyy"
"=""7643026434478768917""","=""7423690984284767252""","egita.mayawi1","Egita mayawi","Binjai mati lampu dari jam 7 MLM ampek jam 3 sore 😭😭😭","23/5/2026, 17.06.19","6","No","0","No","https://www.tiktok.com/@egita.mayawi1"
"=""7642924748830491393""","=""6550243964866707457""","lenijang","My A ANJANI","gerah x td mlm woi.. kami smpai gelar tikar di teras pakek kelambu😭😭","23/5/2026, 10.31.49","2","No","0","No","https://www.tiktok.com/@lenijang"
"=""7643120485652153095""","=""7080534043028472833""","deviprtw23","devii","core ditempatku yg gk kerekam : malam pada tidur diteras, pagi-sore ngangkatin air dari rumah tetangga yg pake PAM, nyuci baju kerumah saudara yg dekat sungai 😁","23/5/2026, 23.11.10","1","No","0","No","https://www.tiktok.com/@deviprtw23"
"=""7643073948662661896""","=""6622870302228496386""","sukamiloo06","Suka milo","Tim ga mati lampu samsek","23/5/2026, 20.10.37","2","No","0","No","https://www.tiktok.com/@sukamiloo06"
"=""7642996268315460353""","=""6874536458356900866""","rafklino","Parker's","LILIN LANGKAH ANJIRRRR","23/5/2026, 15.09.30","6","No","0","No","https://www.tiktok.com/@rafklino"
"=""7643113499078853397""","=""7249703081758311426""","biscofff04","biscofff04","itu masih 1 cok sambung, Aslinya ada 7 cok sambung wkwk","23/5/2026, 22.44.13","2","No","2","No","https://www.tiktok.com/@biscofff04"
"=""7643134199692772112""","=""6848544535111894017""","ferdiprygi__","panggilajaferdi","gini la kondisi sekarang bang","24/5/2026, 00.04.44","2","No","1","No","https://www.tiktok.com/@ferdiprygi__"
"=""7643144933553275668""","=""7605939404700435477""","budinshii3","귀여운 부댕","[Stiker] KOK BISA SIH MATI LAMPU GW GABISA TIDUR NJIM BERKERINGAT PARAH","24/5/2026, 00.46.07","1","No","2","No","https://www.tiktok.com/@budinshii3"
"=""7643140809755804437""","=""6867052830801642497""","kaiiii304","kaii","[Stiker] sumatra saat ini","24/5/2026, 00.30.12","3","No","1","No","https://www.tiktok.com/@kaiiii304"
"=""7642905196520063745""","=""7365897530095748101""","lilmisssassy_u","lilmisssassy_u","Kami idup jam 6 tadi pagi anj 😏 udaa kayak jaman batu udaa mati lampu gada jaringan kimbek memang","23/5/2026, 09.15.55","7","No","4","No","https://www.tiktok.com/@lilmisssassy_u"
"=""7643133911976067857""","=""6560959265325465606""","dindatiwi19","tiwi","aliran Medan denai bru hidup tdi jam 10 pdhlnya matinya dari smlm jam setngh 7 malam","24/5/2026, 00.06.29","2","No","2","No","https://www.tiktok.com/@dindatiwi19"
"=""7643029477887247112""","=""7556618149216650296""","ya772960","no no beby","ehem dh hidop disini wak","23/5/2026, 17.18.04","0","No","1","No","https://www.tiktok.com/@ya772960"
"=""7643002829200818952""","=""7602505652943258631""","4caaaaw_","natasyaaureliaa_🪼","aek knopan baru aja idup njr😭","23/5/2026, 15.34.47","1","No","2","No","https://www.tiktok.com/@4caaaaw_"
"=""7642953910688350997""","=""6887540482500822018""","zaharaputri_15","zhr","belum hidup juga listrik di diski ini","23/5/2026, 12.24.52","1","No","2","No","https://www.tiktok.com/@zaharaputri_15"
"=""7643025958853444360""","=""6702230096281814017""","slvnaivnka","it's me pipiw𐙚","tetanggaku yg orang kaya tidur di mobil semua, pakai 3 mobil org itu 😭😭😭","23/5/2026, 17.04.27","0","No","1","No","https://www.tiktok.com/@slvnaivnka"
"=""7642999070865801985""","=""6817967381885944834""","thiatheaaa","𝓣 ʚଓ","binje baru hidup warrrr biasahhhhh","23/5/2026, 15.20.46","1","No","0","No","https://www.tiktok.com/@thiatheaaa"
"=""7642996057605161729""","=""7595992162011137044""","blablablaa730","blablablaa🦋","tapi kenapa jaringan juga ikut hilang ya","23/5/2026, 15.08.20","1","No","0","No","https://www.tiktok.com/@blablablaa730"
"=""7643029526038102805""","=""7469363562885792784""","ivydinie","nydiaa","di padang masih mati lampu ini dari malam 😭","23/5/2026, 17.18.23","1","No","0","No","https://www.tiktok.com/@ivydinie"
"=""7643048852362560277""","=""6958832744832386053""","kejaloqu","jeaa","bujanglah,apakah udh saatnya aku cht dia?","23/5/2026, 18.36.35","3","No","0","No","https://www.tiktok.com/@kejaloqu"
"=""7643082641172513553""","=""6826655973810324481""","nucan11","😊","satuuu lagiii kk beribottt air minum weeeee😭😭😭😭 mau air isi ulang di Indomaret pun berebotttt sama jensettt jugaaa berebottt sampe begadohhhh😭😭😭😭","23/5/2026, 20.44.20","2","No","0","No","https://www.tiktok.com/@nucan11"
"=""7642987364894081812""","=""7146341576255259674""","angahazmi8","Angah azmi sinaga","dikampung ku baru hidup jam 7 pagi tadi","23/5/2026, 14.34.49","2","No","0","No","https://www.tiktok.com/@angahazmi8"
"=""7643026420242858768""","=""6795822747924005890""","sweetestdaisy17","𝑬𝒍𝒏𝒊𝒂🍓","Auto rame yang cek in😭","23/5/2026, 17.06.09","1","No","0","No","https://www.tiktok.com/@sweetestdaisy17"
"=""7643058203258209045""","=""6945470008156357633""","sncsncess","ANDRE⛓️⛓️","warkop yang ga pernah ramai seketika jadi ramai😭","23/5/2026, 19.09.41","4","No","0","No","https://www.tiktok.com/@sncsncess"
"=""7642941980414755592""","=""6962144512630129666""","ray_sembiring","Tk. mas ray keloko","yng ngecas bukan hpnya lagi tapi manusiannya😭😭","23/5/2026, 11.38.33","5","No","0","No","https://www.tiktok.com/@ray_sembiring"
"=""7642994173776347924""","=""6928720250956940290""","ehhsiezyyy","Miss Yutaaa","aku paket lengkap mati lampu, kos tekunci, basah kuyup kena hujan🗿","23/5/2026, 15.01.17","2","No","0","No","https://www.tiktok.com/@ehhsiezyyy"
"=""7643079798927803144""","=""7512712661039137810""","msluluu.bae","Ms. Lulu B","Udh aman skrg?","23/5/2026, 20.33.19","0","No","1","No","https://www.tiktok.com/@msluluu.bae"
"=""7642925610512597767""","=""6734160597506540546""","berjalan_jajan","I'm_goofy","Kami di setiabudi sampai skrg belum hidup listrik 😭","23/5/2026, 10.35.06","1","No","2","No","https://www.tiktok.com/@berjalan_jajan"
"=""7643025728053527313""","=""7004231695273985026""","chacupcake_20","my name is♓","katamso jam 15.00 baru hidup anjayy bener","23/5/2026, 17.03.46","0","No","1","No","https://www.tiktok.com/@chacupcake_20"
"=""7642961912800084754""","=""7520654965129708552""","zizif24_","nanazz_suka matcha","[Stiker] DAHH IDUPP WEEE YEYY","23/5/2026, 12.55.50","18","No","0","No","https://www.tiktok.com/@zizif24_"
"=""7642990885329158919""","=""6843514873885541381""","jj_unl0","Jess","Orasakti🖤Yang pasti pasti aja cuy💯💞💗💚💚","23/5/2026, 14.48.27","2","No","7","No","https://www.tiktok.com/@jj_unl0"
"=""7642889223087899410""","=""7152782573135332353""","anotherayujuntak","Matchaaa","Tadi malam tiba2 di mr diy banyak yg beli lampu senter😭😭🤣","23/5/2026, 08.13.57","4","No","0","No","https://www.tiktok.com/@anotherayujuntak"
"=""7643311526283215634""","=""7247315309923681286""","deaagustin900","dearizky92","lucunya hotel penuh, lilin abis lampu darurat abis. genset abis 😏","24/5/2026, 11.32.30","4","No","0","No","https://www.tiktok.com/@deaagustin900"
"=""7643366293652112148""","=""7309849509923275781""","apasie_16","mieayamenak","dimana mana bunyi genset 😭","24/5/2026, 15.05.17","3","No","0","No","https://www.tiktok.com/@apasie_16"
"=""7643346042897056533""","=""7643330904777589780""","apr4764","Apr","[Stiker] aku yg ngecas hp di kereta","24/5/2026, 13.46.31","5","No","0","No","https://www.tiktok.com/@apr4764"
"=""7643022540097504021""","=""7512835240445330437""","fabio.satria","fabio Satria","Warga medan tadi malem kek laron mana kafe 24 jam yg buka di situ semua pada nemplok","23/5/2026, 16.51.25","8","No","0","No","https://www.tiktok.com/@fabio.satria"
"=""7642940730827440917""","=""7295077097712976904""","fireza.susanto5","Fireza Susanto","kadang aneh yang mati lampu tapi yang antri SPBU","23/5/2026, 11.33.57","1","No","0","No","https://www.tiktok.com/@fireza.susanto5"
"=""7642913230990394130""","=""6933779253738898433""","iyaajaud","Monty","macet dimana” cafe yg gak laku pun laku, warkop yg biasanya sepi rame🤣🤣🤣","23/5/2026, 09.47.01","5","No","0","No","https://www.tiktok.com/@iyaajaud"
"=""7642947173039276807""","=""6910519578570228737""","ifwhtsasa","sasa","ngecas di scopy😭😭😭😭","23/5/2026, 11.58.42","1","No","0","No","https://www.tiktok.com/@ifwhtsasa"
"=""7643174715401536272""","=""7511494876991816721""","freeport_king","apa liat²🗿","mati lampu udh kek mudik aja 😭","24/5/2026, 02.41.53","3","No","0","No","https://www.tiktok.com/@freeport_king"
"=""7642941637094310677""","=""6880107911415628802""","littlefingerrr_","Toko Garuda00","Itu pada antri spbu isi minyak mobil biat cas hp 😂","23/5/2026, 11.37.10","4","No","0","No","https://www.tiktok.com/@littlefingerrr_"
"=""7642929017822069522""","=""7371430347063526416""","siti.ginting89","Siti Ginting//Kebun Secimit","Diski baru aja idop gesss...ucapin selamat lah sama kami,karna udah bisa idup tanpa listrik 14 jam tanpa listrik.","23/5/2026, 10.48.17","4","No","0","No","https://www.tiktok.com/@siti.ginting89"
"=""7642922605674726162""","=""7117067186028282882""","ykltmi_","Ndaa_","jam 12 malem uda kayak malm minggu jam 7😭😭🤣","23/5/2026, 10.23.21","3","No","0","No","https://www.tiktok.com/@ykltmi_"
"=""7643050532030333704""","=""6942413625538102274""","vienfaster","Alpine","kami di aceh udah duluan lah bulan 11 kemarin.. 10 hari tanpa listrik..😂","23/5/2026, 18.39.45","3","No","0","No","https://www.tiktok.com/@vienfaster"
"=""7642959477378237191""","=""75628385470""","laurensiaf","laurensia 🐙","aku baru nyala lampunya","23/5/2026, 12.46.30","1","No","0","No","https://www.tiktok.com/@laurensiaf"
"=""7642969446714409746""","=""7630438559564612615""","ellana_loveemuotori","🎀 ˊ 𝓔𝙡𝙡𝙖𝙣𝙖","ini kota kalo ada musibah gaada takut²nya sama sekali anjir😭","23/5/2026, 13.25.07","2","No","0","No","https://www.tiktok.com/@ellana_loveemuotori"
"=""7642969839816770305""","=""7613536848006153233""","na______042928","nynaa","medan baru idup😭","23/5/2026, 13.26.41","4","No","0","No","https://www.tiktok.com/@na______042928"
"=""7642918198523134728""","=""6850837909978432514""","maulinadna","maulina.dina","medan tadi malam drama kali 😭","23/5/2026, 10.06.22","6","No","0","No","https://www.tiktok.com/@maulinadna"
"=""7642991640492393217""","=""7164074748129002497""","bakpaukering_","micadow💃🏻","😭😭😭😭😭","23/5/2026, 14.51.31","1","No","0","No","https://www.tiktok.com/@bakpaukering_"
"=""7642874886474040085""","=""7173737352661500929""","aldi.sandiko5","Aldi Sandiko","bujang tadi malem keliling nyarik tempat nongkrong rame semua , terakhir ngabisin minyak aja awak","23/5/2026, 07.18.26","7","No","0","No","https://www.tiktok.com/@aldi.sandiko5"
"=""7642981815464805127""","=""6795518568580711426""","hia_service","HIA SERVICE","[Stiker] Warga medan tadi malam","23/5/2026, 14.13.08","5","No","0","No","https://www.tiktok.com/@hia_service"
"=""7643084801818018568""","=""7591470157291389959""","namuttiee","utiiinaaa💅🏻✨","ko pada mati lampu lama bgt ya? 😭😭","23/5/2026, 20.52.45","3","No","0","No","https://www.tiktok.com/@namuttiee"
"=""7643070844038644487""","=""6967711165103719426""","nanaalia21","ndaaulia","ihh iya loh kak aku aja yg dri binjai nyari tempat cas di medan ga dpt juga😭","23/5/2026, 19.58.34","2","No","0","No","https://www.tiktok.com/@nanaalia21"
"=""7643112984344118034""","=""6834937708893307906""","miyuliaaa_","Yuliiiaaaw","Jangan senang dulu kelen weee, infonya beberapa hari kedepan pemadaman masih gantian teros kitaa","23/5/2026, 22.42.03","2","No","0","No","https://www.tiktok.com/@miyuliaaa_"
"=""7642985771868504853""","=""6818131870052811781""","pinkytruthh","uyuyuyu","Binjai baru idup jam 2 td guys dari jam 7 mlm 😭","23/5/2026, 14.28.40","3","No","0","No","https://www.tiktok.com/@pinkytruthh"
"=""7643057570916205320""","=""7456065996516983809""","kontenlagusad","rzq","di helvet mati air we 😭😭","23/5/2026, 19.07.06","2","No","0","No","https://www.tiktok.com/@kontenlagusad"
"=""7642911419281474325""","=""6941711839202558978""","greantea415","🤍♥️🫶","Brastagi aman,tidur nyenyak sampai pagi 🤣","23/5/2026, 09.40.02","1","No","0","No","https://www.tiktok.com/@greantea415"
"=""7642928459589550866""","=""7590436828387001352""","acaaacchhh","caa","uda idup lampu tapi jaringan wifi nya gada cogg😭😭","23/5/2026, 10.46.08","1","No","0","No","https://www.tiktok.com/@acaaacchhh"
"=""7642932294391694100""","=""6791356977132258305""","auahsabodoteuing","tan 90","ya allah sesusah ini skrg hidup di indonesia","23/5/2026, 11.01.18","1","No","0","No","https://www.tiktok.com/@auahsabodoteuing"
"=""7643062288275112724""","=""6906941742085522434""","sabrina23feb","sabrina23feb","Kicau manis😳😳😅😅 smpai sekarang tempatku belum hidup wow uangku habis pindah sana sini sini cafe nyaman.smabil cas malas masak😂😂","23/5/2026, 19.25.30","1","No","0","No","https://www.tiktok.com/@sabrina23feb"
"=""7642920484157375250""","=""7444495462474515464""","gadisgila07","Vyyy🌸💕","Tadi malam di lampu merah , karna lampu merahnya mati semua hilang arah😭","23/5/2026, 10.15.04","3","No","0","No","https://www.tiktok.com/@gadisgila07"
"=""7642957430523921172""","=""6819505380092625922""","lepyourbae","￴","cok eka rasmi blom nyala anjir sampe sekarang","23/5/2026, 12.38.51","2","No","0","No","https://www.tiktok.com/@lepyourbae"
"=""7643034383880356628""","=""6827649284374070274""","user779321341","Yusiami Punya","baru idup oii😭","23/5/2026, 17.37.12","4","No","0","No","https://www.tiktok.com/@user779321341"
"=""7643144150099133205""","=""6690441330109875201""","ceyiilaosy","Alisa | IG @alisanralyaa_","oke mantap 29 jam listrik dan jaringan padam baru nyala sekarang","24/5/2026, 00.43.05","1","No","0","No","https://www.tiktok.com/@ceyiilaosy"
"=""7643091573266957077""","=""7412185697089897478""","_peachluvv","Ppeachluv","Related bgt pd cekin smua org” 🤣","23/5/2026, 21.19.04","1","No","0","No","https://www.tiktok.com/@_peachluvv"
"=""7642967982688502536""","=""7264860532615054337""","pikohgitu","pik oh","baru hidup jam 13.10","23/5/2026, 13.19.32","2","No","0","No","https://www.tiktok.com/@pikohgitu"
"=""7643086340003414802""","=""7090204916199228417""","bby060620","lagi hilang arah","disini pada beli jenset yg udh rusak pun diboloin😭","23/5/2026, 20.58.41","6","No","0","No","https://www.tiktok.com/@bby060620"
"=""7642982680007017237""","=""7416507195394016262""","sabili570","Sabili","Baru hidup njirla wkwkkw","23/5/2026, 14.16.32","4","No","0","No","https://www.tiktok.com/@sabili570"
"=""7642926433514488597""","=""6674198684753036289""","alvonxa","alvonxa","kayanya ketakutanku setelah ga punya duit itu mati lampu lah anjir😭","23/5/2026, 10.38.19","6","No","0","No","https://www.tiktok.com/@alvonxa"
"=""7643019216576643861""","=""6725401402351338498""","coffe_berryy","🍒caa","di medan baru idup sore ini dari semalm 🥹","23/5/2026, 16.38.19","3","No","0","No","https://www.tiktok.com/@coffe_berryy"
"=""7642964877821608725""","=""7224495209488516122""","taknaky","-.","eh malah mati lagi d tmbah jaringannya buruknya","23/5/2026, 13.07.32","2","No","0","No","https://www.tiktok.com/@taknaky"
"=""7643063745903821589""","=""6695664055640359938""","mayocrispyy","firee🔥🔥","wee rame kli di jalan kek di prindapan keos ny karna lampu jalan mati 😭🙏🏻 asli di jalan nahan sabr karna macet wee , ampun liat medan seharian ini 🤣🤣","23/5/2026, 19.31.02","1","No","0","No","https://www.tiktok.com/@mayocrispyy"
"=""7643085371642954514""","=""7020353108828537858""","yut_______a","s","Baru hidupp jirrr","23/5/2026, 20.54.53","3","No","0","No","https://www.tiktok.com/@yut_______a"
"=""7642933297945723655""","=""6942834716127872001""","dwihtbrt","dwiihutabarat","jl. sekip sampe sekarang belum nyala 11.05","23/5/2026, 11.04.52","1","No","0","No","https://www.tiktok.com/@dwihtbrt"
"=""7643144778343990037""","=""7025427106142503962""","keysamnda06","keyy🦋","1 lagi kak pada antri di depot airr🤣","24/5/2026, 00.45.40","2","No","0","No","https://www.tiktok.com/@keysamnda06"
"=""7643041515103060752""","=""7071085739962516481""","aminr01","Aminr01","menjadi sebuah sejarah di Kota Medan.😕","24/5/2026, 08.58.42","1","No","0","No","https://www.tiktok.com/@aminr01"
"=""7643184458665050898""","=""7578318392957076488""","bluesttarrr","bobiboy","intinya ajalah air ku udah abis🗿","24/5/2026, 03.19.30","0","No","0","No","https://www.tiktok.com/@bluesttarrr"
"=""7643159907101311762""","=""7424905178794918917""","sabilla2449","sabilla","aku pun heran kok pada sibuk kali macam ga pernah mati lampu aja wkwk","24/5/2026, 01.44.16","0","No","0","No","https://www.tiktok.com/@sabilla2449"
"=""7643126297975128848""","=""6924309372538946562""","lia_sekawa","R_🕊️","Menyala mati lampu 26jam haha😂","23/5/2026, 23.33.44","0","No","0","No","https://www.tiktok.com/@lia_sekawa"
"=""7642925594704134932""","=""6838420547207840770""","rendriannn","Ren","yang ngungsi ke warkop 🗿☝🏻","23/5/2026, 10.35.01","1","No","0","No","https://www.tiktok.com/@rendriannn"
"=""7643105591553409800""","=""7551789959821476871""","rereey684","B I L A✨","smnjk mati lampu kmna prgi bwa charger,jaga"" spa tau tb tb idup lampu biar bisa numpang cas🤣🤣","23/5/2026, 22.13.24","1","No","0","No","https://www.tiktok.com/@rereey684"
"=""7643026427047002898""","=""6654775302664224770""","manusiaa.senja","manusiaa.senja","kita belum hidup sampe skrg 🥹🥹 medan kota 🥲🥹","23/5/2026, 17.06.14","1","No","0","No","https://www.tiktok.com/@manusiaa.senja"
"=""7643034841210929928""","=""7260755109922718726""","kencanayoohiks","hi,ini lala","padang mati lampu dari siang sampeeee mau malam ini😭😭😭","23/5/2026, 17.38.53","1","No","0","No","https://www.tiktok.com/@kencanayoohiks"
"=""7643013907184337682""","=""7198384211388564482""","deyy_41","americaNOO","cafe tmpt kerjaku tb tb ramee , rame orng ngecas","23/5/2026, 16.17.41","1","No","0","No","https://www.tiktok.com/@deyy_41"
"=""7642928876746638101""","=""7616652586208330773""","nazrialfachri12","nzrialfchri12","baru hidup dsni bg medan baru aduh kacau emang😂","23/5/2026, 10.55.18","1","No","0","No","https://www.tiktok.com/@nazrialfachri12"
"=""7642904010576904961""","=""6739886012815737858""","kikifadilaa","tiramisyugaa","baru nyala anjg😑","23/5/2026, 09.11.57","1","No","0","No","https://www.tiktok.com/@kikifadilaa"
"=""7643172833836679953""","=""6741565900166071297""","edichandra007","Edi Chandra_28","saya suka mati lampu, Karena apa?ya karena kerja saya cuman makan gaji buta,dtng absen dan nunggu jam plg,kmi dtng cumn utk ngopi,ngrokok dan mkn jajan,sisanya berkombur,setelah itu absen utk plg,terima kasih pln,jngn sering² ya🗿","24/5/2026, 02.34.34","0","No","0","No","https://www.tiktok.com/@edichandra007"
"=""7643125089198899975""","=""7576021095037731861""","ceyy394","aku kayak anjing","duluan Weh disini jam 21.30 idup lampu","23/5/2026, 23.29.07","0","No","0","No","https://www.tiktok.com/@ceyy394"
"=""7643047487737873159""","=""6504963998756438017""","audryywibowo","AUDRY","We sumpah, dari kemarin magrib sampe saat ini baru tebuka tiktok akuu😭💔","23/5/2026, 18.27.56","5","No","0","No","https://www.tiktok.com/@audryywibowo"
"=""7643003335813432084""","=""6946521526880650241""","justme_20267","Mom of 2","karya kasih medan johor belum nyala sampe skrg😭😭padahal sekitarnya udah nyala..😔","23/5/2026, 15.36.40","3","No","0","No","https://www.tiktok.com/@justme_20267"
"=""7643099152288629512""","=""7538320112434463762""","joodji86","JooMind_DJI","Kita yg disumatera udah biasa kek gini apalagi pas Mati lampu dan Hujan 3 hari berturut tanpa henti pas November 2025 lalu😏","23/5/2026, 21.48.22","3","No","0","No","https://www.tiktok.com/@joodji86"
"=""7643034641343988498""","=""7232903414031942683""","fahimganteng_12","M. Fahimul H.","gimana ya yg pengguna kendaraan listrik 🗿","23/5/2026, 17.38.07","2","No","0","No","https://www.tiktok.com/@fahimganteng_12"
"=""7642917940400440085""","=""6889320623987622914""","tantiendayani","Tanti Endayani","Ranto jam 6 udh hidup","23/5/2026, 10.10.08","0","No","0","No","https://www.tiktok.com/@tantiendayani"
"=""7642960468355089160""","=""79868347762""","pahayam8","pahayam8","Td mlm baring sambil natap langit"" plapon , melamun ga jelas, yg biasa begadang megang hp ini cumn liatin atas doang😭😭","23/5/2026, 12.50.18","1","No","0","No","https://www.tiktok.com/@pahayam8"
"=""7642972880171942676""","=""6824489454361150465""","gadiz_melayu","Gadiz Melayu 🫰","kek mana kami yg pernah mati listrik dan stok makanan yg menipis krn akses terputus total smw selama 1bln stgh..","23/5/2026, 13.38.43","1","No","0","No","https://www.tiktok.com/@gadiz_melayu"
"=""7642935094123234066""","=""7074229583603729410""","ultahku0930","—✦ dαy ʚїɞ.","dsni bru hdp jm 8 td pdhl mti ny dri jm 7mlm😭","23/5/2026, 11.11.48","1","No","0","No","https://www.tiktok.com/@ultahku0930"
"=""7643111001513362197""","=""6897075059958219777""","imlibra_21","jeniy","Ampun kali gacoan penuh 🙏","23/5/2026, 22.34.33","0","No","0","No","https://www.tiktok.com/@imlibra_21"
"=""7643007472597730068""","=""7495926247265534984""","nurlia_ayuni","SAYA TIDAK TAU","Tembong pasar 8 ngga idup² ya Allah 😭","23/5/2026, 15.52.56","1","No","0","No","https://www.tiktok.com/@nurlia_ayuni"
"=""7642968086483911431""","=""6973832425458926594""","pcyll","liaaa","baru hidup di tempat ku, Medan Johor Simalingkar","23/5/2026, 13.19.49","1","No","0","No","https://www.tiktok.com/@pcyll"
"=""7643112584815985426""","=""7619583225291408392""","leeee03937","Leeee","di Siantar jam 6 sore mati terus jam 6 pagi hidup terus mati lagi jam 3 sore terus hidup lagi jam 10 apa gak menyala kali di buat Siantar ini 😭","23/5/2026, 22.40.33","0","No","0","No","https://www.tiktok.com/@leeee03937"
"=""7642917590864446226""","=""6689575635029066753""","bevilss","Vio Siahaan","1 lagi supermarket antri nyari Lilin 😅🤣","23/5/2026, 10.03.57","2","No","0","No","https://www.tiktok.com/@bevilss"
"=""7642923268001268487""","=""7513963487430788101""","rama28841","Rama","gacoan rame x di mna""","23/5/2026, 10.25.56","1","No","0","No","https://www.tiktok.com/@rama28841"
"=""7642946490974241543""","=""7075152354274100250""","febriyanti321993","Febri Yanti16432","tanpa bisa kipas dan AC, sumpah gelisah kali dibuat anak sendiri, tangan pun pegal gak karuang asek ngipasin aja","23/5/2026, 11.56.11","2","No","0","No","https://www.tiktok.com/@febriyanti321993"
"=""7642918773478408967""","=""7340832257190495238""","cyupp_0","cyupp_0","kekeh snt lgsg tutup😭😭","23/5/2026, 10.08.39","1","No","0","No","https://www.tiktok.com/@cyupp_0"
"=""7643048047991407368""","=""6910156309897806849""","silviaaudriani","Aaaudriii🍭🌼","udah hidupp lampu, tp air pdam gak hiduppp😭😭😭","23/5/2026, 18.30.06","1","No","0","No","https://www.tiktok.com/@silviaaudriani"
"=""7643024457424192274""","=""6963347984516203521""","auliyaaak3","auliaaa.","lah rumah ku ujan deras x we😭","23/5/2026, 16.58.39","2","No","0","No","https://www.tiktok.com/@auliyaaak3"
"=""7643114556110193426""","=""7385148274766365701""","leo245751","Jernitamarbun12","semalam mati lampu jam 7 malam, aku dan bos pergi carik"" tempat untuk numpang ac sambil Bawak Cok sambung semuanya penuh dari jam 8 sampe jam 11 malam di mobil mutar"" carik tempat semua full ujung"" ny pulang gk jadi nongkrong 😂 pagi ny belum hidup lanjut ke hotel cek in 😂😂","23/5/2026, 22.48.11","0","No","0","No","https://www.tiktok.com/@leo245751"
"=""7643105438586274567""","=""7156042473616917531""","zizinih12","pisces","Sergai jam 10 malam 23 mei tadi wee hidup","23/5/2026, 22.12.46","0","No","0","No","https://www.tiktok.com/@zizinih12"
"=""7643114909076620033""","=""7150182551834297345""","cantikajaya0912","Limayibu","Setelah 26 jam mati lampu , begitu idup lampu kek orang kemarok aku , semua kerjaan rumah ku kerjain padahal dah malem tapi daripada lah","23/5/2026, 22.49.37","0","No","0","No","https://www.tiktok.com/@cantikajaya0912"
"=""7642928306107433748""","=""6524203650042068994""","ptrwrdyni","PtrWrdyn","Mati lampu 15 jam pun ada core nya ya😭😭","23/5/2026, 10.52.22","3","No","0","No","https://www.tiktok.com/@ptrwrdyni"
"=""7642909896039760661""","=""7578367837006464016""","ndredilla0802","ilaa🌻","pas mati lampu Bintang banyak kaliiii jdi terharu liat kecantikan nya🥺🥺🥺","23/5/2026, 09.34.08","3","No","0","No","https://www.tiktok.com/@ndredilla0802"
"=""7643012016587850514""","=""7027111873351943169""","pacargemgem","德西lija","aktivitas warga sumut saat ini","23/5/2026, 16.10.15","2","No","0","No","https://www.tiktok.com/@pacargemgem"
"=""7643081163900420871""","=""6925287428392338434""","pradisaptr","pradisaptr","Satu lagi, Macet dimana mana 😭","23/5/2026, 20.38.34","2","No","0","No","https://www.tiktok.com/@pradisaptr"
"=""7642977073883513620""","=""7072361189515641883""","im236_","𝕽𝖗","PLN Sedang Memperebutkan Piala bergilir jadi kemungkinan besar akan berlangsung sampai tgl 25 mei 2026🥱","23/5/2026, 13.54.46","1","No","0","No","https://www.tiktok.com/@im236_"
"=""7642893827145925397""","=""7508986977666352135""","cempakasarilusianna","ana","wee baru hidup lampu tempat ku semoga ga mati lagi 🥰","23/5/2026, 08.31.58","2","No","0","No","https://www.tiktok.com/@cempakasarilusianna"
"=""7643118292367147794""","=""7231515960661410834""","irmapulungan6","irma Pulungan","🤣🤣","23/5/2026, 23.02.44","0","No","0","No","https://www.tiktok.com/@irmapulungan6"
"=""7643076784549004053""","=""7190709125839553563""","karinarevy3","Ningsih","diangkat juga masuk dalam lagi lama kali mati lampunya is gila","23/5/2026, 20.21.40","0","No","0","No","https://www.tiktok.com/@karinarevy3"
"=""7643073291335729940""","=""6982790139450049538""","matchaalanyabanyak","matchaalanyabanyak","[Stiker] aku sampai buat perapian seperti manusia purba kala","23/5/2026, 20.08.11","1","No","0","No","https://www.tiktok.com/@matchaalanyabanyak"
"=""7643087692847809300""","=""6959021518928233473""","stwbrryou","r","war ngecas di mcd😔😔","23/5/2026, 21.04.05","0","No","0","No","https://www.tiktok.com/@stwbrryou"
"=""7643086138899743509""","=""6835103259808711682""","ayaadiv","ayaaa⭐️","awak la yg bawa cok sambung tu","23/5/2026, 20.57.57","0","No","0","No","https://www.tiktok.com/@ayaadiv"
"=""7643091455717196564""","=""7318403478190064646""","hasian8888","hasian","hikmanya adalah bisa tidur berjejer kayak ikan rebus biasanya da sibuk masuk kamar masing"" trus yang biasanya duduk bersama tapi sibuk ke hp masing"" setelah mati lampu duduk sambil cerita"" tanpa hp 🤣🤣 moment si itu jadinya","23/5/2026, 21.18.44","0","No","0","No","https://www.tiktok.com/@hasian8888"
"=""7643289770953245458""","=""7211961772008637467""","ptr.rchmdn_",".","[Stiker] aku gk tim apa apa, krn pagi” udah hidup lampu","24/5/2026, 10.08.08","0","No","0","No","https://www.tiktok.com/@ptr.rchmdn_"
"=""7643093724524086036""","=""6891515299661890562""","farizokaalazizsanur","FARIZ OKA AL AZIZ SANUR","nyari es batu susahna bukan maen🤣","23/5/2026, 21.27.18","0","No","0","No","https://www.tiktok.com/@farizokaalazizsanur"
"=""7643110536901411604""","=""7570282826463101960""","kopetalam0","kopet alam","lu gak tau tadi kan ada orang pesta dia datang dengan santainya ngcas mobil listrik pakai gingshet","23/5/2026, 22.32.39","1","No","0","No","https://www.tiktok.com/@kopetalam0"
"=""7643008301207634696""","=""7005386118301303810""","dik4itsokey","d.","koncet gra' mati lampu, ga ikot praktek aku, dsruh ngulang sem 4😭","23/5/2026, 15.55.59","1","No","0","No","https://www.tiktok.com/@dik4itsokey"
"=""7643151443726746369""","=""7177324846232552475""","ayow455","Bu ayuw 🧁","Tdi waktu lewat ada yg bilang juga “yeeyyy kak,bisa mandi”😭","24/5/2026, 01.11.51","0","No","0","No","https://www.tiktok.com/@ayow455"
"=""7643074912680198933""","=""7506482929939186709""","blues_ea","￴ ￴ ￴ ￴ ￴ ￴ ￴ ￴ ￴ ￴ ￴","baru idup lek, kek tinggal di jaman purba kala betol tadi","23/5/2026, 20.14.22","0","No","0","No","https://www.tiktok.com/@blues_ea"
"=""7643069523163939591""","=""6851744396623840257""","_asyraf64","Mbak Ndut","tempatku mati lampu jam 18.44 hidup lampu jam 21.59 tempat kalian berapa jam matinya weh ko sampe begini😭
btw daerahku dah biasa PLN mati lampu sampe 4/6jam","23/5/2026, 19.53.29","0","No","0","No","https://www.tiktok.com/@_asyraf64"
"=""7642892256404882197""","=""6915544297178301442""","ayyu3999","Mom Fadia","Kami di Johor jam 06:40 hidup, mati jam 18:52 12jam tanpa listrik tidur pun berkuah","23/5/2026, 08.25.56","1","No","0","No","https://www.tiktok.com/@ayyu3999"
"=""7643123678342972168""","=""7632704433567499285""","zibyaaa_","byaa","disini spbu ga buka anjir😭","23/5/2026, 23.23.33","3","No","0","No","https://www.tiktok.com/@zibyaaa_"
"=""7643091473538532117""","=""7412185697089897478""","_peachluvv","Ppeachluv","Ngakak","23/5/2026, 21.18.47","0","No","0","No","https://www.tiktok.com/@_peachluvv"
"=""7642937606507021073""","=""7095931528560083969""","rissinii","mars","asli la baru idup di daerah awak","23/5/2026, 11.21.38","1","No","0","No","https://www.tiktok.com/@rissinii"
"=""7643032456841511700""","=""71725470591""","ucancallme.ale","ale","bru idup cok wkwkwk","23/5/2026, 17.29.44","2","No","0","No","https://www.tiktok.com/@ucancallme.ale"
"=""7643125850757612296""","=""7389912220136195078""","shafna.chairunnisa","Shafna Chairunnisa","Berasa hidup d jaman dlu gak sih, gk bsa nonton tv, gak bsa main hp krn lowbat, gdk sinyal, semua rumah gdk lampu ada nya lilin 😩","23/5/2026, 23.31.59","1","No","0","No","https://www.tiktok.com/@shafna.chairunnisa"
"=""7643077457483301653""","=""7623356510189716501""","qilla.ankmedan","qilla⋆˚𝜗𝜚˚⋆","kakk udah kak pening aku ni","23/5/2026, 20.24.21","2","No","0","No","https://www.tiktok.com/@qilla.ankmedan"
"=""7642940762405815047""","=""6958298697932260353""","mochalatte_23","💗💐✨💌🧚","aku di jalan nangis"" gaada jaringan kos an dah kek rumah hantu","23/5/2026, 11.33.52","0","No","0","No","https://www.tiktok.com/@mochalatte_23"
"=""7643064017116218113""","=""7552077163466589200""","kampunkk8",".khampunkk.","anak wifi apa kabar?","23/5/2026, 19.32.08","0","No","0","No","https://www.tiktok.com/@kampunkk8"
"=""7643050341542413077""","=""7027455985749476379""","dann__.22","D","lah kami numpang cas HP di indomaret lagi😭😂","23/5/2026, 18.39.01","0","No","0","No","https://www.tiktok.com/@dann__.22"
"=""7643057331709870855""","=""7186167825903010842""","itsmerula","itsmerula","sampe sekarang rumah kawanku masih mati lampu sedangkan kost ku dari pagi udah idup lampu, padahal kami sama-sama di ranto","23/5/2026, 19.06.04","0","No","0","No","https://www.tiktok.com/@itsmerula"
"=""7642985706788406036""","=""7625314556809675797""","da7_lovers884","St4rlight✨🌟","aku jam 3 sampai jam 4 malam masih nyari hotel tapi udh full semua😭😭😭","23/5/2026, 14.28.18","1","No","0","No","https://www.tiktok.com/@da7_lovers884"
"=""7642898061770097409""","=""6784306587454473217""","taavirgirl09",";Taa🦋","ishh sumpah, tadi malam sempat kepikiran mau pindah tidur ke hotel sama suami. ternyata di daerah rumah ku udh hidup listrik, yasudah gk jadi pindah alhamdulillah😭","23/5/2026, 08.48.39","1","No","0","No","https://www.tiktok.com/@taavirgirl09"
"=""7642912180140049170""","=""7110977988439639041""","alexxander2007","Alexxander.lxx","Baru hidup ah sini","23/5/2026, 09.42.50","1","No","0","No","https://www.tiktok.com/@alexxander2007"
"=""7642946604278186772""","=""7594902210749498389""","ryan37530","ryan","lah aku pada tempat ku ngantri belik air","23/5/2026, 11.56.36","1","No","0","No","https://www.tiktok.com/@ryan37530"
"=""7643055999369609992""","=""7365927055986344966""","cemewww_1","dnshh","MUAK KALI AKU TINGGAL DI SINI","23/5/2026, 19.01.04","0","No","0","No","https://www.tiktok.com/@cemewww_1"
"=""7643079097883968276""","=""7091648984435033089""","apri_annisa","apri_annisa✌️","udah hidup lampu nya","23/5/2026, 20.30.44","0","No","0","No","https://www.tiktok.com/@apri_annisa"
"=""7643092618466132756""","=""7325682639544288261""","jennaaaa927","jannah","bawa galon kemana mana","23/5/2026, 21.23.15","0","No","0","No","https://www.tiktok.com/@jennaaaa927"
"=""7643051627444224788""","=""7035608950516466714""","bukgab3","Rotua Lusianti Panggabean","Tempat ku belum hidup dari semalam","23/5/2026, 18.44.15","0","No","0","No","https://www.tiktok.com/@bukgab3"
"=""7643098383704802069""","=""7254820327346160642""","seanurtt","່uknown","gusy waspada katanya sampe tanggal 25 mei mati lampuu","23/5/2026, 21.50.47","1","No","0","No","https://www.tiktok.com/@seanurtt"
"=""7642885332623328008""","=""7180910561751155714""","ollajovankha4","Olla kha","Kami rela beli bensin 7 botol untuk ginset eh lampunya udah hidup bensinnya datang 😂","23/5/2026, 07.58.49","1","No","0","No","https://www.tiktok.com/@ollajovankha4"
"=""7642964988281291528""","=""7332130006779249670""","raaa.427","raaa.427","gak banjir
gak mati lampu ada terus kerandoman medan nih😭","23/5/2026, 13.07.47","4","No","0","No","https://www.tiktok.com/@raaa.427"
"=""7643095365856641813""","=""6588789139742998530""","nynaaz","nyna","di tempat ku gara-gara mati lampu satu desa mandi sungai😭 kebetulan emang di tempat ku sungainya baru aja di jadiin tempat wisata, akhirnya pada cekikikan pas ketemu banyak tetangga di sungai😭","23/5/2026, 21.37.06","0","No","0","No","https://www.tiktok.com/@nynaaz"
"=""7642898887221789448""","=""7338813615102821382""","firaa0296","firaa0296","Kyk aku bawa cok sambung 😭😭😭 😂","23/5/2026, 08.51.27","2","No","0","No","https://www.tiktok.com/@firaa0296"
"=""7643003579859616533""","=""7539819651062318096""","icaquuen75","fayeliona97","gara gara mati lampu ini kami sekeluarga tidur di luar anjir😏","23/5/2026, 15.37.42","3","No","0","No","https://www.tiktok.com/@icaquuen75"
"=""7642948687929148176""","=""7389092555114628102""","panolalaa","Vanya","kak +1 lagi genset mendadak sold out😭🤣","23/5/2026, 12.04.54","2","Yes","0","No","https://www.tiktok.com/@panolalaa"
"=""7643032592698639121""","=""6947446635052762113""","nsmau4","ninii","iyaa njir asli, bosen gatau mau ngapain², air ga adaaa, jaringan ga ada, burit emang😭😭😭😭😭","23/5/2026, 17.30.08","1","No","0","No","https://www.tiktok.com/@nsmau4"
"=""7643143504361931541""","=""7511701832889418772""","user020210050629","￴ ￴ ￴ ￴ ￴ ￴ ￴ ￴ ￴ ￴ ￴","[Stiker] yg blender cabe mana? ketinggalan😭","24/5/2026, 00.40.48","1","No","0","No","https://www.tiktok.com/@user020210050629"
"=""7643039006263952144""","=""6843810724221879297""","dikysembiringg","Dikysembiring","Berastagi sekitar udh hidup we dari jam 5 subuh tadi 😂😂😂","23/5/2026, 17.55.03","0","No","0","No","https://www.tiktok.com/@dikysembiringg"
"=""7643038629002740501""","=""7243261358686290951""","puding_matchaa","🐾","kok Kelen dah pada idop lampu nya, lampu ku dari Jum'at ga idop idop","23/5/2026, 17.53.41","0","No","0","No","https://www.tiktok.com/@puding_matchaa"
"=""7643043798780216081""","=""7120775020708742170""","adaaradisinilohh","TaraMrp._","aku baru aja balik mandi dari spbu malah idup wkwkw","23/5/2026, 18.13.53","0","No","0","No","https://www.tiktok.com/@adaaradisinilohh"
"=""7643042342916096788""","=""6951455957206123521""","agathaa.168","agataanamanya.","batangkuis city uda idup dari jam 3 pagi loh ya","23/5/2026, 18.08.05","0","No","0","No","https://www.tiktok.com/@agathaa.168"
"=""7643023966068818689""","=""7204702748124857346""","shindy_sinaga","nayyshintya","Woelah dmna lgi aku ngungsi mau colok hp sama ada wifi weii siantar info","23/5/2026, 16.56.43","0","No","0","No","https://www.tiktok.com/@shindy_sinaga"
"=""7642925347411886868""","=""6818012541077242882""","nhxyt_","badut mekdi","kocokk balek kerja jam 10 kirain enak jalan ternyata macet ajgg lampu merah mati 😭😭😭😭","23/5/2026, 10.34.00","1","No","0","No","https://www.tiktok.com/@nhxyt_"
"=""7643082571421254408""","=""6530429943317479426""",".cafe_sin_azucar","KopiTanpaGula😉","belom liat org ngantri isi galon air😂😂😂","23/5/2026, 20.44.03","0","No","0","No","https://www.tiktok.com/@.cafe_sin_azucar"
"=""7643075524281795336""","=""6957271143364396033""","anakorangggwoyyy","<kepo aja>#","jen settt","23/5/2026, 20.16.43","0","No","0","No","https://www.tiktok.com/@anakorangggwoyyy"
"=""7643104305347773205""","=""7155119018596123675""","miss.kamil","Pocut Kamil","Welcome to club guys. Kami yg di aceh sudah merasakannya part 1 skrg sambung part 2😭🙏🏻","23/5/2026, 22.08.27","0","No","0","No","https://www.tiktok.com/@miss.kamil"
"=""7643056635891499794""","=""7639318649862571026""","wulandari.595","Wulandari 595","ini yang ku tunggu tunggu pasti ada POV nya😭","23/5/2026, 19.03.23","0","No","0","No","https://www.tiktok.com/@wulandari.595"
"=""7643046845916316423""","=""7213387205406278683""","drunkeynn","ney","Sampek tidur di teras atas rumahku dibikin mati lampu ini bah 😭","23/5/2026, 18.25.25","0","No","0","No","https://www.tiktok.com/@drunkeynn"
"=""7643044111243936519""","=""7042862725848269825""","apalahhhjir","na","kemarin banjir sekarang mati lampu☺","23/5/2026, 18.14.52","0","No","0","No","https://www.tiktok.com/@apalahhhjir"
"=""7642879400316879623""","=""7460118089410315281""","ciia1711","cii","d tmptku bru idup pagi ini jam 07.12 tdii😭😭🤣","23/5/2026, 07.35.47","2","No","0","No","https://www.tiktok.com/@ciia1711"
"=""7643000238488584977""","=""6806277281217414146""","rssaloav","risya","pls iya hotel smpe full ga kebagian hotel manapun, seru si😭😭😭😭","23/5/2026, 15.24.38","1","No","0","No","https://www.tiktok.com/@rssaloav"
"=""7642903102849450772""","=""7226058475108582427""","windyelyssandraaa","heartless.","alhamdulillah idup wee","23/5/2026, 09.08.02","3","No","0","No","https://www.tiktok.com/@windyelyssandraaa"
"=""7642969679011103509""","=""7607736648412087316""","anak.maniss89","anak maniss","baru hidup ni kak tmpt ku","23/5/2026, 13.26.06","1","No","0","No","https://www.tiktok.com/@anak.maniss89"
"=""7642887791022293780""","=""6846261577169093633""","iibennnnn","ibenu","Hotel penuh semua 😭","23/5/2026, 08.08.39","1","No","0","No","https://www.tiktok.com/@iibennnnn"
"=""7642982595361342215""","=""71282734391""","shecutiesss","𝖓𝖆𐙚","admin marketing online pusing mikir cari listrik + jaringan😭","23/5/2026, 14.16.04","1","No","0","No","https://www.tiktok.com/@shecutiesss"
"=""7643102586694238996""","=""7624118567055131656""","fastwind86","FASTWIND","Oalah kak kak kami sekeluarga udh tidur di joglo depan rumah untung udh idup","23/5/2026, 22.01.48","0","No","0","No","https://www.tiktok.com/@fastwind86"
"=""7642963357914792724""","=""7565564368336602133""","kayinnnn112","skyblue","menyala umsu kuuu","23/5/2026, 13.01.35","1","No","0","No","https://www.tiktok.com/@kayinnnn112"
"=""7643007503857632017""","=""7161442771756008449""","ivona_81","VloveShpe","ini lampu mati lagi dari jam 12 tadi sampe skrg ga hidup, yaampun kalau mau mati lagi tolonglah dikabarin kasih info jam jam berapa aja lampu mau dimatiin biar gua bisa isi batre hp full","23/5/2026, 15.52.49","0","No","0","No","https://www.tiktok.com/@ivona_81"
"=""7643021891100164882""","=""7639302564446602248""","ndynla1","laa","gara-gara mati lampu kereta ku ku buat cas hp 😭😭😭","23/5/2026, 16.48.39","0","No","0","No","https://www.tiktok.com/@ndynla1"
"=""7642917305840173841""","=""6832505214227842050""","prettyz_zil","me","udah mati lampu tinggal dibelawan beh ga ada jaringan😭","23/5/2026, 10.03.02","0","No","0","No","https://www.tiktok.com/@prettyz_zil"
"=""7642935155640402708""","=""7640901588828423169""","dwtsrr","Ada saya","Baru hidup di tuntungan","23/5/2026, 11.12.13","0","No","0","No","https://www.tiktok.com/@dwtsrr"
"=""7643012017812439815""","=""7028616257922860034""","noviantisari782","noviantisari782","Tanjungbale jam 3 subuh we idup","23/5/2026, 16.10.15","0","No","0","No","https://www.tiktok.com/@noviantisari782"
"=""7643008264696267527""","=""7572070073185076231""","iniakunasa_","Asa22","di jambi juga sama , di jalan tadi malam rame banget orang orang pada keluar semua udah kayak tahun baru aja","23/5/2026, 15.55.44","0","No","0","No","https://www.tiktok.com/@iniakunasa_"
"=""7643021865787769618""","=""6917018921393521665""","arianto_tl","Ari@ntoTL","udh hidup lampu disini","23/5/2026, 16.48.35","0","No","0","No","https://www.tiktok.com/@arianto_tl"
"=""7642978207746048789""","=""7186451234512077851""","mozzaa_abuabu","mozza","alhamdulilah diletsu cuma 5 jam.mati stgh 7 hidup lampunya jam 12 malam.","23/5/2026, 13.59.11","0","No","0","No","https://www.tiktok.com/@mozzaa_abuabu"
"=""7643010375382729492""","=""6542264721479188481""","ank_mommy_n","Imiii🐻🐻","Para orgtua:”kelen bru shari,byngin dizaman mamak sama ayah kyk gini tiap hari dulu,pkek lampu teplok,gdk hp,jlnan udh sunyi pdhl masih abis isya” DHLA GKBSA NGELUH AKU WAKK🗿","23/5/2026, 16.04.04","0","No","0","No","https://www.tiktok.com/@ank_mommy_n"
"=""7643065577338602258""","=""6958368894538236933""","rossaazzahraaa","ocha🩷","umsu ku the best😭","23/5/2026, 19.38.07","0","No","0","No","https://www.tiktok.com/@rossaazzahraaa"
"=""7643010776214717191""","=""7597390181986436104""","cinta59152","cinta","baru idop woyy","23/5/2026, 16.05.29","0","No","0","No","https://www.tiktok.com/@cinta59152"
"=""7643013552748741377""","=""6912043141600396289""","laurindah_196","Laurindah_96","udh dbilang ini medan.. banjir aja kaga trauma apa lagi cuma mati lampu masih bisa mejeng awak di cafe","23/5/2026, 16.16.18","0","No","0","No","https://www.tiktok.com/@laurindah_196"
"=""7643020264657240848""","=""7588463542862627858""","wzgybonplnmjuwsvjpkpkdwc","TereBorneng S.Tr.Tra🧚‍♀️","gara""smlm mati lampu smpai skrg blm hidup,kmi nginap dihotel sekelurga njay gara""panas gada jaringan","23/5/2026, 16.42.24","0","No","0","No","https://www.tiktok.com/@wzgybonplnmjuwsvjpkpkdwc"
"=""7642914740595884820""","=""7298015315693913093""","harmayliz","harmaylis","ada lagi , warkop matikan lampu ' udah tau Dy banyakan yg nongkrong minumnya teh manis 😂 😂","23/5/2026, 09.53.03","1","No","0","No","https://www.tiktok.com/@harmayliz"
"=""7642882756292330241""","=""6852543258721207297""","intankarinabanurea","chocootan🍫","dikamar panas kali coo😭🙏🏻","23/5/2026, 07.48.43","1","No","0","No","https://www.tiktok.com/@intankarinabanurea"
"=""7643106157611860744""","=""7632315159294149633""","rastii5692","Rastii","banyak kali cobaan Medan niee ahhh herann😭😭","23/5/2026, 22.15.31","1","No","0","No","https://www.tiktok.com/@rastii5692"
"=""7642986547701351185""","=""6995302499667231770""","yeni_puspita16","Yeni Puspita","tadi malam kota medan rasa di aceh saat mati lampu bulan desember lalu🗿🗿","23/5/2026, 14.31.32","1","No","0","No","https://www.tiktok.com/@yeni_puspita16"
"=""7643029313688994581""","=""6840326531006530561""","user_084628915","Loss","servis malam hari🗿","23/5/2026, 17.17.37","1","No","0","No","https://www.tiktok.com/@user_084628915"
"=""7643058357129380615""","=""7156937151246222337""","dvnne_","divi","kisah lama terulang jirrr lah","23/5/2026, 19.10.09","0","No","0","No","https://www.tiktok.com/@dvnne_"
"=""7642968684365366024""","=""7028930948294558722""","karetsijeruk","K.","baru idop woi astagaaa panas kali","23/5/2026, 13.22.06","1","No","0","No","https://www.tiktok.com/@karetsijeruk"
"=""7643048491409900308""","=""6851938447259796482""","ditolak_usu.2021","mons","tempat kalian kok mati listriknya, kami di Lampung aman kok😁","23/5/2026, 18.31.58","0","No","0","No","https://www.tiktok.com/@ditolak_usu.2021"
"=""7643013677108806420""","=""7249260168957182977""","cahayamalam8121","nurlaylanms18","Kami termasuk yg ngantri di SPBU vidio pertama kak😂","23/5/2026, 16.16.49","0","No","0","No","https://www.tiktok.com/@cahayamalam8121"
"=""7643055056547332884""","=""7307642063775925253""","www.walid45","Count talk the gank","titi papan Gatot Subroto jam setengah 1 mlm hidup","23/5/2026, 18.57.20","0","No","0","No","https://www.tiktok.com/@www.walid45"
"=""7643120150053290760""","=""6858985439454512129""","hikayuuu14","cimoryhazelnut_","di tempat ku org"" bawa gayungg
nasib anak kost 😭😭","23/5/2026, 23.09.58","0","No","0","No","https://www.tiktok.com/@hikayuuu14"
"=""7643103512227267348""","=""6592544931948494854""","dinaacun106","PearlOfBeauty","ih tau gtu nginep diumsu aku smlm","23/5/2026, 22.05.44","0","No","0","No","https://www.tiktok.com/@dinaacun106"
"=""7643270289580999432""","=""7364975567626241029""","ameliyaptr14","Alya🦋🦋","kemana mana orang bawa cok sambung 😭","24/5/2026, 08.52.31","0","No","0","No","https://www.tiktok.com/@ameliyaptr14"
"=""7643016365665862420""","=""7331036325619155973""","merida_0406","saaa","pulang kerja mau mesen grab gak ada sinyal😇","23/5/2026, 16.27.14","1","No","0","No","https://www.tiktok.com/@merida_0406"
"=""7643038228836385557""","=""7226223255127196699""","anak_hok","ucup lalla","di Polonia udah tadi jam 2 nyala bentar lagi katanya mati lampu siap maghrib siap"" ni baterai HP full","23/5/2026, 17.52.06","0","No","0","No","https://www.tiktok.com/@anak_hok"
"=""7643025812094944021""","=""6986477333877212162""","sukahatimu50","niccc🦦","beruntung nya diumsu bisa charger hp sampe full+ngadem dikelas kosong 😭😭","23/5/2026, 17.04.01","0","No","0","No","https://www.tiktok.com/@sukahatimu50"
"=""7642924521212920577""","=""7474982670830404609""","lilissuriany6","♉TAURUS♉","baru aja kejadian semalam.
ehh udh fyp aja yaa..","23/5/2026, 10.31.01","1","No","0","No","https://www.tiktok.com/@lilissuriany6"
"=""7643022898529125128""","=""7466501816483496977""","glamourst00","🦋","Baru smlm udah ada aja core nyaa😂","23/5/2026, 16.52.28","1","No","0","No","https://www.tiktok.com/@glamourst00"
"=""7642913370534478612""","=""7222280656385508370""","vivi27s","mel","bru jg td mlm mti lmpu dh bnyk aj kjadian core ny😭","23/5/2026, 09.47.41","1","No","0","No","https://www.tiktok.com/@vivi27s"
"=""7643008061636231943""","=""6789402312168571906""","sqiya_qiya","qiyaaa's","part 2 ? part 1 aja belum nyala 😭😭","23/5/2026, 15.54.58","0","No","0","No","https://www.tiktok.com/@sqiya_qiya"
"=""7642931113908765461""","=""6607376299138744321""","amiutami95","@tami","Binjai udh idup wooyyyy","23/5/2026, 10.56.31","1","No","0","No","https://www.tiktok.com/@amiutami95"
"=""7643115928859001601""","=""7289976717942277127""","lvnaria3","Naria","Siapa disini yg kerja di Cafe kayak aku??
Ya ampunnn Rameee pake bangett, mau kencing pun gak sempat
😞😞","23/5/2026, 22.53.43","0","No","0","No","https://www.tiktok.com/@lvnaria3"
"=""7643131317819212545""","=""7276241829435032582""","0hoony_bbang","Liaa🍀","banyak kali disini yg betulin genset😭","23/5/2026, 23.53.23","0","No","0","No","https://www.tiktok.com/@0hoony_bbang"
"=""7643109967902786312""","=""7183048019247121410""","ipankivolz","◌⑅⃝●♡𝙂𝙨𝙠𝙮_𝙃𝙤𝙡𝙞𝙘♡●⑅⃝◌","kelen mau tau we mamak ku cas hp di kereta teros kereta nya di hidupin aja rusak we emang laen mamak ku itu","23/5/2026, 22.30.27","0","No","0","No","https://www.tiktok.com/@ipankivolz"
"=""7642987025046340360""","=""7614190098883904519""","_bluegirls_1","🦋","klen tinggalin warkop kesayangan","23/5/2026, 14.33.24","1","No","0","No","https://www.tiktok.com/@_bluegirls_1"
"=""7643053957728781064""","=""6747066905759269889""","saharaaintan","saa","kami lagi makan :","23/5/2026, 18.53.04","0","No","0","No","https://www.tiktok.com/@saharaaintan"
"=""7643113069086819093""","=""7636238119981548565""","kicau.mania4838","kicau mania","ampunnn lahh, baru balek kerja malam, mana mau mandi paksa la pake lampu kereta biar terang😭🗿","23/5/2026, 22.42.32","0","No","0","No","https://www.tiktok.com/@kicau.mania4838"
"=""7642907487612420872""","=""7178538190872691718""","xyzrolin","Urluvv><Jsh💟.","perumahan ku gelap total 😭😭😭","23/5/2026, 09.33.23","1","No","0","No","https://www.tiktok.com/@xyzrolin"
"=""7643175204675961608""","=""73294339647""","ww.ngapain","salwaa","emng menyala kali umcu kita itu kak🥰","24/5/2026, 02.43.36","0","No","0","No","https://www.tiktok.com/@ww.ngapain"
"=""7643100605759095559""","=""6963166116742988801""",".san_8828","sann","eeee jangan lah klen ramekan itu spbu,nntik kek kemaren pulak,gk dapat awak ngisi minyak,gk kerja awak nntik😭","23/5/2026, 21.54.04","0","No","0","No","https://www.tiktok.com/@.san_8828"
"=""7643103988220838663""","=""7577398343170376722""","ambartera","apa katanya?","heran kali, yg padam listrik, yg rame galon","23/5/2026, 22.10.21","0","No","0","No","https://www.tiktok.com/@ambartera"
"=""7643101111007838983""","=""7628539973918393364""","laoly_beddy","V1️⃣I4️⃣R0️⃣G1️⃣O1️⃣","cek in pula ya😂","23/5/2026, 21.55.58","0","No","0","No","https://www.tiktok.com/@laoly_beddy"
"=""7642970219350311697""","=""6942854388319372289""","bigail88_","Hara_","ngumban Surbakti baru hidup jam 7 pagi..
pas 12 jam","23/5/2026, 13.28.06","1","No","0","No","https://www.tiktok.com/@bigail88_"
"=""7643026325328855815""","=""7161753401481577473""","viantiia","Vii","mabar hilir baru hidup lampu wuahhh","23/5/2026, 17.05.57","0","No","0","No","https://www.tiktok.com/@viantiia"
"=""7643071390052729620""","=""7346570677845853190""","sabrinaagustien","sabrinagustien","desa sama kota sama aja 🤣","23/5/2026, 20.04.38","0","No","0","No","https://www.tiktok.com/@sabrinaagustien"
"=""7643031147773690645""","=""7161559846981927937""","nontoxic60","LibraGirl♎️","Mertuaku nyuci ke sunge wee gegara mati lampu😌😂😂","23/5/2026, 17.24.33","0","No","0","No","https://www.tiktok.com/@nontoxic60"
"=""7643062810705314580""","=""6801802879869191170""","carrinmlk","Carrinmlk","kayak ngalahin suasana lebaran loh we😭😭","23/5/2026, 19.27.36","0","No","0","No","https://www.tiktok.com/@carrinmlk"
"=""7643122337152484116""","=""7553542196479525908""","kuro_kentang","kuro plenger🫪","untuk ada Alfamidi 24jam jadi bisa nongkrong sama kasir nya di dalam🗿😹","23/5/2026, 23.18.33","0","No","0","No","https://www.tiktok.com/@kuro_kentang"
"=""7642946973301752577""","=""6940493985257440257""","dytoer13","dyess","td mlm tdur kyk di okup trus tema gelap2an","23/5/2026, 11.57.58","1","No","0","No","https://www.tiktok.com/@dytoer13"
"=""7642871192329061140""","=""6959105364948288517""","fola_aja","Fola_","baru hidup lampu nya KK","23/5/2026, 07.04.22","1","No","0","No","https://www.tiktok.com/@fola_aja"
"=""7643044236056806160""","=""7122367248664790043""","peachzyaa","ziii","sampe sekarang blom ada jaringan 😭 macam balek ke jaman purba awak 😭","23/5/2026, 18.15.34","0","No","0","No","https://www.tiktok.com/@peachzyaa"
"=""7643080175178220304""","=""7039905559546315802""","tarigan_official","Ronaldo Gersang","gabut x yang check-in itu ya 🗿","23/5/2026, 20.34.48","0","No","0","No","https://www.tiktok.com/@tarigan_official"
"=""7643046197729968916""","=""72765273141""","br.pangaribuan17","@desinatalya96","Perumnas simalingkar hidup di jam 17. 30","23/5/2026, 18.23.11","0","No","0","No","https://www.tiktok.com/@br.pangaribuan17"
"=""7642894910220272392""","=""6870737046966207489""","virgoo_295","ara05","semua hotel di kotaku penuhhh😭😭 mulai dari tg mahal smpe ke yg murah","23/5/2026, 08.35.57","1","No","0","No","https://www.tiktok.com/@virgoo_295"
"=""7642936963217687314""","=""6590552366457602050""","putriianii11","Putriianii","di tempat ku dari jam 7malam sampe sekarang gak ada tanda² hidup lampu","23/5/2026, 11.19.03","1","No","0","No","https://www.tiktok.com/@putriianii11"
"=""7642954335308022549""","=""7110888076348015617""","al.naufal11","al.naufal","dah idop woi","23/5/2026, 12.26.42","1","No","0","No","https://www.tiktok.com/@al.naufal11"
"=""7643056548855612180""","=""7403227294628742150""","ercsiell","rii","tadi malam nyari nyari warkop sambil bawa cok sambung untuk ngecas sekeluarga cok😭","23/5/2026, 19.03.06","0","No","0","No","https://www.tiktok.com/@ercsiell"
"=""7643054169440568085""","=""7451125089591280645""","callmemely_8","Callmemely_","di tempat aku belom woyyy😭😭 udah 24jam iniiiiii. yaAllah","23/5/2026, 18.57.21","0","No","0","No","https://www.tiktok.com/@callmemely_8"
"=""7643019356014002945""","=""7021337862688834587""","rafiq_455","Afiqqq","Brp ton yg lolos y🥰","23/5/2026, 16.39.07","0","No","0","No","https://www.tiktok.com/@rafiq_455"
"=""7643041397482652436""","=""6925233920368706562""","ddev080","ddev080","Di medan baru idup ini auto nge cas hp 😂","23/5/2026, 18.04.26","0","No","0","No","https://www.tiktok.com/@ddev080"
"=""7643086598263833364""","=""7234712837552702470""","aswita232","pandia💋💋😘","mati lampu udah fyp😅","23/5/2026, 20.59.51","0","No","0","No","https://www.tiktok.com/@aswita232"
"=""7643124439429088021""","=""7320237291263378438""","jkt48pop","🦸‍♂️","sama padang iy juga w","23/5/2026, 23.26.34","0","No","0","No","https://www.tiktok.com/@jkt48pop"
"=""7643078457073599250""","=""7046393236231128065""","rd0680","Rndm🥀","pokoknya pada sibuk lh,lebih tepatnya nyibuk'i diri 😁","23/5/2026, 20.28.06","0","No","0","No","https://www.tiktok.com/@rd0680"
"=""7643064274856674056""","=""7263420391611368453""","pinkiekami","ᴍᴀᴛᴛʜɪᴀꜱ","negara medan🥰","23/5/2026, 19.33.08","0","No","0","No","https://www.tiktok.com/@pinkiekami"
"=""7643082582217196295""","=""7585530877544088596""","asep.salto64","manusia biasa","gw udah hidup","23/5/2026, 20.44.07","0","No","0","No","https://www.tiktok.com/@asep.salto64"
"=""7643107723962352385""","=""7128532226450834458""","rani_ajacok","graciaje","Medan panas kali cooggg jdnyaaaaa😭","23/5/2026, 22.22.01","0","No","0","No","https://www.tiktok.com/@rani_ajacok"
"=""7642904171344184071""","=""7587969978491814919""","cici.twink","Cici twink","tempatku hidup malam tadi jam 10 woy jalan Bilal sampe sekarang masih hidup","23/5/2026, 09.11.51","1","No","0","No","https://www.tiktok.com/@cici.twink"
"=""7643038779763213072""","=""6851049852940616706""","wantiwirora","Wanti Wirora","Emng medan core yg sllu kutunggu2 dimomen apapun 😅","23/5/2026, 17.54.39","0","No","0","No","https://www.tiktok.com/@wantiwirora"
"=""7642923762051990279""","=""7405030066171806725""","93_habibi","leunca_boy","aku ngungsi di bandara😭","23/5/2026, 10.27.48","1","No","0","No","https://www.tiktok.com/@93_habibi"
"=""7643244717799359240""","=""7130534639533376514""","apri_469","Apri vixion⚡🥶","[Stiker] ","24/5/2026, 07.13.27","0","No","0","No","https://www.tiktok.com/@apri_469"
"=""7642917018174227208""","=""6912266241172816902""","mmiii_","mush`27","huahah dh hidup jam 12 tadi malam🤣","23/5/2026, 10.01.46","1","No","0","No","https://www.tiktok.com/@mmiii_"
"=""7643119019122262805""","=""6836184331464033282""","redvelvett227","adek⚡️","ngantri spbu sambil ngadem🙏🏻","23/5/2026, 23.05.39","1","No","0","No","https://www.tiktok.com/@redvelvett227"
"=""7642855756287738645""","=""6799575477646722049""","jalanjalanaja","Jalanan Vibes","Di tempatku jam 11 hidup kok😁","23/5/2026, 06.04.26","3","No","0","No","https://www.tiktok.com/@jalanjalanaja"
"=""7643037338810368769""","=""6922434204320007174""","cahjawagrab0","Cahjawagrab","kacauuuu","23/5/2026, 17.48.37","2","No","0","No","https://www.tiktok.com/@cahjawagrab0"
"=""7642981726872224532""","=""7584343439472772113""","ndaa77742","dedecholic👅","ngantri pom bensin itu di ringroad ga siii","23/5/2026, 14.16.13","1","No","0","No","https://www.tiktok.com/@ndaa77742"
"=""7643068607739527937""","=""6757563287951541249""","melitaajh","Mel","mana hotel” pada penuhhhhh stresssss bgt😭😭😭😭","23/5/2026, 19.49.52","0","No","0","No","https://www.tiktok.com/@melitaajh"
"=""7642949035812782869""","=""6737436350658135041""","agunggg.30","agunggg.30","helvet baru hidup","23/5/2026, 12.06.00","1","No","0","No","https://www.tiktok.com/@agunggg.30"
"=""7643239558796968725""","=""7473534398605313040""","strawbererryy","zaraaa","gegara mati lampu aku ngecas hp di dapur mbg 😭😭😭","24/5/2026, 06.53.42","0","No","0","No","https://www.tiktok.com/@strawbererryy"
"=""7642933285890736903""","=""7199614570112467994""","ruthhhhhh_0","Ruth Sianipar","semalam mati lampu jam 7 malam , skrg baru idup jam 10 pagi 😭, mana hp lobet smua, tidur pun panas²an 😭","23/5/2026, 11.04.53","3","No","0","No","https://www.tiktok.com/@ruthhhhhh_0"
"=""7642880121321751297""","=""7246777824560219143""","nsamlyani","nisa","jaringan gaada:)","23/5/2026, 07.38.52","1","No","0","No","https://www.tiktok.com/@nsamlyani"
"=""7643087944983659285""","=""7262245179024606213""","bryanhalim33","~BL{BEST} 68990","sama ambil charger untuk chas hp","23/5/2026, 21.05.01","1","No","0","No","https://www.tiktok.com/@bryanhalim33"
"=""7643026586854212372""","=""7559865731509126152""","yeniii500","yeniii","baru hidup di tempatku🙂,langsung carger hp+kipas","23/5/2026, 17.06.57","0","No","0","No","https://www.tiktok.com/@yeniii500"
"=""7643058770420040468""","=""7077779665499079681""","bipa.aa","bipa.aa","24jam nih ga nyalaaa 😭😭","23/5/2026, 19.11.51","0","No","0","No","https://www.tiktok.com/@bipa.aa"
"=""7643128670563042069""","=""6560579791351201793""","halimyuda1","Halim Wijaya","baru hidup lagi wee😅","23/5/2026, 23.42.55","0","No","0","No","https://www.tiktok.com/@halimyuda1"
"=""7642936682632217360""","=""7581021231718728705""","permpoon_any","anyeong","omakkk dh dibuat core aja bah 😭😭","23/5/2026, 11.18.33","1","No","0","No","https://www.tiktok.com/@permpoon_any"
"=""7643029824953369351""","=""6962031520362611713""","itsmeazwina","Winaaaa🧀","ada yg tau penyebab mati lampu kenapa wee?","23/5/2026, 17.19.26","0","No","0","No","https://www.tiktok.com/@itsmeazwina"
"=""7643012492214403858""","=""7622414669764396052""","n0tracealyn","N0TraceAlyn💋","numpang ngecas di sekolah😭","23/5/2026, 16.12.10","0","No","0","No","https://www.tiktok.com/@n0tracealyn"
"=""7643320368770646791""","=""6969800581575017474""","kimtrisna","99putri_","warkop full seat 🤣","24/5/2026, 12.06.54","0","No","0","No","https://www.tiktok.com/@kimtrisna"
"=""7643057166001308434""","=""7642906252062409749""","bill.kaulitz9007","bill kaulitz🎸🇩🇪","hahah","23/5/2026, 19.05.28","0","No","0","No","https://www.tiktok.com/@bill.kaulitz9007"
"=""7643066233396232978""","=""6989408826991903745""","jerukperas423","Raa💋","aku tadi antri di galon.. pada bawain lilin😂","23/5/2026, 19.40.42","0","No","0","No","https://www.tiktok.com/@jerukperas423"
"=""7643124674058830612""","=""7222131834119881734""","mas_al09.7","al turnip799","sedang mempertanyakan fungsi gubsu😂","23/5/2026, 23.27.30","0","No","0","No","https://www.tiktok.com/@mas_al09.7"
"=""7643044208322528008""","=""7041749116662170630""","nnynn00_","￴","br hidup plis","23/5/2026, 18.15.19","0","No","0","No","https://www.tiktok.com/@nnynn00_"
"=""7643027705856443144""","=""7146878922876257282""","shiren364","Shiren","numpang cas HP di mbg wkwk😩","23/5/2026, 17.11.12","0","No","0","No","https://www.tiktok.com/@shiren364"
"=""7643015552043107090""","=""7117209910311863297""","donakai5","harga","berapa tonn","23/5/2026, 16.24.04","0","No","0","No","https://www.tiktok.com/@donakai5"
"=""7643082505184838408""","=""7545474463321441287""","fanst232","￴￴￴￴","gila hotel pada penuh","23/5/2026, 20.43.52","0","No","0","No","https://www.tiktok.com/@fanst232"
"=""7643080887265624853""","=""6783648335204746242""","fdillhputri_1501","fadillah putri","sengsara kali bah","23/5/2026, 20.37.34","0","No","0","No","https://www.tiktok.com/@fdillhputri_1501"
"=""7643035376286499602""","=""7016924235273389082""","vellarspesialediton","™Vellar Special Edition™","gimana rasanya panas tanpa AC atau kipas 🗿","23/5/2026, 17.40.57","0","No","0","No","https://www.tiktok.com/@vellarspesialediton"
"=""7643069078617211655""","=""6841136953950536705""","himahhasbi","Himah Hasbi","nice","23/5/2026, 19.51.42","0","No","0","No","https://www.tiktok.com/@himahhasbi"
"=""7642866070005039893""","=""7629501570208564245""","cia.olivia1","ciaaa💢","we masih mati we","23/5/2026, 06.44.17","5","No","0","No","https://www.tiktok.com/@cia.olivia1"
"=""7642925060630348562""","=""7452566397895525382""","xd80072","#💗","Alhamdulillah menang lagi ketua Di ModJP💙","23/5/2026, 10.32.56","2","No","0","No","https://www.tiktok.com/@xd80072"
"=""7642784842693968648""","=""6962797314755494914""","ayuzulastri_","🌸","Kedai ku mendadak rame full ngecas😭😭😭😭","23/5/2026, 01.28.42","1","No","0","No","https://www.tiktok.com/@ayuzulastri_"
"=""7642860432298230545""","=""7042450293338276866""","pongkiiiiiiiiiiiiiii","Mocha 🦁","Uda coba 3 minggu pas di banda, giliran tadi malam blackout di medan, selo ajaa, kayak uda biasa wkwkw","23/5/2026, 06.22.45","1","No","3","No","https://www.tiktok.com/@pongkiiiiiiiiiiiiiii"
"=""7642860168141456148""","=""6813907041427899394""","nurulaini2307","𝗻𝘂𝗿𝘂𝗹🎧","masih mati di tempatku sampe skrg woyyyy 😭","23/5/2026, 06.21.27","1","No","3","No","https://www.tiktok.com/@nurulaini2307"
"=""7642942344815215381""","=""7094578818660484098""","fajarrzqllh","Fajar risqullah","APAPUN CRITANYA. EMANG PLN ITU DIATAS TENTARA,POLISI,PNS,DLL","23/5/2026, 11.40.00","1","No","2","No","https://www.tiktok.com/@fajarrzqllh"
"=""7642885852163539719""","=""6664458727473315841""","candies126","vira","WOIII GATSU BELUM IDUP, UDAH BEKUAH SAKIN PANASNYA WOIIII","23/5/2026, 08.00.55","1","No","1","No","https://www.tiktok.com/@candies126"
"=""7642959138599879431""","=""7484666297407554567""","justminguugurll","minguugurl","gk idop idop tanjung mulia ini🙂","23/5/2026, 12.45.14","1","No","1","No","https://www.tiktok.com/@justminguugurll"
"=""7642957975456236309""","=""6983097332561527809""","icha_7la","GEOYT!!??","medan mati lampu❎️sumatra mati lampu✅️","23/5/2026, 12.40.39","2","No","0","No","https://www.tiktok.com/@icha_7la"
"=""7642887074391016210""","=""6850718851346269185""","papaapyle","papaapyle","aku tim yg bawa cok sambung☝🏻","23/5/2026, 08.05.24","2","No","0","No","https://www.tiktok.com/@papaapyle"
"=""7643087355731788565""","=""7486807103903384583""","allinnatalisimangunsong","AllinNataliSimangunsong","NUMPANG NGECARS HP DI GACOAN 😭😭","23/5/2026, 21.02.42","1","No","0","No","https://www.tiktok.com/@allinnatalisimangunsong"
"=""7643083093427946260""","=""7428633654069576710""","elcsi25","Ecyy.","Riau mati lg😭","23/5/2026, 20.46.24","1","No","0","No","https://www.tiktok.com/@elcsi25"
"=""7643062172427748116""","=""7267776268215567365""","kenn_1404","Kenn𝟮𝟴??Are u okayy","gara""pln koncet ini jdi habis uang ku buat chek in","23/5/2026, 19.25.00","1","No","0","No","https://www.tiktok.com/@kenn_1404"
"=""7643039982113948424""","=""7471052660898169874""","niyaaa_lovejungwon9","niyawww 🎀","MENCIRIM BARU HIDOP WEE😭
NANTI MTI LAGI KATANYAA😭","23/5/2026, 17.58.46","1","No","0","No","https://www.tiktok.com/@niyaaa_lovejungwon9"
"=""7643028810971054849""","=""117445811814146048""","chigemoyuyy","ndyx","Percut sei tuan blom idop idop sampe skrng 🫨🥲","23/5/2026, 17.15.34","1","No","0","No","https://www.tiktok.com/@chigemoyuyy"
"=""7642991666450629383""","=""7096074515730236442""","maljokimlbb","M a L","BAWA COK SAMBUNG ANJ😭😭😭","23/5/2026, 14.51.24","1","No","0","No","https://www.tiktok.com/@maljokimlbb"
"=""7642979840408994578""","=""7561615216733553675""","cymfthznnh_","cyzn","BAWA COK SAMBUNG,asli kalii","23/5/2026, 14.05.27","1","No","0","No","https://www.tiktok.com/@cymfthznnh_"
"=""7642975111193559826""","=""6820234838249292801""","sawturnn_xx","Aulll⁷","di daerahku blm hidup😔","23/5/2026, 13.47.05","1","No","0","No","https://www.tiktok.com/@sawturnn_xx"
"=""7642968459122393863""","=""6721558525925229569""","irayangasli","Martabak keju","Dikisaran jam 12 malem idup, tapi ini baru mati lagi 🙂🔥","23/5/2026, 13.21.13","1","No","0","No","https://www.tiktok.com/@irayangasli"
"=""7642963571235832597""","=""7576879534986494983""","kellaaa2112","butterfly🦋","muak kli jeng ga hidup² udah kek di jaman purba 😭","23/5/2026, 13.02.19","1","No","0","No","https://www.tiktok.com/@kellaaa2112"
"=""7642959893607744263""","=""6958113115591590914""","awulllvyy","awul","gua baru idup lampu ajg","23/5/2026, 12.48.03","1","No","0","No","https://www.tiktok.com/@awulllvyy"
"=""7642937919514182420""","=""7018145667562406914""","tidakpunyanama150","𝐛𝐛𝐲. 𝐛𝐮𝐧𝐠𝐚𝟎_","bilike pake senter manciss","23/5/2026, 11.22.52","1","No","0","No","https://www.tiktok.com/@tidakpunyanama150"
"=""7642918485392114453""","=""6763779202703655938""","gatausiapa1104","Si","malamnyaa berburu lilin dimanaa manaaa,dan Alhamdulillah jam 10 pagi baru hidup 😭😭😭
pas tdi malam tdr nyenyak bersama nyamuk🤣🤣🤣","23/5/2026, 10.07.41","1","No","0","No","https://www.tiktok.com/@gatausiapa1104"
"=""7642897497396904722""","=""6783251614397563905""","rokta20","yantyy","kami bawa 2 coksambung ke tukang bakso yang pake gengset😭😭","23/5/2026, 08.46.04","1","No","0","No","https://www.tiktok.com/@rokta20"
"=""7642878945205879559""","=""7043987465032156161""","ruthkbn","RK","dri tasi malem setiabudi tj.sari sampe sekarang jam 07.33 blom hidup 😭😭😭","23/5/2026, 07.34.13","1","No","0","No","https://www.tiktok.com/@ruthkbn"
"=""7642872020371784466""","=""6814516432396026881""","berkelanayoks","Berkelanayoks","Medan sunggal we masih mati sampe sekarang","23/5/2026, 07.07.09","1","No","0","No","https://www.tiktok.com/@berkelanayoks"
"=""7642767033788859154""","=""230342828743266304""","kaalubis__","Kaa","Capek kali aku nengok orang medan ini 😭","23/5/2026, 00.19.38","1","No","0","No","https://www.tiktok.com/@kaalubis__"
"=""7643308771997287188""","=""7397618538758669317""","dell_sihotang","dell_sihotang","oiii wak.. yok tnggl 26 malam dantop","24/5/2026, 11.26.35","0","No","0","No","https://www.tiktok.com/@dell_sihotang"
"=""7643277591672193812""","=""6772477206679520257""","novaalesha3","Nova Alesha","bah enak kali la orang tu, aku baru mulai belajar nahan berak woy krna ngk da air","24/5/2026, 09.27.00","0","No","0","No","https://www.tiktok.com/@novaalesha3"
"=""7643264300493505301""","=""236538673440137216""","ymierfrietz","piper","SIBUK KALI MEDAN 😭😭😭😭","24/5/2026, 08.29.38","0","No","0","No","https://www.tiktok.com/@ymierfrietz"
"=""7643246796059542280""","=""7090748150114092034""","udangkeju_0","t","tim tidur pake lilin kayak mau ngepet😭","24/5/2026, 07.21.24","0","No","0","No","https://www.tiktok.com/@udangkeju_0"
"=""7643245403521925895""","=""7641472677118706706""","cookiesch37","ꫂ᭪݁𝗔𝝪𝗔𝗥𝗔 𝝛𝗘𝗡𝗔𝗧𝝜𝗔","bapak gua kerja dimalaysia gada +yg pande naik kereta+ kepanasan:💀","24/5/2026, 07.16.14","0","No","0","No","https://www.tiktok.com/@cookiesch37"
"=""7643177004183831317""","=""6833348222254760961""","mlywillm","Mama nya beryl dan winter","di medan jam berapa baru hidup nya kakak kakak
dijambi jam 8 malam udah hidup
tapi paginya mati lagi sampe sore😭","24/5/2026, 02.55.39","0","No","0","No","https://www.tiktok.com/@mlywillm"
"=""7643163030629483285""","=""6619803119415951361""","nurulaida375","nurulaida375","mati lampu yg menyiksa aku, udah punya bocil 2 yg satunya gk tahan sama panas mau tidur tangan olahraga teros pakek kipas buku😭,pak pln tolong ya jangan diulang lagi cukup dikenang aja","24/5/2026, 01.56.26","0","No","0","No","https://www.tiktok.com/@nurulaida375"
"=""7643152439185556244""","=""6785903039195841538""","culis731","Ulis🪷","Bayangkan pnas pnasan aku tdi ngantri spbu 1 jam lebih tiba giliran disuruh nunggu 2 jam. Alhasil keluarlah katakata mutiaraku😭😭 udh panasnya wallahu a’lam😭😭","24/5/2026, 01.15.20","0","No","0","No","https://www.tiktok.com/@culis731"
"=""7643151393448084232""","=""6862876652616811522""","barep28","Mr. barep","kabel rol / extension, Medan : Cok sambung / sambung Cok.. 😂","24/5/2026, 01.11.05","0","No","0","No","https://www.tiktok.com/@barep28"
"=""7643142626863022865""","=""7013928008746861569""","parohonsilalahipintubatu","Pak Osena silalahi","aku semalaman ngipasin 2 bocil ku yg masih balita biar dapat angin plus ga digigitin nyamuk 😭
baru semalam sebegitu berfungsi nya aku sebagai bapak plus suami 😂 lain lah dulu perihal menafkahi yah","24/5/2026, 00.37.25","0","No","0","No","https://www.tiktok.com/@parohonsilalahipintubatu"
"=""7643142398806295303""","=""7643129289034597384""","fireworks6832","fireworks","mati lampu pasang lilin ? 🙅‍♀️Nyarik warkop , cafe, tempat penginapan dsb yg nyala listrik sambil bawa chrger dan cok sambung 😂😂","24/5/2026, 00.36.19","0","No","0","No","https://www.tiktok.com/@fireworks6832"
"=""7643141443728753428""","=""7628470581175960597""","semizu.aube","Semizu Aube","alasan asli bawa Cok sambung sama cekin itu biar bisa cas hp kalok lebih itu bonus 😁😁","24/5/2026, 00.32.44","0","No","0","No","https://www.tiktok.com/@semizu.aube"
"=""7643139222580970247""","=""6911918643056919553""","dellapriscilaa","Cilaaa","matinya kmaren jam 18:46 hidup nya baru tadi jam 23:02, kacauu kaya org suges 1 harian lebih tanpa listrik, air & jaringan😭","24/5/2026, 00.23.53","0","No","0","No","https://www.tiktok.com/@dellapriscilaa"
"=""7643113951434474241""","=""7181432276575667226""","zaa4033","zaa","kaya nya karo sini jarang kena hal² yg sering terjadi di medan bahkan di aceh","23/5/2026, 22.45.56","0","No","0","No","https://www.tiktok.com/@zaa4033"
"=""7643112899049603841""","=""7629239254484796432""","promage90_40","Promage90_40","pdhal depan SNT enak tuh 🗿","23/5/2026, 22.42.06","0","No","0","No","https://www.tiktok.com/@promage90_40"
"=""7643111214348092167""","=""98168167641""","eonnidella","della","pakam mati nya pas magrib tadi magrib juga baru hidup lagi 24jam cok","23/5/2026, 22.35.11","0","No","0","No","https://www.tiktok.com/@eonnidella"
"=""7643110438930793234""","=""7204870009444549634""","__indahgtng","Indahgintingg__","Tadi pagi rame kali orang ngantri berak di spbu, ada yang hampir begadoh pula tadi 😭😂 digedor gedor pintu wc nya","23/5/2026, 22.32.11","0","No","0","No","https://www.tiktok.com/@__indahgtng"
"=""7643108006117655317""","=""78208395185""","ndanatasya","Dindantsy","tempat ku baru hidup jam stgh 9 malam😭 ya Allah dah kek org gilaaaaa","23/5/2026, 22.22.55","0","No","0","No","https://www.tiktok.com/@ndanatasya"
"=""7643107547566768916""","=""6801727351631430658""","purnamalaili915","Nurlaili Hasana ritonga","Karna mati lampu kami sekeluarga tidur di balkon dan di keroyok nyamuk njirrr😂","23/5/2026, 22.21.01","0","No","0","No","https://www.tiktok.com/@purnamalaili915"
"=""7643106646491382546""","=""6961638940075983874""","fall1nyouuu","°❀⋆nal.ೃ࿔*:･","di sei mati ini 24 jam mati we, baru di hidupkannya tadii apa gak mendidih badan awak dah😭","23/5/2026, 22.17.31","0","No","0","No","https://www.tiktok.com/@fall1nyouuu"
"=""7643104327930512149""","=""6711061370446251010""","mersinta94","CallMeUni💅","gua udh ada di titik ini saat bandar lampung tilam😭","23/5/2026, 22.08.34","0","No","0","No","https://www.tiktok.com/@mersinta94"
"=""7643103918063289108""","=""7521713764858332181""","callmecitra_","CITR🅰️","numpang 😭","23/5/2026, 22.07.07","0","No","0","No","https://www.tiktok.com/@callmecitra_"
"=""7643093650574918421""","=""7610093243485242388""","xxyiiiee","lexy","orang medan salah kaprah anjir😭masa baru sore warung udah pada abis 😭, masalahnya mati lampu kok ga nyetok senter malah nyetok makanan 😭😭😭😭","23/5/2026, 21.27.08","0","No","0","No","https://www.tiktok.com/@xxyiiiee"
"=""7643091108436198164""","=""7552240469364392967""","ehleo08","ehleo","[Stiker] ","23/5/2026, 21.17.15","0","No","0","No","https://www.tiktok.com/@ehleo08"
"=""7643090977066861330""","=""7020733279247778818""","_hanasefina04","ꫝꪖડⅈꪖꪀ🫶","udh dblg medan dikasih cobaan malah dicobain. ingat pas banjir??? nah looohh😭","23/5/2026, 21.16.38","0","No","0","No","https://www.tiktok.com/@_hanasefina04"
"=""7643089863969489684""","=""7588506838199534612""","rrrrres12","R","gas demo kalo mati lampu lagi","23/5/2026, 21.12.26","0","No","0","No","https://www.tiktok.com/@rrrrres12"
"=""7643086889667265281""","=""6935647783614350338""","rinarosdianahar2","strawberry milkshake 🍓♌","dimana² org pada Bawak Cok sambung dan nobar ngecas di Alfamart dan indo🤣🤣","23/5/2026, 21.01.06","0","No","0","No","https://www.tiktok.com/@rinarosdianahar2"
"=""7643085344897041170""","=""7043779246771127322""","nxaaaaaaaa4","nxaaaaaaaa4","anjir, mall jam 9 rame mampos pada ngecas hp sambil bawa stopkontak 🤣🤣🤣","23/5/2026, 20.58.10","0","No","0","No","https://www.tiktok.com/@nxaaaaaaaa4"
"=""7643081813548630801""","=""7098544485663278085""","yuzumi_0","『ʏᴜᴜ』_ㄚ𝚞𝚣𝚞ꪔɨ᠂々","nyari yg pake mesin densel + bawa Cok sambung 🗿","23/5/2026, 20.41.24","0","No","0","No","https://www.tiktok.com/@yuzumi_0"
"=""7643080957121626900""","=""6861434194154374145""","megasimangunsong3","Mega Simangunsong","serius nanya, sebagai warga medan yg bentar lg hilang M nya, knp tiap lewat spbu antrian gila2an. ada isu apa lg kali ini??","23/5/2026, 20.37.50","0","No","0","No","https://www.tiktok.com/@megasimangunsong3"
"=""7643080491206116113""","=""7103194980449551362""","ayuidaesti","IdaAyu","Persiapan aja lilin,senter yg dicharger,baterai sama sebelum magrib isi semua air dikamar mandi.Baru 2jam lho udh kayak mau imigrasi😭","23/5/2026, 20.36.15","0","No","0","No","https://www.tiktok.com/@ayuidaesti"
"=""7643079685324899073""","=""6840234142115562498""","just1thingboutme","starlight","medan terlalu op jadi gampang di prank","23/5/2026, 20.33.06","0","No","0","No","https://www.tiktok.com/@just1thingboutme"
"=""7643079642408436500""","=""7497275271180420104""","jeynocry","kiderj00yss","[Stiker] anj untuung ud idup","23/5/2026, 20.32.42","0","No","0","No","https://www.tiktok.com/@jeynocry"
"=""7643079571097043729""","=""6955307402364404742""","ibukeenan__","ibukeenan__","Di brayan baru hidup kami kk, tambah gdak jaringan huuu api api aku matii","23/5/2026, 20.32.24","0","No","0","No","https://www.tiktok.com/@ibukeenan__"
"=""7643075481448940309""","=""6784047369572385794""","rindaseptivella75","rintwins shop","Aku gak tidur2 di buat anak kembarku yg umur 2 tahun . Asli udah panas , gelap , anak nangis terus mental betul2 uji 😭😭😭 dan alhasil dari kipas si anak kembung, masuk angin , demam 🫠","23/5/2026, 20.16.34","0","No","0","No","https://www.tiktok.com/@rindaseptivella75"
"=""7643071176084030224""","=""7302000933143430149""","errydea","dea.","kak ada lagi. orang2 pada berantem karna lampu lalu lintas mati 😭","23/5/2026, 20.00.01","0","No","0","No","https://www.tiktok.com/@errydea"
"=""7643071139748971284""","=""7578164849252910081""","i.dkman1","四不像","ayyalahmakjang,aku ke mesjid tadi baru masuk ketemu orang bawa cok sambung,selimut,handuk,perlengkapan mandi ntah apa apa ajalah,kayak ngungsi jir💔","23/5/2026, 19.59.53","0","No","0","No","https://www.tiktok.com/@i.dkman1"
"=""7643068172656198416""","=""6720969189136647169""","queenmedusa2410","Medusa","masih mati nyala. bergilir. br juga balik medan, uda dikasih surprise sebesar iniiiii😭😭😭","23/5/2026, 19.48.11","0","No","0","No","https://www.tiktok.com/@queenmedusa2410"
"=""7643064929805058824""","=""7611529709076120597""","rarax_ixn","꧁⎝ 𓆩Aaron𓆪 ⎠꧂","[Stiker] kang galon lagi dapat uang dadakan","23/5/2026, 19.35.35","0","No","0","No","https://www.tiktok.com/@rarax_ixn"
"=""7643064216143872789""","=""7345604826082362370""","susan53804","B","di pakam baru idup😭dari kemaren dah lebih 24jam 😏","23/5/2026, 19.32.55","0","No","0","No","https://www.tiktok.com/@susan53804"
"=""7643064072086258453""","=""7618697998642103312""","fans.timnas22","YAN_footbal","Woi PLN ini di daerah ku listrik sudah hidup kenapa arus listriknya belum stabil
B. U. J. A. N. G🤬","23/5/2026, 19.32.19","0","No","0","No","https://www.tiktok.com/@fans.timnas22"
"=""7643060501920105234""","=""7021876627814892545""","queenyapss","queenyapss","nongkrong di warung mie aceh biar ngecas hp😭😭","23/5/2026, 19.18.24","0","No","0","No","https://www.tiktok.com/@queenyapss"
"=""7643058685535666960""","=""7052190585520456705""","bocil8545","Borsin💋","PKU juga anj kek gitu 😭","23/5/2026, 19.11.25","0","No","0","No","https://www.tiktok.com/@bocil8545"
"=""7643055889138893588""","=""6723536799849710593""","soovviii","sopoy","ud idub lampu kn we, air kmi mati.. kn kim..","23/5/2026, 19.00.41","0","No","0","No","https://www.tiktok.com/@soovviii"
"=""7643055234935882516""","=""7493934932408157191""","shtt_20","capyybayaaaaaa","smpe skrg blm idup cokkk udh 24 jam","23/5/2026, 18.58.16","0","No","0","No","https://www.tiktok.com/@shtt_20"
"=""7643055089980195592""","=""7615974757955257352""","princesnana89","Princess Nana ♒ girls","Medan nih Boss ku😂😂😂 slalu buat sensasi yang menyenangkan😂😂😂😂","23/5/2026, 18.57.25","0","No","0","No","https://www.tiktok.com/@princesnana89"
"=""7643053736915141394""","=""7381123319527605265""","norinaratama","you","[Stiker] mati sampe sinyal' nya","23/5/2026, 18.52.11","0","No","0","No","https://www.tiktok.com/@norinaratama"
"=""7643053458056266504""","=""7489111918704198664""","istrisehunnn_","diam","mati nya beda2😭","23/5/2026, 18.51.04","0","No","0","No","https://www.tiktok.com/@istrisehunnn_"
"=""7643051645459677970""","=""7083686018721891354""","chaaaaaha43","Chaaa","Paling pecah nya ada yang nge blender di ATM 😭","23/5/2026, 18.44.08","0","No","0","No","https://www.tiktok.com/@chaaaaaha43"
"=""7643051243116708615""","=""6738789748015399938""","nurfauziahtarg","Nur Fauziah🦋","tim yg jam 5 sore tadi baru hidup lama kali wee mana punya bayiii wweeehh, menyala ibu gen z","23/5/2026, 18.42.32","0","No","0","No","https://www.tiktok.com/@nurfauziahtarg"
"=""7643049924238951175""","=""7528286593099711495""","yuanda804","yolanda","sumatraa sumatra😂","23/5/2026, 18.37.26","0","No","0","No","https://www.tiktok.com/@yuanda804"
"=""7643049687829988117""","=""7094516393027142657""","ms.emms2","Ms.Emms","GK becus lagi pln ini mati lagi loh","23/5/2026, 18.36.35","0","No","0","No","https://www.tiktok.com/@ms.emms2"
"=""7643049493312389908""","=""7465669468799648784""","sec_anggunshn","secanggunshn","gara' mati lampu ini ga mandi cuman sikat gigi, cuci muka, cebok udh , trus keliling' nyari casan yg make gengset","23/5/2026, 18.35.45","0","No","0","No","https://www.tiktok.com/@sec_anggunshn"
"=""7643048100042638101""","=""6968812638893687809""","anothersideofy","🐻💫🫧","marelan pasar 5 rilll ini 24 jam mati terus gaada hidup samsek","23/5/2026, 18.30.20","0","No","0","No","https://www.tiktok.com/@anothersideofy"
"=""7643041755050951425""","=""7098364099893773313""","dilatarigan48","Hi, ini Dilaa","DIRUMAHKU BARU HIDUP BUJANGGGGG,KIMAK NYA MARENDAL😭😭😭😭😭😭","23/5/2026, 18.05.43","0","No","0","No","https://www.tiktok.com/@dilatarigan48"
"=""7643039708058911506""","=""6962808302158038017""","micaias907","Micaias","lappet kali bah, berkuah orang di tarok nya tidur tadi malam","23/5/2026, 17.57.50","0","No","0","No","https://www.tiktok.com/@micaias907"
"=""7643031582878876434""","=""7160688124141356033""","snl110693","Nasri Lubis","saya mau boker ngelapnya pakai baju","23/5/2026, 17.26.17","0","No","0","No","https://www.tiktok.com/@snl110693"
"=""7643027050433282834""","=""7111552254410228762""","callmewit01","Iwit🎃","Martubung blm hidup2","23/5/2026, 17.08.37","0","No","0","No","https://www.tiktok.com/@callmewit01"
"=""7643025665487848210""","=""6548922992076029953""","sssyhx",".","pancing sampe skrg ga hidup’😭","23/5/2026, 17.03.18","0","No","0","No","https://www.tiktok.com/@sssyhx"
"=""7643023852142576402""","=""143495140794486784""","nozhalicious_","Hyora Lee","Singkat saja, berapa Ton garam yg lewat?","23/5/2026, 16.56.12","0","No","0","No","https://www.tiktok.com/@nozhalicious_"
"=""7643021758845993746""","=""7372184512468698117""","dealope_","Dealope🌻","Halat kok mati terus we apa ga masuk map halat ni😭","23/5/2026, 16.48.16","0","No","0","No","https://www.tiktok.com/@dealope_"
"=""7643021147160101633""","=""7294676727656793093""","annavania_","KURUMI.","dan yap sekarang mati lagi syalan emang😭😭","23/5/2026, 16.45.50","0","No","0","No","https://www.tiktok.com/@annavania_"
"=""7643016261610537749""","=""7331036325619155973""","merida_0406","saaa","gara"" mati lampu semua orang bawa Cok sambung, keluar dari rumah masing-masing lagi😭","23/5/2026, 16.26.51","0","No","0","No","https://www.tiktok.com/@merida_0406"
"=""7643011595740152583""","=""7580564876059739144""","hcx_plm","HCX","wkwk kacau memang Medan ini","23/5/2026, 16.08.40","0","No","0","No","https://www.tiktok.com/@hcx_plm"
"=""7643010248996127506""","=""6915412564940063745""","mayizaa__","𝒂𝒛𝒂𝒂🧚","jengkell x anjay tibaa' matii lampu,gelap gulita,hp padam,air pun ikut matii,panass gadaa kipas,banyak nyamuk krnaa abiss hujan 😭😭","23/5/2026, 16.03.30","0","No","0","No","https://www.tiktok.com/@mayizaa__"
"=""7643007440405103367""","=""7142639750913442817""","reysimarmata14","Bapakmu","menyala umsu katanya.di kim semua pabrik terang benderang🗿","23/5/2026, 15.52.30","0","No","0","No","https://www.tiktok.com/@reysimarmata14"
"=""7643006967553098504""","=""7058456634099647490""","_inaa.9","tinaa","di kamar berasa di oven. Riau 😭😭","23/5/2026, 15.50.45","0","No","0","No","https://www.tiktok.com/@_inaa.9"
"=""7643005605154865940""","=""7081073720894407706""","sriliasna97","LiasnaRamadhani","disini dari semalam jam 7 sampe skrg belum hidup"" 😭
ngungsi sana sini biar bisa ngecas ,yg lebih kasian nya krna punya bayi ,rewel jadinya","23/5/2026, 15.45.34","0","No","0","No","https://www.tiktok.com/@sriliasna97"
"=""7643005352972059400""","=""7212220857212716059""","ad1ynwidd","ادلين وداد","deli serdang udah hidup belum?","23/5/2026, 15.44.27","0","No","0","No","https://www.tiktok.com/@ad1ynwidd"
"=""7643075624651096839""","=""6727007861756806146""","vaviavaa","Oktavia","😭😭 @git @Sukma Andini","23/5/2026, 20.17.09","0","No","2","No","https://www.tiktok.com/@vaviavaa"
"=""7643107439239562002""","=""6916687252271154178""","nhamidaaaa","nhmidaaaa","@💎 pas kita di samarinda pernah gak sih dulu seharian full matlis","23/5/2026, 22.20.31","0","No","1","No","https://www.tiktok.com/@nhamidaaaa"
"=""7642935141451907860""","=""6564122138928185346""","gemartiktok__","queenofngantuk","umsu😘 @tigaenamtiga @piee","23/5/2026, 11.12.17","2","No","0","No","https://www.tiktok.com/@gemartiktok__"
"=""7643046499009938183""","=""7615256789302379540""","maura.pricia","maurapricia","@alunajaaaa🌷 budrek tenannn😭😭","23/5/2026, 18.24.04","0","No","0","No","https://www.tiktok.com/@maura.pricia"
"=""7642919631292039954""","=""7354318371209430021""","pencinta_usavich","PP THE JANSEN","gak ada situ ya soalnya gw ke medan🗿🗿","23/5/2026, 10.11.46","0","No","0","No","https://www.tiktok.com/@pencinta_usavich"
"=""7642916312583815953""","=""7449953860662199302""","pooja06sept_","pooja","nengok komenan Kelen blm hidup bersyukur kali Alhamdulillah b.kuis jam 12 td mlm dah hidup, kalo tanjung smpe skrg blm hidup","23/5/2026, 09.59.06","0","No","0","No","https://www.tiktok.com/@pooja06sept_"
"=""7642916804273636104""","=""6865692802132706306""","jgndibaca__","tahuutempeee","transmart yg biasa sepi mendadak rame 😭","23/5/2026, 10.00.59","0","No","0","No","https://www.tiktok.com/@jgndibaca__"
"=""7642916905912976146""","=""7439792151393240119""","_emannichol","Eman nichol","gacor medan ahh😂","23/5/2026, 10.01.13","0","No","0","No","https://www.tiktok.com/@_emannichol"
"=""7642917427869877009""","=""7176542092172510214""","ayy15_06","Ayy🌻","Syukur la aceh timur jam 11 malam ud idup smpai skrang .","23/5/2026, 10.03.46","0","No","0","No","https://www.tiktok.com/@ayy15_06"
"=""7642918308019290887""","=""6547271082919329793""","pookieimut","angel","adoh di binje ga idop idop","23/5/2026, 10.06.47","0","No","0","No","https://www.tiktok.com/@pookieimut"
"=""7642918379385455378""","=""7371462095281652741""","bilalucuu1","Taurus girls♉","🤣","23/5/2026, 10.06.59","0","No","0","No","https://www.tiktok.com/@bilalucuu1"
"=""7642919215603811080""","=""7461543513827820551""","kimminjhy_hrp","Ayiii Shiteru🌸","[Stiker] Labuhan batu mati lampu ??
Jaringan hilang ? wizzmie solusinya","23/5/2026, 10.10.19","0","No","0","No","https://www.tiktok.com/@kimminjhy_hrp"
"=""7642919266543452949""","=""6585417617459904513""","che_zu","Ismika Egafitri Wahyuni","aku kira udah rata hidup ny. soalny btg kuis jam 3kurg udh hidup guys. smpt mikir tkut smpe pagi GK hdup lampu, kasian suami aku ngipasi 3ciwi"" manjalita aliasa istri beserta 2 ank ny smpe hdup lampu 😂","23/5/2026, 10.10.31","0","No","0","No","https://www.tiktok.com/@che_zu"
"=""7642915376116450066""","=""7348263865589007366""","ziyannn___","ziyyy","sialan mati lamu ga sampe satu hari hebohnya melebihi presiden😭😭","23/5/2026, 09.55.24","0","No","0","No","https://www.tiktok.com/@ziyannn___"
"=""7642920476621505288""","=""6959924357016781825""","inpersa17_","ndaa","04.30 baru idop😭","23/5/2026, 10.15.12","0","No","0","No","https://www.tiktok.com/@inpersa17_"
"=""7642920864488440583""","=""7344158977829110790""","elaselvia09__","ElaSeLvia__","Apa cuma aku yg mati lampu gk ada energi buat kmn2 hanya dikmr tidur sampai lampu hidup😩🥲","23/5/2026, 10.16.31","0","No","0","No","https://www.tiktok.com/@elaselvia09__"
"=""7642921220060955410""","=""7611043127026533384""","hawoiniichel","ไอเชล🌻","[Stiker] heboh bgt mati lampu semalam doang","23/5/2026, 10.17.59","0","No","0","No","https://www.tiktok.com/@hawoiniichel"
"=""7642921275715584775""","=""7506573153238844434""","elvi_12363","mama_nra","masuk mal aj GK da t4 duduk penuh","23/5/2026, 10.18.12","0","No","0","No","https://www.tiktok.com/@elvi_12363"
"=""7642922147341615880""","=""6994462929529685018""","riefaaa15","🪬","kak dipekanbaru juga pada semuanya ramai😭","23/5/2026, 10.21.33","0","No","0","No","https://www.tiktok.com/@riefaaa15"
"=""7642922440913552144""","=""7413348956905194502""","tikaaa02047","tikaaa02047","dh idup ni","23/5/2026, 10.22.58","0","No","1","No","https://www.tiktok.com/@tikaaa02047"
"=""7642922901414626068""","=""6947623056341517314""","gommxz_","Gomm_","njir sunggal 00.45 hidup, mati lagi 10 12","23/5/2026, 10.24.35","0","No","0","No","https://www.tiktok.com/@gommxz_"
"=""7642923451472200469""","=""7228775401367389192""","hellownaz","Naz","@ibukala_09 @@_🌸🌸","23/5/2026, 10.26.43","0","No","0","No","https://www.tiktok.com/@hellownaz"
"=""7642923524180673300""","=""6993120704774456321""","tehbotolll9","PUTRI","diski, Binjai, dan Mencirim blm hidup 😔","23/5/2026, 10.26.56","0","No","0","No","https://www.tiktok.com/@tehbotolll9"
"=""7642923944627536660""","=""7267118372131144709""","anggraii__","raii","[Stiker] ","23/5/2026, 10.28.44","0","No","0","No","https://www.tiktok.com/@anggraii__"
"=""7642912143523922708""","=""7414041330022188038""","komputermedan","KomputerMedan OS","sampe sekarang blm idoppp weeeee","23/5/2026, 09.42.46","0","No","0","No","https://www.tiktok.com/@komputermedan"
"=""7642908389849039634""","=""7379201178691814406""","aylin.zahra38","Aylin Zahra","udh ketebak pasti ada yg buatkan wkwk","23/5/2026, 09.28.14","0","No","0","No","https://www.tiktok.com/@aylin.zahra38"
"=""7642908439861134097""","=""7027372748725404673""","ikysimanjuntak7","kyy17","mau heran tapi ini Medan 🗿","23/5/2026, 09.28.23","0","No","0","No","https://www.tiktok.com/@ikysimanjuntak7"
"=""7642908329526739728""","=""6769531630102627329""","ezii001","eziii🦋🐻","tempatku jam set 8, kalau nggk main HP nggk PP lh, tapi jangan sampe kepanasan nggk sanggup","23/5/2026, 09.28.25","0","No","1","No","https://www.tiktok.com/@ezii001"
"=""7642908871431160577""","=""7618231707547763733""","theocities","theocities","menyala sumatera kuuu🔥🔥","23/5/2026, 09.30.04","0","No","0","No","https://www.tiktok.com/@theocities"
"=""7642909154654585607""","=""6655158220892340225""","kyfnsbjy","kayn","tangan sama kaki dah digigit nyamuk gegara mati lampu tidur di terass anjr 😭🙏","23/5/2026, 09.31.10","0","No","0","No","https://www.tiktok.com/@kyfnsbjy"
"=""7642909162855072532""","=""6894613361931584514""","m292994","Bukanprincess","Ga cmn medan kak dari aceh smpai riau😭😭 taukan gmna traumnya di aceh sini","23/5/2026, 09.31.18","0","No","0","No","https://www.tiktok.com/@m292994"
"=""7642909431461954322""","=""6966241253613978626""","rinjani_nasution","Rinjani nasution","Di tempat ku baru idup jam 9 pagi, 15 jam padam nya 😭 mana kata nya nnti bakal padam lagi listrik nya 😭","23/5/2026, 09.32.12","0","No","3","No","https://www.tiktok.com/@rinjani_nasution"
"=""7642909677164217109""","=""6783653176127276033""","haiinimipta","toinfinityandbeyond","Tim ga idup2 sampe skrg","23/5/2026, 09.33.10","0","No","0","No","https://www.tiktok.com/@haiinimipta"
"=""7642910189541278485""","=""7260158394878067718""","cariapaaaaaaaaaaaaa4","pengguna tidak ditemukan","lucu lucu kelen yaaaa","23/5/2026, 09.35.20","0","No","0","No","https://www.tiktok.com/@cariapaaaaaaaaaaaaa4"
"=""7642910362673971988""","=""7165871685693899778""","pristidhede","pristidhede","😭😭😭","23/5/2026, 09.36.04","0","No","0","No","https://www.tiktok.com/@pristidhede"
"=""7642924074594976532""","=""6869423913089795073""","tampubolonfrisca","its 'Ika'♎","Macet dr tol helvet k Tj sari, Manhattan lampu nyala kiraen dh nyala,nyari lilin PD HBS semua ditoko smpe rumah gelap gulita, mo TDR GK bisa TDR sangking panasny....jam 8 pagi Puji Tuhan lampu nyala","23/5/2026, 10.29.06","0","No","0","No","https://www.tiktok.com/@tampubolonfrisca"
"=""7642912400861184789""","=""6828642037409006594""","mangkokseblakk","dipz","sampe sekarang masih padam🙃","23/5/2026, 09.43.46","0","No","0","No","https://www.tiktok.com/@mangkokseblakk"
"=""7642913544267219732""","=""136464675436883968""","widyeaaaa__","widya","disini belum hidup😭","23/5/2026, 09.48.27","0","No","0","No","https://www.tiktok.com/@widyeaaaa__"
"=""7642913909871805191""","=""7211076008770012186""","lenasirait_88","lenasirait88","karna semalam mati lampu.. liat ke langit nampak semua bintang ny.. 🥰","23/5/2026, 09.49.37","0","No","0","No","https://www.tiktok.com/@lenasirait_88"
"=""7642913948241199879""","=""78766622285""","jaenana5","treesimatcha","apapun mslhnya, tetap antri spbu","23/5/2026, 09.49.50","0","No","0","No","https://www.tiktok.com/@jaenana5"
"=""7642913890578580241""","=""6801626869378073601""","keyature","mars","karena di rumah ku masi belum nyala, akhirnya aku memutuskan ngungsi di kost kawan yang udh nyala lampunya 😭😭😭","23/5/2026, 09.50.05","0","No","0","No","https://www.tiktok.com/@keyature"
"=""7642914754130789138""","=""6884140551097566210""","dianrosmita_","Dinnn🌼🍃","intinya jgn panik","23/5/2026, 09.52.57","0","No","0","No","https://www.tiktok.com/@dianrosmita_"
"=""7642915158645506824""","=""6475957095156941835""","hasan_abdhie11","CB 🅱️LACK SWEET","Alhamdulillah Tanjung Morawa sudah hidup jam 07.00 tadi pagi","23/5/2026, 09.54.25","0","No","0","No","https://www.tiktok.com/@hasan_abdhie11"
"=""7642915194837992193""","=""7484481719467820050""","vrgoesca_","Mell_🤍","awakk mati lmpu dngerin orng ada nangis smaa ktwa'😭","23/5/2026, 09.54.32","0","No","0","No","https://www.tiktok.com/@vrgoesca_"
"=""7642915155424838407""","=""6614858870340993026""","amedeketu6","plottwist🌻","Macet kali gatsu tadi malam aku pulang kerja cok😭😭😭😭😭😭","23/5/2026, 09.54.35","0","No","0","No","https://www.tiktok.com/@amedeketu6"
"=""7642935421513630472""","=""6965523881613050882""","lillsun_haemin","Iraa Tarigan☀️🐻","tempat ku baru nyalaaa. hampa kali lah hidupku semalaman hp mati","23/5/2026, 11.13.08","0","No","0","No","https://www.tiktok.com/@lillsun_haemin"
"=""7642932690861736724""","=""7548335240353219592""","cciyadyyaa","ciaadeya","plgg krjaa ngemper djln krn kepnasan","23/5/2026, 11.02.40","0","No","0","No","https://www.tiktok.com/@cciyadyyaa"
"=""7642932810173252360""","=""7507597874983093255""","sukakopi875","Applepie","info dong yg hidup lampu dmna 😭😭","23/5/2026, 11.02.59","0","No","0","No","https://www.tiktok.com/@sukakopi875"
"=""7642932978607719188""","=""7611125344993035284""","getse542","getse","info udh hidup lampu we? aku masih nongkrong pake genset di mmtc😭😭","23/5/2026, 11.03.40","0","No","0","No","https://www.tiktok.com/@getse542"
"=""7642933367328441106""","=""6920195502798308354""","chococute.nadh1","Nadh.zah3","binjai blm hidup2 tolong 😭🙌☺️","23/5/2026, 11.05.11","0","No","0","No","https://www.tiktok.com/@chococute.nadh1"
"=""7642933894698091271""","=""7606692175536391186""","iwentysilaban7","moca ☕","kmi aja sekeluarga chek in, krna tau dari teman yg kerja di PLN bilang, mati lampu bisa sampe siang, yah kmi buru²ke hotel, dan sampe hotel udh pada banyak antri aplgi yg punya baby","23/5/2026, 11.07.10","0","No","0","No","https://www.tiktok.com/@iwentysilaban7"
"=""7642933933018694418""","=""79132017353""","raihana.chai","Nana","Alhamdulillah disini jam 12mlm uda idup sampe sekarang","23/5/2026, 11.07.16","0","No","0","No","https://www.tiktok.com/@raihana.chai"
"=""7642934187741479688""","=""6506808265602285569""","brwnyies","nay","untung udah idupp tp air belumm","23/5/2026, 11.08.18","0","No","0","No","https://www.tiktok.com/@brwnyies"
"=""7642934593298301697""","=""7250355750219056134""","dreamsweetcoklat","chainshoppp","pancing blm nyala woi","23/5/2026, 11.09.58","0","No","0","No","https://www.tiktok.com/@dreamsweetcoklat"
"=""7642935153869898514""","=""77677260237""","ella_rambe","amell🍓","syukurlah Marelan idup jam 2 pagi tdi☺️","23/5/2026, 11.12.00","0","No","0","No","https://www.tiktok.com/@ella_rambe"
"=""7642932368742908680""","=""6959072829356114950""","riorizkyananda0001","riorizkyananda241","psr 13 Tembung dah hidup jam 00.00 tadi 😂
bisa tidur dengan tenang","23/5/2026, 11.01.16","0","No","0","No","https://www.tiktok.com/@riorizkyananda0001"
"=""7642935544943002375""","=""6923478106485490689""","ell4shnn","ella","smlm cek ombak banyak ketemu anomali😭😭😭","23/5/2026, 11.13.34","0","No","0","No","https://www.tiktok.com/@ell4shnn"
"=""7642935731216188161""","=""6524903920774037506""","21misyam","Rizky Fahmi Syam","jaringan XL pun matot","23/5/2026, 11.14.18","0","No","0","No","https://www.tiktok.com/@21misyam"
"=""7642936081834935061""","=""6786631644902392834""","iam_yourlucifer","Stefani.","Menyala umsu wkwkwk","23/5/2026, 11.15.45","0","No","0","No","https://www.tiktok.com/@iam_yourlucifer"
"=""7642936176764683015""","=""7147083062689104902""","saragihmeka21","Mama Glowing Papa Keling","cemara masi matii","23/5/2026, 11.16.00","0","No","0","No","https://www.tiktok.com/@saragihmeka21"
"=""7642936377088344849""","=""6825877458027824130""","nonaeliaaa","nonaeliaaa","Weii medan denai belomm Idup jugaaaa panasss 😭😭😭","23/5/2026, 11.16.45","0","No","0","No","https://www.tiktok.com/@nonaeliaaa"
"=""7642937083522499335""","=""6867765187296248833""","a.611.ng","AGUNG","ini semua gara gara fans mu yang sering bilang, suruh PLN matikan listrik, biar king mu yang menyala🥺","23/5/2026, 11.19.30","0","No","0","No","https://www.tiktok.com/@a.611.ng"
"=""7642938058144449288""","=""7290841988042753030""","itazuranapen","itazuranapen","@Karya Muslimah","23/5/2026, 11.23.17","0","No","0","No","https://www.tiktok.com/@itazuranapen"
"=""7642938499151561493""","=""6672213264090628097""","blurhythmchun","33x","masihh belom hidup weeee😭😭😭","23/5/2026, 11.25.11","0","No","0","No","https://www.tiktok.com/@blurhythmchun"
"=""7642939384858706708""","=""7412236996271309829""","apapalapala.id","Tekak","Perbaungan belom idop woi","23/5/2026, 11.28.45","0","No","0","No","https://www.tiktok.com/@apapalapala.id"
"=""7642927947581752085""","=""7030322465965245467""","slvrhmthv","Silvia hasibuan","d tmpt kami blom hidup Sampek skrng","23/5/2026, 10.44.13","0","No","0","No","https://www.tiktok.com/@slvrhmthv"
"=""7642924144560145170""","=""7093130723075605530""","haluuusemuaaku","🍑","baru mati ini woiii ini,tadi malam hidup jam 10 ini mati lagi jam 9 😌","23/5/2026, 10.29.18","0","No","0","No","https://www.tiktok.com/@haluuusemuaaku"
"=""7642924747974640402""","=""6910986290544968706""","aazzaaa_0","I'm 🥰","🤣🤣🤣","23/5/2026, 10.31.39","0","No","0","No","https://www.tiktok.com/@aazzaaa_0"
"=""7642924781315506962""","=""6887112342912959489""","itzzme_nes","nestiiii","mana hujan lagi😭
aku pulang kerja ga bisa nlp siapa² buat jemput, pesen grab gda yg ambil (gimna mau ambil yakan, driver nya juga gda signal) 🤣","23/5/2026, 10.31.55","0","No","0","No","https://www.tiktok.com/@itzzme_nes"
"=""7642925168121086728""","=""7192560774026642433""","hannaniana","Hanna","Alhamdulillah johor noh dari jam 18:30 sampe 10:12 baru idup. Menyala keringetku","23/5/2026, 10.33.19","0","No","0","No","https://www.tiktok.com/@hannaniana"
"=""7642925575460340487""","=""7139180943374418945""","rizki13adrian","Rin","jaringan 3/Indosat masih blm ada anjir 😭","23/5/2026, 10.34.54","0","No","0","No","https://www.tiktok.com/@rizki13adrian"
"=""7642927249583162132""","=""7142080395403887642""","nunutnanatnatnat","N u n u t","kapan hidup lampunyaaaaa???? 🥹🥹🥹","23/5/2026, 10.41.27","0","No","0","No","https://www.tiktok.com/@nunutnanatnatnat"
"=""7642925740413420295""","=""7138790374303433729""","yongcha03","yongCha03","Tembung blum idup dari Semlm abis magrib sampe sekarang ini","23/5/2026, 10.41.32","0","No","0","No","https://www.tiktok.com/@yongcha03"
"=""7642927302271697680""","=""7312006404445127686""","0ksalll","This is jcall","Parah sih","23/5/2026, 10.41.48","0","No","0","No","https://www.tiktok.com/@0ksalll"
"=""7642927648150586130""","=""6528322832882417666""","serpihanbiscuit95","Rachun spalspil","12 jam tanpa kipas angin. Biasa 2 kipas anginku nonstop hidup dikamar,mana lagi hamil besar, bayangin betapa gerahnya tadi mlam😌","23/5/2026, 10.42.55","0","No","0","No","https://www.tiktok.com/@serpihanbiscuit95"
"=""7642927776887014160""","=""7462046564820288520""","karnia_audri3","its_Audri🦋","😭😭😭🗿","23/5/2026, 10.43.48","0","No","0","No","https://www.tiktok.com/@karnia_audri3"
"=""7642908117210596112""","=""6766908728311563265""","khaiiiteddy","Khaiii","dulu aku mati lampu gelisah bgt skrng dah biasa aku tinggal di perkebunan sm suami hari""mati lampu 😭","23/5/2026, 09.27.08","0","No","0","No","https://www.tiktok.com/@khaiiiteddy"
"=""7642927947226104596""","=""6682681610595615745""","girlssme__","d","[Stiker] Citraland hidup","23/5/2026, 10.44.24","0","No","2","No","https://www.tiktok.com/@girlssme__"
"=""7642928168269792020""","=""7297105605901501445""","anggun.cania.99","Anggun Cania 99","aku pas selesai magrib mati lampu subuh setengah enam baru hidup lagi,","23/5/2026, 10.45.07","0","No","0","No","https://www.tiktok.com/@anggun.cania.99"
"=""7642929994196796178""","=""7571723837633856519""","lovematcha_dimsum","Matchalatte","","23/5/2026, 10.52.00","0","No","0","No","https://www.tiktok.com/@lovematcha_dimsum"
"=""7642930372914103061""","=""6710493581788316674""","finamit317","dinamit","kami lh nyari t4 juga td mlam @Widyaswiwit🤣🤣","23/5/2026, 10.53.42","0","No","4","No","https://www.tiktok.com/@finamit317"
"=""7642931529350382356""","=""7390768386299724806""","yolann_03","yolan_🦋","tanjung morawa udah hidup jam 1 subuh tadii😁","23/5/2026, 10.58.14","0","No","0","No","https://www.tiktok.com/@yolann_03"
"=""7642931703899996944""","=""7555096391660717063""","keysrawrrr","kr'zen_key","baru hidupp","23/5/2026, 10.59.01","0","No","0","No","https://www.tiktok.com/@keysrawrrr"
"=""7642932029503669010""","=""7243403634897339394""","kicaukacaubalau","you know me so well","suka sih solid gini TAPI JANGAN SOLID PAS MATI LAMPUUU LAHH","23/5/2026, 10.59.54","0","No","0","No","https://www.tiktok.com/@kicaukacaubalau"
"=""7642931957899166485""","=""6886216775311459330""","leogirl436","IG : riyaagustina__","@citiiiii 😭","23/5/2026, 10.59.57","0","No","1","No","https://www.tiktok.com/@leogirl436"
"=""7642932179245744916""","=""6595823257454002177""","caramel.aulyaa","aulyaaa.dwi","baruu idup wee😭","23/5/2026, 11.00.42","0","No","0","No","https://www.tiktok.com/@caramel.aulyaa"
"=""7642885047831216903""","=""6861721138021630978""","bambangnyadutfm","Bambang Handoko","Siantar dari Magrib sampek jam 7 pagi baru hidup...","23/5/2026, 07.57.47","0","No","0","No","https://www.tiktok.com/@bambangnyadutfm"
"=""7642879737316000532""","=""7398135890286494725""","dewi.vita11",".","Info guys","23/5/2026, 07.37.06","0","No","0","No","https://www.tiktok.com/@dewi.vita11"
"=""7642879759429370632""","=""6997434770120639490""","bianss_26","Wulanshya❤️‍🔥","pamit mu tidur dlu ge","23/5/2026, 07.37.12","0","No","0","No","https://www.tiktok.com/@bianss_26"
"=""7642880410011681552""","=""7482749697455997960""","theresia.ngl","theresianainggolan","Di Karya belom idup wee😭😭","23/5/2026, 07.39.56","0","No","0","No","https://www.tiktok.com/@theresia.ngl"
"=""7642880902091817749""","=""7074488698418529307""","_ellisya_","_ellisya_","info dong yg simpang selayang dah idup blom guys?","23/5/2026, 07.41.50","0","No","0","No","https://www.tiktok.com/@_ellisya_"
"=""7642882424473551636""","=""7343521095439352838""","adelaanty","Ty","di marelan belum idup sampek pagi ini😩","23/5/2026, 07.47.45","0","No","0","No","https://www.tiktok.com/@adelaanty"
"=""7642883404467684117""","=""7449395071335744528""",".leatarlis","NoNa F💍❤️😘","Pangkalan susu dri jam 10 udh hidup🤭","23/5/2026, 07.51.18","0","No","0","No","https://www.tiktok.com/@.leatarlis"
"=""7642883616478266120""","=""6786958808725341186""","geboanyongaseo","ᡣ𐭩 ౨ৎb","@Sola Gratia @yvvt","23/5/2026, 07.52.16","0","No","1","No","https://www.tiktok.com/@geboanyongaseo"
"=""7642883853581222676""","=""7325647629106447365""","usernameee33890","I L 🅰️","tdi mlm d tmpt ku d dumai hotel ramai kali 😭😭 aku sma tmnku tartik keliling dumai krna aku kepanasan di kost","23/5/2026, 07.53.07","0","No","0","No","https://www.tiktok.com/@usernameee33890"
"=""7642884978929992456""","=""6952541735785874433""","bibiuayupol","bibi","@raa' udah kita duga bakal ada corenya matilampu wkwkwk","23/5/2026, 07.57.28","0","No","1","No","https://www.tiktok.com/@bibiuayupol"
"=""7642884979928974101""","=""242368436964560896""","aboutdinda_mmm","dindaaazebua","Kami Patumbak psr12 Ud hidup🤣","23/5/2026, 07.57.46","0","No","0","No","https://www.tiktok.com/@aboutdinda_mmm"
"=""7642878923475387157""","=""6843340173209748481""","sinaga_alex","Lexsinnn","Medan Timur msh belum hidup smpe skrng cok","23/5/2026, 07.34.13","0","No","0","No","https://www.tiktok.com/@sinaga_alex"
"=""7642885375924798225""","=""6968435705530680321""","real.aboi","real.ABOi","@Purbaya Yudhi Sadewa","23/5/2026, 07.58.57","0","No","0","No","https://www.tiktok.com/@real.aboi"
"=""7642885419524293377""","=""6968435705530680321""","real.aboi","real.ABOi","@Gibran Rakabuming","23/5/2026, 07.59.02","0","No","0","No","https://www.tiktok.com/@real.aboi"
"=""7642885968731603730""","=""7183242091815617538""","jnnrwy","ahuy","Di tmpatku masih blm idup sampe skrg","23/5/2026, 08.01.16","0","No","0","No","https://www.tiktok.com/@jnnrwy"
"=""7642888117339226901""","=""7001558491128693761""","fadilah.191","☠️ 𝐌𝘽🅰️𝙆 𝙁🅰️𝘿𝙄𝙇 ☠️","alhamdulillah udah hidup disini😁","23/5/2026, 08.09.47","0","No","0","No","https://www.tiktok.com/@fadilah.191"
"=""7642888101723587345""","=""7151705588098286593""","lelltt","let","mabar kok belom hidup weee","23/5/2026, 08.10.05","0","No","0","No","https://www.tiktok.com/@lelltt"
"=""7642888304318350100""","=""6789077190886687746""","its.d1198","It’s din❤️🫶🏻","Pernah checkin sih kita @halloce 🍒 🤣🤣🤣","23/5/2026, 08.10.23","0","No","1","No","https://www.tiktok.com/@its.d1198"
"=""7642888416933561108""","=""6677119437306790913""","vigirlllllllll","♍","drmh blm hidup","23/5/2026, 08.10.53","0","No","0","No","https://www.tiktok.com/@vigirlllllllll"
"=""7642889560720884487""","=""6804264648156103681""","swtikka_","Tikka septian","tanjung Morawa jam 12 malm hdup kk😭😂","23/5/2026, 08.15.11","0","No","0","No","https://www.tiktok.com/@swtikka_"
"=""7642889858343502612""","=""6937471032405066753""","ilarts.25","IlaArt","tempat kelen dah hidup wee ? awak numpang napaa wee wkwkwk. tempat kami belum hidup sampek sekarang bejirt lah","23/5/2026, 08.16.20","0","No","0","No","https://www.tiktok.com/@ilarts.25"
"=""7642890108396274439""","=""6521349929578135553""","macannkumbang0","Macankumbangg🐱","Amplas belum hidup smpe sekranggg😌","23/5/2026, 08.17.20","0","No","0","No","https://www.tiktok.com/@macannkumbang0"
"=""7642874194389402369""","=""7297818059871208454""","artastrs","artastrs","😂😂😂","23/5/2026, 07.15.43","0","No","0","No","https://www.tiktok.com/@artastrs"
"=""7642774983408288529""","=""7500944073587966981""","taliaaa780","c","numpang di rs 🥰","23/5/2026, 00.50.30","0","No","0","No","https://www.tiktok.com/@taliaaa780"
"=""7642861512931754768""","=""7002492396781978626""","flowerisbungaa","23UNGA","pas bulan 11 numpang ngecas di umsu🥰","23/5/2026, 06.26.50","0","No","0","No","https://www.tiktok.com/@flowerisbungaa"
"=""7642864344783602450""","=""7057768933314790401""","vsetiaman","Vitalius Setiaman985","tempat aku kerja MB jingga itu kak, cairlah es crim nya smua😂😂","23/5/2026, 06.37.32","0","No","0","No","https://www.tiktok.com/@vsetiaman"
"=""7642868676338844434""","=""7512037311727895560""","panggil.ciaaja","Keysha putri Jauhari","macet dimana mana anjir 😭","23/5/2026, 06.54.24","0","No","0","No","https://www.tiktok.com/@panggil.ciaaja"
"=""7642869287002735381""","=""7582250657001112594""","milealagibetee","Milea Cristelya","cape bngt😭","23/5/2026, 06.56.40","0","No","0","No","https://www.tiktok.com/@milealagibetee"
"=""7642869541735367431""","=""7396539720237532166""","natadecocoo24","Natadecocoo","Di pancur batu smapek sekarnag masi mati lampu","23/5/2026, 06.57.37","0","No","0","No","https://www.tiktok.com/@natadecocoo24"
"=""7642871609582387989""","=""6517414460965126145""","nesa1291","Nesa1291","sm alumni umsu🥰","23/5/2026, 07.05.49","0","No","0","No","https://www.tiktok.com/@nesa1291"
"=""7642872366688109319""","=""6807015488604193794""","bonbon2gd","𝕱𝖆𝖚𝖟𝖎","snt itu tempat apa baru tau dimedan ada itu 😂","23/5/2026, 07.08.36","0","No","0","No","https://www.tiktok.com/@bonbon2gd"
"=""7642873656775803665""","=""7181322973960635393""","_the_nasution","the_nasution","aku pun td mlm ke sinut amir hamzah 🤣🤣","23/5/2026, 07.13.35","0","No","0","No","https://www.tiktok.com/@_the_nasution"
"=""7642891007609406215""","=""7477986315549180936""","2009s298","sur","di lampung mati lampu","23/5/2026, 08.20.54","0","No","0","No","https://www.tiktok.com/@2009s298"
"=""7642872386572600084""","=""6958813127182779393""","faujisyukur","FAUJI","samalh🤣","23/5/2026, 07.15.53","0","No","0","No","https://www.tiktok.com/@faujisyukur"
"=""7642874311640777473""","=""7017448117089354754""","tubunibrsihotang6","Naga Labersa Toba🏞️","hotel bapakku penuh anjir bnyk check in di Medan 🤣🤣","23/5/2026, 07.15.58","0","No","0","No","https://www.tiktok.com/@tubunibrsihotang6"
"=""7642874703896773383""","=""6884653917922378753""","irvan_affandi03","Irvan_A.f.f03","sibuk kali warga medan ini😂","23/5/2026, 07.17.41","0","No","0","No","https://www.tiktok.com/@irvan_affandi03"
"=""7642875119426208520""","=""6973018837117584385""","threerhmndnibrsrgh","Mandasrgh","Riau penuh juga cok","23/5/2026, 07.19.10","0","No","0","No","https://www.tiktok.com/@threerhmndnibrsrgh"
"=""7642875445209662225""","=""7371710752812844037""","el_el0809","yayayboboiboy🧜🏻‍♀️.","baru idop njir","23/5/2026, 07.20.28","0","No","0","No","https://www.tiktok.com/@el_el0809"
"=""7642876546805482247""","=""79506233422""","yunei56","Sri Wahyuni","Alhamdulillah di tempat q jam 10 malam hidup lampunya","23/5/2026, 07.24.43","0","No","0","No","https://www.tiktok.com/@yunei56"
"=""7642876675315909393""","=""6799082464562594817""","thenbhdxthelany","cindy","tembung blm hidup sampai skrg, menyala isi kulkas kuuu","23/5/2026, 07.25.23","0","No","0","No","https://www.tiktok.com/@thenbhdxthelany"
"=""7642878558045864721""","=""7149528736672220161""","dwiayusasmitha","dwiayusasmitha","Binje blm idup sampe skrg. Menyala genset di rumahku😂","23/5/2026, 07.32.27","0","No","0","No","https://www.tiktok.com/@dwiayusasmitha"
"=""7642878631018464020""","=""6942398841833325569""","udangkejuop","r","jujur stres juga awak","23/5/2026, 07.32.45","0","No","0","No","https://www.tiktok.com/@udangkejuop"
"=""7642903442264261392""","=""7477459288807506945""","anotherzira0","hasibuan","mandala dari jam 12 uda idup we🥰","23/5/2026, 09.09.01","0","No","0","No","https://www.tiktok.com/@anotherzira0"
"=""7642900109211042561""","=""6862539652830888962""","jksjkj","￴ ￴ ￴ ￴ ￴ ￴ ￴ ￴ ￴ ￴ ￴ ￴ ￴","DITEMPATTKUU DAH HIDUPPL","23/5/2026, 08.56.40","0","No","0","No","https://www.tiktok.com/@jksjkj"
"=""7642900471341957906""","=""6780507788437455873""","trailermovie15","Trailer Movie","😂😂 ngakak ajala we","23/5/2026, 08.57.24","0","No","0","No","https://www.tiktok.com/@trailermovie15"
"=""7642900760799855381""","=""7440854277210637329""","suciiamaliiia","❤️‍🔥?","Pada bawa cok sambung weh alfa, indo , agam rame bener 😭🙏🏻","23/5/2026, 08.58.48","0","No","0","No","https://www.tiktok.com/@suciiamaliiia"
"=""7642901620703838992""","=""6734541276786131970""","trasvr_","Trasvr_","@Wulan","23/5/2026, 09.02.29","0","No","0","No","https://www.tiktok.com/@trasvr_"
"=""7642901789087400712""","=""7301602617024709637""","._syasyaa._","⋆｡°✩Raisya","@mattchalatve jujur seru jir matlam nya","23/5/2026, 09.02.33","0","No","1","No","https://www.tiktok.com/@._syasyaa._"
"=""7642902186254680849""","=""76228435488""","indah_safiraaa","indah_safira","Woiii di simpang jodoh tembung city tercinta ini sampe detik ini belom idop ah, tapi tetangga sebrang dah idoppp. gawat juga ah","23/5/2026, 09.04.26","0","No","0","No","https://www.tiktok.com/@indah_safiraaa"
"=""7642902235484570389""","=""6747294899105891330""","indah_putri02","indah_putri02","tembong hidup jam 7 pagii cuy, asli 12 jam mati lampunya 😭","23/5/2026, 09.04.39","0","No","0","No","https://www.tiktok.com/@indah_putri02"
"=""7642902389343044368""","=""6741293409678967810""","reginasiahaan17","Reginajualan","Inpo tanjung sari uda idup belum?😭😭","23/5/2026, 09.04.53","0","No","0","No","https://www.tiktok.com/@reginasiahaan17"
"=""7642902953661350676""","=""6913045849879593986""","_eni.w","Eni Wahyuni","tanjung mulia blm hidup🥹","23/5/2026, 09.07.12","0","No","0","No","https://www.tiktok.com/@_eni.w"
"=""7642903102890410753""","=""6946968791156147201""","illbeyoursbabeexixixi","dis","@beerzoneinthecity","23/5/2026, 09.07.41","0","No","1","No","https://www.tiktok.com/@illbeyoursbabeexixixi"
"=""7642899927194796820""","=""7327206923144594437""","lizarayyan5","lizarayyan","kami di Galang baru hidup pagi ini Gilak tadi malam panas poll mati lampu","23/5/2026, 08.55.44","0","No","0","No","https://www.tiktok.com/@lizarayyan5"
"=""7642903581016736533""","=""7337985648026256390""","liaaa_738","aisyah🦋","pliss disini gak idup","23/5/2026, 09.09.43","0","No","0","No","https://www.tiktok.com/@liaaa_738"
"=""7642903908021191445""","=""7249715651564160007""","dimiliki24","Wss","Lucu x yg bawa cok sambung 🤣🤣😭","23/5/2026, 09.10.55","0","No","0","No","https://www.tiktok.com/@dimiliki24"
"=""7642904184510432018""","=""7307935903468307461""","khairul_4you","FRA๛RULZ","","23/5/2026, 09.11.56","0","No","0","No","https://www.tiktok.com/@khairul_4you"
"=""7642904357490426644""","=""6642144548918509570""","shaaedeline","itss.saa🍃💚","ditempat ku malah katanya mau mati lampu lagi sekitar jam 9-10 dan hidup nya katanya nanti sorean😭","23/5/2026, 09.12.37","0","No","0","No","https://www.tiktok.com/@shaaedeline"
"=""7642904413296657160""","=""6956587804278211586""","keessyill","⋆. 𐙚˚࿔ 𝔖𝔢𝔰𝔦𝔩𝔩 𝜗𝜚˚⋆","ampunlahh😭","23/5/2026, 09.12.52","0","No","0","No","https://www.tiktok.com/@keessyill"
"=""7642904493809910535""","=""6956587804278211586""","keessyill","⋆. 𐙚˚࿔ 𝔖𝔢𝔰𝔦𝔩𝔩 𝜗𝜚˚⋆","baterai HP sekarat, jaringan tidak ada😭😭","23/5/2026, 09.13.09","0","No","0","No","https://www.tiktok.com/@keessyill"
"=""7642906060533777153""","=""7536481826690008081""","tolaa865","tolaa","kaa kami sekeluarga numpang di rest area buat ngecharge hp 😭😭","23/5/2026, 09.19.28","0","No","0","No","https://www.tiktok.com/@tolaa865"
"=""7642906465292796690""","=""7228828474051396616""","pau.pau516","pau pau","untung kami jam 1 hidup ny","23/5/2026, 09.20.48","0","No","0","No","https://www.tiktok.com/@pau.pau516"
"=""7642906487907648272""","=""7454729577547138053""","diniekamaulida_","diniieeee","wkwkkwk","23/5/2026, 09.20.50","0","No","0","No","https://www.tiktok.com/@diniekamaulida_"
"=""7642893352606696212""","=""6991101672589149211""","muliadwi.c.s","muliaaaaa 🧜🏻‍♀️","@spitfire✰ terpantau masih ceklis wa","23/5/2026, 08.30.02","0","No","1","No","https://www.tiktok.com/@muliadwi.c.s"
"=""7642891500347360018""","=""7109013224830092290""","khairatunisa88","Khairatun Nisa LS","Wkwkwkw","23/5/2026, 08.22.42","0","No","0","No","https://www.tiktok.com/@khairatunisa88"
"=""7642889809992614676""","=""7051928271671362562""","sartika7215","Sartika29","dikutacane daerah aceh tenggara udah hidup dari jam 4.30 kalau gak salah","23/5/2026, 08.23.47","0","No","0","No","https://www.tiktok.com/@sartika7215"
"=""7642891936910541575""","=""6794328697304253442""","maspataa","4DS3","uda menggilaa lama lama gegara gada listrik weeeee","23/5/2026, 08.24.18","0","No","0","No","https://www.tiktok.com/@maspataa"
"=""7642892009245672213""","=""7117273635958637570""","ullsukatidurr","🅰️ulll","baru tadi malam dah bnyak kejadian 😭😭","23/5/2026, 08.24.45","0","No","0","No","https://www.tiktok.com/@ullsukatidurr"
"=""7642892033439286023""","=""7377647244366185477""","sushy_saragih","Susilawati Turnip","Alhamdulillah 00:10 tempat kami hidup","23/5/2026, 08.24.48","0","No","0","No","https://www.tiktok.com/@sushy_saragih"
"=""7642892082500158209""","=""6920037617715741698""","bagiduitplis","idung jambu mata segaris","menteng jam 00.35 dah idup","23/5/2026, 08.25.01","0","No","0","No","https://www.tiktok.com/@bagiduitplis"
"=""7642892521711158036""","=""6878665272786437121""","itsmeay_01","￴ ￴ ￴ ￴￴ ￴ ￴ ￴ ￴ ￴ ￴","baru kali ini serentak kompak yg ga penting 😔😭","23/5/2026, 08.26.57","0","No","0","No","https://www.tiktok.com/@itsmeay_01"
"=""7642892942579860231""","=""6990237976358765570""","zahwaauliazahara_04","🧚","panasss woii gaada kipas gaada angin sepoy'masuk kedalam uda macam digodok didalam rumah itu ngecas pun sampe numpak dirumah wawak'😭😭","23/5/2026, 08.28.19","0","No","0","No","https://www.tiktok.com/@zahwaauliazahara_04"
"=""7642893219991536405""","=""6842652669393781761""","itsmecantiikk","suchindaayudia","🤣","23/5/2026, 08.29.39","0","No","0","No","https://www.tiktok.com/@itsmecantiikk"
"=""7642893340337373960""","=""6821134513793008642""","parnonang_nonang","PARNONANG_NONANG","@iG : itsgilbert10","23/5/2026, 08.29.46","0","No","0","No","https://www.tiktok.com/@parnonang_nonang"
"=""7642939743018648328""","=""6755086048173507585""","mm16.10","TIKA","daerah sei sikambing udah mati lagi untuk kedua kalinya😭","23/5/2026, 11.29.54","0","No","0","No","https://www.tiktok.com/@mm16.10"
"=""7642894232445829896""","=""7506851562216850450""","selena.ginting3","Selena Ginting","jam 8 tadi hidup lampu,sumpah lemas kali aku Tuhan Yesus","23/5/2026, 08.33.19","0","No","0","No","https://www.tiktok.com/@selena.ginting3"
"=""7642894240792822548""","=""7060124989903635458""","uuunnseeerr","🦚","[Stiker] ","23/5/2026, 08.33.32","0","No","0","No","https://www.tiktok.com/@uuunnseeerr"
"=""7642896992016007953""","=""7085936517114266651""","fanny20033","fnny","cafe super rameee
dan ak barista nya pengkor 😭","23/5/2026, 08.44.01","0","No","0","No","https://www.tiktok.com/@fanny20033"
"=""7642897001932571400""","=""7267628316474950661""","rajaterakhirnya","44","di angkringan yg pake genset, tapi malah kena hantam hujan😂","23/5/2026, 08.44.07","0","No","0","No","https://www.tiktok.com/@rajaterakhirnya"
"=""7642897131367547655""","=""7057767974351209474""","jasmine_.cc","jasmine_.cc","Di rumah aku belum idup sampe sekarang😌","23/5/2026, 08.44.29","0","No","0","No","https://www.tiktok.com/@jasmine_.cc"
"=""7642897920078267152""","=""6788132473169937410""","_wiwiwi77777","Señorita.","kurang ajar bgt idup lampu jam setengah 3 pagi, habis badanku digigitin nyamuk+panas kali eee amang tahe","23/5/2026, 08.47.40","0","No","0","No","https://www.tiktok.com/@_wiwiwi77777"
"=""7642898872658199313""","=""7408151789391283206""","paynipiyan","kimjooeun","jangan sampe habis Sumatra 1 indonesia mati lampu 😭","23/5/2026, 08.51.34","0","No","0","No","https://www.tiktok.com/@paynipiyan"
"=""7642899333649548039""","=""7308657482955195397""","muhammad_gusti21","Muhammad Gusti","UMSU Top menyalaaa kampus awak😍😍","23/5/2026, 08.53.04","0","No","0","No","https://www.tiktok.com/@muhammad_gusti21"
"=""7642899710194156309""","=""7220599351243883521""","taurusseya","inisial D","Tolong wee marelan belum nyala sama sekali 😭","23/5/2026, 08.54.47","0","No","0","No","https://www.tiktok.com/@taurusseya"
"=""7642985928138736391""","=""6786083067725005825""","nenooll","nenooll","@Ajib Setiawan","23/5/2026, 14.29.01","0","No","1","No","https://www.tiktok.com/@nenooll"
"=""7642980931847193352""","=""7581431936049333256""","begu1220","begu12","tebing tinggi udah hidup","23/5/2026, 14.09.43","0","No","1","No","https://www.tiktok.com/@begu1220"
"=""7642981684191118101""","=""6982439335066158106""","taaagplna","Rita Rajagukguk","disini matii, gak tauu bakalan bergilir mati lampu nya","23/5/2026, 14.12.43","0","No","0","No","https://www.tiktok.com/@taaagplna"
"=""7642981881240421121""","=""7592771643069989904""","nitaaaa1_0","itaa","MATI TOTAL HP KU 😭😭","23/5/2026, 14.13.21","0","No","0","No","https://www.tiktok.com/@nitaaaa1_0"
"=""7642982214565233426""","=""305327915855151104""","m.suhardiman","ᴀʀᴅɪɪɪ♓","marelan belum hidup"" woi lgi ngungsi numpang cas ini","23/5/2026, 14.14.39","0","No","0","No","https://www.tiktok.com/@m.suhardiman"
"=""7642982309557732113""","=""7339896326894994438""","ariesapril1004","MA♈","Brayan semalam hidup nya jam setengah 1","23/5/2026, 14.15.01","0","No","0","No","https://www.tiktok.com/@ariesapril1004"
"=""7642983025554473749""","=""6871059669574943745""","hrkaaa","kaaa","umsu jelas jelas sang surya mada ada redupnyaa🙌🏻","23/5/2026, 14.18.03","0","No","1","No","https://www.tiktok.com/@hrkaaa"
"=""7642983204982752020""","=""7557427884668077063""","yohan_271003","Ramadhan","pagar rumah pun ilang🤣","23/5/2026, 14.21.29","0","No","0","No","https://www.tiktok.com/@yohan_271003"
"=""7642984040065303303""","=""7099866394963149826""","kristiani.tarigan8","Kristiani Tarigan","keren2 cor3medan mati lampu","23/5/2026, 14.21.47","0","No","0","No","https://www.tiktok.com/@kristiani.tarigan8"
"=""7642984063444026119""","=""6809197363728843778""","punyamastth","MAMA NA","Krakatau jam 13.05 baru hidup kak😭😭","23/5/2026, 14.21.53","0","No","0","No","https://www.tiktok.com/@punyamastth"
"=""7642984088114152212""","=""6838557680622502914""","bibiybeayr","Salsa","🤣","23/5/2026, 14.21.57","0","No","0","No","https://www.tiktok.com/@bibiybeayr"
"=""7642980893153886984""","=""6849639371784651777""","mba.assa","mba assa🌷","baru aja idop
apa GK bekuahhh di buat nya","23/5/2026, 14.09.31","0","No","0","No","https://www.tiktok.com/@mba.assa"
"=""7642986176761463573""","=""7633354923212637205""","afifiiimutt","afifiii","lilin mendadak langka tadi malam 😭","23/5/2026, 14.30.14","0","No","0","No","https://www.tiktok.com/@afifiiimutt"
"=""7642986641250779920""","=""7415431351563944965""","cilanaisalll","'","tempat ku blm idup sampe sekarang pliss","23/5/2026, 14.31.49","0","No","0","No","https://www.tiktok.com/@cilanaisalll"
"=""7642986948852876049""","=""6783983329126450178""","mlyna24_","amee","semayang jam 10.30 baru hidup dari jam 7 malam😭","23/5/2026, 14.33.06","0","No","0","No","https://www.tiktok.com/@mlyna24_"
"=""7642987428856791809""","=""6731359883058267137""","febryy.siregar","febry","lilin dimana"" habis","23/5/2026, 14.34.54","0","No","0","No","https://www.tiktok.com/@febryy.siregar"
"=""7642987450038092552""","=""7640784962844820498""","shadiraa4_lynz2","Prettyz_Shadiaraa","ABANG GW JADI AYAM BOLAK BALIK DARI ATAS SAMPE LANTAI BAWAH NAIK TURUN KEK AYAM😭😭😭","23/5/2026, 14.35.02","0","No","0","No","https://www.tiktok.com/@shadiraa4_lynz2"
"=""7642987526601573121""","=""6818004672948634626""","inongpeng","Zylvia","bah! medan rasa di aceh 🗿","23/5/2026, 14.35.16","0","No","0","No","https://www.tiktok.com/@inongpeng"
"=""7642987693214810887""","=""74283545828""","vny2410","VINNY [TRONIC]","Aku sampe numpang ngecas di ktv karna suamiku kerja di dunia malam😂","23/5/2026, 14.35.51","0","No","1","No","https://www.tiktok.com/@vny2410"
"=""7642989213562077960""","=""74594628167""","sitialisa16","Echa Ajha","kami km 13 blm hidup sampe sekarang 😳","23/5/2026, 14.41.46","0","No","0","No","https://www.tiktok.com/@sitialisa16"
"=""7642989399719215892""","=""6685730642138137606""","santigrana2008","{Santi25}","Orasakti Alhamdulillah menang lagi ketua💙","23/5/2026, 14.42.47","0","No","0","No","https://www.tiktok.com/@santigrana2008"
"=""7642989516811141906""","=""7383321774555104261""","lucero4474","Lucero","Alhamdulillah menang lagi derr orasakti 💚😘😘","23/5/2026, 14.43.02","0","No","0","No","https://www.tiktok.com/@lucero4474"
"=""7642976317714236167""","=""7607463038552491016""","a1syhmxzz","saa","sampe sekarang belum hidup njirr😔😔","23/5/2026, 13.51.49","0","No","0","No","https://www.tiktok.com/@a1syhmxzz"
"=""7642971363238019847""","=""7484864627383108616""","flument.ransei","𝕹𝖔𝕺𝖓𝖊","aku di Mencirim sekitar hidup jam stengah 11 tadi wee","23/5/2026, 13.32.31","0","No","0","No","https://www.tiktok.com/@flument.ransei"
"=""7642971713860928273""","=""6560387126797795333""","me.din20","Din Good..","Disuruh nginap di umsu ini mah tidur di kelas adem","23/5/2026, 13.33.53","0","No","0","No","https://www.tiktok.com/@me.din20"
"=""7642971733859746567""","=""6795753506978923522""","arikayaninadya","Nadya💗Yoshi🐯🐾 (김지원 & 요시)","rantauprapat blm idup 8 jam dah mati lagi😭","23/5/2026, 13.34.06","0","No","0","No","https://www.tiktok.com/@arikayaninadya"
"=""7642972256079397649""","=""7050060019777143809""","gulaarenlatte_","4wwa","BINJE PUN JUGA MACAM KOTA ZOMBIE AWAK TIDUR PUN DH BUGIL KRN PANAS X SIALAN","23/5/2026, 13.36.00","0","No","0","No","https://www.tiktok.com/@gulaarenlatte_"
"=""7642972426238083860""","=""7501310582068282375""","auoell","auoel","🤗","23/5/2026, 13.36.45","0","No","1","No","https://www.tiktok.com/@auoell"
"=""7642972434908103444""","=""7509476237452477447""","utuwacintamiayam","w","citraland lautan manusia anjir😭","23/5/2026, 13.36.50","0","No","0","No","https://www.tiktok.com/@utuwacintamiayam"
"=""7642972487148339988""","=""7391055809914553349""","zee034685","zee","warkop pun penuh semuaa sama yng nge cas wkwk","23/5/2026, 13.37.00","0","No","0","No","https://www.tiktok.com/@zee034685"
"=""7642973507173663508""","=""6952740751538701314""","sapiraanjani_","piraa","info yg idup","23/5/2026, 13.41.08","0","No","0","No","https://www.tiktok.com/@sapiraanjani_"
"=""7642973457668391681""","=""7074125728127976474""","gabrielsamageo","editor capcut✔️ツ","langsung keluar 4 cok sambung kami😂😂","23/5/2026, 13.41.14","0","No","0","No","https://www.tiktok.com/@gabrielsamageo"
"=""7642975434465395477""","=""7361588436262618129""","chandra.irwan0","Awan","kota medan udah siap jadi cobaan kalau perang dunia terjadi. udah lewatin simulasinya semua","23/5/2026, 13.48.45","0","No","0","No","https://www.tiktok.com/@chandra.irwan0"
"=""7642989798823494417""","=""6838898470947308545""","luluaina_","Nana_Nemura","@MARUGAME🍜","23/5/2026, 14.44.08","0","No","0","No","https://www.tiktok.com/@luluaina_"
"=""7642976812121277202""","=""6706846247833699330""","tobing01","RAIn Tobing","dulu drama banjir terus drama spbu sekarang drama listrik padam. sumatera emang best lah. tahan banting semua 🤣🤣","23/5/2026, 13.53.44","0","No","0","No","https://www.tiktok.com/@tobing01"
"=""7642977324274565909""","=""7233812304948118530""","cuppacuply","ayufebryawandira","Nanti malem mati lagi info nya weeeee","23/5/2026, 13.55.41","0","No","0","No","https://www.tiktok.com/@cuppacuply"
"=""7642978233189516052""","=""7384057733467276293""","1uvv6","lili","udah selamat guyss","23/5/2026, 13.59.14","0","No","0","No","https://www.tiktok.com/@1uvv6"
"=""7642978262076261141""","=""7064783987487851547""","mikiyaaa_115","Mickoooooo_115","warung malam pada tutup anjj,pada takut kecolongan","23/5/2026, 14.05.41","0","No","0","No","https://www.tiktok.com/@mikiyaaa_115"
"=""7642979940467704597""","=""7157628460273337370""","hardiansyah1056","Hyz_004","Rame ya","23/5/2026, 14.05.55","0","No","0","No","https://www.tiktok.com/@hardiansyah1056"
"=""7642980139399840532""","=""7523937640844985362""","iren._22","Iren","Takut nanti malam mati lampu lagi..","23/5/2026, 14.06.44","0","No","0","No","https://www.tiktok.com/@iren._22"
"=""7642980374398190354""","=""6823296227989668865""","strawbapple","strawbapple","mau ngecharge dan ngadem di umsu deh kalo gitu","23/5/2026, 14.07.28","0","No","0","No","https://www.tiktok.com/@strawbapple"
"=""7642980804494426888""","=""6899098172011037698""","chellanih","Xela","We tolong Medan sampai saat ini belum hidup😭","23/5/2026, 14.09.13","0","No","0","No","https://www.tiktok.com/@chellanih"
"=""7642999313056596757""","=""7624476913914283024""","lya.ginting","Lya Ginting","bner kk kmi mw cek in 1 kluarga pun full 1 kota medan","23/5/2026, 15.21.10","0","No","0","No","https://www.tiktok.com/@lya.ginting"
"=""7642995198687544085""","=""6747668248625792001""","yaanggiyaa","anggi","agam kok ga msk kak🤣","23/5/2026, 15.05.10","0","No","0","No","https://www.tiktok.com/@yaanggiyaa"
"=""7642995351163405076""","=""7417678466861499398""","zzwishsummerr","fwairyiiicaa","medan mabar udah hidup blm lampu we?","23/5/2026, 15.05.47","0","No","0","No","https://www.tiktok.com/@zzwishsummerr"
"=""7642995657422816008""","=""7544910808267637776""","yeimy_854","yeimy","Alhamdulillah menang lagi derr (OraSakti) 💚😘😘","23/5/2026, 15.06.50","0","No","0","No","https://www.tiktok.com/@yeimy_854"
"=""7642995641942295304""","=""7370048851220333573""","_antqxy","𝓜𝓪𝓻𝓲𝓪 💭🩷","Orasakti🖤Yang pasti pasti aja cuy💯💞💗💚💚","23/5/2026, 15.06.50","0","No","0","No","https://www.tiktok.com/@_antqxy"
"=""7642996149519074056""","=""7325155280957981702""","nicolcapera10","Nicol:)tique","( orasakti )Alhamdulillah menang lagi ketua💙","23/5/2026, 15.08.41","0","No","0","No","https://www.tiktok.com/@nicolcapera10"
"=""7642996574465803016""","=""7282967658856285190""","majos_tg","✮ ⋆ ˚｡𖦹 ⋆｡°✩majo✮ ⋆ ˚｡𖦹 ⋆｡°✩","Orasakti 😘😘anti marketing lh pokok nye wak","23/5/2026, 15.10.26","0","No","0","No","https://www.tiktok.com/@majos_tg"
"=""7642997782156854032""","=""7143563211332961282""","f1d3l1a","fdhjkye","akhirnya hidup juga lampunya, sekian lama kek org setressssss 😭","23/5/2026, 15.15.01","0","No","0","No","https://www.tiktok.com/@f1d3l1a"
"=""7642998181726733074""","=""7630534410321134613""","cokimy1","cokimy","😂😂😂","23/5/2026, 15.16.35","0","No","0","No","https://www.tiktok.com/@cokimy1"
"=""7642998475466392341""","=""6930160691340936194""","byllcx","byllcx","@Lingzii","23/5/2026, 15.17.55","0","No","0","No","https://www.tiktok.com/@byllcx"
"=""7642999206986711829""","=""7452138716179710981""","erlesensei","Erleeee","AHHAAHAHAHHAHHA rindunya medan","23/5/2026, 15.20.39","0","No","0","No","https://www.tiktok.com/@erlesensei"
"=""7642995206459917074""","=""7081694568164819969""","_asada32","Mrs. B","cuma d Medan lh, banjir mati lampu manusia ny tetap senangkan","23/5/2026, 15.05.05","0","No","0","No","https://www.tiktok.com/@_asada32"
"=""7642999753332540181""","=""6640005700661805058""","irmanhlw","IrmanHalawa","diserbu tetangga 😭😭","23/5/2026, 15.22.59","0","No","0","No","https://www.tiktok.com/@irmanhlw"
"=""7643000750636860178""","=""7414801896361280518""","cewexcancer0207","imaahh0207","yg blom isi air,isi air kelen penuh,mati lampu part 2 segera otw😭😭","23/5/2026, 15.26.32","0","No","0","No","https://www.tiktok.com/@cewexcancer0207"
"=""7643000714885726996""","=""6519118837686009857""","erinaa_307","Erina Aulia","Adalagi yg bawa speaker keliling2 naik kreta 😭","23/5/2026, 15.26.33","0","No","0","No","https://www.tiktok.com/@erinaa_307"
"=""7643001587481412370""","=""7095321035050877953""","lenzzra","lenn","suntuk kali dirumah gelap,panas ke warkop penuh isi bensin penuh juga tidor ajala","23/5/2026, 15.29.52","0","No","0","No","https://www.tiktok.com/@lenzzra"
"=""7643001606590464775""","=""7461638257882973191""","ahnonim4","ahnonim","@boringg","23/5/2026, 15.30.05","0","No","0","No","https://www.tiktok.com/@ahnonim4"
"=""7643001867203478293""","=""7524742306597438481""","janda_semakindidepan","麗娜 💋💅👩","gelisah x anak aku g bs dhub😭","23/5/2026, 15.31.09","0","No","0","No","https://www.tiktok.com/@janda_semakindidepan"
"=""7643001979589559061""","=""7450357468645983239""","rizkaputricahyani6","rizkaaa🧸","berasa hidup di jaman penjajahan","23/5/2026, 15.31.25","0","No","0","No","https://www.tiktok.com/@rizkaputricahyani6"
"=""7643002079963644692""","=""7548144478789665799""","hfizrfnza","rafanza","jakarta ga mati lampu we wkwkq","23/5/2026, 15.31.54","0","No","0","No","https://www.tiktok.com/@hfizrfnza"
"=""7643002166273131265""","=""6854087499049157634""","mbiik4","R, S.D, S.Mp, S.Ma, S.I.Kom","jam 10 malam da idup, jam 9 pagi mati lagi 😭","23/5/2026, 15.32.04","0","No","0","No","https://www.tiktok.com/@mbiik4"
"=""7642992052028932871""","=""6880621186058667009""","ea_2427","Evoleth✨","Alhamdulillah menang lagi derr orasakti 💚😘😘","23/5/2026, 14.52.56","0","No","0","No","https://www.tiktok.com/@ea_2427"
"=""7642990312106033928""","=""7109570390195733510""","juanx.00_","juan","(Orasakti) 😘😘anti marketing lh pokok nye wak","23/5/2026, 14.46.09","0","No","0","No","https://www.tiktok.com/@juanx.00_"
"=""7642990505551053588""","=""7143599312664232962""","nurulfransiska19","siska","medan Polonia belum idup we sampe skrg","23/5/2026, 14.46.59","0","No","0","No","https://www.tiktok.com/@nurulfransiska19"
"=""7642990582402695956""","=""7116953895632978970""","adekk_game07","MR.ZiiK_07","adeh pada hilang semuanya ya... padahal padam 6-12 jam aja..kagak nikmati didunia malam hari","23/5/2026, 14.47.13","0","No","1","No","https://www.tiktok.com/@adekk_game07"
"=""7642990933952971538""","=""7392804465756505094""","conni9792","conni","Alhamdulillah menang lagi derr (OraSakti) 💚😘😘","23/5/2026, 14.48.30","0","No","0","No","https://www.tiktok.com/@conni9792"
"=""7642990965117010708""","=""7143617684180648961""","bella898985","Na_Alv💜","Ditmpt aq jam 22.30 dah idup lampunya 😌","23/5/2026, 14.48.46","0","No","0","No","https://www.tiktok.com/@bella898985"
"=""7642991115722146578""","=""7362965334724527109""","luishdez65","Luis Angel","( OraSakti )🖤yang penting bukti nyata cuy👇💯","23/5/2026, 14.49.18","0","No","0","No","https://www.tiktok.com/@luishdez65"
"=""7642991130523566866""","=""7576780998131991560""","santixx33xx3","santixx33xx","( orasakti )Alhamdulillah menang lagi ketua💙","23/5/2026, 14.49.18","0","No","0","No","https://www.tiktok.com/@santixx33xx3"
"=""7642991474942395156""","=""6556537500235497474""","edimm12","Edim Mulyanto","Ka kalo boleh tau sampe kapan ya itu?","23/5/2026, 14.50.36","0","No","6","No","https://www.tiktok.com/@edimm12"
"=""7642991536262873864""","=""7580206706962285575""","teto_362","˚｡⋆୨୧˚Ashi˚｡⋆୨୧˚","( Orasakti )Yang pastinya ngasih besar bray💯💞💞💯😂","23/5/2026, 14.50.50","0","No","0","No","https://www.tiktok.com/@teto_362"
"=""7642991783829209877""","=""7065695957400290306""","mimawow_","M","is aku binjai utara belom idup lo, is ntahla","23/5/2026, 14.51.59","0","No","0","No","https://www.tiktok.com/@mimawow_"
"=""7642971180450857735""","=""7372902572212077573""","kane_402","kane_✌🏻","medan di kasih cobaan malah di cobain","23/5/2026, 13.31.53","0","No","0","No","https://www.tiktok.com/@kane_402"
"=""7642992770387002128""","=""6839593489497687042""","kiyoottt","user1692546161064","SNT apa wey","23/5/2026, 14.55.58","0","No","0","No","https://www.tiktok.com/@kiyoottt"
"=""7642992912720069377""","=""6811371070085579778""","jk.putri13","🐰Babybookookie","untung aja tadi malem mati gk lama kali.. mati maghrib, jam stngah 11 nya udah hidup 😁","23/5/2026, 14.56.07","0","No","0","No","https://www.tiktok.com/@jk.putri13"
"=""7642992981506900743""","=""7172712520473347078""","fernanda3217864590","𝄞†∘✩𝓯𝓮𝓻✩∘†𝄞","(Orasakti) 😘😘anti marketing lh pokok nye wak","23/5/2026, 14.56.25","0","No","0","No","https://www.tiktok.com/@fernanda3217864590"
"=""7642993140782564104""","=""7037513968998564869""","link.comm","😛","Alhamdulillah menang lagi derr (OraSakti) 💚😘😘","23/5/2026, 14.57.10","0","No","0","No","https://www.tiktok.com/@link.comm"
"=""7642993639090963207""","=""7100909186242020358""","star_blue256","Cit§star_blue","( orasakti )Alhamdulillah menang lagi ketua💙","23/5/2026, 14.59.09","0","No","0","No","https://www.tiktok.com/@star_blue256"
"=""7642993716067631890""","=""7452339583511168005""","isaac.figueroa004","Isaac Figueroa","Orasakti 😘😘anti marketing lh pokok nye wak","23/5/2026, 14.59.15","0","No","0","No","https://www.tiktok.com/@isaac.figueroa004"
"=""7642994601791390471""","=""6985552322534245377""","sangperindu022","🌹Sang Perindu🌹","Pokok nya aku berebut war senter di DIY rebutan 😂😂","23/5/2026, 15.02.42","0","No","0","No","https://www.tiktok.com/@sangperindu022"
"=""7642994654154375944""","=""7433634233691194373""","said_12andra","said","Orasakti Alhamdulillah menang lagi ketua💙","23/5/2026, 15.02.58","0","No","0","No","https://www.tiktok.com/@said_12andra"
"=""7642994761977512712""","=""6833996642296415233""","itssinddyyy","Cindy","sumpah semalam mau check in juga tapi susah kali bookingnya grgr sinyal jg down","23/5/2026, 15.03.28","0","No","0","No","https://www.tiktok.com/@itssinddyyy"
"=""7642953180259189505""","=""7546263257129174023""","sukakdimsummentai3","DIMSUM MENTAI","katanya matinya 7 hari ya we itu betol apa gak","23/5/2026, 12.22.01","0","No","0","No","https://www.tiktok.com/@sukakdimsummentai3"
"=""7642946902790783762""","=""7455261445170086920""","wiliamlim0","will","kasihan cewek ku wkwkkw di tmptnya mati lampu smpe skrng ga hidup","23/5/2026, 11.57.35","0","No","0","No","https://www.tiktok.com/@wiliamlim0"
"=""7642947578333512469""","=""7334314727882408968""","im.iway_3126","Ciway♒","aku enak weee,depan rumah ada MBG jadi ngecas hp disitu 😂😂, sekalian gosip sama ABG ABG yg jaga mlm","23/5/2026, 12.00.18","0","No","0","No","https://www.tiktok.com/@im.iway_3126"
"=""7642947579668529940""","=""7020389695242945537""","rindyanggita_","rindyanggita_","Alhamdulillah tj gusta hidup mulai dr jm 11 td mlm😭","23/5/2026, 12.00.33","0","No","0","No","https://www.tiktok.com/@rindyanggita_"
"=""7642949578513416980""","=""7482412408863048711""","lysandra.feo","D","gini lah kalo ga di gaji😂","23/5/2026, 12.08.03","0","No","0","No","https://www.tiktok.com/@lysandra.feo"
"=""7642949819069186817""","=""6623255653685854210""","nailslashsalonmedan","MoodyBeautyStudio_Medan","Alhamdulillah medan mencirim dan kapten muslim ud hidup jam 10 tadi🥰","23/5/2026, 12.08.56","0","No","0","No","https://www.tiktok.com/@nailslashsalonmedan"
"=""7642949859642082069""","=""6982286648839504923""","gulaaliii_","rar🅰️","km 12 jam 10","23/5/2026, 12.09.17","0","No","0","No","https://www.tiktok.com/@gulaaliii_"
"=""7642949430107063058""","=""7156854789183341595""","kopikuyou","tidak dijual","tidurpun tak tenang, sangking gerahnya sampai tidur dilantai🥴","23/5/2026, 12.13.10","0","No","0","No","https://www.tiktok.com/@kopikuyou"
"=""7642952439578985234""","=""7410490409467937797""","ngga_115","zionz","tpi suasana langit di aceh pas mati lampu tdi malam🔥🔥🔥","23/5/2026, 12.19.07","0","No","0","No","https://www.tiktok.com/@ngga_115"
"=""7642952895859540754""","=""7209562142432478210""","bbiloowq","awaaa","udahhh 18 jamm weee ampun lah","23/5/2026, 12.20.50","0","No","6","No","https://www.tiktok.com/@bbiloowq"
"=""7642952942173569812""","=""7127617112827331585""","_flufycutte","🍓Strawberry","ga bisa tidur jujur semalem","23/5/2026, 12.21.19","0","No","0","No","https://www.tiktok.com/@_flufycutte"
"=""7642946530282865415""","=""7048157290256434178""","nabila_aulia2207","liaaacutee22","UMSU tetap meyala yak","23/5/2026, 11.56.12","0","No","0","No","https://www.tiktok.com/@nabila_aulia2207"
"=""7642953390981710609""","=""7254774573203702785""","piggbodm","piggbodm","kami ngecas hp di kampus anjay sampe jam 1 malam wkwk","23/5/2026, 12.23.09","0","No","0","No","https://www.tiktok.com/@piggbodm"
"=""7642953576177222420""","=""7591888844711674901""","meowrawe_","~ miaw","nanti mati lampu lagi 😭😭😭","23/5/2026, 12.23.43","0","No","0","No","https://www.tiktok.com/@meowrawe_"
"=""7642953873859150593""","=""6848070396786377729""","deefem_","dfm🍀","di tempat q blm idop smp skrg😡😡","23/5/2026, 12.24.40","0","No","0","No","https://www.tiktok.com/@deefem_"
"=""7642954018867741448""","=""7234088707980280834""","pr0duk_lokal","𝗔𝗹𝗱𝘆","ini kok mati lagi aelah","23/5/2026, 12.25.11","0","No","0","No","https://www.tiktok.com/@pr0duk_lokal"
"=""7642954022429573895""","=""77864144234""","meyyyy22120","M","mati.lampu + gada sinyal + hujan combo","23/5/2026, 12.25.15","0","No","0","No","https://www.tiktok.com/@meyyyy22120"
"=""7642954248796472080""","=""7278099318752674821""","alir_kisah23","Alaa","Gegara mati lampu kami sekeluarga + tetangga depan rumah makan bareng di teras rumahku jir krna panas kaliii 😭😭🙏🏻","23/5/2026, 12.26.11","0","No","0","No","https://www.tiktok.com/@alir_kisah23"
"=""7642954769431560977""","=""7219953581276890139""","cesaayi","👾","woy di medan amplas belum idup woy😫🙏","23/5/2026, 12.28.38","0","No","0","No","https://www.tiktok.com/@cesaayi"
"=""7642954903199499015""","=""7184389170466882587""","varfiii2","VARfii","garu 6 belum we","23/5/2026, 12.28.42","0","No","0","No","https://www.tiktok.com/@varfiii2"
"=""7642955817092563732""","=""6921638930426594305""","javachiippp","Yusri Murini","Simalingkar belum hidup lampu juga","23/5/2026, 12.32.21","0","No","0","No","https://www.tiktok.com/@javachiippp"
"=""7642943532534285077""","=""7594081831700759570""","adindachirilda_5","Adindachirilda","ngeriiii ahhhhh medann ini","23/5/2026, 11.44.43","0","No","0","No","https://www.tiktok.com/@adindachirilda_5"
"=""7642940305692197648""","=""6902726626141832198""","jonaputramanalu","Jona Manalu","jangan lama-lama Medannnn aku mau narikk sewa inii Indrive awkokawkokok bejirrr bejirrr","23/5/2026, 11.32.31","0","No","0","No","https://www.tiktok.com/@jonaputramanalu"
"=""7642940529315578641""","=""6902726626141832198""","jonaputramanalu","Jona Manalu","Medan Simpang Selayang belum hidup PLN :v","23/5/2026, 11.33.06","0","No","5","No","https://www.tiktok.com/@jonaputramanalu"
"=""7642940450215756560""","=""7500850611896042504""","wiwik.sinaga7","Wiwik sinaga","yg belum idup, coba kumpul, soalnya kami tembung juga blum idup","23/5/2026, 11.33.11","0","No","0","No","https://www.tiktok.com/@wiwik.sinaga7"
"=""7642940651747934993""","=""6809965044307379202""","jjehoo","jehoo","@amjejee_ @wennymanurung","23/5/2026, 11.33.22","0","No","1","No","https://www.tiktok.com/@jjehoo"
"=""7642940708126589716""","=""7267875580061041671""","ajksddjj","azura","asli cuma hidup 2 jam","23/5/2026, 11.36.58","0","No","0","No","https://www.tiktok.com/@ajksddjj"
"=""7642942331000652564""","=""6914997031853900801""","bbellybless","Miraaaa","haha real jam 11 malam awak masih diluar ramee😭😭😭","23/5/2026, 11.40.03","0","No","0","No","https://www.tiktok.com/@bbellybless"
"=""7642943176462779153""","=""7275670652076442631""","punyautii","madebyutii","Batangkuis subuh udah hidup nih sampek tengah hari sekrang masih","23/5/2026, 11.43.09","0","No","0","No","https://www.tiktok.com/@punyautii"
"=""7642943287414178581""","=""7063347019179426817""","blueconik","bluee🫧","weee kok dah idup lampu kelen??
kami di setia budi tj.sari blm idup sampe skrg😭","23/5/2026, 11.43.35","0","No","3","No","https://www.tiktok.com/@blueconik"
"=""7642943431505642241""","=""6902622678135424001""","spika_hdy","sea","[Stiker] tim ngungsi dikopken","23/5/2026, 11.44.34","0","No","0","No","https://www.tiktok.com/@spika_hdy"
"=""7642955876974379796""","=""6960723455185028098""","bayuadikrniawn","bayuadikrniawn","tebing tinggi sbagian dah idop","23/5/2026, 12.32.30","0","No","0","No","https://www.tiktok.com/@bayuadikrniawn"
"=""7642943827619316488""","=""6727613618705253377""","dlyasyahra21","Lyxs","jln pelajar dari jam 6 semalam smpek detik ini blm hidup juga puqi kali","23/5/2026, 11.45.41","0","No","0","No","https://www.tiktok.com/@dlyasyahra21"
"=""7642944040745272071""","=""7254110601101919237""","lexaaa_ye","lexaa","ak baru hidup njr 😭😭","23/5/2026, 11.46.34","0","No","0","No","https://www.tiktok.com/@lexaaa_ye"
"=""7642944440784569095""","=""6754999152956212226""","lalalatifaah","LA.","BANDA ACEH PUN GITU JUGA KAAKK😭😭😭😭","23/5/2026, 11.48.03","0","No","0","No","https://www.tiktok.com/@lalalatifaah"
"=""7642944972983780117""","=""7392959479191798789""","umizio5","Abidzar & Abyan","Bireuen Bru aja hdup ni","23/5/2026, 11.50.12","0","No","0","No","https://www.tiktok.com/@umizio5"
"=""7642945019955249938""","=""6921904485553390593""","uswthasanah","uswthasanah","uda hidup woi Helvetia😂","23/5/2026, 11.50.21","0","No","0","No","https://www.tiktok.com/@uswthasanah"
"=""7642945503211373333""","=""6879132443690927106""","ca010506","kecottt","ini siapa yang ngecas hp ke RUMAH SAKIT
saya saya😂.","23/5/2026, 11.52.25","0","No","0","No","https://www.tiktok.com/@ca010506"
"=""7642945698333590290""","=""7387461338262520837""","chocoolaa32","chocoolaa","[Stiker] aku ma mamak ku pigi jalan sampe bensin kami da kedip kedip baru terpaksa x ku antri di adam malik","23/5/2026, 11.52.55","0","No","0","No","https://www.tiktok.com/@chocoolaa32"
"=""7642945981427745557""","=""7556233833949348882""","cellinejasjus","clemon🍋","bener lagi","23/5/2026, 11.54.04","0","No","0","No","https://www.tiktok.com/@cellinejasjus"
"=""7642967486338466580""","=""6896516201809003526""","armandaleonardo","ARMANDA LEONARDO","mati lampu cari angin, panas banget dirumah 🤣🤣🤣🤣","23/5/2026, 13.17.42","0","No","0","No","https://www.tiktok.com/@armandaleonardo"
"=""7642963519702319893""","=""7211458885714347009""","22005dellaanandaa","22005dellaanandaa","belum. idup siapan","23/5/2026, 13.02.20","0","No","1","No","https://www.tiktok.com/@22005dellaanandaa"
"=""7642963576545919765""","=""7306603645909697542""","jihannazlas._","Jiji","Di binje tandem psr 4 blm hidup jir, apa gk maen kali ini silap kali ah di buatnya😭","23/5/2026, 13.02.23","0","No","0","No","https://www.tiktok.com/@jihannazlas._"
"=""7642964163741074196""","=""6577099104798064642""","qiawww22","qii.qiaa","pasang kelambu kayak di sauna tapi kalau ga dipasang abis di keroyok nyamuk se rt😭","23/5/2026, 13.04.47","0","No","0","No","https://www.tiktok.com/@qiawww22"
"=""7642963349139604232""","=""7612771362511537172""","coerrrrrrn","llyyaa","di tempat gua jam 3 subuh baru hidup","23/5/2026, 13.06.59","0","No","0","No","https://www.tiktok.com/@coerrrrrrn"
"=""7642965769869443841""","=""7189982043123778586""","aaulptry","a","baru idup mna mana nii😭","23/5/2026, 13.10.53","0","No","0","No","https://www.tiktok.com/@aaulptry"
"=""7642965821568877320""","=""74951091184""","senyummanisssh","Windas","Di tempat ku fritto chicken yg biasanya tutup jam 10, tadi malam tutup jam 3 kek nya orang itu we😭 udh gitu pagi2 jam 8.30 udh byk org dtg, jujur kasian sama pegawainya kurang istrahat, tapi di daerah ku dia sendiri yg terang benderang😭","23/5/2026, 13.11.04","0","No","0","No","https://www.tiktok.com/@senyummanisssh"
"=""7642966241729020689""","=""6820276551247299585""","mayaapasariibu","mayasss🌚","kami ke mbg numpang cas hp","23/5/2026, 13.13.04","0","No","0","No","https://www.tiktok.com/@mayaapasariibu"
"=""7642966371022258965""","=""7305762834130289669""","mam.syauqi","Mam Syauqi","jadi teringat waktu banjir kemarin cuma beda nya ini gak ada airnya aja,
jadi masih bersyukur","23/5/2026, 13.13.20","0","No","0","No","https://www.tiktok.com/@mam.syauqi"
"=""7642966634881286932""","=""6709665117686203393""","sri_wahyuni038","sri wahyuni","mau tanya emang kenapa bisa mati lampu?? krn ada perbaikan atau gmna","23/5/2026, 13.14.13","0","No","0","No","https://www.tiktok.com/@sri_wahyuni038"
"=""7642967151967716116""","=""7362092468634928145""","enselyn23_yt","🎀~SELYN~ :3 💐","menyala Medan 😭🙏🏻","23/5/2026, 13.16.19","0","No","0","No","https://www.tiktok.com/@enselyn23_yt"
"=""7642962977205142293""","=""7577196090178339848""","inkaqalesya","Inka Qalesya","sumpah aku sama suami ngelesot di lantai TDR nya, panas bgt.","23/5/2026, 12.59.59","0","No","0","No","https://www.tiktok.com/@inkaqalesya"
"=""7642969026863923986""","=""7530320388702651408""","kim.hernandez261","kim♡","Alhamdulillah rezeki hari ini ketua di Modejos😍","23/5/2026, 13.23.32","0","No","0","No","https://www.tiktok.com/@kim.hernandez261"
"=""7642969098133521159""","=""7449939083072553985""","samy16408","sammy♪","Alhamdulillah rezeki di Modejos🥰","23/5/2026, 13.23.45","0","No","5","No","https://www.tiktok.com/@samy16408"
"=""7642969270242214674""","=""6780430250146759685""","rey_ouo","Rey","Modejos❤️🩵Always so perfect🩵❤️","23/5/2026, 13.24.27","0","No","0","No","https://www.tiktok.com/@rey_ouo"
"=""7642969513445720853""","=""7187879229089678337""","ainiyukihiro","✿્᭄͜͢͡aini yukihiro✰͜͡☘","gila bner emank spbu antri kek da langkah ja bbm🙃","23/5/2026, 13.25.36","0","No","0","No","https://www.tiktok.com/@ainiyukihiro"
"=""7642969829562008328""","=""6917414046208787461""","mon_gv._","montse","Alhamdulillah Winner Lagi Di Modejos 🥰🤙","23/5/2026, 13.26.35","0","No","0","No","https://www.tiktok.com/@mon_gv._"
"=""7642969812067042069""","=""7587209595300922388""","semone842","pelpol","🥰🥰🥰","23/5/2026, 13.26.38","0","No","0","No","https://www.tiktok.com/@semone842"
"=""7642970062781285138""","=""7170603324897805313""","a3garage","A3Garage","di Medan Labuhan belum hidup sampai detik ini🥺","23/5/2026, 13.27.30","0","No","0","No","https://www.tiktok.com/@a3garage"
"=""7642970231304241940""","=""6813242097182802945""","liskha_95","Liskha_Saelynda","kami di binjai sampai saat ini blm hidup 🥺","23/5/2026, 13.28.18","0","No","1","No","https://www.tiktok.com/@liskha_95"
"=""7642970914358887189""","=""6738886378656449537""","pudingmang0","t0tallynotc","amplas flyover ga idup idup anj","23/5/2026, 13.30.49","0","No","0","No","https://www.tiktok.com/@pudingmang0"
"=""7642960565795144469""","=""7154904146323506178""","tiwiinst","Tiwii","Blm ada hidup di Tanjung morawa limau manis dr td malam loh","23/5/2026, 12.50.44","0","No","2","No","https://www.tiktok.com/@tiwiinst"
"=""7642956355850011393""","=""7332475250083120134""","sisi51293","sisi","untung di rumah ku jam 3 pagi dah hidup lampu tadi aman awk tdr","23/5/2026, 12.34.33","0","No","0","No","https://www.tiktok.com/@sisi51293"
"=""7642956450683355925""","=""6834142445472531458""","stevanihelena","Stevani Helena","🤣🤣🤣🤣","23/5/2026, 12.34.42","0","No","0","No","https://www.tiktok.com/@stevanihelena"
"=""7642956671036457746""","=""7594131939675096084""","kebo_67_","isampruy","","23/5/2026, 12.35.38","0","No","0","No","https://www.tiktok.com/@kebo_67_"
"=""7642956809833628437""","=""7585793904437101584""","matcaalatee5","matcaalatee","sepele x kulihat pln ini bah","23/5/2026, 12.36.04","0","No","0","No","https://www.tiktok.com/@matcaalatee5"
"=""7642956884266042133""","=""6540790135633723394""","ranimalini","Long black 🦀","Sehari aja begini begimana… betapa kerennya netijen 🤣","23/5/2026, 12.36.25","0","No","0","No","https://www.tiktok.com/@ranimalini"
"=""7642956887449420565""","=""6864133630244750338""","_devyyaa","_ddeevyaa","mati lagii 😭","23/5/2026, 12.36.26","0","No","0","No","https://www.tiktok.com/@_devyyaa"
"=""7642957396596638465""","=""7401139551539348486""","novy.angely2","ngel","gak idup idup lampu tadi gilaakk ah","23/5/2026, 12.38.49","0","No","0","No","https://www.tiktok.com/@novy.angely2"
"=""7642957704445821714""","=""7388085476097868805""","zzaaquen","zzzzoey","se sumatra jir bener kah","23/5/2026, 12.39.34","0","No","0","No","https://www.tiktok.com/@zzaaquen"
"=""7642958959386493704""","=""7491910686622565394""","faeyza.azka3","azk234syd","yg jaga lilin masih idup nya kln 😭😭😭","23/5/2026, 12.44.22","0","No","0","No","https://www.tiktok.com/@faeyza.azka3"
"=""7642958906902496020""","=""6772346556638184449""","dio_ms10","13 julii","udh ngajak in suami chek in tadi malam
tapi suami berharap hidup akhirnya ga hidup juga lampu😂","23/5/2026, 12.44.31","0","No","0","No","https://www.tiktok.com/@dio_ms10"
"=""7643002894421607175""","=""7029223796439892993""","safrinayanti23","safrinayanti23","ih, Tembung belum😔","23/5/2026, 15.34.57","0","No","2","No","https://www.tiktok.com/@safrinayanti23"
"=""7642960701136782087""","=""79868347762""","pahayam8","pahayam8","Anakkku umur 3thun, kebangun lngsung bilang MAK AYAH AKU BUTA😭","23/5/2026, 12.51.11","0","No","0","No","https://www.tiktok.com/@pahayam8"
"=""7642961185539343111""","=""7614812551596082197""","khayla.azahra44","Khayla Azahra","kata nya 3 hari 3 malam woyyy😭😭","23/5/2026, 12.53.03","0","No","1","No","https://www.tiktok.com/@khayla.azahra44"
"=""7642961571136127752""","=""7113383337860138010""","sa_euph0ric","manifest0","hp awak wifi only, listrik padam, pod lowbet, panas, mak nyamuk nyerang semua macem tepaok awak udalah magrib mati lampu, nyalanya baru jam 11 siang tadi anjir","23/5/2026, 12.54.35","0","No","0","No","https://www.tiktok.com/@sa_euph0ric"
"=""7642961760669025031""","=""134674600793235456""","si.scorpio.girl","N.W🦂","Msih kurang tempat dugem😂😂","23/5/2026, 12.55.22","0","No","0","No","https://www.tiktok.com/@si.scorpio.girl"
"=""7642961875999523585""","=""6938019189161051138""","itsme.titinn","theycallme_littlegirls","Omset hotel melonjak 😭😂","23/5/2026, 12.55.45","0","No","0","No","https://www.tiktok.com/@itsme.titinn"
"=""7642962283710366482""","=""6974074578184487937""","maireee21","Mairee","😂😂😂","23/5/2026, 12.57.16","0","No","0","No","https://www.tiktok.com/@maireee21"
"=""7642962386043355922""","=""7253606291925959685""","the.redsdevil","The Reds Devil🔴","@Agustina","23/5/2026, 12.57.45","0","No","0","No","https://www.tiktok.com/@the.redsdevil"
"=""7642962706392204053""","=""6978839742151099394""","callofduty_096","𝐞𝐭𝐞́𝐫𝐧𝐢𝐭𝐲 kii","aku nongki di RS🗿","23/5/2026, 12.59.09","0","No","0","No","https://www.tiktok.com/@callofduty_096"
"=""7642962924289622802""","=""6928974905683051521""","ksndushdhs","Risma🤩","@Aku e liat bintang","23/5/2026, 12.59.45","0","No","0","No","https://www.tiktok.com/@ksndushdhs"