"Comment ID","Reply to Which Comment","User ID","Username","Nick Name","Comment","Comment Time","Digg Count","Author Digged","Reply Count","Pinned to Top","User Homepage"
"=""7631207000798429972""","","=""6566085893056282625""","bakultahu_78","Bakul Tahu 78","knp menangis","21/4/2026, 20.43.17","751","No","47","No","https://www.tiktok.com/@bakultahu_78"
"=""7631245604450222866""","=""7631207000798429972""","=""6789430726308774913""","kontrasi","skeater🇮🇩","mungkin begalnya sudah tau kalau di tangkap tni kelanjutannya bakal babak belur😁","21/4/2026, 23.12.40","210","No","","","https://www.tiktok.com/@kontrasi"
"=""7631365502191289108""","=""7631207000798429972""","=""7006289640160773125""","sinulinggadonni","Donni sinulingga 🏴‍☠️","bukan nangis dia terharu😂","22/4/2026, 06.56.04","83","No","","","https://www.tiktok.com/@sinulinggadonni"
"=""7631350191401190165""","=""7631207000798429972""","=""6902324170270901250""","yudhisaputra90","yudhi saputra","tauu cengeng pke nangis","22/4/2026, 05.56.48","25","No","","","https://www.tiktok.com/@yudhisaputra90"
"=""7631443441566991125""","=""7631207000798429972""","=""7332041383508722693""","papatujuh","Papa Tujuh","waktu memalak sopir truck Ganas nya hebat sekali..setelah ketangkap hilang galak nya..kayak ayam masuk lumpur","22/4/2026, 12.02.18","12","No","","","https://www.tiktok.com/@papatujuh"
"=""7631391699340608263""","=""7631207000798429972""","=""6964374488196989953""","cekadi01","user77785624303546","walah,,,, giliran ke tangkap cengeng si begal ini kata nya preman","22/4/2026, 08.37.42","8","No","","","https://www.tiktok.com/@cekadi01"
"=""7631410317659521813""","=""7631207000798429972""","=""7041821303994041345""","awaanbiru5","@Awan🤗","karna sdh tau nanti di markas kira"" ancur😁😁","22/4/2026, 09.50.00","6","No","","","https://www.tiktok.com/@awaanbiru5"
"=""7631656737242383125""","=""7631207000798429972""","=""6856604924232074241""","sarumichi28","Deni","begal nya nangis karena tau bakalan di kasih salam olahraga","23/4/2026, 01.46.06","3","No","","","https://www.tiktok.com/@sarumichi28"
"=""7642644309100282644""","=""7631207000798429972""","=""7318186827092149250""","didittong","oma bimbim","itu juga yg saya mau tanyakan..","22/5/2026, 16.23.34","1","No","","","https://www.tiktok.com/@didittong"
"=""7633433130497901329""","=""7631207000798429972""","=""7099009095830619137""","makchristiansimamora","makchristiansimamora","itu nangis bahagia😂😂😂. karna dia tau dia gak usah kerja tapi tetap makan 🤣🤣🤣🤣🤣🤣🤣🤣🤣🤣","27/4/2026, 20.39.19","1","No","","","https://www.tiktok.com/@makchristiansimamora"
"=""7631558128752853767""","=""7631207000798429972""","=""7505285603333702674""","agus.bongkeng85","Agus Bongkeng","air mata biadab . langsung gantung","22/4/2026, 19.23.25","1","No","","","https://www.tiktok.com/@agus.bongkeng85"
"=""7631422244250141447""","=""7631207000798429972""","=""6903400260775134209""","niluh.swastika","Niluh Swastika","kapok lu","22/4/2026, 10.36.07","1","No","","","https://www.tiktok.com/@niluh.swastika"
"=""7643315823444968210""","=""7631207000798429972""","=""7104525464903615490""","shiella_aljashira","Shiella_Al_Jashira","karna kerahuan😂","24/5/2026, 11.49.18","0","No","","","https://www.tiktok.com/@shiella_aljashira"
"=""7642954659019539201""","=""7631207000798429972""","=""7387674911182308368""","mr.munz1414","mr.munz1414","🤣🤣🤣🤣 baru nak taubat","23/5/2026, 12.27.44","0","No","","","https://www.tiktok.com/@mr.munz1414"
"=""7641796743978386177""","=""7631207000798429972""","=""7473333105240900628""","seven56783","K-Seven","krna dia tau bakal selesai","20/5/2026, 09.34.31","0","No","","","https://www.tiktok.com/@seven56783"
"=""7640142779062354696""","=""7631207000798429972""","=""7274873478540461062""","bunda.enani","bunda enani","Dia tertawa ..menangis karena kelakuanya orang pemalas ..maunya enak gak mau susah mencari uang sudah resiko hidup atau mati ..terserah yang berwajib.","15/5/2026, 22.36.09","0","No","","","https://www.tiktok.com/@bunda.enani"
"=""7639831996034663189""","=""7631207000798429972""","=""7054183052151260162""","bocah_ragil03","bocah_ragil03","GILIRAN.KETANGKAP.NANGISS..😂😂😂.ABISSS.NYALIIII😂😂","15/5/2026, 02.30.21","0","No","","","https://www.tiktok.com/@bocah_ragil03"
"=""7639584793273778961""","=""7631207000798429972""","=""6967238497636320258""","dhons39","𝐃𝐡𝐨𝐧𝐬","tiba kena ciduk bilang ampun ,klo ngebegal orang GK kasi ampun,
mknya cari duit krja yg halal,loak...","14/5/2026, 10.30.59","0","No","","","https://www.tiktok.com/@dhons39"
"=""7639584412124250898""","=""7631207000798429972""","=""6944218172996715522""","usser1246903408441","usser1246903408441","krna untuk sementara waktu tdk bisa mbegal lagi","14/5/2026, 10.29.28","0","No","","","https://www.tiktok.com/@usser1246903408441"
"=""7639390941069804296""","=""7631207000798429972""","=""6815443171997828098""","dian_gelo","MADAM D","lg terharu kk it, akhirx ketangkepp. dlm hati mampus gua nnti d babak belurrr🤣","13/5/2026, 21.58.41","0","No","","","https://www.tiktok.com/@dian_gelo"
"=""7638625328298132231""","=""7631207000798429972""","=""7283869767315833861""","purnomokediri","I'm so happy","nangis Krn akan dpt selang kasih sayang.
GK inget klo LG mbegal pake bacok korbannya","11/5/2026, 20.27.38","0","No","","","https://www.tiktok.com/@purnomokediri"
"=""7637102786769208084""","=""7631207000798429972""","=""7163612110177944577""","msddd_14","siboan dame","ah siheangon prtnyaan smpah anak gblok lu ya","7/5/2026, 17.59.31","0","No","","","https://www.tiktok.com/@msddd_14"
"=""7635892336740975378""","=""7631207000798429972""","=""7128280338946049025""","sitil541","❤️ anak Desa🥰","munkim minta beliiin baloon😂😂😂","4/5/2026, 11.42.23","0","No","","","https://www.tiktok.com/@sitil541"
"=""7632711529382036242""","=""7631207000798429972""","=""7589574255005025300""","mbah.marko6","Mr,bean","telornya kecepit 😂","25/4/2026, 21.59.08","0","No","","","https://www.tiktok.com/@mbah.marko6"
"=""7632631183423750920""","=""7631207000798429972""","=""6634022292676624386""","bundarezasuryalina","Bunda Reza","paling di dor kakinya, biar tau dia rasa timah panas","25/4/2026, 16.47.22","0","No","","","https://www.tiktok.com/@bundarezasuryalina"
"=""7632470290547753749""","=""7631207000798429972""","=""7137264317213672450""","jarot_permana","🍁JAR0T🍁","minta duit ga di kasih mamah nya","25/4/2026, 06.23.26","0","No","","","https://www.tiktok.com/@jarot_permana"
"=""7632380127611306770""","=""7631207000798429972""","=""7317475677564388357""","inri.ing","inri ing","knp nangis katany jagoo","25/4/2026, 00.33.06","0","No","","","https://www.tiktok.com/@inri.ing"
"=""7632283164266726164""","=""7631207000798429972""","=""7085970019670918171""","suka._sukakamu","Alas Roban","sebentar lagi JD ayam sayur 😃😃","24/4/2026, 18.19.54","0","No","","","https://www.tiktok.com/@suka._sukakamu"
"=""7632209803830035221""","=""7631207000798429972""","=""7517796818358453255""","try226286","lanang sejagat01","kg di ajak😂","24/4/2026, 13.32.17","0","No","","","https://www.tiktok.com/@try226286"
"=""7632167735766696724""","=""7631207000798429972""","=""7119510355861292033""","hdtrizki","Rizki Brader","udah tau endingnya.. makanya nangis duluan","24/4/2026, 10.49.07","0","No","","","https://www.tiktok.com/@hdtrizki"
"=""7632073225337324306""","=""7631207000798429972""","=""7007088022076900354""","maythv30","Mytaetae🐈","maybe efek obat nya abis😒jadi ga bisa belaga gila lagi nganiaya orang orang","24/4/2026, 04.42.15","0","No","","","https://www.tiktok.com/@maythv30"
"=""7632048495293203207""","=""7631207000798429972""","=""7207372191918588929""","diamondhurtss","Junjunie","pas begal paling keras wkwk ditangkap nanges","24/4/2026, 03.06.14","0","No","","","https://www.tiktok.com/@diamondhurtss"
"=""7631977906458084112""","=""7631207000798429972""","=""7095961963028661250""","enthogbodaz","EnthogBodaz","nangis terharu ....dia tau kalo ditangkap tentara...kuku auto mulus, badan auto bentol2 ....bibir auto mirip gurami","23/4/2026, 22.32.20","0","No","","","https://www.tiktok.com/@enthogbodaz"
"=""7631959358712152849""","=""7631207000798429972""","=""7223956003694789634""","aku.gendut76","aku gendut","begal cengeng dia kak..berani SM org lemah. klu SM POLISI ATAU TNI, nangis dia.","23/4/2026, 21.20.20","0","No","","","https://www.tiktok.com/@aku.gendut76"
"=""7631871335655801620""","=""7631207000798429972""","=""7319710684739945477""","penggunaolisamping510",".","kaki nya ke injek 😂","23/4/2026, 15.38.47","0","No","","","https://www.tiktok.com/@penggunaolisamping510"
"=""7631860495440364295""","=""7631207000798429972""","=""7406236563686589445""","candacandasales","Canda Canda Sales ( CCS )","minta jajan....yudh dsuruh main ke markas TNI","23/4/2026, 14.56.43","0","No","","","https://www.tiktok.com/@candacandasales"
"=""7631816028293022485""","=""7631207000798429972""","=""6811467643054408706""","kikybgr","KIKY BGR","terharu dia","23/4/2026, 12.04.17","0","No","","","https://www.tiktok.com/@kikybgr"
"=""7631815217537958677""","=""7631207000798429972""","=""7434004147160925185""","sempakbolong540","TetapJadiGembel","menangis karna tau bakalan di kasih pukulan kasih sayang 😂😂","23/4/2026, 12.01.03","0","No","","","https://www.tiktok.com/@sempakbolong540"
"=""7631763938779022097""","=""7631207000798429972""","=""7022638255736783898""","tina0881037211666","tina0881037211666","udah tau cengeng ngambil kerjaan begal🤣🤣🤣","23/4/2026, 08.46.18","0","No","","","https://www.tiktok.com/@tina0881037211666"
"=""7631428426059399937""","=""7631207000798429972""","=""7331352209224156166""","muliaagung39","Alam raya","Mintak susu","22/4/2026, 11.00.17","0","No","","","https://www.tiktok.com/@muliaagung39"
"=""7631384152621908753""","=""7631207000798429972""","=""7559907931656307713""","arfarazelarvan","Lapendos..","pth kan lherny pak","22/4/2026, 08.08.36","0","No","","","https://www.tiktok.com/@arfarazelarvan"
"=""7631376651599676168""","=""7631207000798429972""","=""7244046743728849921""","zahariahria","zahariah","Krna nnti dia gk nangis lg mulutnya bengkak d taboki","22/4/2026, 07.39.24","0","No","","","https://www.tiktok.com/@zahariahria"
"=""7631369589024899857""","=""7631207000798429972""","=""7107229817326928922""","ovicazzamabil2","ovicazzamabil","hbs bensin bang","22/4/2026, 07.11.55","0","No","","","https://www.tiktok.com/@ovicazzamabil2"
"=""7631364602726875924""","=""7631207000798429972""","=""7120087680645743617""","abdulkhasan32","Mr Han 017","matahya kena debu 😭 jd nangis","22/4/2026, 06.52.37","0","No","","","https://www.tiktok.com/@abdulkhasan32"
"=""7631201453370409749""","=""7631207000798429972""","=""7056278039679812610""","user611111111322","user11233557","ingat anak istri x","22/4/2026, 05.50.34","0","No","","","https://www.tiktok.com/@user611111111322"
"=""7631334316177425173""","=""7631207000798429972""","=""6965373646992163842""","dipapio0","dipapio","keinjek kaki nya","22/4/2026, 04.55.00","0","No","","","https://www.tiktok.com/@dipapio0"
"=""7631329489616519956""","=""7631207000798429972""","=""6769834673788093442""","adrenaldi2","aree","emg gitu bro,pas beramai dia paling jago dan bawak senjata","22/4/2026, 04.36.21","0","No","","","https://www.tiktok.com/@adrenaldi2"
"=""7631325886746772240""","=""7631207000798429972""","=""7476652435814106128""","unknownisreal53","FQR","supaya aparatnya iba githo.... 😁😁😂","22/4/2026, 04.22.20","0","No","","","https://www.tiktok.com/@unknownisreal53"
"=""7631209149632119559""","=""7631207000798429972""","=""7597076126938432530""","badung0211","Dari kontak anda","karna sendirian,coba kalau rame pasti kreak😁😁😁,nyali patungan ya gitu","21/4/2026, 20.49.08","0","No","","","https://www.tiktok.com/@badung0211"
"=""7631344595858637575""","=""7631207000798429972""","=""6895690307045835777""","wulandari1934","ratu","biasa nya kalo yg nangis gitu Kepasa melakukan nya, maaf jika salah🙏🙏🙏","22/4/2026, 05.34.49","0","No","","","https://www.tiktok.com/@wulandari1934"
"=""7641764965157896976""","=""7631207000798429972""","=""7270886927586313222""","pak.darmuji78","Pak Darmuji","pura"" tu bang","20/5/2026, 07.31.27","1","No","","","https://www.tiktok.com/@pak.darmuji78"
"=""7639999756408865557""","=""7631207000798429972""","=""7270113995167958022""","julian_040717","-^^3!$t@r_","biasa kebanyakan nonton drakor🤣🤣🤣","15/5/2026, 13.26.44","1","No","","","https://www.tiktok.com/@julian_040717"
"=""7631355448633361170""","=""7631207000798429972""","=""7429662071517824005""","arizabalaga42","Arizabalaga","katanya reman ??????","22/4/2026, 06.17.01","1","No","","","https://www.tiktok.com/@arizabalaga42"
"=""7631308903178994452""","=""7631207000798429972""","=""7306420461382059014""","itzmanz22","man²²","terharu kayak nya😃","22/4/2026, 03.18.05","1","No","","","https://www.tiktok.com/@itzmanz22"
"=""7638151732794950418""","=""7631207000798429972""","=""7434135932553626640""","yuniarto73","mochi","terharu","10/5/2026, 13.49.56","0","No","","","https://www.tiktok.com/@yuniarto73"
"=""7632576343297114887""","=""7631207000798429972""","=""7306743478103950341""","andhika7374","andhika","mungkin karena ngk d beliin es krim kak","25/4/2026, 13.14.30","0","No","","","https://www.tiktok.com/@andhika7374"
"=""7631587258541622034""","=""7631207000798429972""","=""6946852855328850945""","ferdinad69","Agus gp","atit","22/4/2026, 21.16.20","0","No","","","https://www.tiktok.com/@ferdinad69"
"=""7631254717814129425""","=""7631207000798429972""","=""7267426369771144197""","kubil_2024","kubil","akting","21/4/2026, 23.48.29","0","No","","","https://www.tiktok.com/@kubil_2024"
"=""7631367965582344981""","=""7631207000798429972""","=""6587363075853828098""","leocristoverpphn","PARDOLOK-DOLOK","😂😂","22/4/2026, 07.05.49","0","No","","","https://www.tiktok.com/@leocristoverpphn"
"=""7641637385868034824""","","=""6886820591094088705""","wahyuy_yudy","🔥wahyudy-yudy🔥","jangan gitu pak itu manusia juga","19/5/2026, 23.15.57","4","No","56","No","https://www.tiktok.com/@wahyuy_yudy"
"=""7642174707329303317""","=""7641637385868034824""","=""7453377957936366597""","eko.prasetyo928","mama alleetha 🥰","emangnya yg di begal bukan manusia
dia aj KLO begal orang GK mikir GK kasian sama korbannya bahkan sadis","21/5/2026, 10.01.21","22","No","","","https://www.tiktok.com/@eko.prasetyo928"
"=""7642218342497403666""","=""7641637385868034824""","=""7505832421398447112""","jualankuota","Jualan Kuota All Operator","pengen gua gampar lu bng","21/5/2026, 12.50.26","15","No","","","https://www.tiktok.com/@jualankuota"
"=""7641715122822169365""","=""7641637385868034824""","=""6995544965598905345""","rian_brena","~Rian~","komplotan nya nih","20/5/2026, 04.17.57","13","No","","","https://www.tiktok.com/@rian_brena"
"=""7642202755629875976""","=""7641637385868034824""","=""7266602294983853061""","joki3179","Joki","dia memang manusia tapi tindakan kriminalnya bisa hasin nyawa orang
jika itu yang kena dari keluarga anda
pasti anda ga bisa komentar seperti kayak orang bijak","21/5/2026, 11.50.03","11","No","","","https://www.tiktok.com/@joki3179"
"=""7642201150351704849""","=""7641637385868034824""","=""7470698690706654225""","suriyanti910","suriyanti910","begal di Medan klu sudah beraksih parah banget biar tau , orang bunting aja di tebas begal , mati di tempat lagi","21/5/2026, 11.43.46","12","No","","","https://www.tiktok.com/@suriyanti910"
"=""7642199241439527697""","=""7641637385868034824""","=""7503165443076129809""","mafruhah.maf","Taurus","owh masa emng dia manusia sya baru tau😂","21/5/2026, 11.36.22","11","No","","","https://www.tiktok.com/@mafruhah.maf"
"=""7641728265568273159""","=""7641637385868034824""","=""7614140102185550869""","vera11907","vera","ini mesti begal","20/5/2026, 05.08.45","11","No","","","https://www.tiktok.com/@vera11907"
"=""7642513718559458056""","=""7641637385868034824""","=""6922044805682037762""","hendraalikhan","Hendra alikhan","gw doain,biar nti u yg kena begal yah.","22/5/2026, 07.56.46","1","No","","","https://www.tiktok.com/@hendraalikhan"
"=""7642509798756729607""","=""7641637385868034824""","=""7456448283888845825""","yurike.firman6","Yurike Firman😘🥰🐣🦊","oooo wahyudi maleng iki🤣🤣🤣🤣","22/5/2026, 07.41.44","1","No","","","https://www.tiktok.com/@yurike.firman6"
"=""7642502007445750544""","=""7641637385868034824""","=""6952852382910284802""","antoniokuswanto","antoniokuswanto","kebanyakan coli SM benconk","22/5/2026, 07.11.21","1","No","","","https://www.tiktok.com/@antoniokuswanto"
"=""7642331520631915265""","=""7641637385868034824""","=""7027718109398369306""","pengguna.tik_tok","Pengguna Tiktok ☑️","temuan yuk gw mau kenalan sama elu","21/5/2026, 20.09.50","1","No","","","https://www.tiktok.com/@pengguna.tik_tok"
"=""7643508800976749313""","=""7641637385868034824""","=""7083231011450307585""","jawirkec1l","Jawir ( kecil )","halah klo begal gak tega² nerkam korbannya,,,biarin aja digebukin","25/5/2026, 00.18.05","0","No","","","https://www.tiktok.com/@jawirkec1l"
"=""7643505087294669575""","=""7641637385868034824""","=""7589844740817339408""","adul.nasgor","adul nasgor","ni orang ..nya
siap akan di selidiki ....
mkanya KLO komen hati hati","25/5/2026, 00.03.42","0","No","","","https://www.tiktok.com/@adul.nasgor"
"=""7643501923816276754""","=""7641637385868034824""","=""6957554980150002689""","andisunaryo461","andisunaryo461","kenapa kau bela,seandainya keluargamu yang dibegal dan dibunuh apa sampean pasrah,cam kan.","24/5/2026, 23.51.24","0","No","","","https://www.tiktok.com/@andisunaryo461"
"=""7643489041711399698""","=""7641637385868034824""","=""7625798302102193172""","albayu.reihan.alq","Albayu Reihan Alqhodri","loe blm pernah ngalamin di begal dan di bacok ya","24/5/2026, 23.01.25","0","No","","","https://www.tiktok.com/@albayu.reihan.alq"
"=""7643482451494650645""","=""7641637385868034824""","=""6876064619690427393""","upendi621","pendi","kamu saudara nya, apa komplot tan nya?","24/5/2026, 22.35.49","0","No","","","https://www.tiktok.com/@upendi621"
"=""7643480846901691154""","=""7641637385868034824""","=""7594387342719190036""","user3304481532746","idaman","dh k tangkap blngnya jgn gt pak ad anda byangkn korban2 begal bgt sadis d buat oleh mrka?","24/5/2026, 22.33.57","0","No","","","https://www.tiktok.com/@user3304481532746"
"=""7643479975061127957""","=""7641637385868034824""","=""7602805987691316245""","ignasiusmba","lim","lu ada 0t4k ga sih","24/5/2026, 22.26.24","0","No","","","https://www.tiktok.com/@ignasiusmba"
"=""7643477613462045447""","=""7641637385868034824""","=""7375782724935730181""","prapto.pato6","Prapto Pato","bekal jangan di lumpuhkan pak..pak menteri HAM marah nanti.. begal gak boleh di tembak di tempat..tapi nanti begal nya di buang ke kolam buaya aja pak","24/5/2026, 22.17.03","0","No","","","https://www.tiktok.com/@prapto.pato6"
"=""7643475127519412999""","=""7641637385868034824""","=""7267178763061412870""","tehpucuk5734","tehpucuk5734","yg ngomong monyet sypa emg","24/5/2026, 22.07.26","0","No","","","https://www.tiktok.com/@tehpucuk5734"
"=""7643473129478980369""","=""7641637385868034824""","=""6750411207319192577""","cahgunung063","Liem ban piet","komplotanya ini","24/5/2026, 21.59.39","0","No","","","https://www.tiktok.com/@cahgunung063"
"=""7643453345663075090""","=""7641637385868034824""","=""7421548685219759109""","mardijaya909","Kuánghuān jié","kalau kau kena begal apa kau msh komen bgtu","24/5/2026, 20.42.50","0","No","","","https://www.tiktok.com/@mardijaya909"
"=""7643449922731606802""","=""7641637385868034824""","=""7573747429871731719""","anjaiii934","༄☯᭄✶𝑫'𝑷𝒂𝒔✶᭄","sekali2 kasihbtima panas","24/5/2026, 20.29.34","0","No","","","https://www.tiktok.com/@anjaiii934"
"=""7643449653597307669""","=""7641637385868034824""","=""7225837801933440002""","erlanwahyudi45","erlan75","begal itu bukan manusia dia setan tau","24/5/2026, 20.28.29","0","No","","","https://www.tiktok.com/@erlanwahyudi45"
"=""7643444076959908616""","=""7641637385868034824""","=""6841086986036528129""","supinah77","Supinah","MAAF🙏 JANGAN GITU PAKK LANGSUNG BAKAR KALAU SDH TAU KOMPLOTAN Y🙏","24/5/2026, 20.06.54","0","No","","","https://www.tiktok.com/@supinah77"
"=""7643443162191577873""","=""7641637385868034824""","=""7222271267200877570""","user5639679112833","user5639679112833","ngomonglu itu manusia, dia gk punya perasaan gk punya iman sama kayak kamu begok","24/5/2026, 20.03.37","0","No","","","https://www.tiktok.com/@user5639679112833"
"=""7643436264444756744""","=""7641637385868034824""","=""6978290220438012929""","mandormahkuat55","Docktor 12 vol","goblog..klo ga af polisi bakar","24/5/2026, 19.36.36","0","No","","","https://www.tiktok.com/@mandormahkuat55"
"=""7643435557889491729""","=""7641637385868034824""","=""7566216759637918728""","yudah524","yudah","kau belom kena begal ya...uda coba dirimu di begal ...kalo belom nanti giliranmu baru tau rasa lo...","24/5/2026, 19.33.57","0","No","","","https://www.tiktok.com/@yudah524"
"=""7643435519950701332""","=""7641637385868034824""","=""7243396518589170694""","eko.priyono85","SATRIA BAJA HITAM","elo komplatan begal jga ??","24/5/2026, 19.33.39","0","No","","","https://www.tiktok.com/@eko.priyono85"
"=""7643432294958908168""","=""7641637385868034824""","=""6606846633433939970""","rifkyapriyandi","rifkyapriyandi","kalo gw disana juga reflek bakalan injek kepalanya bang 😂","24/5/2026, 19.21.11","0","No","","","https://www.tiktok.com/@rifkyapriyandi"
"=""7643425847596827399""","=""7641637385868034824""","=""7604015872357991445""","ali.sabana019","bos kecil rental mobil","klo kluarga kmu dibegal trs tebs leher. y perasaan kmu gimna","24/5/2026, 18.56.09","0","No","","","https://www.tiktok.com/@ali.sabana019"
"=""7643408436449837832""","=""7641637385868034824""","=""7188755632769565697""","alinm73","4l!","manusia ya?","24/5/2026, 17.48.38","0","No","","","https://www.tiktok.com/@alinm73"
"=""7643399879453016848""","=""7641637385868034824""","=""7632646102374368263""","muliadi.skw","muliadi Skw","coba kena keluarga mu dibegal apa kau akan berkata manusia kadrun kamu","24/5/2026, 17.15.23","0","No","","","https://www.tiktok.com/@muliadi.skw"
"=""7643389270670230289""","=""7641637385868034824""","=""6934671322367247362""","adzrilalfrezi","Adzril Alfrezi","itu BKN manusia","24/5/2026, 16.34.21","0","No","","","https://www.tiktok.com/@adzrilalfrezi"
"=""7643388860484092673""","=""7641637385868034824""","=""6876783594280027138""","fannyfanny359","Fanny Fanny359","dia mank manusia tp manusia GK ada ahlak kl mbegal bisa bebas leher org LBH sadis","24/5/2026, 16.32.40","0","No","","","https://www.tiktok.com/@fannyfanny359"
"=""7643388071739949831""","=""7641637385868034824""","=""6952024207987868673""","raipro.id","RAIPRO.ID","betul manusia. manusia berakhlak syetan😏","24/5/2026, 16.29.33","0","No","","","https://www.tiktok.com/@raipro.id"
"=""7643378236558902024""","=""7641637385868034824""","=""7508961909963703304""","lilis.royani94","Lilis Royani","taekk tembak di tmpt aku setuju tuh begal","24/5/2026, 15.51.29","0","No","","","https://www.tiktok.com/@lilis.royani94"
"=""7643376053104870152""","=""7641637385868034824""","=""6814687637828305922""","ufwefwefwe","Solasoss","Kontolmu","24/5/2026, 15.42.56","0","No","","","https://www.tiktok.com/@ufwefwefwe"
"=""7643357653645017874""","=""7641637385868034824""","=""7626750258480186376""","jcszpicsnaa","𑣲⋆.Naa","Kamu komplotan nya ya?","24/5/2026, 14.31.33","0","No","","","https://www.tiktok.com/@jcszpicsnaa"
"=""7643350673988616968""","=""7641637385868034824""","=""7085500178090361882""","tasirah123195","Tasirah 123195","kirain begal bukan manusia","24/5/2026, 14.04.32","0","No","","","https://www.tiktok.com/@tasirah123195"
"=""7643349889322009364""","=""7641637385868034824""","=""6787755753618916354""","vareng61","SURAM","ni ketua begal","24/5/2026, 14.01.27","0","No","","","https://www.tiktok.com/@vareng61"
"=""7643344858787119892""","=""7641637385868034824""","=""7563275316924597266""","zhaviaanisyatuzah","Nenaa","itu manusia udah jahat merugikan orang lain biarkan saja","24/5/2026, 13.47.17","0","No","","","https://www.tiktok.com/@zhaviaanisyatuzah"
"=""7643344049164321543""","=""7641637385868034824""","=""6981793456465724418""","b3l4ng21","A","kalu manusia Lin jadi korban dan lebih banyak lagi ,apa begal pandang manusia sebagai manusia juga","24/5/2026, 13.38.46","0","No","","","https://www.tiktok.com/@b3l4ng21"
"=""7643341402294027016""","=""7641637385868034824""","=""7625268996791108626""","akamaiai7","akamaiai7","tangkap juga org ini temennya keknya","24/5/2026, 13.28.26","0","No","","","https://www.tiktok.com/@akamaiai7"
"=""7643337514035872519""","=""7641637385868034824""","=""6916158020532143105""","ahmadsugandi276","mister","emang nya dia mikirin orang yg di begal , udh gasak rata kanan","24/5/2026, 13.13.24","0","No","","","https://www.tiktok.com/@ahmadsugandi276"
"=""7643328427009540884""","=""7641637385868034824""","=""7095661930371613697""","kusnan9833","Kusnan9833","taek taek","24/5/2026, 12.43.39","0","No","","","https://www.tiktok.com/@kusnan9833"
"=""7643328885988147975""","=""7641637385868034824""","=""7159880708575642651""","user6998582522375","Indah Yulianti","emangx yg dibegal dia monyet ya !!bagaimana klo kamu di begal di bacok di perkosa n di ambil motormu !!! apa kamu mikir dia manusia !!","24/5/2026, 12.39.55","0","No","","","https://www.tiktok.com/@user6998582522375"
"=""7643327909193958152""","=""7641637385868034824""","=""6965996173590561794""","nall_mioz","Mios_zall","terus kalau dia ngelukai & membunuh orang lain yang gak bersalah dia pulang kerja yang keluar nunggu dirumah. apakah masih dipanggil manusia???","24/5/2026, 12.36.10","0","No","","","https://www.tiktok.com/@nall_mioz"
"=""7643327755216077575""","=""7641637385868034824""","=""6964983668063880194""","nisma368","nisma368","tp dia sadis..","24/5/2026, 12.35.32","0","No","","","https://www.tiktok.com/@nisma368"
"=""7643322328935351060""","=""7641637385868034824""","=""7455001376444630033""","mardiyono.mardiyo27","Mardiyono Mardiyono","itu bukan manusia tapi iblis karena klu lagi beraksi nyawa siapapun itu TDK ada arti baginya termasuk nyawa kau klu pas lagi kena iblis ini","24/5/2026, 12.14.26","0","No","","","https://www.tiktok.com/@mardiyono.mardiyo27"
"=""7643322139168424725""","=""7641637385868034824""","=""7601933609935029269""","yoyok.pt","yoyok PT","orang ini harus di selidiki. q yakin orang in komplotanya. soalny dri bicaranya udh jlas membela begal🙏🙏","24/5/2026, 12.13.45","0","No","","","https://www.tiktok.com/@yoyok.pt"
"=""7643319165117399825""","=""7641637385868034824""","=""6899852391450493953""","mylovestory2.0","🙎🏽‍♀️Nox'S🙎🏽‍♀️","anak nya begal ya 😂","24/5/2026, 12.02.26","0","No","","","https://www.tiktok.com/@mylovestory2.0"
"=""7643303590479921927""","=""7641637385868034824""","=""7066103242450600962""","imah09042","PT Charamel 05","trua kau kira yanh fi begal hewan bang yg fi begal juga manusia bang kasian juga","24/5/2026, 11.01.47","0","No","","","https://www.tiktok.com/@imah09042"
"=""7643299756068569877""","=""7641637385868034824""","=""7260936535490675717""","feri.xoco","IKORASAKHI","kau manusia gak !!","24/5/2026, 10.47.00","0","No","","","https://www.tiktok.com/@feri.xoco"
"=""7643290252681331464""","=""7641637385868034824""","=""7437848364102517816""","_iiiz76","hayuuu 🐝","komplotan nya tu😅","24/5/2026, 10.10.00","0","No","","","https://www.tiktok.com/@_iiiz76"
"=""7643281916461269776""","=""7641637385868034824""","=""7165375420015232001""","ranawidjaya6","Rana Widjaja 66","langsung buang saja ke pulau terpencil","24/5/2026, 09.38.16","0","No","","","https://www.tiktok.com/@ranawidjaya6"
"=""7643281765699765013""","=""7641637385868034824""","=""7067502659037381634""","ibudesakariawa","ibudesakariawa","Ya btullll manusia tpi jka dia begal nembunuh dg kejm apakah dia inget yg di rampok dan di bunuh juga manusia ??bu","24/5/2026, 09.37.08","0","No","","","https://www.tiktok.com/@ibudesakariawa"
"=""7643276649153741575""","=""7641637385868034824""","=""7078995502804976642""","erlyauliani","erly","blm ngerasain aja, klw ketemu sama begal","24/5/2026, 09.17.23","0","No","","","https://www.tiktok.com/@erlyauliani"
"=""7643274910982734593""","=""7641637385868034824""","=""7374965068051039248""","najwamadiun","wina pratama🥰","km temannya,, klo gua malah tak suruh buang ke laut g guna,, 🙄🙄","24/5/2026, 09.14.12","0","No","","","https://www.tiktok.com/@najwamadiun"
"=""7643272742444319508""","=""7641637385868034824""","=""7114383653555471387""","jefri.manaroinsong","jefri manaroinsong lambe","saya ingin lihat reaksimu ketika saudaramu dibegal","24/5/2026, 09.02.24","0","No","","","https://www.tiktok.com/@jefri.manaroinsong"
"=""7643270979867476744""","=""7641637385868034824""","=""7004077814002533403""","kudin1648","Kudin1648","lo aja yang di begal kalau gitu","24/5/2026, 08.55.14","0","No","","","https://www.tiktok.com/@kudin1648"
"=""7643267443347014407""","=""7641637385868034824""","=""7366926369014612997""","lin.dong91","𝐗𝐈𝐀𝐎 𝐘𝐀𝐍","Kluarga Begal ya 😅","24/5/2026, 08.41.28","0","No","","","https://www.tiktok.com/@lin.dong91"
"=""7643261367517315860""","=""7641637385868034824""","=""7640395384951342098""","idris.y.s","Idris y.s.","manusia apa manusia bejat
dia pun sama mangsa ngak ada kasian
lanjutkan pak diar aman penguna sepeda motor dll","24/5/2026, 08.18.18","0","No","","","https://www.tiktok.com/@idris.y.s"
"=""7643250220859441927""","=""7641637385868034824""","=""6933854027461657601""","marcotulaila","marco","geng begal 😅","24/5/2026, 07.34.39","0","No","","","https://www.tiktok.com/@marcotulaila"
"=""7643249261821625095""","=""7641637385868034824""","=""6907849819571307522""","mr.bluesky977","blue_sky","komplotan nya nih....
tandain... biar di jemput saekalian","24/5/2026, 07.31.09","0","No","","","https://www.tiktok.com/@mr.bluesky977"
"=""7643243923075367700""","=""7641637385868034824""","=""7222810232745182210""","iloveyoudede0","Chococip.........","begal klo udh dpt mangsa klo ngebac*k sadis sampe metong, sgitu msh blm sbrapa","24/5/2026, 07.10.29","0","No","","","https://www.tiktok.com/@iloveyoudede0"
"=""7643230982455640850""","=""7641637385868034824""","=""7069061974739387394""","sulastri_046","astri","begal biarin aj kurang ajar","24/5/2026, 06.27.23","0","No","","","https://www.tiktok.com/@sulastri_046"
"=""7643231413168653074""","=""7641637385868034824""","=""6993693442804302875""","cintanazla_","CintaNazla631","manusia apanya..dia aja seenaknya bacok orang..😡😡","24/5/2026, 06.21.45","0","No","","","https://www.tiktok.com/@cintanazla_"
"=""7643227758437614343""","=""7641637385868034824""","=""7252686252796888070""",".memey4","MEMEY","klau manusia se enak nya ngerampas motor org sampai yg punya motor tewas d tmpt","24/5/2026, 06.07.41","0","No","","","https://www.tiktok.com/@.memey4"
"=""7643224564101726997""","=""7641637385868034824""","=""7062315632843211802""","bangmar2003","𝓜𝓐𝓡 ✧","[Stiker] tolol nya tolol bgt😹","24/5/2026, 05.55.31","0","No","","","https://www.tiktok.com/@bangmar2003"
"=""7643221627169456914""","=""7641637385868034824""","=""7492655357921051649""","desdes1400","desdes","hukum alam itu kak, dia aja begal orang gak mikir nyawa orang giliran ketangkep dipukulin nangis"".sok jagoan padahal beraninya berame"" sama pakai sajam","24/5/2026, 05.43.55","0","No","","","https://www.tiktok.com/@desdes1400"
"=""7643220567370728199""","=""7641637385868034824""","=""6960905125632361473""","alamsialamyah","Alam","taiiiiiiii","24/5/2026, 05.39.53","0","No","","","https://www.tiktok.com/@alamsialamyah"
"=""7643219631399174932""","=""7641637385868034824""","=""6982530666730898434""","aliimron015","aliimron015","yang bilang monyet siapa","24/5/2026, 05.36.28","0","No","","","https://www.tiktok.com/@aliimron015"
"=""7643218704004875016""","=""7641637385868034824""","=""7508772861131097093""","roy388180","roy","Untung kau ga dekat aku . Kalo dekat aku kau ngomong begini udah aku kasih cap lima jari kau","24/5/2026, 05.32.33","0","No","","","https://www.tiktok.com/@roy388180"
"=""7643213229237650197""","=""7641637385868034824""","=""7513756312766514196""","ica_lisway99","Ica_lisway99💚🍀",":anji***peng gua tabok muke lu","24/5/2026, 05.11.21","0","No","","","https://www.tiktok.com/@ica_lisway99"
"=""7643212953470501650""","=""7641637385868034824""","=""7410697923652846597""","lintang.kemukus18","M, Verdi Risqula al fatih","𝚘𝚑 𝚔𝚒𝚛𝚊𝚒𝚗 𝚜𝚎𝚝𝚊𝚗","24/5/2026, 05.10.05","0","No","","","https://www.tiktok.com/@lintang.kemukus18"
"=""7643198818377302791""","=""7641637385868034824""","=""7062262901067662338""","alfianpian686","Alfian","PELAKU NYA NIH YG BLUM KETANGKEP","24/5/2026, 04.15.16","0","No","","","https://www.tiktok.com/@alfianpian686"
"=""7643189865966469896""","=""7641637385868034824""","=""7285628119061644294""","nur.aminahnur325g","✌️Arumi✌️","itu bkn manusia tp ib...s berwujud manusia, pas begl aja sok sprt jagoan pas d tngkp polisi nangis"" mnt ampun...","24/5/2026, 03.40.30","0","No","","","https://www.tiktok.com/@nur.aminahnur325g"
"=""7643178940937634567""","=""7641637385868034824""","=""6816226237188391937""","afaiya1701","Matahari_TeletuBies","semoga kena ya lu bro. biar g blg mereka2 itu manusia","24/5/2026, 02.58.08","0","No","","","https://www.tiktok.com/@afaiya1701"
"=""7643178237161538325""","=""7641637385868034824""","=""7221950345738765313""","w4hyu012","Aisyah112","seumpama nya anak km kenak begal seprti itu apakah km ngomong seprti itu juga,bahkan anak km sampai luka parah","24/5/2026, 02.55.24","0","No","","","https://www.tiktok.com/@w4hyu012"
"=""7643177693097722644""","=""7641637385868034824""","=""7478937889516078098""","bagiyo.bagiyo97","bagiyobagiyo97","komplotane iki","24/5/2026, 02.53.24","0","No","","","https://www.tiktok.com/@bagiyo.bagiyo97"
"=""7643170348738331393""","=""7641637385868034824""","=""6579338599886815234""","suparmankwkwk","Suparman Kw","Lu bisa komen gitu karena lu atau keluarga lu belum pernah kena begal","24/5/2026, 02.24.48","0","No","","","https://www.tiktok.com/@suparmankwkwk"
"=""7643167307602166546""","=""7641637385868034824""","=""7444078499638051895""","mardji010","wisanggeni","pean blm pernah kena pegal tangan putus nyawa hmpir melayang","24/5/2026, 02.12.51","0","No","","","https://www.tiktok.com/@mardji010"
"=""7643163873701675793""","=""7641637385868034824""","=""7259754933875983362""","itsromlii","B e n t o o","Ini bagian dari mereka juga mungkin pak😂 tolong di chek","24/5/2026, 02.00.05","0","No","","","https://www.tiktok.com/@itsromlii"
"=""7643159413831172872""","=""7641637385868034824""","=""7054369788231058459""","citratantrina685","Citra Tantrina685","mreka mikir gk nebas2 org untuk rampas barangnya","24/5/2026, 01.42.21","0","No","","","https://www.tiktok.com/@citratantrina685"
"=""7643148923628225298""","=""7641637385868034824""","=""7198690782075683842""","adityaadit5515","adityaadit5515","kompotan begalnya ni pasti","24/5/2026, 01.01.32","0","No","","","https://www.tiktok.com/@adityaadit5515"
"=""7643147486459495184""","=""7641637385868034824""","=""6976896407849829381""","zhyramzhyran","zhyramzhyran","anak ny mntri HAM si orang utan luh ya","24/5/2026, 00.55.59","0","No","","","https://www.tiktok.com/@zhyramzhyran"
"=""7643140466684543764""","=""7641637385868034824""","=""7575148749731808276""","ocil12000","𝕆ℂ𝕀𝕃 𝟙𝟚𝟘𝟘𝟘","mungkin kamu keluarga begar","24/5/2026, 00.34.17","0","No","","","https://www.tiktok.com/@ocil12000"
"=""7643138728194425617""","=""7641637385868034824""","=""7129938853813961755""","ray80rey80","rayhanalghibran","km temannya ya?","24/5/2026, 00.22.02","0","No","","","https://www.tiktok.com/@ray80rey80"
"=""7643133827154314004""","=""7641637385868034824""","=""6788309437004022786""","pettii25","PETI19974","Apa pun itu dia tanmah itu lah dia petik jadi resiko","24/5/2026, 00.03.01","0","No","","","https://www.tiktok.com/@pettii25"
"=""7643132006532760340""","=""7641637385868034824""","=""6931215745850491906""","yantoiba6","yantoiba","bgmn kl yg jadi korban anak isterimu?","23/5/2026, 23.55.54","0","No","","","https://www.tiktok.com/@yantoiba6"
"=""7643131412002931463""","=""7641637385868034824""","=""7263797800147354630""","tersakiti4698","korea","yg binatang itu kn kmu???","23/5/2026, 23.53.37","0","No","","","https://www.tiktok.com/@tersakiti4698"
"=""7643129583873688338""","=""7641637385868034824""","=""7405410070774023173""","samsul.hadi3572","m","ktangkp nangis,mntp pak pol👍","23/5/2026, 23.46.33","0","No","","","https://www.tiktok.com/@samsul.hadi3572"
"=""7643128472345674517""","=""7641637385868034824""","=""6885306984041874433""","itsme.2506","it's me82","belom merasakan kena begal yee, mKanya bisa komen seperti itu","23/5/2026, 23.42.21","0","No","","","https://www.tiktok.com/@itsme.2506"
"=""7643127509979300609""","=""7641637385868034824""","=""6907508210145838081""","wongkhene511","wongkhene511","inget g kl pas begal sadis y minta ampun giliran di tangkep nanngis","23/5/2026, 23.38.29","0","No","","","https://www.tiktok.com/@wongkhene511"
"=""7643123579072185108""","=""7641637385868034824""","=""7567082068547781649""","bm.property48","ALAT BANGUNAN & FROPERTY","lu komplotannya ya","23/5/2026, 23.23.11","0","No","","","https://www.tiktok.com/@bm.property48"
"=""7643118921717662482""","=""7641637385868034824""","=""6907249289061286913""","pandjiismayadihs","Pandji Ismayadi  (Ai Creator)","Seharusnya begitu kalau tidak mau di begal 😂😂 bagus, 👍","23/5/2026, 23.09.01","0","No","","","https://www.tiktok.com/@pandjiismayadihs"
"=""7643116096045138689""","=""7641637385868034824""","=""6985536763013039105""","ami92emil","Emilius Emilius842","Trus klo korban begal nya ente gimana???","23/5/2026, 22.54.35","0","No","","","https://www.tiktok.com/@ami92emil"
"=""7643110293644722951""","=""7641637385868034824""","=""7490436750218839047""","ohdaeyee","🦋","jd curiga gue ma lu,jgn² lu komplotan nya ya","23/5/2026, 22.31.40","0","No","","","https://www.tiktok.com/@ohdaeyee"
"=""7643109252332045057""","=""7641637385868034824""","=""7238949629244425234""","mantandemang","Mantan Demang 234","manusia jahat hrs di basmi biar masyarakat aman","23/5/2026, 22.27.45","0","No","","","https://www.tiktok.com/@mantandemang"
"=""7643104921164497665""","=""7641637385868034824""","=""7420640200118879238""","user5292080870973","user5292080870973","kayak nya setuju sama begal ni org","23/5/2026, 22.11.02","0","No","","","https://www.tiktok.com/@user5292080870973"
"=""7643104860791096065""","=""7641637385868034824""","=""7606644137844474901""","zal.buser","zal buser","maaf bos yg namanya begal klg beraksi ng ada intilah manusia,,,ibuk hamil aja ditebas mati di tenpat.","23/5/2026, 22.10.41","0","No","","","https://www.tiktok.com/@zal.buser"
"=""7643103081941861140""","=""7641637385868034824""","=""6914637461347943426""","antoniusandrean0","antoni99","apakah begal juga berfikir spt itu, saat melukai korbanya..??","23/5/2026, 22.03.48","0","No","","","https://www.tiktok.com/@antoniusandrean0"
"=""7643101077131313928""","=""7641637385868034824""","=""7361846123784700946""","jongkskyy","jonggskayy","Manusia stgh setan","23/5/2026, 21.55.56","0","No","","","https://www.tiktok.com/@jongkskyy"
"=""7643098146923627282""","=""7641637385868034824""","=""7506168458502685714""","ajudan0401","Ajudan","Mungkin Anda bagian dri mereka","23/5/2026, 21.44.32","0","No","","","https://www.tiktok.com/@ajudan0401"
"=""7643096874430169876""","=""7641637385868034824""","=""6999268501563753474""","jagat3131","jagat3131","rupanya kamu termasuk kawanan mereka yg belum ketangkap","23/5/2026, 21.39.38","0","No","","","https://www.tiktok.com/@jagat3131"
"=""7643092389364892434""","=""7641637385868034824""","=""7594471681440384007""","hanamulyana02","Hana Mulyana","korban begal nya juga manusia bos","23/5/2026, 21.28.04","0","No","","","https://www.tiktok.com/@hanamulyana02"
"=""7643092565391541009""","=""7641637385868034824""","=""7201087207560594433""","baso.gangga","baso gangga","iya memang manusia..tp klo beraksi dianggap binatang semua mangsax..","23/5/2026, 21.23.13","0","No","","","https://www.tiktok.com/@baso.gangga"
"=""7643091728669377300""","=""7641637385868034824""","=""7253044921787139077""","ruhimat.heru","ruhimat heru","terus yg di begal dia manusia bukan","23/5/2026, 21.19.41","0","No","","","https://www.tiktok.com/@ruhimat.heru"
"=""7643091403799085832""","=""7641637385868034824""","=""7090928684898534402""","maman_abdulrahman","MaMan DM","jadi pingin ketawa baca komen anda","23/5/2026, 21.18.21","0","No","","","https://www.tiktok.com/@maman_abdulrahman"
"=""7643091201332134677""","=""7641637385868034824""","=""7093126046702896154""","m.km294","M Km","terus yg di begal tu bukan manusia kh","23/5/2026, 21.17.45","0","No","","","https://www.tiktok.com/@m.km294"
"=""7643080382467818257""","=""7641637385868034824""","=""6962365854072734725""","rnlselalu","R3N4L@2934339679057","manusia ko Jd begal Jd pembunuh..itu orng gak punya orng tuaa gak ada didikan dr lahir ...","23/5/2026, 20.35.41","0","No","","","https://www.tiktok.com/@rnlselalu"
"=""7643078325985067794""","=""7641637385868034824""","=""6851123169252983810""","bolkov62","bolkov62","broo begal juga GK mengenal perikemanusiaan bisa membunuh korban, ngapain kmu bela","23/5/2026, 20.27.41","0","No","","","https://www.tiktok.com/@bolkov62"
"=""7643077748269875989""","=""7641637385868034824""","=""6772142434324497409""","adediazfernanda","Ade diaz Fernanda","dia juga g manusiawi sama korban nya mas..tega begal orang yg mau cari nafkah","23/5/2026, 20.25.34","0","No","","","https://www.tiktok.com/@adediazfernanda"
"=""7643072796952167186""","=""7641637385868034824""","=""7156659253749974042""","wefarmkaligesing","WEFarmKaligesing","Manusia begal, sama aja dajal yg kejam, apa perlu di kasihani? Ingat korban begal? Kadang cacat permanen, kadang meninggal, kadang kehilangan mata pencaharian dll","23/5/2026, 20.06.07","0","No","","","https://www.tiktok.com/@wefarmkaligesing"
"=""7643072509688283905""","=""7641637385868034824""","=""7381373627340358662""","fiat.fiat74","Fiat Fiat","mana ada manusia macam itu
itu begal paling sadis sesadis2 nya
anak2 pun sama dia disikat abis
maksudnya manusia mana yg kamu pertanyakan","23/5/2026, 20.05.13","0","No","","","https://www.tiktok.com/@fiat.fiat74"
"=""7643067060809466645""","=""7641637385868034824""","=""7448668329085174792""","jayanti.titi","Jayanti Titi","dia aja klau begal orang lbih kejam","23/5/2026, 19.43.55","0","No","","","https://www.tiktok.com/@jayanti.titi"
"=""7643060246978151184""","=""7641637385868034824""","=""7017543820619809794""","akangukik","Kang Bejo","emang betul diakan manusia,kalo ajg gk bs jd begl.","23/5/2026, 19.17.28","0","No","","","https://www.tiktok.com/@akangukik"
"=""7643059703655727893""","=""7641637385868034824""","=""7268200800798999557""","shandy7854","shandy","masihbsaza mendukung begal","23/5/2026, 19.15.20","0","No","","","https://www.tiktok.com/@shandy7854"
"=""7643057486681948949""","=""7641637385868034824""","=""7302760392202535941""","rikiarmada937","Riki Armada","serahkan ke masyarakat biar di massa","23/5/2026, 19.11.07","0","No","","","https://www.tiktok.com/@rikiarmada937"
"=""7643055751842104085""","=""7641637385868034824""","=""7584064020597130248""","bejo.susanto21","Bejo Susanto","o kamu juga begal👍","23/5/2026, 19.00.06","0","No","","","https://www.tiktok.com/@bejo.susanto21"
"=""7643048350354572052""","=""7641637385868034824""","=""7182586330105414682""","fabianstorypemala","Anita hara","manusia biadab","23/5/2026, 18.33.25","0","No","","","https://www.tiktok.com/@fabianstorypemala"
"=""7643048549273600776""","=""7641637385868034824""","=""7257933721180029957""","ida.rosida180","ida rosida","dia juga ga punya perasaan","23/5/2026, 18.32.05","0","No","","","https://www.tiktok.com/@ida.rosida180"
"=""7643047680890405653""","=""7641637385868034824""","=""6811077186704376834""","cainoscare","decai","wahyudi toolol","23/5/2026, 18.28.44","0","No","","","https://www.tiktok.com/@cainoscare"
"=""7643040073176810261""","=""7641637385868034824""","=""7159229930383082522""","niko_arrddd","Niko","bacott lah","23/5/2026, 17.59.18","0","No","","","https://www.tiktok.com/@niko_arrddd"
"=""7643038908343304976""","=""7641637385868034824""","=""6807131887779103745""","kasmuri98","Kasmuri98","tembak saja manusia apa jika keluargamu yg di begal masih bilang begitu kah","23/5/2026, 17.54.40","0","No","","","https://www.tiktok.com/@kasmuri98"
"=""7643033252768826113""","=""7641637385868034824""","=""7234668207814509575""","dukiahmutiah","user12347476947","lah begal lebih brutal loh bunuh orang dg cara sadis. bgal tuh g usah d sihani","23/5/2026, 17.32.44","0","No","","","https://www.tiktok.com/@dukiahmutiah"
"=""7643027960082498311""","=""7641637385868034824""","=""6885369269888123906""","riantisalon__2","Barbie salon 02","manusia tapi bs sadis ,bs potong kpl org ,bgian apa aja yg bs kena dia begal","23/5/2026, 17.20.01","0","No","","","https://www.tiktok.com/@riantisalon__2"
"=""7643028674602533633""","=""7641637385868034824""","=""7158633512727331845""","segarajaya0","segarajaya421","di begal org niaya org ada rasa manusia nya nggak","23/5/2026, 17.15.21","0","No","","","https://www.tiktok.com/@segarajaya0"
"=""7643024745047114516""","=""7641637385868034824""","=""7376239521333969926""","pak.yadi416","pak yadi","biyar kapok begal sadis kapok","23/5/2026, 16.59.42","0","No","","","https://www.tiktok.com/@pak.yadi416"
"=""7643012522085729040""","=""7641637385868034824""","=""7516542010003719169""","h778018","H","nanti kalau anda jadi korban pembegalannya mending klo cuma diambil motornya doang tapi kalau dibacok juga bahkan sampai dibunuh apakah kata dia manusia juga bakalan terucap dari mulut anda","23/5/2026, 16.12.28","0","No","","","https://www.tiktok.com/@h778018"
"=""7642971570546606868""","=""7641637385868034824""","=""7246227581811852290""","miska.assegafe79","M 15 KA","besok lo ya tebas bang,,memang dia manusia juga tpi tidak memanusiakan manusia lain","23/5/2026, 13.33.31","0","No","","","https://www.tiktok.com/@miska.assegafe79"
"=""7642967786628662034""","=""7641637385868034824""","=""7100434172129707014""","laksono.94","MAS_°L_°","siapa yg ngomong dia hantu bang,,udh tau begal bakar aja idup ""","23/5/2026, 13.18.39","0","No","","","https://www.tiktok.com/@laksono.94"
"=""7642960357720769297""","=""7641637385868034824""","=""7500151502184449025""","bintangjayaframs","BM_FRAMS SITUBONDO _@$#%","iy bilang binatang siapa.","23/5/2026, 12.49.57","0","No","","","https://www.tiktok.com/@bintangjayaframs"
"=""7642957829086872340""","=""7641637385868034824""","=""7044397163347395585""","erna1725","erna","kyany nih rombongan ny,,gimna klau kluarga kmu yng kena begal,,","23/5/2026, 12.40.04","0","No","","","https://www.tiktok.com/@erna1725"
"=""7642956589406208775""","=""7641637385868034824""","=""7634835985742480402""","andy.pramono4","Andy Pramono","Begal kok nangis…..pas korbannya di siksa begal apa nangis juga begal ya…","23/5/2026, 12.35.14","0","No","","","https://www.tiktok.com/@andy.pramono4"
"=""7642950826226713360""","=""7641637385868034824""","=""7450101174323987463""","grupelmi","michelega","waktu membegal korban ada juga yg putus tangan,di tusuk.dll","23/5/2026, 12.12.51","0","No","","","https://www.tiktok.com/@grupelmi"
"=""7642949888019350293""","=""7641637385868034824""","=""6966581179332953090""","mdni26","Salaam🙏","goblok tolool😳","23/5/2026, 12.09.15","0","No","","","https://www.tiktok.com/@mdni26"
"=""7642943880133837589""","=""7641637385868034824""","=""7534208006825837589""","om.darma37","Om Darma","SEMOGA KELUARGAMU ADA YG DI BEGAL","23/5/2026, 11.46.03","0","No","","","https://www.tiktok.com/@om.darma37"
"=""7642943800247583509""","=""7641637385868034824""","=""7545321209770263570""","arie37186","arie","[Stiker] begal bak....","23/5/2026, 11.45.48","0","No","","","https://www.tiktok.com/@arie37186"
"=""7642920565241824008""","=""7641637385868034824""","=""7022566583945102341""","sutikk519","stk 519","hukum razam buat para begal","23/5/2026, 10.21.43","0","No","","","https://www.tiktok.com/@sutikk519"
"=""7642915842754118420""","=""7641637385868034824""","=""7074490353982522395""","haala996","la polossz💀☠️","manusia sifat binatang","23/5/2026, 09.57.20","0","No","","","https://www.tiktok.com/@haala996"
"=""7642915608472666881""","=""7641637385868034824""","=""6943765001916711937""","ubai013","Ubaidillah","jgn gitu jgn gitu.mereka juga sadis","23/5/2026, 09.56.09","0","No","","","https://www.tiktok.com/@ubai013"
"=""7642910521989956368""","=""7641637385868034824""","=""6929874682675315713""","dianfransiska75","D’frans","[Stiker] ","23/5/2026, 09.36.38","0","No","","","https://www.tiktok.com/@dianfransiska75"
"=""7642900036561044244""","=""7641637385868034824""","=""7005707321942869018""","sabut994","Sabut","mnusia jadi jadian","23/5/2026, 08.56.08","0","No","","","https://www.tiktok.com/@sabut994"
"=""7642894299508638471""","=""7641637385868034824""","=""7214334285335184410""","cindenria6258","CINDENRIA🌸","dia lebih sadis ngerti ga lo","23/5/2026, 08.33.35","0","No","","","https://www.tiktok.com/@cindenria6258"
"=""7642873391749939988""","=""7641637385868034824""","=""7552547151915664402""","xennomorp","black_kunti","begal kok di kasiani apa jangan jangan.","23/5/2026, 07.12.41","0","No","","","https://www.tiktok.com/@xennomorp"
"=""7642872318679548692""","=""7641637385868034824""","=""6740949266247238657""","mky_1825","Mky","begal gitu ngapain dikasihani","23/5/2026, 07.08.33","0","No","","","https://www.tiktok.com/@mky_1825"
"=""7642861161906881300""","=""7641637385868034824""","=""7234059941656953858""","iing_motor","lintang_Motor","kl dia manusia mana mungkin dia lukai sampe mmbunuh korbanya, emang korban yh dibegal hewan bro...","23/5/2026, 06.25.24","0","No","","","https://www.tiktok.com/@iing_motor"
"=""7642857858471838482""","=""7641637385868034824""","=""6994833838157841409""","sempol_ayam28","acan-muslih86","kalau kluarga ente yg di begal,gmn perasaan ente bg","23/5/2026, 06.12.11","0","No","","","https://www.tiktok.com/@sempol_ayam28"
"=""7642837451438834439""","=""7641637385868034824""","=""7376533686805840902""","fawwaz.hibatulloh","Fawwaz hibatulloh","jangan gitu bang lu manusia apa bukan.kalau manusia serlok bang biar kawan aku ketempat Abang kita mau belajar begal atau rampok ketempat Abang boleh gk.. kalau abang bukan manusia kita gk jadi bang...","23/5/2026, 04.53.05","0","No","","","https://www.tiktok.com/@fawwaz.hibatulloh"
"=""7642833103984280338""","=""7641637385868034824""","=""7235587290054657026""","yunita_gemoy","Yunita 283","begalnya jg gak pny rasa kemanusiaan. mtor orang main rampas aja SDH kendaraanya di rampas orangnya di lukaiin. dimn rasa kemanusiaannya.","23/5/2026, 04.36.14","0","No","","","https://www.tiktok.com/@yunita_gemoy"
"=""7642789671546028820""","=""7641637385868034824""","=""7399638344442266630""","andirung567","Andi Rung","mungkin keluarga begal","23/5/2026, 01.47.34","0","No","","","https://www.tiktok.com/@andirung567"
"=""7642775582473061140""","=""7641637385868034824""","=""7026283589663343621""","dolpinstar5","dolpin star","wahyudi bacot","23/5/2026, 00.56.11","0","No","","","https://www.tiktok.com/@dolpinstar5"
"=""7642754869318157074""","=""7641637385868034824""","=""7631516136487781392""","user8049488747533","RaTu(WR)","pengen gw injaaak2 ini orang","22/5/2026, 23.37.26","0","No","","","https://www.tiktok.com/@user8049488747533"
"=""7642755843360129800""","=""7641637385868034824""","=""7412181472260883462""","acoy5696","🔥 DAMAR🔥","iya anda blm ngerasain gmn sadisnya meraka klau lg ber aksi","22/5/2026, 23.36.11","0","No","","","https://www.tiktok.com/@acoy5696"
"=""7642755360919421713""","=""7641637385868034824""","=""7138283128100045826""","satriawic","Satria","Kasian pelaku dari pada korban ya kak 🤣","22/5/2026, 23.34.35","0","No","","","https://www.tiktok.com/@satriawic"
"=""7642742068158366481""","=""7641637385868034824""","=""7546652805806490631""","user3951666185544","dede","klo ketemu bgtuan kita yang mati banv","22/5/2026, 22.42.49","0","No","","","https://www.tiktok.com/@user3951666185544"
"=""7642715134863196949""","=""7641637385868034824""","=""7462929382085444624""","gray.owl3","Gray Owl","iya, itu manusia, sedangkan kau asu","22/5/2026, 20.58.13","0","No","","","https://www.tiktok.com/@gray.owl3"
"=""7642714184783282951""","=""7641637385868034824""","=""7453759075983213585""","amri18095","amri","iya manusia .tapi kalo anak kamu yg dibegal gimana","22/5/2026, 20.54.41","0","No","","","https://www.tiktok.com/@amri18095"
"=""7642711915496997648""","=""7641637385868034824""","=""7207777633584137242""","byf2026","fiasco","dia hewan koq...gak ada hati nurani","22/5/2026, 20.46.01","0","No","","","https://www.tiktok.com/@byf2026"
"=""7642687842090959623""","=""7641637385868034824""","=""7284956453700879366""","nakr403","mamah Wati","kalau km kasian tolongin dong,,,km blm merasakan rasanya di begal ya,,,begal itu sangat kejam dan tidak ada rasa kasian giliran di tangkap mewek","22/5/2026, 19.12.19","0","No","","","https://www.tiktok.com/@nakr403"
"=""7642654597841650453""","=""7641637385868034824""","=""7104627518087382043""","dwioctavia.andria","Dwioctavia Andriani","Ea kawan itu memang manusia. Apa org yg Di begal itu bukan manusia. Tukang begal nampak bersalah yg gk bersalah itu org yg Di begal. Lagian biar jerah jadi begal.","22/5/2026, 17.03.31","0","No","","","https://www.tiktok.com/@dwioctavia.andria"
"=""7642585727885574932""","=""7641637385868034824""","=""7633254141942629396""","yusofayahya1","yusofa yahya","waktu dia ngebegal dia ga,mikirin yg di begal manusia","22/5/2026, 12.42.52","0","No","","","https://www.tiktok.com/@yusofayahya1"
"=""7642552536352211732""","=""7641637385868034824""","=""7430418081615447056""","zauju.sholih","Zauju Sholih","sini no wa lo, shareloc","22/5/2026, 10.27.26","0","No","","","https://www.tiktok.com/@zauju.sholih"
"=""7642536011780440839""","=""7641637385868034824""","=""7302249363526910982""","its.me.lny","ᅠ","Si goblok si goblok","22/5/2026, 09.23.11","0","No","","","https://www.tiktok.com/@its.me.lny"
"=""7642530980960551688""","=""7641637385868034824""","=""7301575927568434184""","ellnoor78","liyana","sewaktu dia menodong mangsa nya..apa kamu tak fikir..tu baru dunia","22/5/2026, 09.03.44","0","No","","","https://www.tiktok.com/@ellnoor78"
"=""7642515778848555784""","=""7641637385868034824""","=""7590034879753503761""","wawankurniawan820","wawankurniawan820","pasti lo kawanan nya y","22/5/2026, 08.14.41","0","No","","","https://www.tiktok.com/@wawankurniawan820"
"=""7642500102019498772""","=""7641637385868034824""","=""7296481218609824770""","mahends4","max","wah si longor ini ga tau betapa mencekam nya di kejar begal","22/5/2026, 07.03.56","0","No","","","https://www.tiktok.com/@mahends4"
"=""7642483903589040916""","=""7641637385868034824""","=""6623895667973947394""","hartika49","Queen","iya kk blm pernh kenak begal mknya bilang gitu😏😏😏 yg pernh ngrasain dibegal liat ginia Alhamdulillah","22/5/2026, 06.01.18","0","No","","","https://www.tiktok.com/@hartika49"
"=""7642471024609100545""","=""7641637385868034824""","=""7262790415853634561""","rantiambarwati3","ranti","bagus ...dulu hp atm aku di jambret....tidak nyaman","22/5/2026, 05.11.07","0","No","","","https://www.tiktok.com/@rantiambarwati3"
"=""7642398249064956693""","=""7641637385868034824""","=""7401478119305757701""","pejuang.rupiah20966","punya vita","siap bilang it harimau","22/5/2026, 00.28.50","0","No","","","https://www.tiktok.com/@pejuang.rupiah20966"
"=""7642384322050376456""","=""7641637385868034824""","=""7551970286368359442""","mangobay89","mangobay","komen LGBT begini nih","21/5/2026, 23.39.33","0","No","","","https://www.tiktok.com/@mangobay89"
"=""7642340502629286674""","=""7641637385868034824""","=""7191874833603920923""","wandawawan77","komek","biyar manusia klo meresah kan gmn coba.maka ny belajar hdp sht dn krj yg bnr.jggn bikin hantu jalanan.jika ke tangkp baru tau rasa dn satu persatu akn di aman kan .semoga lks sdr abg ny yg sllu meresah kan aminn","21/5/2026, 20.44.29","0","No","","","https://www.tiktok.com/@wandawawan77"
"=""7642337675643765512""","=""7641637385868034824""","=""7570917463614161928""","bayu.medan36","BAYU ATAM","manusia jahanam tukang begal mau di bela","21/5/2026, 20.33.37","0","No","","","https://www.tiktok.com/@bayu.medan36"
"=""7642336458010788615""","=""7641637385868034824""","=""7101139442208015362""","prihandhowo","Prihan...","iya..korban nya juga manusia..
ad bensin gk","21/5/2026, 20.28.42","0","No","","","https://www.tiktok.com/@prihandhowo"
"=""7642335283815760641""","=""7641637385868034824""","=""7553973676283839506""","arsyad9505","Arsyad","Dia manusia tapi tdk punya kemanusiaan","21/5/2026, 20.24.26","0","No","","","https://www.tiktok.com/@arsyad9505"
"=""7642334444746294037""","=""7641637385868034824""","=""7499064122789610514""","widiyanto356","Widiyanto","biar aja biyar ada efek jeradiapun kalok mbegal ngak ada rasa kasian","21/5/2026, 20.21.06","0","No","","","https://www.tiktok.com/@widiyanto356"
"=""7642325331030098704""","=""7641637385868034824""","=""7137285739902059522""","edopabrikasi","QIMUN","bego lu begall di bella","21/5/2026, 19.45.49","0","No","","","https://www.tiktok.com/@edopabrikasi"
"=""7642318267159741205""","=""7641637385868034824""","=""6810917825701004289""","ono.hulo3","Ono hulo","ak yakin kalo korbannya keluarga mu, kamu pasti nggak ngomong gtu lg","21/5/2026, 19.18.24","0","No","","","https://www.tiktok.com/@ono.hulo3"
"=""7642296596148126480""","=""7641637385868034824""","=""6891126627658105858""","royvans1","RS❤️🖤🤍💚","jadi manusia jangan begal manusia juga dong lol.😏","21/5/2026, 17.54.06","0","No","","","https://www.tiktok.com/@royvans1"
"=""7642294875329479444""","=""7641637385868034824""","=""7202975041280656386""","mama.linda588","mama linda","mungkin ini saudara nya makanya gak terima. coba kalo keluarga mu kenak begal. begal itu kejam.","21/5/2026, 17.47.33","0","No","","","https://www.tiktok.com/@mama.linda588"
"=""7642290906792346385""","=""7641637385868034824""","=""6779112285568582658""","nayaka37","『ᴋɪɴɢ』ᴼᴮᴵᵀᴼ༒࿐","🤣🤣🤣 mudah2an ente jadi korban","21/5/2026, 17.32.25","0","No","","","https://www.tiktok.com/@nayaka37"
"=""7642283101050569488""","=""7641637385868034824""","=""7453245249990394888""","husni.al.haddad.h7","Husni al haddad Husni","oh km juga begal ya awas saya kepung km","21/5/2026, 17.02.26","0","No","","","https://www.tiktok.com/@husni.al.haddad.h7"
"=""7642277835734975240""","=""7641637385868034824""","=""7094230232844649499""","ros73105","ROS","resiko begal
tpi ap dia mikirin sblumy","21/5/2026, 16.41.22","0","No","","","https://www.tiktok.com/@ros73105"
"=""7642275510777398037""","=""7641637385868034824""","=""7456396916848149510""","adang9758","adang","manusia kau blng, mana ada manusia kyk gitu, klau udh ketangka nangis"" kau klau blm ketangkap bengis kali kau","21/5/2026, 16.32.25","0","No","","","https://www.tiktok.com/@adang9758"
"=""7642274484439778055""","=""7641637385868034824""","=""7534509998878639122""","ape69663","Ape'69","jangan jangan kamu ketuanya.","21/5/2026, 16.28.20","0","No","","","https://www.tiktok.com/@ape69663"
"=""7642255744781091604""","=""7641637385868034824""","=""6922033091469870082""","firdaus.daus795","farele_ir","dia manusia aj9","21/5/2026, 15.15.53","0","No","","","https://www.tiktok.com/@firdaus.daus795"
"=""7642197006563885845""","=""7641637385868034824""","=""7290991545826018310""","fxmember99","FXMEMBER","Sesama ny nh,baik nya mlh d d😳r","21/5/2026, 11.27.48","0","No","","","https://www.tiktok.com/@fxmember99"
"=""7642186532708631317""","=""7641637385868034824""","=""7567749093158994965""","kajine030","💫JALAL💫","semoga keluarga anda di jauhkan dari begal, karna yg merasakan kena begal pasti akan geram🙏","21/5/2026, 10.47.10","0","No","","","https://www.tiktok.com/@kajine030"
"=""7642180517454299921""","=""7641637385868034824""","=""7341011400464712710""","andi.cpg","andi","orng ini komplotannya..","21/5/2026, 10.23.39","0","No","","","https://www.tiktok.com/@andi.cpg"
"=""7642168961744651028""","=""7641637385868034824""","=""6966586885812880386""","46adrians","46adrian","kirain gue modelan kaya gini itu bukan manusia , ternyata manusia juga 😂😂","21/5/2026, 09.39.00","0","No","","","https://www.tiktok.com/@46adrians"
"=""7642142620095038226""","=""7641637385868034824""","=""7428229688970413062""","jangan.tanya.nama68","Memblokir Anda","ah bodat kau, kluarga tersangka kau ya","21/5/2026, 07.56.46","0","No","","","https://www.tiktok.com/@jangan.tanya.nama68"
"=""7642136729843893010""","=""7641637385868034824""","=""6855320598160491522""","timursamadhi","Rudi Oi!","SALAH SATU KOMPLOTAN BEGAL² SIALAN LU YE BANGSAT??","21/5/2026, 07.33.52","0","No","","","https://www.tiktok.com/@timursamadhi"
"=""7642116040538178321""","=""7641637385868034824""","=""7435125552691250194""","astr0sains","EVENT HORIZON🔭","indonesia punya 270 juta penduduk kehilangan satu yg kaya gini gak akan bkin kita rugi","21/5/2026, 06.14.13","0","No","","","https://www.tiktok.com/@astr0sains"
"=""7642103850474504978""","=""7641637385868034824""","=""6974658612124206081""","keteklendiran","𓆩𝚉𝙴𝚂𓆪","komplotanya ni","21/5/2026, 05.26.22","0","No","","","https://www.tiktok.com/@keteklendiran"
"=""7642052994192884488""","=""7641637385868034824""","=""7136616313053856770""","akunisaazhari","black amba","tandain orang nya begal juga ini","21/5/2026, 02.08.53","0","No","","","https://www.tiktok.com/@akunisaazhari"
"=""7642040667350352661""","=""7641637385868034824""","=""7630194170208650260""","miskadi.yahya","Miskadi Yahya","ee, jangan dibela kamu belum tau di pegal ya,orangnya dibunuh barang nya di ambil, atau tangan dipotong barangnya terus diambil tau kamu","21/5/2026, 01.21.04","0","No","","","https://www.tiktok.com/@miskadi.yahya"
"=""7642035022622589714""","=""7641637385868034824""","=""7030798027036148763""","masukdlubarukluar","BAU TERASI","manusia manusia Dengkol mu,coba kamu d posisi yg d begal gmna paham","21/5/2026, 00.59.02","0","No","","","https://www.tiktok.com/@masukdlubarukluar"
"=""7642023935991464722""","=""7641637385868034824""","=""7397369485005784070""","vero.nika508","vero nika","DOA KU UNTUK ANDA SEMOGA DIRI MU ATAU KELUARGA MU KENA BEGAL BIAR TAU RASA. A , JANGAN BILANG ITU MANUSIA KAU TAU BEGAL ITU SADIS BISA MEMBUNUH KORBAN TANPA BELAS KASIHAN KARNA ANAK SAYA PERNAH KENA BEGAL NASIB UNTUNG TUHAN KASIH SLAMAT WALAU TERGORES","21/5/2026, 00.16.00","0","No","","","https://www.tiktok.com/@vero.nika508"
"=""7641991528035058450""","=""7641637385868034824""","=""7494702451209077767""","iwanskumbanglampu3","iwanSkumbangLampung","bloon.. manusia yaa.. trus jk ngebegal
manusia.. yg di begal manusia bukan
lalu kasia yg ngebegal gituu.. blooon kmu","20/5/2026, 22.10.15","0","No","","","https://www.tiktok.com/@iwanskumbanglampu3"
"=""7641969610309501716""","=""7641637385868034824""","=""7203890756146381826""","rusdi.rusdi428","wong biasa","begal kok di belain","20/5/2026, 20.45.23","0","No","","","https://www.tiktok.com/@rusdi.rusdi428"
"=""7641846765860422421""","=""7641637385868034824""","=""6889311565561578497""","junetxii0","Junet Xii","lo ga mikir korban yg di begal yahhh dongo","20/5/2026, 12.48.48","0","No","","","https://www.tiktok.com/@junetxii0"
"=""7643398123394335506""","=""7641637385868034824""","=""6926794638742684674""","rose_22055","zee_ajha","ini rantingnya","24/5/2026, 17.08.36","0","No","","","https://www.tiktok.com/@rose_22055"
"=""7643306991305278216""","=""7641637385868034824""","=""7244559141208245254""","kodri0921","kodri0921","ini tmn nya","24/5/2026, 11.14.55","0","No","","","https://www.tiktok.com/@kodri0921"
"=""7643296699608204048""","=""7641637385868034824""","=""7480506534133302288""","arjunairengjureng","arjuna1234","jangan jangan temen nya nih","24/5/2026, 10.39.38","0","No","","","https://www.tiktok.com/@arjunairengjureng"
"=""7643157430264922900""","=""7641637385868034824""","=""6924884640675333122""","rahmatzainal18","I K K O","prett","24/5/2026, 01.38.19","0","No","","","https://www.tiktok.com/@rahmatzainal18"
"=""7643095960973132562""","=""7641637385868034824""","=""7274867515351385094""","sutikah350","sutikah","korban juga manusia","23/5/2026, 21.36.04","0","No","","","https://www.tiktok.com/@sutikah350"
"=""7643089269964243732""","=""7641637385868034824""","=""7436578301575463991""","ardiansyahardi45530","Stévéñ","tapi dia tidak memanusiakan manusia","23/5/2026, 21.13.30","0","No","","","https://www.tiktok.com/@ardiansyahardi45530"
"=""7643074207316001557""","=""7641637385868034824""","=""6690459488422036481""","syukurio86","SYUKUR","temenan ya","23/5/2026, 20.11.38","0","No","","","https://www.tiktok.com/@syukurio86"
"=""7643004441495077650""","=""7641637385868034824""","=""6728925579904861186""","user44089338","zee 88","saudara Lo y","23/5/2026, 15.40.54","0","No","","","https://www.tiktok.com/@user44089338"
"=""7642628899263922964""","=""7641637385868034824""","=""6989356862488822811""","ekafebri350","Eka Febri","dia klo gk jahat gk akan di gituin","22/5/2026, 15.23.41","0","No","","","https://www.tiktok.com/@ekafebri350"
"=""7642291901152363285""","=""7641637385868034824""","=""7465483053638091784""","najil_pijat_refleksi","@Jangkrik","besok abang ya","21/5/2026, 17.39.46","0","No","","","https://www.tiktok.com/@najil_pijat_refleksi"
"=""7642250582606512917""","=""7641637385868034824""","=""7542718615909434388""","arika0512","Fitriani nihayatul","wujudnya manusia kakak kejahatan bisa sampai membunuh korban kakak","21/5/2026, 14.55.39","0","No","","","https://www.tiktok.com/@arika0512"
"=""7641862093373276936""","=""7641637385868034824""","=""7173891506952356890""","indahhhhh7904","Indahhhhh","yg dia begal sebelumnya juga manusia Pak.. kenapa harus mikirin dia ketangkep karena perbuatanny??","20/5/2026, 13.48.00","0","No","","","https://www.tiktok.com/@indahhhhh7904"
"=""7631383783635583765""","","=""6561410334061527041""","vvaldo01","RIVAL","apakah di sana tidak ada polisi
apa cuman ada polisi tidur di sana","22/4/2026, 08.07.01","1865","No","51","No","https://www.tiktok.com/@vvaldo01"
"=""7631415902256284433""","=""7631383783635583765""","=""6798696051882886145""","pontinussagala1","pejuang rupiah","polisi nya sibuk nyari tambahan.lht keluar tol blawan.berjamur tukang palak supir2.truck.gk di kasi kaca di lempar.","22/4/2026, 10.11.26","147","No","","","https://www.tiktok.com/@pontinussagala1"
"=""7631446610308612884""","=""7631383783635583765""","=""7186979892491486209""","nining4706","Nining","Sudah saatnya Petrus yg bertindak !","22/4/2026, 12.10.45","68","No","","","https://www.tiktok.com/@nining4706"
"=""7631443253333689108""","=""7631383783635583765""","=""7332041383508722693""","papatujuh","Papa Tujuh","Polisi nya takut dgn Begal anak Belawan yg operasi nya sebelum pintu Tol Belawan,,,mereka ini penduduk emperan di pinggir sei Deli di pinggir jalan tol tersebut SANGAT SETUJU...","22/4/2026, 12.00.00","34","No","","","https://www.tiktok.com/@papatujuh"
"=""7631711862790865685""","=""7631383783635583765""","=""7447559243672503301""","handa1582","Handa82","buka matamu itu polisi berompi hitam goblok, itu giat gabungan, nggk harus pake seragam polisi udah buta tolol pula","23/4/2026, 05.20.12","14","No","","","https://www.tiktok.com/@handa1582"
"=""7631454919119553300""","=""7631383783635583765""","=""6803935194950091777""","manila117","Manila Gulo","polisi nya lagi Bobo kebanyakan makan lontong 🤣🤣🤣🤣","22/4/2026, 12.42.57","3","No","","","https://www.tiktok.com/@manila117"
"=""7634210025120465665""","=""7631383783635583765""","=""6983667487808832513""","tiurronaulilumbangaol","Tiur Lumban Gaol","semua aparat kerja sama jangan bilang polisi tidur.jadi bijak SMS disosmer.nti berurusan sama polisi ujunng2 nya nagis dan minta maaf","29/4/2026, 22.54.03","1","No","","","https://www.tiktok.com/@tiurronaulilumbangaol"
"=""7631466517835023124""","=""7631383783635583765""","=""6785381015500227586""","ayoeb555","ayoeb555","iya mas masih tidur sampai sekarang","22/4/2026, 13.28.08","1","No","","","https://www.tiktok.com/@ayoeb555"
"=""7631462507776934657""","=""7631383783635583765""","=""6915433605649679362""","jhon.saragih128","Jhon Saragih128","haruskah harus menunggu perintah? bagai mana semboyan nya itu? apakah berlalu pada kelompok tertentu?","22/4/2026, 13.12.23","1","No","","","https://www.tiktok.com/@jhon.saragih128"
"=""7631448274293064468""","=""7631383783635583765""","=""7615145535423431700""","apa_upi","Ra-Nu","ladushing nya lg masak di dapur MBG, gak ada waktu ngurusin beginian.","22/4/2026, 12.19.28","1","No","","","https://www.tiktok.com/@apa_upi"
"=""7643485216828441364""","=""7631383783635583765""","=""7532466840275387399""","penjaga_hati074","Yudi","Gak harus polisi ko yg nangkap segala yg meresahkan masyarakat. Semua aparat negara berhak buat atura pelanggaran apapun. Saya minta kpada aparat negara baik AU,AL,AD,Polisi Semua harus sama dalam memjalani tugas seperti ini.","24/5/2026, 22.49.12","0","No","","","https://www.tiktok.com/@penjaga_hati074"
"=""7643390251892851476""","=""7631383783635583765""","=""7267825576118567941""","sermento5","mento","itu yg gondrong gondrong kaos hitam
polisi team reserse","24/5/2026, 16.38.02","0","No","","","https://www.tiktok.com/@sermento5"
"=""7643294957831127826""","=""7631383783635583765""","=""7331985291538367489""","fano.2022","Fano 2022","le le dari 1000 begal baru dapat 1 koar koar anj","24/5/2026, 10.28.20","0","No","","","https://www.tiktok.com/@fano.2022"
"=""7643282286347354901""","=""7631383783635583765""","=""7067502659037381634""","ibudesakariawa","ibudesakariawa","Saat begal meraja leka butuh polisi ya","24/5/2026, 09.39.12","0","No","","","https://www.tiktok.com/@ibudesakariawa"
"=""7643248053718450962""","=""7631383783635583765""","=""7409910401049379845""","rasmin.imin","Rasmin Imin","palsinya ngurusin mbg.😁😁","24/5/2026, 07.26.26","0","No","","","https://www.tiktok.com/@rasmin.imin"
"=""7643245096587150098""","=""7631383783635583765""","=""7013970059778081819""","gildasunrider","Sunrider Jakarta","kalau Sudah di tangkap gak usah banyak komentar sok. Tau .. harus nya kamu juga ikut bergerak utk menqngkap tidak harus polisi setelah ketangkap kamu serahkqn ke polisi","24/5/2026, 07.15.03","0","No","","","https://www.tiktok.com/@gildasunrider"
"=""7643045735642579732""","=""7631383783635583765""","=""7425264423831028742""","slutzivy","𖣂︎","mewek dih","23/5/2026, 18.21.12","0","No","","","https://www.tiktok.com/@slutzivy"
"=""7642917683138331412""","=""7631383783635583765""","=""7489363683317154834""","gw.gunwah","GW Gunzaga","yang gerak sekarang 3 Matra broh hati2 para begal dan genk motor kasi info ke ortu2 awasi anak2 anda","23/5/2026, 10.04.18","0","No","","","https://www.tiktok.com/@gw.gunwah"
"=""7642401686829597447""","=""7631383783635583765""","=""7631462984992261140""","neza.here2","nezaaa","belawan kami ya emang kek gitu polisi gadak yang peduli, terakhir tni al juga yang bertindak","22/5/2026, 00.42.01","0","No","","","https://www.tiktok.com/@neza.here2"
"=""7642213905414128405""","=""7631383783635583765""","=""7231484467092849666""","mitha.mitha1","Mitha Rachael","Memang sudah sangat meresahkan kan semua masyarakat , termksh Pak Police jangan kasi ampun","21/5/2026, 12.33.15","0","No","","","https://www.tiktok.com/@mitha.mitha1"
"=""7641979414557475592""","=""7631383783635583765""","=""7325399818024518661""","kusuma.wirdani","Kusuma Wirdani","polisi gak ada gunanya klw TNI yg terpaksa turun tangan untuk menangkap begal ..","20/5/2026, 21.23.16","0","No","","","https://www.tiktok.com/@kusuma.wirdani"
"=""7641947196856599316""","=""7631383783635583765""","=""6987983279631287297""","icaruz75731","icaruz","polisi tanam jagung, proyek mbg😆, tni AD bikin lahan sawah🤪yg nangkap begal angkatan laut🥰","20/5/2026, 19.18.25","0","No","","","https://www.tiktok.com/@icaruz75731"
"=""7641908129055179538""","=""7631383783635583765""","=""6878153822674617345""","telagac","telaga cinta","ada,,ntar kalau polisi yg bertindak bisa hancur polsek","20/5/2026, 16.46.40","0","No","","","https://www.tiktok.com/@telagac"
"=""7641897795671163668""","=""7631383783635583765""","=""6982729359136818203""","sajojo70.id","sajojo70.id","jangan dibesar besarkan.. 🤣🤣","20/5/2026, 16.06.47","0","No","","","https://www.tiktok.com/@sajojo70.id"
"=""7641407588604723969""","=""7631383783635583765""","=""7464198144038093842""","user3007845435856","Andi medan","ad..Tpi polisi takut mati","19/5/2026, 08.28.44","0","No","","","https://www.tiktok.com/@user3007845435856"
"=""7641366667839275794""","=""7631383783635583765""","=""7626852049082385426""","genuklukahati","Genuk cuek 6 893","hush bukan cuma tugas polisi ini tugas warga semua ..Krn kita ingin hidup aman kan ? jd tugas bersama sobat..","19/5/2026, 05.54.07","0","No","","","https://www.tiktok.com/@genuklukahati"
"=""7640335488306758420""","=""7631383783635583765""","=""7433380421390615558""","djentjiek","Iqbal","mgkin takut sama backnya para begal ...mgkin ya ...gk nuduh 😂😂😂","16/5/2026, 11.04.17","0","No","","","https://www.tiktok.com/@djentjiek"
"=""7640149717619720981""","=""7631383783635583765""","=""7008465912794039298""","danadamanik01","Dana W Damanik Malayu☕","polisi nya sibuk nyari fefek barges Krn mereka semua rata rata otak selangkangan","15/5/2026, 23.03.07","0","No","","","https://www.tiktok.com/@danadamanik01"
"=""7640114065160028929""","=""7631383783635583765""","=""7236276322644280322""","hotman9519","Who I am","Begalnya aja peliharaan polisi. gmna anak buah sendiri di tangkap?","15/5/2026, 20.45.04","0","No","","","https://www.tiktok.com/@hotman9519"
"=""7639960094599742229""","=""7631383783635583765""","=""7481649903296332801""","ahfan.fathoni","Ahfan Fathoni","adanya polisi tidur 🤣🤣🤣","15/5/2026, 10.47.23","0","No","","","https://www.tiktok.com/@ahfan.fathoni"
"=""7639805853605135124""","=""7631383783635583765""","=""6619271630160658433""","b541fan","⁹²²""","Polisi ya seperti biasa laa...emang tni yg paling tepat turun kelapangan..","15/5/2026, 00.48.54","0","No","","","https://www.tiktok.com/@b541fan"
"=""7639584149616263943""","=""7631383783635583765""","=""6944218172996715522""","usser1246903408441","usser1246903408441","bolone","14/5/2026, 10.28.36","0","No","","","https://www.tiktok.com/@usser1246903408441"
"=""7639354897074602759""","=""7631383783635583765""","=""7632726808627430421""","tonylast4","tonylast4","biar TN* ada kerjaan bos, dari pada digaji tp cuma korve doang 😁😁","13/5/2026, 19.38.46","0","No","","","https://www.tiktok.com/@tonylast4"
"=""7638337449210757896""","=""7631383783635583765""","=""7556308049683760135""","gundol241","xpyz","yaa bangunin dong","11/5/2026, 01.50.34","0","No","","","https://www.tiktok.com/@gundol241"
"=""7637900491732697874""","=""7631383783635583765""","=""7319934222859928581""","putrinisa30_","thv's girl","ada polisi pas nilang aja","9/5/2026, 21.37.36","0","No","","","https://www.tiktok.com/@putrinisa30_"
"=""7637459113161949973""","=""7631383783635583765""","=""7406188168243217414""","siperut.buncit","penjilat","polisi di sana jualan sabu","8/5/2026, 17.02.21","0","No","","","https://www.tiktok.com/@siperut.buncit"
"=""7637356064334365441""","=""7631383783635583765""","=""6763691125553546242""","kuswandarsp0","kuswandar sp","polisi nya lg ngupi dan main judol😅😅😂","8/5/2026, 10.22.25","0","No","","","https://www.tiktok.com/@kuswandarsp0"
"=""7637185345104397074""","=""7631383783635583765""","=""6718877216128861185""","tiktoker.bangkalan","Bagas aji pamungkas","klu sama polisi nnti bisa kebalik tersangkanya kerena blm keluarganya polisi yg kena klu TNI memang berani tepat tegas","7/5/2026, 23.19.47","0","No","","","https://www.tiktok.com/@tiktoker.bangkalan"
"=""7637057836523389717""","=""7631383783635583765""","=""6995539394409579547""","denskitties","Dens","kalau disana kebanyakan perumahan TNI AL juga, dan mungkin mereka juga resah karena kawasan belawan ini termasuk kawasan rawan begal, kerusuhan antar kampung yaa seperti itulah...","7/5/2026, 15.05.16","0","No","","","https://www.tiktok.com/@denskitties"
"=""7635693929799107348""","=""7631383783635583765""","=""7448809707450483730""","dhindon98","dhindon","di Belawan terkenal banyak begal dr dulu tp ga ada polisi bergerak,udh banyak keluhan warga","3/5/2026, 22.52.26","0","No","","","https://www.tiktok.com/@dhindon98"
"=""7634940971801608980""","=""7631383783635583765""","=""7316971388118598661""","adehilda0","⚘Ade Hilda 💕2006","lu aj polisinyaa","1/5/2026, 22.10.38","0","No","","","https://www.tiktok.com/@adehilda0"
"=""7634937288250327815""","=""7631383783635583765""","=""7484932462746649608""","bgregar951","bgRegar","polisi gunanya apa di belawan, wong dekingan begal ya polisi bagaimana mau nangkap begal hadeuh, pengen ketawa gw sama seragam coklat. cuma bisa ngawal org kaya doang kerja mereka tuh, beda sama TNI Al lgsg sigap sama masyarakat","1/5/2026, 21.56.11","0","No","","","https://www.tiktok.com/@bgregar951"
"=""7633242200826086164""","=""7631383783635583765""","=""7310057047239050245""","sabetsabet57","edelweis","polisi nya lagi Rajia helm bang 🥰😏","27/4/2026, 08.18.30","0","No","","","https://www.tiktok.com/@sabetsabet57"
"=""7632993163264082708""","=""7631383783635583765""","=""7060849764464542722""","boim.adi","Adi Boim543","ga berani sama preman mungkin bang","26/4/2026, 16.12.09","0","No","","","https://www.tiktok.com/@boim.adi"
"=""7632959430082249479""","=""7631383783635583765""","=""6959954466133279749""","oet170967","Satrya Utama","[Stiker] 😁😁😁tst ajalah😁😁😁","26/4/2026, 14.01.06","0","No","","","https://www.tiktok.com/@oet170967"
"=""7632673488072147732""","=""7631383783635583765""","=""7098314897533109274""","andrayhermawan215","Andray Hermawan215","polisinya jadi pengepul rayap besi","25/4/2026, 19.31.39","0","No","","","https://www.tiktok.com/@andrayhermawan215"
"=""7632591126767895303""","=""7631383783635583765""","=""6559105607625719810""","setengahmati02","setengahmati","polisi lagi sikkkk bobo..
polici tdrrrrr😂😂😂","25/4/2026, 14.11.55","0","No","","","https://www.tiktok.com/@setengahmati02"
"=""7632386983994721025""","=""7631383783635583765""","=""6901339423507383298""","ulexbullu","𝓤𝓵𝓵𝓮𝔁𝓫𝓾𝓵𝓵𝓾182","ada lah, klo mereka yg nangkep begal nya ketawa🤭","25/4/2026, 00.59.50","0","No","","","https://www.tiktok.com/@ulexbullu"
"=""7632323997728670482""","=""7631383783635583765""","=""7511439403551998977""","bg.naga407","bg naga","klu polisi di lempari jg. warga belawan hanya Takut sama pomal. marinir. krn klu di tangkap Pomal, habis Babak belur dulu, baru di penjara. tidak ada kata"" ampun klu uda urusan sama pomal. Di pelabuhan Ujung baru belawan. klu Maling ketangkap Pomal, minimal harus ada luka seumur hidup. makanya klu sudah pomal yang Nangkap, ketakutan semua lawa""belawan, terkencing kencing semua lawa,klu suda di tangkap Pomal.","24/4/2026, 20.55.24","0","No","","","https://www.tiktok.com/@bg.naga407"
"=""7632261965915079445""","=""7631383783635583765""","=""6836755103258067969""","pejuangnabkah92","Andika""pio🫶","Uda bermain makaya TNI yg ngatasin","24/4/2026, 16.54.45","0","No","","","https://www.tiktok.com/@pejuangnabkah92"
"=""7632226930159600405""","=""7631383783635583765""","=""7021548676930683906""","moyypa","ノヴァ","udah gak terpakai lagi polisi makanya yg turun TNI","24/4/2026, 14.38.50","0","No","","","https://www.tiktok.com/@moyypa"
"=""7632176822592406293""","=""7631383783635583765""","=""6999068864748028955""","sapaakuuuuy","kesti simbolon","polisi sekongkol dengan begal","24/4/2026, 11.24.23","0","No","","","https://www.tiktok.com/@sapaakuuuuy"
"=""7632175193419776788""","=""7631383783635583765""","=""7139557895531889666""","parkharin837","Expert Potion Seller","itu operasi gabungan tni polri jadi ny biar maksimal kan rata2 begal punya sajam kalo polisi doang kurang gesit jadi kerja bareng dah tuh","24/4/2026, 11.18.06","0","No","","","https://www.tiktok.com/@parkharin837"
"=""7632162877616849665""","=""7631383783635583765""","=""6898790150991168514""","cinnamorofl","Renesmé","Polisi aja di kadalin org itu😭 abg pula bilang polisi cmn tidur disana😂","24/4/2026, 10.30.08","0","No","","","https://www.tiktok.com/@cinnamorofl"
"=""7632114210918859527""","=""7631383783635583765""","=""7081694310198920193""","pusuk.buhit6","INDONESIA RAYA","apa itu polisi.. serius nanya?","24/4/2026, 07.21.24","0","No","","","https://www.tiktok.com/@pusuk.buhit6"
"=""7632036398712144647""","=""7631383783635583765""","=""7506918556584526855""","joko.widodo166","Joko Widodo","polisi berteman dgn para Bajingan itu 😎","24/4/2026, 02.19.22","0","No","","","https://www.tiktok.com/@joko.widodo166"
"=""7632017281032471314""","=""7631383783635583765""","=""7630577993782068242""","marq6466","marQ","seperti nya begitu,,udh jdi polisi tidur semua..","24/4/2026, 01.05.11","0","No","","","https://www.tiktok.com/@marq6466"
"=""7631983676557525780""","=""7631383783635583765""","=""7507263212582323207""","amgdfabubakar","amgdfAbubakar","ada tapi udah jadi PARCOK ?","23/4/2026, 22.54.44","0","No","","","https://www.tiktok.com/@amgdfabubakar"
"=""7631936365773603604""","=""7631383783635583765""","=""7557696658727191570""","raapaaaaa","🚥","buto apo kaunih itu tuh polisi lah","23/4/2026, 19.51.11","0","No","","","https://www.tiktok.com/@raapaaaaa"
"=""7631923702674604801""","=""7631383783635583765""","=""7390701139748176901""","endang.rio5","Endang Rio","polisi lg ngawasi MBG bg...krn MBG lbh besar pendapatan nya drpd nangkap begal😂🤫","23/4/2026, 19.02.01","0","No","","","https://www.tiktok.com/@endang.rio5"
"=""7631873955513172756""","=""7631383783635583765""","=""7470979490929443857""","vivie904","vivie","udh lh ngpain itu d bahas,","23/4/2026, 15.49.05","0","No","","","https://www.tiktok.com/@vivie904"
"=""7631866817062159124""","=""7631383783635583765""","=""7081306038544778241""","rohimoye155","wong gemati","jangan ngarepin polisi bang..yang peting para begal dibasmi","23/4/2026, 15.21.24","0","No","","","https://www.tiktok.com/@rohimoye155"
"=""7631819874075853575""","=""7631383783635583765""","=""7361699172611507205""","urloove.naa","naa","di belawan polisi nya lg kencing d Pertamina.. lagi jalan jalan di tempat labuhan mn ada gula masuk.. dan lgi disiram ama uang s.... u🙏🙏itu nyata ya","23/4/2026, 12.20.05","0","No","","","https://www.tiktok.com/@urloove.naa"
"=""7631810739980370696""","=""7631383783635583765""","=""7020188410661422107""","tiktok_indonesia107","user38898528823","Atasannya bang","23/4/2026, 11.43.44","0","No","","","https://www.tiktok.com/@tiktok_indonesia107"
"=""7631797975451534101""","=""7631383783635583765""","=""7258497146319668230""","lelaki.pejantan","Polisi India rebond 😅😅","Polisi sahabatnya penjahat 🤣🤣🤣🤣 Korban bisa jadi tersangka 😂😂😂😂","23/4/2026, 10.54.18","0","No","","","https://www.tiktok.com/@lelaki.pejantan"
"=""7631797274104644369""","=""7631383783635583765""","=""7022516057727681562""","rkannihhh","Arkan nihh","ada uangmu gak buat bayar polisi di medan sini","23/4/2026, 10.51.26","0","No","","","https://www.tiktok.com/@rkannihhh"
"=""7631767473696572167""","=""7631383783635583765""","=""7516551418599212039""","user401928673","rahman","mungkin kmu perlu pakai kacamata biar bisa lihat dengan jelas","23/4/2026, 08.55.55","0","No","","","https://www.tiktok.com/@user401928673"
"=""7631737419368481556""","=""7631383783635583765""","=""7352641364708590598""","adrizalzal12","adrizalzal12","mantap pak TNI bisa tangkap begal pakan baru","23/4/2026, 07.02.32","0","No","","","https://www.tiktok.com/@adrizalzal12"
"=""7631684000620380935""","=""7631383783635583765""","=""7364795365755634693""","ayah_fian66","ayah_fian66","hanya nggu setoran 😅","23/4/2026, 03.31.50","0","No","","","https://www.tiktok.com/@ayah_fian66"
"=""7631652645925831445""","=""7631383783635583765""","=""7199556170129671195""","kecupdikit1","Mandoooo Wak mahh.","datang di saat perang telah usia,nnti langsung naik jabatan😂","23/4/2026, 01.30.17","0","No","","","https://www.tiktok.com/@kecupdikit1"
"=""7631643283147997969""","=""7631383783635583765""","=""7261277167082046470""","samsul.alam270","ayah pon","polisi udah jadi bapak nya di sana 🤣🤣🤣🤣","23/4/2026, 00.53.49","0","No","","","https://www.tiktok.com/@samsul.alam270"
"=""7631638786234106645""","=""7631383783635583765""","=""7228492316099576833""","inaratomboy","vens Roger vs Rasyah","lg jualan mereka","23/4/2026, 00.36.24","0","No","","","https://www.tiktok.com/@inaratomboy"
"=""7631627112751530760""","=""7631383783635583765""","=""7490464124293153847""","inzexz","inzexz","tekap ny ad tu","22/4/2026, 23.51.01","0","No","","","https://www.tiktok.com/@inzexz"
"=""7631607621379818256""","=""7631383783635583765""","=""7286338164837549062""","yanmar_stecu","Usob Bireuen","klu di medan polisi sama begal saudara kandung, begal belajar dari polisi, TNI SLALU DI CINTAI RAKYAT👍","22/4/2026, 22.35.22","0","No","","","https://www.tiktok.com/@yanmar_stecu"
"=""7631592372090700551""","=""7631383783635583765""","=""7449567659613520901""","aditya.hamdani.ch","Aditya Hamdani chaniago","setoran kali aja org otu bg","22/4/2026, 21.36.13","0","No","","","https://www.tiktok.com/@aditya.hamdani.ch"
"=""7631480950341305096""","=""7631383783635583765""","=""7386125548474582021""","lib.com.id.kameya","@Bang Qi","biar ada kerjaan mereka ..😂","22/4/2026, 14.23.51","0","No","","","https://www.tiktok.com/@lib.com.id.kameya"
"=""7631478337911046933""","=""7631383783635583765""","=""6605642746365984769""","m99ds","Bang Leon","ya kalau di berantas selesai dong setoranya😂","22/4/2026, 14.13.49","0","No","","","https://www.tiktok.com/@m99ds"
"=""7631442697865478933""","=""7631383783635583765""","=""7424680306038375441""","mamasri612","mamasri","kau diam krna kau blm kena begal","22/4/2026, 11.55.27","0","No","","","https://www.tiktok.com/@mamasri612"
"=""7631442612209959688""","=""7631383783635583765""","=""7315289192526791687""","deddy_christhovel","Deddy CS","POLISI ini apa bang? bergerak dibidang apa?","22/4/2026, 11.55.08","0","No","","","https://www.tiktok.com/@deddy_christhovel"
"=""7631433882809811719""","=""7631383783635583765""","=""7128060030398841862""","papalubis07","Pratama","Lebih bagus kau DIAM..udah ada aksi mengamnkan kau masih banyak komen","22/4/2026, 11.21.13","0","No","","","https://www.tiktok.com/@papalubis07"
"=""7631411579767390977""","=""7631383783635583765""","=""6506139300626448386""","papa_muda723","Owner EMBEGE","ada bang, dekat lagii🤣","22/4/2026, 09.55.03","0","No","","","https://www.tiktok.com/@papa_muda723"
"=""7631401732861674248""","=""7631383783635583765""","=""7438446187634672695""","herysbyajudan3p","Om Hery,Harista 🎸","😂😂😂😂kayak nya😂😂😂","22/4/2026, 09.16.31","0","No","","","https://www.tiktok.com/@herysbyajudan3p"
"=""7631511880003683093""","=""7631383783635583765""","=""7037026458984170501""","f4hr1_123","RII","polisi tidur aja nyusahin apalagi polisi bangun kk😂😂","22/4/2026, 16.23.58","2","No","","","https://www.tiktok.com/@f4hr1_123"
"=""7631504368726049543""","=""7631383783635583765""","=""6547149221312790530""","bengkellaut12","BENGKEL LAUT","iya disini polisi ya tutup mata dan kerja ya makan tidur aja, makanya pomal yg turun tangan","22/4/2026, 15.54.43","1","No","","","https://www.tiktok.com/@bengkellaut12"
"=""7643411462991774480""","=""7631383783635583765""","=""6615033767612596226""","wwomego","Mas Mego","polisinya lg sibuk mmberikn bocoran info nya","24/5/2026, 18.00.19","0","No","","","https://www.tiktok.com/@wwomego"
"=""7643137725335667476""","=""7631383783635583765""","=""7472359093878768656""","simarmata812","user26154172856346","lagi... makan malam ...","24/5/2026, 00.18.08","0","No","","","https://www.tiktok.com/@simarmata812"
"=""7640143539183731463""","=""7631383783635583765""","=""7236311442181473282""","utii_yc","uti","polisi tidur banyak","15/5/2026, 22.39.05","0","No","","","https://www.tiktok.com/@utii_yc"
"=""7639741079311254288""","=""7631383783635583765""","=""7627790320184787988""","pakjepi3","biringre3n","polisii 🤣🤣🤣","14/5/2026, 20.37.24","0","No","","","https://www.tiktok.com/@pakjepi3"
"=""7638226453730411265""","=""7631383783635583765""","=""7630768763005109256""","adit09336","Adit","itu sepertinya gabungan kak sm polisi jg","10/5/2026, 18.40.11","0","No","","","https://www.tiktok.com/@adit09336"
"=""7637977618944344850""","=""7631383783635583765""","=""6972818433701446657""","guesto5","anim","di sini cuman jadi pajangan","10/5/2026, 02.34.22","0","No","","","https://www.tiktok.com/@guesto5"
"=""7637278279918371591""","=""7631383783635583765""","=""7136533307071955973""","user8848399841862","user8848399841862","itu namanya bersinergi saling membantu tugas pk","8/5/2026, 05.20.46","0","No","","","https://www.tiktok.com/@user8848399841862"
"=""7637266528862339860""","=""7631383783635583765""","=""7367653535859033093""","rully.sagita7","Rully Sagita","gak ada polisi pak..yg ada polisi tidur..banyak😂","8/5/2026, 04.35.11","0","No","","","https://www.tiktok.com/@rully.sagita7"
"=""7633292243945079572""","=""7631383783635583765""","=""6995105459054035995""","iwanyunirwan565","bang iwan","samanya polisi juga🤣","27/4/2026, 11.32.49","0","No","","","https://www.tiktok.com/@iwanyunirwan565"
"=""7632525612770804488""","=""7631383783635583765""","=""7132727064868701185""","edysrental","edi.s.","ttp salah polisi","25/4/2026, 09.57.46","0","No","","","https://www.tiktok.com/@edysrental"
"=""7632498150771753736""","=""7631383783635583765""","=""7502810136161240082""","aa.ian.garut","gunting","lgi ngopi di warung pak polisi nya,bang😁🙏","25/4/2026, 08.11.26","0","No","","","https://www.tiktok.com/@aa.ian.garut"
"=""7632288909494502164""","=""7631383783635583765""","=""7572152223440290824""","piliaman.sihombin0","Piliaman Sihombing","betul sekali","24/4/2026, 18.39.16","0","No","","","https://www.tiktok.com/@piliaman.sihombin0"
"=""7632223768295523090""","=""7631383783635583765""","=""6950228173662258178""","arilfransya","Aril fransya","apalagi Deket pelabuhan gitu udah pasti polisinya bermain kalau kasus yang enggak mengganggu uang orang itu gak bakalan kerja","24/4/2026, 14.26.24","0","No","","","https://www.tiktok.com/@arilfransya"
"=""7632205762735145749""","=""7631383783635583765""","=""7514420899996779541""","yuran.putra","hansf11","bener bang cma polisi tdur aja di sana","24/4/2026, 13.16.33","0","No","","","https://www.tiktok.com/@yuran.putra"
"=""7632118561134199560""","=""7631383783635583765""","=""7086437912704222210""","putratamasela","S U R G A","Kan di situ nya POM AL... mereka ngerti aturan yang ditangkap siapa... Polisi gk ada kewenangan nangkap warga sipil","24/4/2026, 07.38.11","0","No","","","https://www.tiktok.com/@putratamasela"
"=""7631924315928199952""","=""7631383783635583765""","=""7221906058171909122""","afandy123opw","BG ""Store""","iyap betul sangat tidur aja🤣","23/4/2026, 19.07.38","0","No","","","https://www.tiktok.com/@afandy123opw"
"=""7631915104925713170""","=""7631383783635583765""","=""7273101998207255559""","joker.sidi","Joker Sidi","polisinya takut SM begalnya","23/4/2026, 18.28.38","0","No","","","https://www.tiktok.com/@joker.sidi"
"=""7631890711089087252""","=""7631383783635583765""","=""7477393602696856577""","bunkdolok","bunkdolok","Ssssssssttttt jgn banyak bertanya","23/4/2026, 16.54.07","0","No","","","https://www.tiktok.com/@bunkdolok"
"=""7631846540273271568""","=""7631383783635583765""","=""7322782669946029062""","jemiran12","jemiran","ada polisi tidur","23/4/2026, 14.02.34","0","No","","","https://www.tiktok.com/@jemiran12"
"=""7631826230379610887""","=""7631383783635583765""","=""7491283290784007176""","wongso.so","Wongso So","polisinya GK brani","23/4/2026, 12.43.47","0","No","","","https://www.tiktok.com/@wongso.so"
"=""7631813236824146695""","=""7631383783635583765""","=""7414493012195525638""","yoyok.purnomo1","Yoyok Purnomo","kalau lapor ke polisi harus bayar 😅","23/4/2026, 11.53.22","0","No","","","https://www.tiktok.com/@yoyok.purnomo1"
"=""7631769008718660359""","=""7631383783635583765""","=""6790608165329191938""","iiniinisa_","Nisa389","bnr kk polisi tidur bnyk disin","23/4/2026, 09.01.42","0","No","","","https://www.tiktok.com/@iiniinisa_"
"=""7631752269461816081""","=""7631383783635583765""","=""7496787234193933320""","m.ganda86","m ganda","ko, TNI yg nangkap, mana polisi, MP nanya dgn santun","23/4/2026, 07.56.55","0","No","","","https://www.tiktok.com/@m.ganda86"
"=""7631749100702941973""","=""7631383783635583765""","=""7310122555196736517""","suryadi.putraronggolawe","Suryadi.pemuda petani...","ada dua polisi mereka adalah polisi yg paling jujur se-Indonesia, yaitu polisi tidur &patung polisi 🤭","23/4/2026, 07.44.39","0","No","","","https://www.tiktok.com/@suryadi.putraronggolawe"
"=""7631742457160385288""","=""7631383783635583765""","=""6959184760166515717""","rvldy7_","rvldy7_","ada polres Belawan kok, mereka juga nangkap begal', masyarakat sering juga ngelapor tpi belakangan ini mrka lapor ke pomal, dan bapak TNI AL atau pomal langsung gerak cepat mulai dari patroli kesemua daerah Belawan sampai Marelan dan masyarakat memberi tau juga lokasi begal, pomal dan yg lain langsung menangkap. kalau dihitung 21 orng, ktnya juga 8 orng masih di bawah umur dan di kembalikan ke keluarga masing'","23/4/2026, 07.18.52","0","No","","","https://www.tiktok.com/@rvldy7_"
"=""7631728526895727368""","=""7631383783635583765""","=""7276768639138382854""","bg.amir.73","BG amir 73","klu polisi di belawan cuma diam aja","23/4/2026, 06.24.54","0","No","","","https://www.tiktok.com/@bg.amir.73"
"=""7631625813234795271""","=""7631383783635583765""","=""7114804097988215835""",".achmad133","Ahmadd","masa ladang bagi hasil nya di tngkap....., gk mngkin lh","22/4/2026, 23.46.00","0","No","","","https://www.tiktok.com/@.achmad133"
"=""7631622897236689685""","=""7631383783635583765""","=""6883967537152345089""","ngab_blayer12","VA_LUE_KZR","Polisinya angkat tangan katanya, gatau kenapa😌","22/4/2026, 23.34.44","0","No","","","https://www.tiktok.com/@ngab_blayer12"
"=""7631621925026824980""","=""7631383783635583765""","=""7084654349327385601""","vannbrian.o_c","kingkhlong♟️","yaps","22/4/2026, 23.30.59","0","No","","","https://www.tiktok.com/@vannbrian.o_c"
"=""7631617879541547797""","=""7631383783635583765""","=""7339775281014227974""","rudi05676","𝘕𝘰𝘕𝘰","polisi hahahahaha","22/4/2026, 23.15.20","0","No","","","https://www.tiktok.com/@rudi05676"
"=""7631607336352760584""","=""7631383783635583765""","=""6835102282196747266""","pursam2","15 AGUST","appa....polisi","22/4/2026, 22.34.21","0","No","","","https://www.tiktok.com/@pursam2"
"=""7631591989247427335""","=""7631383783635583765""","=""6792431310218429442""","cutlossmu.cuanku","cutlossmu.cuanku","cek rutan atau lapas, da isinya tidak?","22/4/2026, 21.34.49","0","No","","","https://www.tiktok.com/@cutlossmu.cuanku"
"=""7631519691820253970""","=""7631383783635583765""","=""7136108418847556609""","maumere870","maumere","polisi
p nya =........ek","22/4/2026, 16.54.16","0","No","","","https://www.tiktok.com/@maumere870"
"=""7631498385719313153""","=""7631383783635583765""","=""6798187753814950913""","ahmat_riyan_syahputra_12","Riyan story","lol itu yg nangkap polisi lol","22/4/2026, 15.31.32","0","No","","","https://www.tiktok.com/@ahmat_riyan_syahputra_12"
"=""7631484656458826514""","=""7631383783635583765""","=""7214339052010439681""","rudi.pujangga","Rudi Pujangga","ga guna meskipun ada","22/4/2026, 14.38.18","0","No","","","https://www.tiktok.com/@rudi.pujangga"
"=""7631480290758165255""","=""7631383783635583765""","=""6811805390348780545""","khadijah.salsabilla78","khadijah.salsabilla78","Polisi nya emang pd tidur Bang😁","22/4/2026, 14.21.20","0","No","","","https://www.tiktok.com/@khadijah.salsabilla78"
"=""7631478405418730248""","=""7631383783635583765""","=""6969459871628542978""","sittifatimah935","sittifatimah935","polisi GK becus","22/4/2026, 14.17.48","0","No","","","https://www.tiktok.com/@sittifatimah935"
"=""7631471917954515719""","=""7631383783635583765""","=""7245881980553954305""","wanssss1510","Wannssss","Ada ne","22/4/2026, 13.48.49","0","No","","","https://www.tiktok.com/@wanssss1510"
"=""7631460520064074516""","=""7631383783635583765""","=""6653639593127264257""","mark0nded","IC. Markondes","Yang nangkap itu Polisi atau Pomal Bang Polisi Militer Angkatan Laut ehhehehehehehehehhhe.","22/4/2026, 13.04.47","0","No","","","https://www.tiktok.com/@mark0nded"
"=""7631423317099315985""","=""7631383783635583765""","=""7134622808622056449""","chubb.199","bing bung","polisi tidur jg ngumpett kak","22/4/2026, 10.40.38","0","No","","","https://www.tiktok.com/@chubb.199"
"=""7631417780868514576""","=""7631383783635583765""","=""7574077119773656072""","datochan_78","DATOCHAN","police adanya di amerika","22/4/2026, 10.18.47","0","No","","","https://www.tiktok.com/@datochan_78"
"=""7642106930424726279""","=""7631383783635583765""","=""7460916142929347592""","user8145501579342","adi","🤣🤣","21/5/2026, 05.38.11","0","No","","","https://www.tiktok.com/@user8145501579342"
"=""7631651627599020807""","=""7631383783635583765""","=""6749365331750700034""","liliksupriyanto19","lilikboy","😂","23/4/2026, 01.26.16","0","No","","","https://www.tiktok.com/@liliksupriyanto19"
"=""7631455903834211073""","=""7631383783635583765""","=""7093145064595506181""","oepoes99","dheny.f.@99","😂😂😂","22/4/2026, 12.47.04","0","No","","","https://www.tiktok.com/@oepoes99"
"=""7631445975597302549""","=""7631383783635583765""","=""7521758946676311048""","gandrung1237","Gandrung","👍👍👍","22/4/2026, 12.08.19","0","No","","","https://www.tiktok.com/@gandrung1237"
"=""7631444028412969749""","=""7631383783635583765""","=""7179621537078526978""","fatmafitrianti7","Fafit 17","😜😜","22/4/2026, 12.00.50","0","No","","","https://www.tiktok.com/@fatmafitrianti7"
"=""7631962431593956117""","","=""6959096487750927361""","xwlio1","walang sangit","fungsi polisi?","23/4/2026, 21.32.17","32","No","31","No","https://www.tiktok.com/@xwlio1"
"=""7633062818421572370""","=""7631962431593956117""","=""6951717918540661762""","armanpaung","armanpaung","mutar sana sini habiskan uang rakyat","26/4/2026, 20.42.17","7","No","","","https://www.tiktok.com/@armanpaung"
"=""7632306591165612801""","=""7631962431593956117""","=""6746881567878185985""","bharata__","Bharata Kaviwara","terima suap bandar narkoboy","24/4/2026, 19.51.30","3","No","","","https://www.tiktok.com/@bharata__"
"=""7632192770472280850""","=""7631962431593956117""","=""7311523565525124102""","nia.lestari67","razkaarafa shop","giliran ke tangkap nangis sebelum ketangkap jahat. .","24/4/2026, 12.26.15","2","No","","","https://www.tiktok.com/@nia.lestari67"
"=""7632620519105446663""","=""7631962431593956117""","=""6958626383778890754""","amos_simanjuntak11","Amos Sjm","pol-isi
harus poll dlu di isi baru gerak","25/4/2026, 16.06.07","1","No","","","https://www.tiktok.com/@amos_simanjuntak11"
"=""7632278789762679572""","=""7631962431593956117""","=""7580711412949369876""","user937358993","GANGSTER YAKUZA","fungsi polisi adalah ngocok di kantor","24/4/2026, 17.59.59","1","No","","","https://www.tiktok.com/@user937358993"
"=""7632191606816703250""","=""7631962431593956117""","=""7412453114149045266""","meteor0500","meteor05","Membuat masyarakat merasa tidak aman😁😁😁 Maaf kalau benarr","24/4/2026, 12.21.33","1","No","","","https://www.tiktok.com/@meteor0500"
"=""7643437562191577876""","=""7631962431593956117""","=""7100796682200663045""","idrisdaengmuntu","Idris Daeng Muntu","apa ya,kurang tau jg 😂","24/5/2026, 19.41.39","0","No","","","https://www.tiktok.com/@idrisdaengmuntu"
"=""7643295494248891154""","=""7631962431593956117""","=""7331985291538367489""","fano.2022","Fano 2022","SIBUK MEMVIRALKAN DIRI 1000 BEGAL DI TANGKAP POLISI MEREKA BARU 1 MEMVIRALKAN KAN NYA SAMPAI UJUNG DUNIA😂😂","24/5/2026, 10.30.22","0","No","","","https://www.tiktok.com/@fano.2022"
"=""7643281651485934357""","=""7631962431593956117""","=""6865883564543280130""","dancow_stroberi","🍓Dancow Stroberi 🍓","kaum sdm rendah komen🤣","24/5/2026, 09.36.51","0","No","","","https://www.tiktok.com/@dancow_stroberi"
"=""7643168978005754645""","=""7631962431593956117""","=""7132337872712254491""","mutiara..hikmah","NUR HARIYANTO","@NUR HARIYANTO:zer dpt cuan brapa
ada pengadilan akhirat bro
gak usah sibuk dunia Mulu
perbaiki diri","24/5/2026, 02.25.20","0","No","","","https://www.tiktok.com/@mutiara..hikmah"
"=""7643104782161380114""","=""7631962431593956117""","=""6924719587700278274""","lambastambunan957","lambastambunan957","tdk ada","23/5/2026, 22.10.15","0","No","","","https://www.tiktok.com/@lambastambunan957"
"=""7640084029584229141""","=""7631962431593956117""","=""7341023196970107905""","lis.wati160","Lis Wati","ya ela ngomong gini kg jls dia adeeh","15/5/2026, 18.48.12","0","No","","","https://www.tiktok.com/@lis.wati160"
"=""7639550100737393428""","=""7631962431593956117""","=""7635666080519013396""","c..silaut","C. Silaut","Putar Otak Lihat Situasi.","14/5/2026, 08.16.26","0","No","","","https://www.tiktok.com/@c..silaut"
"=""7638920685161186068""","=""7631962431593956117""","=""7420822709803844613""","kingly704","KING LY","ada setoran kali polisi makanya aman aman aja begal","12/5/2026, 15.34.02","0","No","","","https://www.tiktok.com/@kingly704"
"=""7637585228882445073""","=""7631962431593956117""","=""6977063479854498817""","p14g1o","Spartan","faktanya lapas..Over capasitas...koment longor..🤣🤣🤣","9/5/2026, 01.11.56","0","No","","","https://www.tiktok.com/@p14g1o"
"=""7635339665835787016""","=""7631962431593956117""","=""7388873389962380294""","kaisar04048","𝗠𝗢𝗥𝗩𝗜𝗡ꦌꦤ꧀ꦢꦤ꧀ꦒ꧀꧂","LAMBAT ADA DUIT BARU GERAK PAHAM KAU PELERRRRR","2/5/2026, 23.57.42","0","No","","","https://www.tiktok.com/@kaisar04048"
"=""7634945014373450517""","=""7631962431593956117""","=""7316971388118598661""","adehilda0","⚘Ade Hilda 💕2006","lu aj yg nangkap","1/5/2026, 22.26.21","0","No","","","https://www.tiktok.com/@adehilda0"
"=""7635204878349009685""","=""7631962431593956117""","=""6959096487750927361""","xwlio1","walang sangit","semoga ada baik baik saja","2/5/2026, 15.14.51","0","No","","","https://www.tiktok.com/@xwlio1"
"=""7632283633038557959""","=""7631962431593956117""","=""7442632885419934775""","alamsyah.sipahuta5","Alamsyah Sipahutar","fungsi polisi, ngebong🤣🤣🤣","24/4/2026, 18.18.40","0","No","","","https://www.tiktok.com/@alamsyah.sipahuta5"
"=""7631975298511504136""","=""7631962431593956117""","=""7464169623078028306""","coldrizes","coldzietheharmfulcomboss","buat lu komen","23/4/2026, 22.22.12","0","No","","","https://www.tiktok.com/@coldrizes"
"=""7643365969520739093""","=""7631962431593956117""","=""6916062179653567493""","danieljohanes7","BABA","Ada pepatah mengatakan klo POLISI SAMPAH MASYARAKAT....😂😂😂","24/5/2026, 15.04.04","0","No","","","https://www.tiktok.com/@danieljohanes7"
"=""7631982751776916245""","=""7631962431593956117""","=""7507263212582323207""","amgdfabubakar","amgdfAbubakar","POLISI sekarang PENGAWAL PILINDUNG BOS2 & PEJABAT,juga PENGUASA. bukan lagi jadi KANTIBMAS","23/4/2026, 22.51.15","3","No","","","https://www.tiktok.com/@amgdfabubakar"
"=""7643471292154561287""","=""7631962431593956117""","=""6863465261065208833""","atkdni20","dannn","benci banget namanya ku dengar ini haaa","24/5/2026, 21.52.28","0","No","","","https://www.tiktok.com/@atkdni20"
"=""7642792568691131154""","=""7631962431593956117""","=""7268758836273890322""","mesra.wati20","aloevera","tidor","23/5/2026, 01.58.48","0","No","","","https://www.tiktok.com/@mesra.wati20"
"=""7640215902465622792""","=""7631962431593956117""","=""7368373040155362309""","kylerayri","Luchamonti","😂🤣😂 polisi?","16/5/2026, 03.19.59","0","No","","","https://www.tiktok.com/@kylerayri"
"=""7639900800156386068""","=""7631962431593956117""","=""6942505352349238277""","rozak390","tb yusuf hafizh prataya","buka z UUD","15/5/2026, 06.57.36","0","No","","","https://www.tiktok.com/@rozak390"
"=""7639420314384368404""","=""7631962431593956117""","=""7183199373651067906""","ag_shoop0","ag_shoop0","Jangan saling menyerang mau TNI atau polisi kan sama aja tetep harus di apresiasi.","13/5/2026, 23.52.41","0","No","","","https://www.tiktok.com/@ag_shoop0"
"=""7636825484652200711""","=""7631962431593956117""","=""7361454837370455041""","subari12351","subari12351","melindungi lah ini","7/5/2026, 00.03.27","0","No","","","https://www.tiktok.com/@subari12351"
"=""7634469620056982292""","=""7631962431593956117""","=""7052593304961598490""","user5941456601944","kirana","nyepin","30/4/2026, 15.41.29","0","No","","","https://www.tiktok.com/@user5941456601944"
"=""7637254093542818581""","=""7631962431593956117""","=""7335507482641875973""","muhammad.alfian367","Muhammad Alfian","😂","8/5/2026, 03.46.47","1","No","","","https://www.tiktok.com/@muhammad.alfian367"
"=""7631110627511419655""","","=""6738235279386084354""","yapkes_bekam","Ibnu Ohan","Terimakasih para Bapak TNI AL. We love you all.","21/4/2026, 14.26.51","2025","No","17","No","https://www.tiktok.com/@yapkes_bekam"
"=""7631116561268589313""","=""7631110627511419655""","=""7050309316927292418""","mangodon312","Odon cirebon","udah.mending tentara aj yg buat ngurusin begal sama maling motor dll","21/4/2026, 14.52.11","62","No","","","https://www.tiktok.com/@mangodon312"
"=""7631149276025930503""","=""7631110627511419655""","=""7548841738929767432""","suherman8569","Suherman","TNI untuk rayat","21/4/2026, 16.56.46","26","No","","","https://www.tiktok.com/@suherman8569"
"=""7631337749668479765""","=""7631110627511419655""","=""7297969097869460486""","heri.ardhie","Heri Ardhie","KLO bisa habis begal itu para korup pak TNI aj yang bertindak buat nangkep biar lebih bersih negara ini dari para korup👍👍","22/4/2026, 05.11.05","15","No","","","https://www.tiktok.com/@heri.ardhie"
"=""7631328936181859073""","=""7631110627511419655""","=""6665979049577660417""","evawati17","evawati","mampus kau","22/4/2026, 04.34.05","2","No","","","https://www.tiktok.com/@evawati17"
"=""7631207547744338706""","=""7631110627511419655""","=""7413269292890424325""","kembudower175","kembu dower","trs tugas si coklat ngapain bangg","21/4/2026, 20.45.54","2","No","","","https://www.tiktok.com/@kembudower175"
"=""7643295414087402248""","=""7631110627511419655""","=""7331985291538367489""","fano.2022","Fano 2022","SIBUK MEMVIRALKAN DIRI 1000 BEGAL DI TANGKAP POLISI MEREKA BARU 1 MEMVIRALKAN KAN NYA SAMPAI UJUNG DUNIA😂😂","24/5/2026, 10.30.04","0","No","","","https://www.tiktok.com/@fano.2022"
"=""7631941814391849736""","=""7631110627511419655""","=""7428893036870697989""","user6806537109096","hasan","tembak saja pak","23/4/2026, 20.12.12","0","No","","","https://www.tiktok.com/@user6806537109096"
"=""7631657861174051604""","=""7631110627511419655""","=""7282724564345111557""","piterlielie","piterlielie","lg sibuk tangkap judi dan nyabu dak sempat","23/4/2026, 01.50.32","0","No","","","https://www.tiktok.com/@piterlielie"
"=""7631394975033344789""","=""7631110627511419655""","=""7391886689738916869""","babang.nyemnyem","Babang nyemnyem","TNI aja ya bang😂","22/4/2026, 08.50.25","0","No","","","https://www.tiktok.com/@babang.nyemnyem"
"=""7631194449993696018""","=""7631110627511419655""","=""7308706661987206146""","susantoherian2","heri","kalo TNI yg bergerak biarpun orang itu lari di ujung semut pasti ketemu pengalaman lebih sadis kalo TNI 😁","21/4/2026, 19.52.09","0","No","","","https://www.tiktok.com/@susantoherian2"
"=""7631115987768738577""","=""7631110627511419655""","=""6656919194728693761""","31503512033","Al-Mulk","demi keamanan masarakat","21/4/2026, 14.49.21","3","No","","","https://www.tiktok.com/@31503512033"
"=""7631411039431394055""","=""7631110627511419655""","=""7300782518884877313""","donnasimbolon6","Donna simbolon","se7","22/4/2026, 09.52.37","0","No","","","https://www.tiktok.com/@donnasimbolon6"
"=""7631304665338233617""","=""7631110627511419655""","=""7184775485203973122""","yeye37914","Yukie","salam olahraga pak","22/4/2026, 02.59.54","1","No","","","https://www.tiktok.com/@yeye37914"
"=""7636178379843617554""","=""7631110627511419655""","=""7052849915428357146""","rianboy557","Rian tiktok","[Stiker] 🤔✍️🏃🤳👮💪🤲🙏🇮🇩🇮🇩🇮🇩","5/5/2026, 06.12.39","0","No","","","https://www.tiktok.com/@rianboy557"
"=""7631257294223442689""","=""7631110627511419655""","=""7244822301509583877""","rasacinta175","💫ᴘᷜᴀᷳᴉᷮᴛᷝ✍","sama""","21/4/2026, 23.55.57","0","No","","","https://www.tiktok.com/@rasacinta175"
"=""7643013800636121863""","","=""6959214508833260550""","vicky3f","koyanagi","kronologi kenapa itu","23/5/2026, 16.17.15","6","No","2","No","https://www.tiktok.com/@vicky3f"
"=""7643446294342763285""","=""7643013800636121863""","=""7390025026923971589""","bennyrahmadhani91","☕ Kapalll Ap!....","ojink adella woo...hadechhh😩😫","24/5/2026, 20.20.23","0","No","","","https://www.tiktok.com/@bennyrahmadhani91"
"=""7643439119713010440""","=""7643013800636121863""","=""6724476877882704897""","rohmah272","🤝🙏❤️janda mandiri 💪💪❤️❤️","udah ada kan di layar hp masa iya gk liat,","24/5/2026, 19.47.42","0","No","","","https://www.tiktok.com/@rohmah272"
"=""7643458113043481364""","","=""7544988274211013648""","mahadanieldaniel9","Mahadanieldaniel@gmail.com","Terima kasih banyak Bpk TNI AL, semoga slalu sehat, bertugas hati2 dan waspada Pak TNI.","24/5/2026, 21.01.24","1","No","0","No","https://www.tiktok.com/@mahadanieldaniel9"
"=""7631402370769109780""","","=""7478180448725189650""","anis.wati365","Anis Wati","jangan kebangeten ya lindungilah anak 2kita ya alloh","22/4/2026, 09.19.03","11","No","60","No","https://www.tiktok.com/@anis.wati365"
"=""7631555572856898325""","=""7631402370769109780""","=""7100458395577287707""","satetanpatusuk4","@SateTanpaTusuk","berarti anda tukang begal juga kalau bukan anak anda tukang begal","22/4/2026, 19.13.30","66","No","","","https://www.tiktok.com/@satetanpatusuk4"
"=""7631435479502275346""","=""7631402370769109780""","=""7051824087258137602""","muhammadragilag45","Rg","anak kau begal apa 😹","22/4/2026, 11.27.29","63","No","","","https://www.tiktok.com/@muhammadragilag45"
"=""7631428567482729236""","=""7631402370769109780""","=""7098118489613648897""","g4..be","G  4.  BE","itu anakmu ya... berarti kau pelihara begal yg menghilangkan nyawa orang??? ini harus dselidiki","22/4/2026, 11.00.48","61","No","","","https://www.tiktok.com/@g4..be"
"=""7631428600383128338""","=""7631402370769109780""","=""6919854731628692482""","bg_ucil12","bg ucil12","komplotannya ini","22/4/2026, 11.00.52","61","No","","","https://www.tiktok.com/@bg_ucil12"
"=""7631762414875607829""","=""7631402370769109780""","=""7284019885226263560""","rosali.santi4","rosali santi","belum tau gimana rasanya anakmu dibegal, putus tangannya, kereta dibawa lari, atau anakmu yg begal.","23/4/2026, 08.36.30","48","No","","","https://www.tiktok.com/@rosali.santi4"
"=""7631570716638495504""","=""7631402370769109780""","=""7416768932746576901""","dhio3942","dio🚀","kok lu bela begal? lu komplotan nya?","22/4/2026, 20.12.12","6","No","","","https://www.tiktok.com/@dhio3942"
"=""7632311815740982036""","=""7631402370769109780""","=""6992278815528961026""","ndiifav","Brebebew","Wajar sih emaknya begal nih","24/4/2026, 20.08.08","5","No","","","https://www.tiktok.com/@ndiifav"
"=""7632301543866319624""","=""7631402370769109780""","=""7575795368689484816""","caklung40","abdul","sikat saja sama dia ini,dia memelihara begal","24/4/2026, 19.28.13","4","No","","","https://www.tiktok.com/@caklung40"
"=""7632427911312114440""","=""7631402370769109780""","=""7244227330817082374""","tanpa_nama22044","DuaduaKosongEmpat","Bosnya pasti ini atau penadah motornya 😂😂","25/4/2026, 03.38.40","3","No","","","https://www.tiktok.com/@tanpa_nama22044"
"=""7632525164996854546""","=""7631402370769109780""","=""7415061290844062736""","pale87870","musang","sorry banget ka itu begal sadis biasanya korban kalo ga di bun bun atau di bacok","25/4/2026, 09.56.09","2","No","","","https://www.tiktok.com/@pale87870"
"=""7632306974155440914""","=""7631402370769109780""","=""7263607742077191173""","radensiregar432","Raden Siregar","gimana klo ibumu di begal?","24/4/2026, 19.51.32","2","No","","","https://www.tiktok.com/@radensiregar432"
"=""7632321415023444754""","=""7631402370769109780""","=""7557376612636296200""","naomidimas83","Tianba天霸🇨🇳","kocak, uda tau Salah membunuh maling dan membuat resah Warga
Klau lu yg dibegal gimna Rasa nya","24/4/2026, 20.45.19","1","No","","","https://www.tiktok.com/@naomidimas83"
"=""7632292997631410945""","=""7631402370769109780""","=""7009532445368665114""","evy_tamama","Evy_Tamama","nanti anak suamimu di begal teriak2 minta keadilan,bilang petugas ga becus kerjanya,si begal aja klo eksekusi ga ada kasian2 nya sma korban.","24/4/2026, 18.55.05","1","No","","","https://www.tiktok.com/@evy_tamama"
"=""7632262385692738312""","=""7631402370769109780""","=""7025606199753393154""","iwaniwankurniaw79","bagong","ini si bangsat.begal suruh lindungi.","24/4/2026, 16.56.14","1","No","","","https://www.tiktok.com/@iwaniwankurniaw79"
"=""7632198703126840071""","=""7631402370769109780""","=""7319843224121000965""","milooowww3","Milooowww","itu. anak. mu begal yaaa ...","24/4/2026, 12.49.10","1","No","","","https://www.tiktok.com/@milooowww3"
"=""7632196213438628615""","=""7631402370769109780""","=""7096002113230242818""","fadlyoktavio","Fadly Oktavio","yaelah buk² org salah kok dibelain,otak nya dimana","24/4/2026, 12.39.34","1","No","","","https://www.tiktok.com/@fadlyoktavio"
"=""7632193584762635026""","=""7631402370769109780""","=""7330554777954780162""","user5974313182678","erwin","Kamu punya anak begal ya","24/4/2026, 12.29.16","1","No","","","https://www.tiktok.com/@user5974313182678"
"=""7643459063322428180""","=""7631402370769109780""","=""6875556160079709185""","antoka_combat09","antoka_ 09","begal harus diberantas...","24/5/2026, 21.05.10","0","No","","","https://www.tiktok.com/@antoka_combat09"
"=""7643438587569373959""","=""7631402370769109780""","=""6936255166178067457""","rayzet08","rayzet08","Gua sumpahin lu ke begal","24/5/2026, 19.45.37","0","No","","","https://www.tiktok.com/@rayzet08"
"=""7643429814683419410""","=""7631402370769109780""","=""6567894369184841729""","serpihan_tai","𝙒𝙏𝙁_𝙉𝙀𝙉𝙄𝙉 👽","hlah kntl","24/5/2026, 19.11.39","0","No","","","https://www.tiktok.com/@serpihan_tai"
"=""7643389310947722001""","=""7631402370769109780""","=""6876783594280027138""","fannyfanny359","Fanny Fanny359","kl dah pernah di begal PST tau rasa nya di tebas begal sadis","24/5/2026, 16.34.29","0","No","","","https://www.tiktok.com/@fannyfanny359"
"=""7643379524408083220""","=""7631402370769109780""","=""7224446356269253638""","inhaka5","InHaka","istri begal..","24/5/2026, 15.56.32","0","No","","","https://www.tiktok.com/@inhaka5"
"=""7643365729534837525""","=""7631402370769109780""","=""6916062179653567493""","danieljohanes7","BABA","Bu anak nya begal y.....😂","24/5/2026, 15.03.02","0","No","","","https://www.tiktok.com/@danieljohanes7"
"=""7643345563077493524""","=""7631402370769109780""","=""7563275316924597266""","zhaviaanisyatuzah","Nenaa","begal jangan di belain","24/5/2026, 13.49.58","0","No","","","https://www.tiktok.com/@zhaviaanisyatuzah"
"=""7643329618343559944""","=""7631402370769109780""","=""7159880708575642651""","user6998582522375","Indah Yulianti","ya Allah apakah ini bux begal","24/5/2026, 12.42.48","0","No","","","https://www.tiktok.com/@user6998582522375"
"=""7643319337290580756""","=""7631402370769109780""","=""7096438615198565378""","jibrilbarat","Jibril Barat","belum ngalami anak atau sodara dibegal yah.... mereka ga pikir 2kali","24/5/2026, 12.02.59","0","No","","","https://www.tiktok.com/@jibrilbarat"
"=""7643311512590074632""","=""7631402370769109780""","=""7466802920244626440""","user7909045081063","yanti","mudah2an ibu akan merasakan bgmn rasanya di begal","24/5/2026, 11.32.39","0","No","","","https://www.tiktok.com/@user7909045081063"
"=""7643311076768170773""","=""7631402370769109780""","=""7090580659831784475""","duridudidamdamdes","tatitutita","anak lu begal ya.?","24/5/2026, 11.30.57","0","No","","","https://www.tiktok.com/@duridudidamdamdes"
"=""7643307491342795538""","=""7631402370769109780""","=""6545710002807341058""","jambrud3","Sahroni S","ibu begal","24/5/2026, 11.16.56","0","No","","","https://www.tiktok.com/@jambrud3"
"=""7643307284512686855""","=""7631402370769109780""","=""6545710002807341058""","jambrud3","Sahroni S","ini pasti ibunya begal","24/5/2026, 11.16.10","0","No","","","https://www.tiktok.com/@jambrud3"
"=""7643296445043344146""","=""7631402370769109780""","=""7160997762137539589""","putrikenangan51","⁖℘༒ℝ𝕒𝕥𝕦 𝕁𝕒𝕘𝕒𝕥⁖℘༒","goblok ni komen biar tau smua begal sakit d pukul jdi jgn asal todong pukul atau bunuh korban","24/5/2026, 10.34.09","0","No","","","https://www.tiktok.com/@putrikenangan51"
"=""7643289396724712199""","=""7631402370769109780""","=""6978349107799491590""","bogangogang300","Wwn st","ya iblis lindungilah anakku yg jadi begal.","24/5/2026, 10.13.31","0","No","","","https://www.tiktok.com/@bogangogang300"
"=""7643281858655077137""","=""7631402370769109780""","=""7165375420015232001""","ranawidjaya6","Rana Widjaja 66","langsung buang saja ke pulau terpencil","24/5/2026, 09.37.53","0","No","","","https://www.tiktok.com/@ranawidjaya6"
"=""7643271247551660807""","=""7631402370769109780""","=""7004077814002533403""","kudin1648","Kudin1648","kebangetan apanya sih buk , ibu sendiri kalau di begal sampai di bacok gimana ?","24/5/2026, 08.56.20","0","No","","","https://www.tiktok.com/@kudin1648"
"=""7643257902995686152""","=""7631402370769109780""","=""6903984526260896774""","juminten2125","Juminten","ini pasti kluarganya begal","24/5/2026, 08.04.28","0","No","","","https://www.tiktok.com/@juminten2125"
"=""7643225504942211857""","=""7631402370769109780""","=""7226281662983701506""","ahmadwpr","ᴬʰᵐᵃᵈ","TEBAK SDM GAESSS","24/5/2026, 05.59.30","0","No","","","https://www.tiktok.com/@ahmadwpr"
"=""7643224752538092308""","=""7631402370769109780""","=""7062315632843211802""","bangmar2003","𝓜𝓐𝓡 ✧","longor😹","24/5/2026, 05.55.59","0","No","","","https://www.tiktok.com/@bangmar2003"
"=""7643160483575005973""","=""7631402370769109780""","=""7599546142724670485""","wisnu.wjm","I'm The Wisnu!√","anak lu begal? udh tua kok otak dngkl","24/5/2026, 01.46.36","0","No","","","https://www.tiktok.com/@wisnu.wjm"
"=""7643091672742904594""","=""7631402370769109780""","=""7090928684898534402""","maman_abdulrahman","MaMan DM","aneh Luh ko malah belain begal","23/5/2026, 21.19.28","0","No","","","https://www.tiktok.com/@maman_abdulrahman"
"=""7643072437042873095""","=""7631402370769109780""","=""7156659253749974042""","wefarmkaligesing","WEFarmKaligesing","Lindungi dan di didik biar gak jadi begal..","23/5/2026, 20.04.44","0","No","","","https://www.tiktok.com/@wefarmkaligesing"
"=""7643053499576697608""","=""7631402370769109780""","=""7352868848746333189""",".rani1188","💞 Rani 💞","mereka pantas menerimanya bu,,,mereka juga sadis kalau beraksi","23/5/2026, 18.51.20","0","No","","","https://www.tiktok.com/@.rani1188"
"=""7642944091067859732""","=""7631402370769109780""","=""7534208006825837589""","om.darma37","Om Darma","SEMOGA ANAKMU DI BEGAL AMIN","23/5/2026, 11.46.46","0","No","","","https://www.tiktok.com/@om.darma37"
"=""7642897277254845204""","=""7631402370769109780""","=""6743455069918430209""","user61551579","Deny Ramadhan","lu goblog amat😁","23/5/2026, 08.45.28","0","No","","","https://www.tiktok.com/@user61551579"
"=""7642760802152514321""","=""7631402370769109780""","=""7560040217585255432""","satya.gapi","Satya Gapi","tuk apa dilindungi kalo buat sampah","22/5/2026, 23.55.36","0","No","","","https://www.tiktok.com/@satya.gapi"
"=""7642703963746206472""","=""7631402370769109780""","=""6885687043860284417""","bejo.arianto1","bejo arianto","belum tau anda di begal ya emba coba kalo pada diri anda bagaimana","22/5/2026, 20.14.56","0","No","","","https://www.tiktok.com/@bejo.arianto1"
"=""7642635964631810834""","=""7631402370769109780""","=""7246578738656674821""","rohiya.kusna","Rohiya Kusna","mampusin klo perlu karna motor bit ku d ambil","22/5/2026, 15.54.25","0","No","","","https://www.tiktok.com/@rohiya.kusna"
"=""7642535412003717906""","=""7631402370769109780""","=""7302249363526910982""","its.me.lny","ᅠ","Makelar begal ini","22/5/2026, 09.20.53","0","No","","","https://www.tiktok.com/@its.me.lny"
"=""7642291143212188417""","=""7631402370769109780""","=""6779112285568582658""","nayaka37","『ᴋɪɴɢ』ᴼᴮᴵᵀᴼ༒࿐","🤣🤣🤣 gimana klo anak anda dibegal oleh mereka...klo cuma luka mending tapi klo mokat gmn","21/5/2026, 17.33.14","0","No","","","https://www.tiktok.com/@nayaka37"
"=""7642283405664731921""","=""7631402370769109780""","=""7453245249990394888""","husni.al.haddad.h7","Husni al haddad Husni","oh km begal ya awas saya kepung","21/5/2026, 17.03.06","0","No","","","https://www.tiktok.com/@husni.al.haddad.h7"
"=""7642174504974631700""","=""7631402370769109780""","=""7453377957936366597""","eko.prasetyo928","mama alleetha 🥰","biar kapok buk
orang dia aj KLO begal orang GK mikir korban","21/5/2026, 10.00.30","0","No","","","https://www.tiktok.com/@eko.prasetyo928"
"=""7642143123389481736""","=""7631402370769109780""","=""6739657783580787713""","_boy.021","𝖒𝖚𝖘𝖆𝖓𝖎𝖋 𝖊𝖋𝖊𝖓𝖉𝖎 ","anak nya mantan begal ya 😂","21/5/2026, 07.58.39","0","No","","","https://www.tiktok.com/@_boy.021"
"=""7642136063415501585""","=""7631402370769109780""","=""6897840810671358978""","whoam_i041001","who i am?","brisik pilat anak lu begal yak?","21/5/2026, 07.32.00","0","No","","","https://www.tiktok.com/@whoam_i041001"
"=""7641899135486247681""","=""7631402370769109780""","=""7542615304455685138""","aldo96wijaya","Aldo Wijaya","masak aja Bu jgn main sosmed mending","20/5/2026, 16.11.45","0","No","","","https://www.tiktok.com/@aldo96wijaya"
"=""7641883680105284359""","=""7631402370769109780""","=""7103077585319953410""","brader2886","Marbot.Masjid","lauk angetin sono.","20/5/2026, 15.11.49","0","No","","","https://www.tiktok.com/@brader2886"
"=""7641833694236197652""","=""7631402370769109780""","=""7510622730761880592""","dimasaditya1312","sok asik bet lu","bagus maen fb aja buk disini ibu kurang waras","20/5/2026, 11.58.02","0","No","","","https://www.tiktok.com/@dimasaditya1312"
"=""7641798081567425287""","=""7631402370769109780""","=""6990192914304500737""","chang_m22","honey09","emgnya Allah mau melindungi begal rampok pencuri maling??? otak dipake SDM rendah!!","20/5/2026, 09.39.45","0","No","","","https://www.tiktok.com/@chang_m22"
"=""7641574977029341970""","=""7631402370769109780""","=""7309045134586741762""","lenaw_12","lenaaa","gw malah lebih suka tuh begal di tembak mati,,biar ga bikin resah ,,","19/5/2026, 19.13.51","0","No","","","https://www.tiktok.com/@lenaw_12"
"=""7641490758810469138""","=""7631402370769109780""","=""7502775198317593607""","who38135","who","anak begal nih","19/5/2026, 13.47.06","0","No","","","https://www.tiktok.com/@who38135"
"=""7641257952145507090""","=""7631402370769109780""","=""7274138153450079237""","leandrosianipar83","Gideon Sianipar","jgn2 ini mami nya begal.. segera diselidiki","18/5/2026, 22.43.35","0","No","","","https://www.tiktok.com/@leandrosianipar83"
"=""7641178057659908885""","=""7631402370769109780""","=""6951243168957678594""","marwaneros","MARWAN EROS","ini mamah nya begal ya..","18/5/2026, 17.33.46","0","No","","","https://www.tiktok.com/@marwaneros"
"=""7641127015903314709""","=""7631402370769109780""","=""7481883480134190097""","denkurniawan9999","kurniawan999","jngn dikasihani goblok","18/5/2026, 14.15.40","0","No","","","https://www.tiktok.com/@denkurniawan9999"
"=""7640888708485792533""","=""7631402370769109780""","=""7216309771636704257""","chiistiani","Chiistiani","emaknya begal y","17/5/2026, 22.50.56","0","No","","","https://www.tiktok.com/@chiistiani"
"=""7640757709343834887""","=""7631402370769109780""","=""7388865660087288838""","ib.lubis","user3332075119565","Berarti anakmu kalau tdk begal pengguna narkoba.","17/5/2026, 14.22.24","0","No","","","https://www.tiktok.com/@ib.lubis"
"=""7640729987113386773""","=""7631402370769109780""","=""7614724766386570241""","jer09438","jer","adoh ko gitu","17/5/2026, 12.35.02","0","No","","","https://www.tiktok.com/@jer09438"
"=""7640701767948600084""","=""7631402370769109780""","=""7208149444067591194""","muhammad.zehrah","Arya Az-Zahra helda","kl kasian sama anak mu agar tidak terjadi sprti ini ajarilah ahlak yg baik tutur sapa yg baik dan beri nasehat yg baik agar pergaul x tidak salah teman yg membawa celaka. Krn punya ahlak yg baik punya pengatuhuan yg baik tutur sapa yg baik didikan x yg baik insya Allah selamat dr pergaulan yg buruk yg dampak x merugikan ortu sdri dan or lain","17/5/2026, 10.45.28","0","No","","","https://www.tiktok.com/@muhammad.zehrah"
"=""7640694437572789008""","=""7631402370769109780""","=""7260685855224267782""","yuliastutie.74","@Mamy-Restu❤","GJ... blm prnh kena begal ya enk lk ngonong...!!!","17/5/2026, 10.17.36","0","No","","","https://www.tiktok.com/@yuliastutie.74"
"=""7640312113546543893""","=""7631402370769109780""","=""6967892470647096322""","udin.wahyudin49","Udin wahyudin","ya kalau .ga jahat ..insa alloh.di lindungi anak2.kita bu.. tapi yg tni lakukan ..bnar..supaya.jera","16/5/2026, 09.33.31","0","No","","","https://www.tiktok.com/@udin.wahyudin49"
"=""7640196110338949906""","=""7631402370769109780""","=""6892078792048788482""","daroelqoethni","DaroelQoethni","please bu balik ke FB","16/5/2026, 02.03.13","0","No","","","https://www.tiktok.com/@daroelqoethni"
"=""7640159170884322069""","=""7631402370769109780""","=""7523640284082766866""","yono4736293","yono","tololll kau balek aja kau ke fb tolol","15/5/2026, 23.39.47","0","No","","","https://www.tiktok.com/@yono4736293"
"=""7640152629603320594""","=""7631402370769109780""","=""7080194486328312834""","goodclippsc","XXYYZZ","balik ke FB sono bu ngapain disini","15/5/2026, 23.14.21","0","No","","","https://www.tiktok.com/@goodclippsc"
"=""7640142138117980946""","=""7631402370769109780""","=""7437059288881300487""","nor.enos.enos","BRIAN","kayakx ibu ini menyukai klu banyak begal","15/5/2026, 22.33.39","0","No","","","https://www.tiktok.com/@nor.enos.enos"
"=""7639978296972739346""","=""7631402370769109780""","=""6606247363696902146""","echy19111","ECHY","begal seperti ini ngk patut di lindungi Krn ini sampah masyarakat","15/5/2026, 11.57.52","0","No","","","https://www.tiktok.com/@echy19111"
"=""7639752592284910344""","=""7631402370769109780""","=""7512081581575242759""","aqila.izwan","Aqila Izwan","ko maknya begal ya","14/5/2026, 21.21.59","0","No","","","https://www.tiktok.com/@aqila.izwan"
"=""7639739091957269269""","=""7631402370769109780""","=""7595940197189174289""","gentar77263","coar","kamu orang tua begal ya ..","14/5/2026, 20.29.44","0","No","","","https://www.tiktok.com/@gentar77263"
"=""7639655851980243719""","=""7631402370769109780""","=""7425365266723161093""","al_cs456","NARAPIDANA","anakmu begal?","14/5/2026, 15.06.36","0","No","","","https://www.tiktok.com/@al_cs456"
"=""7639637580170527508""","=""7631402370769109780""","=""7403009670912656390""","user659189634","Suryani","ini anakmu ya..","14/5/2026, 13.55.53","0","No","","","https://www.tiktok.com/@user659189634"
"=""7639604720230875925""","=""7631402370769109780""","=""7196284582764119041""","henisumara","bibo","anaknya begal ya😂😂","14/5/2026, 11.48.22","0","No","","","https://www.tiktok.com/@henisumara"
"=""7639563644401599252""","=""7631402370769109780""","=""7296168331173446661""","masrulsani933","masrulsani933","apa lindungi,,, anak kalo anak tidak pernah dapet didikan dari orang tuanya, beginilah jadinya","14/5/2026, 09.09.04","0","No","","","https://www.tiktok.com/@masrulsani933"
"=""7639385931783144212""","=""7631402370769109780""","=""6973874864990848002""","diahwil",""" utih diah "" 🥰","bunnnn......baca dulu beritanya dgn cermat ....baru ibu komentar 😎","13/5/2026, 21.39.18","0","No","","","https://www.tiktok.com/@diahwil"
"=""7639356103550468884""","=""7631402370769109780""","=""6805211627274388481""","yunhollyana","Yun","semoga km kena begal🤲🤲","13/5/2026, 19.43.41","0","No","","","https://www.tiktok.com/@yunhollyana"
"=""7639301800961639175""","=""7631402370769109780""","=""7062336070377931778""","faan_989","Blandong989🏴‍☠️","emak begal ini .wati tolol","13/5/2026, 16.12.52","0","No","","","https://www.tiktok.com/@faan_989"
"=""7639253019256816405""","=""7631402370769109780""","=""7471923821462488081""","rudi.djafar1","Rudi Djafar","anaknya begal kali nih ibu
belum aja luh anaknya jadi korban begal","13/5/2026, 13.03.42","0","No","","","https://www.tiktok.com/@rudi.djafar1"
"=""7639203561561457429""","=""7631402370769109780""","=""7584378717431088145""","lailiazizah57","@ eli","emng km mau, buk di, begal kok kmen seperti itu pengen nyobak buk","13/5/2026, 09.51.41","0","No","","","https://www.tiktok.com/@lailiazizah57"
"=""7639142892967985936""","=""7631402370769109780""","=""7542549697061094417""","khalid.bin.walid623","KHALID_EKS","in lah ciri org tua yg hnya kerja nya main kuda2an ,,lupa mndidik anak dgn sebenar nya","13/5/2026, 05.56.21","0","No","","","https://www.tiktok.com/@khalid.bin.walid623"
"=""7639042038508208904""","=""7631402370769109780""","=""7303955095887365125""","edy36389","BOLA SALJU","Akal nya pakai bos..jangan oon..terus orang orang yang tewas di begal gimana??apa anda juga nasehatin begal nya agar pakai perasaan😁😁😁","12/5/2026, 23.24.45","0","No","","","https://www.tiktok.com/@edy36389"
"=""7639009656451793682""","=""7631402370769109780""","=""7492669875404538898""","frdiansyah065","Frdiansyah","contoh nih punya anak kriminal semua","12/5/2026, 21.19.08","0","No","","","https://www.tiktok.com/@frdiansyah065"
"=""7638845518923383559""","=""7631402370769109780""","=""7436733413615240193""","anik.hadia","anik sayang joker","mbk knp gitu itu begal mbk","12/5/2026, 10.42.08","0","No","","","https://www.tiktok.com/@anik.hadia"
"=""7638747748686840597""","=""7631402370769109780""","=""7550318745815729170""","om.sastro6","Om Sastro","KONTHOLLLL","12/5/2026, 04.23.04","0","No","","","https://www.tiktok.com/@om.sastro6"
"=""7638635734064382741""","=""7631402370769109780""","=""7467116532267582465""","masndull86","Siksa kubur 🫵🥵","tidur sono km buk jngn cramah dsni","11/5/2026, 21.08.04","0","No","","","https://www.tiktok.com/@masndull86"
"=""7638611679244616466""","=""7631402370769109780""","=""7213251342650835994""","anakrantau2448","J🅾️H🅰️N","woy anji,ng didik anak lu","11/5/2026, 19.34.42","0","No","","","https://www.tiktok.com/@anakrantau2448"
"=""7638605813175927559""","=""7631402370769109780""","=""7335642131400639493""","suradiyuni43","Suradi","ini ibu nya begal ya","11/5/2026, 19.15.53","0","No","","","https://www.tiktok.com/@suradiyuni43"
"=""7638516235382293266""","=""7631402370769109780""","=""7614806116916184084""","iwan.riduan3","iwan Riduan","jangan ruwang hidup","11/5/2026, 13.24.22","0","No","","","https://www.tiktok.com/@iwan.riduan3"
"=""7638467630625456913""","=""7631402370769109780""","=""7220729856434652187""","utysofhie1","uty sofhie","itu begal lol ,faham!","11/5/2026, 10.15.46","0","No","","","https://www.tiktok.com/@utysofhie1"
"=""7638277454402913045""","=""7631402370769109780""","=""7543487697513907207""","riskirahayuahmadi","rangga","begal neng ini bukan selebritis yg ditangkap","10/5/2026, 21.57.50","0","No","","","https://www.tiktok.com/@riskirahayuahmadi"
"=""7638262101388182293""","=""7631402370769109780""","=""7299981545002484742""","sofian1262","Sofian","kalo orang di begal ampe mati kebanetan g lo koplak","10/5/2026, 20.58.18","0","No","","","https://www.tiktok.com/@sofian1262"
"=""7638243720043660052""","=""7631402370769109780""","=""7411756358322455557""","kang.jaka53","kang jaka","emaknya begal komen","10/5/2026, 19.49.53","0","No","","","https://www.tiktok.com/@kang.jaka53"
"=""7638124913211474706""","=""7631402370769109780""","=""7370187684122297350""","dedi25107","dedi25107","Kau liat gak begal tembak polisi di bagian kepala yg kejadian di lapung,apa kau masih bilang kasiann???","10/5/2026, 12.05.50","0","No","","","https://www.tiktok.com/@dedi25107"
"=""7637845429586346759""","=""7631402370769109780""","=""7008774059366908955""","rakensu.7","sixnine","mampus😅","9/5/2026, 18.01.25","0","No","","","https://www.tiktok.com/@rakensu.7"
"=""7637513391696544533""","=""7631402370769109780""","=""7549799162729645077""","putrajayabangsa","Putra jaya Bangsa80","...Waduh Mami si begal nii...😂","8/5/2026, 20.36.34","0","No","","","https://www.tiktok.com/@putrajayabangsa"
"=""7637358781306848021""","=""7631402370769109780""","=""7579665731483780114""","aldan1851","whyal?","admin","8/5/2026, 10.32.52","0","No","","","https://www.tiktok.com/@aldan1851"
"=""7637323785003156244""","=""7631402370769109780""","=""7450684704690406418""","hanis4902","hanis","kau mak nya","8/5/2026, 08.17.10","0","No","","","https://www.tiktok.com/@hanis4902"
"=""7637147216415048466""","=""7631402370769109780""","=""6739890293716026370""","pemudasalingka","sukoati","mamak begal ini","7/5/2026, 20.51.50","0","No","","","https://www.tiktok.com/@pemudasalingka"
"=""7636241815796302613""","=""7631402370769109780""","=""7560700100666803221""","tembaga.babet","Tembaga Babet","Brati anak mu satu ya tangkap ini yg kommen ini","5/5/2026, 10.18.35","0","No","","","https://www.tiktok.com/@tembaga.babet"
"=""7635919792306881281""","=""7631402370769109780""","=""7012647212569297946""","antoniusporkes","sikerei sibauu","kembali ke Facebook aja buk🤣🤣","4/5/2026, 13.29.07","0","No","","","https://www.tiktok.com/@antoniusporkes"
"=""7635432534138258197""","=""7631402370769109780""","=""7445307633501815813""","user8438133088396","user8438133088396","enak bangettt,SDH brp orang yg SDH JD korban,bahkan korban nyawa bs Ter ancam, sungguh begal itu membahayakan layak di kasih pelajaran","3/5/2026, 05.58.23","0","No","","","https://www.tiktok.com/@user8438133088396"
"=""7635339487334204168""","=""7631402370769109780""","=""7388873389962380294""","kaisar04048","𝗠𝗢𝗥𝗩𝗜𝗡ꦌꦤ꧀ꦢꦤ꧀ꦒ꧀꧂","Ngapaiin sih ibu"" facebook di sini balik sana bu","2/5/2026, 23.56.55","0","No","","","https://www.tiktok.com/@kaisar04048"
"=""7634498962436031253""","=""7631402370769109780""","=""7074490173254845467""","hahaha716727","hahahha","begal aja bodoamat ke korbanya bahkan smpe memb*nuh, lah ini cmn ditonjok di tendang doang ga smpe mat*","30/4/2026, 17.42.13","0","No","","","https://www.tiktok.com/@hahaha716727"
"=""7634500033362330389""","=""7631402370769109780""","=""7074490173254845467""","hahaha716727","hahahha","komplotan begal ya?","30/4/2026, 17.41.22","0","No","","","https://www.tiktok.com/@hahaha716727"
"=""7634442473524740871""","=""7631402370769109780""","=""7356829949325886469""","edelweis__0","Barbara🧚","tua kok ga ngotak mbah","30/4/2026, 13.56.15","0","No","","","https://www.tiktok.com/@edelweis__0"
"=""7634165940595245845""","=""7631402370769109780""","=""7507901400518804488""","dan.ni007","Andri nida","setuju. tapi bisa bayangkan saat Mrka beraksi sadis harusnya ini jadi perhatian org tuanya dan pemerintah utk menanganinya","29/4/2026, 20.03.07","0","No","","","https://www.tiktok.com/@dan.ni007"
"=""7634122769009115920""","=""7631402370769109780""","=""7445239856047768582""","dono.doni03","Dono Doni","anakmu kalo tahu begal kamu bangga gitu","29/4/2026, 17.18.27","0","No","","","https://www.tiktok.com/@dono.doni03"
"=""7633443567751004929""","=""7631402370769109780""","=""7291432712517288965""","wiro.s2374","wiro","mamak nya ini... 🤣🤣🤣🤣","27/4/2026, 21.19.52","0","No","","","https://www.tiktok.com/@wiro.s2374"
"=""7633174269056828178""","=""7631402370769109780""","=""7333817615468643334""","anya.folger0","Anya","keluarga begal ya, pantas dibela amat","27/4/2026, 03.55.00","0","No","","","https://www.tiktok.com/@anya.folger0"
"=""7633115327723504404""","=""7631402370769109780""","=""7265319585476838406""","fauzybowo","akun gabut","taik","27/4/2026, 00.06.07","0","No","","","https://www.tiktok.com/@fauzybowo"
"=""7633097206182134548""","=""7631402370769109780""","=""7505633381151278100""","annisa.aulia979","Pahutar","begal kok dilindungi...coba ibu bayangkan tangis yang kena begal!!","26/4/2026, 22.55.45","0","No","","","https://www.tiktok.com/@annisa.aulia979"
"=""7632953882462126856""","=""7631402370769109780""","=""7479636711610500112""","boring.day63","Bola Bolu","main fb aja","26/4/2026, 13.39.44","0","No","","","https://www.tiktok.com/@boring.day63"
"=""7632919190827156244""","=""7631402370769109780""","=""7254553491954451462""","kaumadam45","KaUm AdAm","selesaikan sekalan di mutasi akherat aja","26/4/2026, 11.25.02","0","No","","","https://www.tiktok.com/@kaumadam45"
"=""7632460837516641044""","=""7631402370769109780""","=""6745412193817576449""","nank_boy29","nank boy29","Mak nya begal ini 😂😂😂😂","25/4/2026, 05.46.32","0","No","","","https://www.tiktok.com/@nank_boy29"
"=""7632280079759311637""","=""7631402370769109780""","=""7582487829579531282""","deni77314","Deni","najis* orng kek gini","24/4/2026, 18.05.03","0","No","","","https://www.tiktok.com/@deni77314"
"=""7632280083592921873""","=""7631402370769109780""","=""7401533578666050565""","nadinkamila14","Ehh_Nadin","Kau orang nya begal ?","24/4/2026, 18.05.00","0","No","","","https://www.tiktok.com/@nadinkamila14"
"=""7632273231135867655""","=""7631402370769109780""","=""7290480264269726721""","tata_nugraha21","Tata_nugraha21","tai","24/4/2026, 17.38.25","0","No","","","https://www.tiktok.com/@tata_nugraha21"
"=""7632253810178523911""","=""7631402370769109780""","=""6768379318911288321""","danuanndanda23","DaanZ","anakmu begal","24/4/2026, 16.23.00","0","No","","","https://www.tiktok.com/@danuanndanda23"
"=""7632229285897913109""","=""7631402370769109780""","=""7174453107748996101""","attagacor112","attakaze831","@Anis Wati:jangan kebangeten ya lindungilah anak 2kita ya alloh 😹😹😹😹😹😹","24/4/2026, 14.49.36","0","No","","","https://www.tiktok.com/@attagacor112"
"=""7632207776957973269""","=""7631402370769109780""","=""7421594640506504198""","doni.wisnu.saputr","penggembala unta","situ maknya begal ya","24/4/2026, 13.24.26","0","No","","","https://www.tiktok.com/@doni.wisnu.saputr"
"=""7632202301024862996""","=""7631402370769109780""","=""7577987144015594517""","good.father69","Good Father","woii... kau mamaknya ya","24/4/2026, 13.03.07","0","No","","","https://www.tiktok.com/@good.father69"
"=""7632193164941525777""","=""7631402370769109780""","=""7307601188987782150""","shevaaa2412","ShevaaAa","balik ke facebook buk","24/4/2026, 12.27.42","0","No","","","https://www.tiktok.com/@shevaaa2412"
"=""7632189067928994568""","=""7631402370769109780""","=""6969495368329823233""","www.tiktok.comboedakkamp",">K-Fox<","Longor goblog nggk ada otak manusia paling tolol lu anjing","24/4/2026, 12.11.46","0","No","","","https://www.tiktok.com/@www.tiktok.comboedakkamp"
"=""7632184233309946642""","=""7631402370769109780""","=""7074455743798051842""","arnld74","arnld","penadah y","24/4/2026, 11.52.58","0","No","","","https://www.tiktok.com/@arnld74"
"=""7632183832360026900""","=""7631402370769109780""","=""6984411834653885467""","ekelgtg30","ekelgtg30","Neng anis neg anis","24/4/2026, 11.51.38","0","No","","","https://www.tiktok.com/@ekelgtg30"
"=""7632036976149480210""","=""7631402370769109780""","=""7055718231969121307""","black_brio3","Black Brio","Jadi pas dia begal org melukai org Masih ngomong HAM kau. jadi HAM berlaku nya buat Begal saja buat korban tidak ada gitu ?","24/4/2026, 02.21.35","0","No","","","https://www.tiktok.com/@black_brio3"
"=""7632011946334094097""","=""7631402370769109780""","=""7560968518910739464""","ary.noz_fishingbali.028","Ary_imenk028#NozfishingBali","apa?jangan kebangetan? mereka saja kalau membegal tidak ada rasa kasihan. jadi biarkan saja","24/4/2026, 00.44.29","0","No","","","https://www.tiktok.com/@ary.noz_fishingbali.028"
"=""7632000068183311124""","=""7631402370769109780""","=""6957072638729323521""","jasthinxavier_hayer","𝑫 𝒂 𝒏 𝒏 𝐲_ᴍᴏʟᴜᴄᴄᴀs","Kau ajarkan anak kau utk jdi 8394L/JMBR3T kan??","23/4/2026, 23.58.24","0","No","","","https://www.tiktok.com/@jasthinxavier_hayer"
"=""7631988521842901780""","=""7631402370769109780""","=""7625304053669299221""","yayuk.sugiem","Yayuk Sugiem","mampusss,gak usah D kasih ampun bila perlu hukuman mati.","23/4/2026, 23.13.33","0","No","","","https://www.tiktok.com/@yayuk.sugiem"
"=""7631955588972757780""","=""7631402370769109780""","=""7126064764757361665""","riorahman_287","Rahman","balik ke fb aja buk","23/4/2026, 21.05.42","0","No","","","https://www.tiktok.com/@riorahman_287"
"=""7631953760126567188""","=""7631402370769109780""","=""6987313541212849153""","sabit_ajaalah","YA YA SAYA SETUJU","ya Alloh ya alloh,anakmu kalo buat onar dibela ya pasti","23/4/2026, 20.58.39","0","No","","","https://www.tiktok.com/@sabit_ajaalah"
"=""7631951681714914069""","=""7631402370769109780""","=""7348050513047290885""","suheri6789","Suheri","agak lain kau","23/4/2026, 20.50.36","0","No","","","https://www.tiktok.com/@suheri6789"
"=""7631944842852008712""","=""7631402370769109780""","=""7093115039457166338""","sekuler_lover","Anak kos","l0nth33333 yg punya anak b3gal","23/4/2026, 20.24.00","0","No","","","https://www.tiktok.com/@sekuler_lover"
"=""7631940244220855048""","=""7631402370769109780""","=""6956614198127232001""","user6936911173425","sulhan","ini komen paling tolol","23/4/2026, 20.06.08","0","No","","","https://www.tiktok.com/@user6936911173425"
"=""7631932699695170312""","=""7631402370769109780""","=""7045234381082477569""","bambangsenoalmahd","Bambang Seno Al Mahd","Dia kalo lagi ngebegal sadis gak pandang korban main bacok aja sekarang lu kesian liat dia ketangkep?","23/4/2026, 19.36.52","0","No","","","https://www.tiktok.com/@bambangsenoalmahd"
"=""7631932190087283476""","=""7631402370769109780""","=""7327176276740473862""","omveng0","omveng","mas aniiis..mas aniisss","23/4/2026, 19.34.54","0","No","","","https://www.tiktok.com/@omveng0"
"=""7631931675333378824""","=""7631402370769109780""","=""7316305712359441414""","wet.wet.20","wetwet","kau komplotannya ya,","23/4/2026, 19.32.54","0","No","","","https://www.tiktok.com/@wet.wet.20"
"=""7631917131395466005""","=""7631402370769109780""","=""7052631739051295745""","daryatikurn","daryatikurn","di di hapus sekalian biar aman","23/4/2026, 18.36.33","0","No","","","https://www.tiktok.com/@daryatikurn"
"=""7631914877506306832""","=""7631402370769109780""","=""6682919349277606913""","fadil19anugrah","penjual tiket surga","yaah nama kau aja abis , Anis Anis, paok kali kauu","23/4/2026, 18.27.43","0","No","","","https://www.tiktok.com/@fadil19anugrah"
"=""7631914688921928469""","=""7631402370769109780""","=""7159930733681935386""","pran6764","Bocah Tua nakal 😝😜🤪","berikut nya anda","23/4/2026, 18.27.02","0","No","","","https://www.tiktok.com/@pran6764"
"=""7631913160538915602""","=""7631402370769109780""","=""7489322719289312274""","al.fath368","Alfath_🕊","contoh SDM rendah😂😂","23/4/2026, 18.21.11","0","No","","","https://www.tiktok.com/@al.fath368"
"=""7631905738445521672""","=""7631402370769109780""","=""7582989209871680532""","supir.oleng3","zaibatzu","waktu dia melakukan aja ngk kasian sama korbanya,mikir buk kalok anak anda jadi korban jambret gi mba perasaanmu","23/4/2026, 17.52.15","0","No","","","https://www.tiktok.com/@supir.oleng3"
"=""7631904305466344213""","=""7631402370769109780""","=""7034719338603529217""","denggol256","Pawang hujan","lindungilah anak anak kita dari kekejaman begal😂","23/4/2026, 17.46.56","0","No","","","https://www.tiktok.com/@denggol256"
"=""7631868380701999890""","=""7631402370769109780""","=""7480286445648741383""","civic.estilo_7","civic.estilo.7","bu kalau tanganny ibu di begal di tebas di jalan gimana ?","23/4/2026, 15.27.17","0","No","","","https://www.tiktok.com/@civic.estilo_7"
"=""7631863844507632392""","=""7631402370769109780""","=""6878467692476269569""","dewberyyss","✨","paok kali kau 😭","23/4/2026, 15.09.40","0","No","","","https://www.tiktok.com/@dewberyyss"
"=""7631826184117273351""","=""7631402370769109780""","=""7144735402393404442""","shopishopishopi6","pia","ank ibu ya.. tlng anknya d didik y bu.. biar g jd begal.. ud brp bnyk krbn kena begal bu.. jd tlng anknya d didik ya","23/4/2026, 12.48.20","0","No","","","https://www.tiktok.com/@shopishopishopi6"
"=""7631822303949767445""","=""7631402370769109780""","=""7511005961109832712""","lecky694","Lecky69XXX","Begal & penjahat di belawan gak butuh dikasihani, bu...","23/4/2026, 12.28.39","0","No","","","https://www.tiktok.com/@lecky694"
"=""7631813661761438482""","=""7631402370769109780""","=""7407464182193652741""","edi355519","Edi","begal ko dilindungi ngaur bearti nt komplotannys","23/4/2026, 11.57.15","0","No","","","https://www.tiktok.com/@edi355519"
"=""7631806772378960658""","=""7631402370769109780""","=""7463104478180770817""","arisuprapto7695","Ayah","berarti anakmu begal. seandainya anakmu bukan begal apa kau rela anakmu di begal mungkin di aniaya atau bahkan sampai di bunuh","23/4/2026, 11.28.19","0","No","","","https://www.tiktok.com/@arisuprapto7695"
"=""7631806131078415121""","=""7631402370769109780""","=""6890497259735565313""","ronggolawelawe720","ronggolawe","Anis anak kau begal itu ya,kau sabut Nama Allah untuk melindungi saudarakau yg jadi gebong begal otak kau dimana bangang😂😂","23/4/2026, 11.25.51","0","No","","","https://www.tiktok.com/@ronggolawelawe720"
"=""7631799424448561940""","=""7631402370769109780""","=""6848963718819562497""","7tinjakparsiantar","DETEKTIF🤝","kau begal. bisa2 nya ngasihani orang sadis pembunuh pembegal","23/4/2026, 10.59.49","0","No","","","https://www.tiktok.com/@7tinjakparsiantar"
"=""7631795878458884885""","=""7631402370769109780""","=""6958710616442569733""",".zefanyagurning","sidolipardosa","ini mamaknya yg komen maaf yah","23/4/2026, 10.50.49","0","No","","","https://www.tiktok.com/@.zefanyagurning"
"=""7631790225556144897""","=""7631402370769109780""","=""7478329145350046736""","enzoy.aja","enzoy aja","anakmulah itu","23/4/2026, 10.24.18","0","No","","","https://www.tiktok.com/@enzoy.aja"
"=""7631790237312090900""","=""7631402370769109780""","=""7627763338860839952""","pilot.darat964","🚚PILOT DARAT🚛","ini orang belum kenak sama begall
😂😂","23/4/2026, 10.24.11","0","No","","","https://www.tiktok.com/@pilot.darat964"
"=""7631787989685273351""","=""7631402370769109780""","=""7343610921167062021""","goceng.dong6","Goceng Dong","Luh kelurga begal","23/4/2026, 10.15.24","0","No","","","https://www.tiktok.com/@goceng.dong6"
"=""7631780245145879314""","=""7631402370769109780""","=""6567685881507119105""","crf_kodok","crf_kodok","Contoh” kluarga maling","23/4/2026, 09.45.20","0","No","","","https://www.tiktok.com/@crf_kodok"
"=""7631777255858144020""","=""7631402370769109780""","=""7239355945683338245""","rizieq.bahar.anies.yaman","TBL_troublemaker","goblok","23/4/2026, 09.39.06","0","No","","","https://www.tiktok.com/@rizieq.bahar.anies.yaman"
"=""7631765861325685525""","=""7631402370769109780""","=""7257532175452455941""","widianalila","Plento😷","emang anakmu begal yaaa","23/4/2026, 08.52.37","0","No","","","https://www.tiktok.com/@widianalila"
"=""7631765313214726933""","=""7631402370769109780""","=""7462739534276396048""","hrx_project","HR❌️_project","ya itu anak² kita dilindungi dari begal ibu downgok,begalnya diberantas sama tni","23/4/2026, 08.47.31","0","No","","","https://www.tiktok.com/@hrx_project"
"=""7631763729349198593""","=""7631402370769109780""","=""7022638255736783898""","tina0881037211666","tina0881037211666","belum pernah di begal sih lu, klo AQ udah pernah di copet , mkanya AQ GK pernah kasian sama yg namanya begal, copet, apa pun alasanya","23/4/2026, 08.45.32","0","No","","","https://www.tiktok.com/@tina0881037211666"
"=""7631755891762856725""","=""7631402370769109780""","=""7021501522463458310""","arbita549","arbi","goblok kau,kau ibu begal ya","23/4/2026, 08.10.55","0","No","","","https://www.tiktok.com/@arbita549"
"=""7631743761605755668""","=""7631402370769109780""","=""7358536014526546949""","leni.moza","Leni moza","o..alah anaknya ketangkap bu","23/4/2026, 07.24.05","0","No","","","https://www.tiktok.com/@leni.moza"
"=""7631742067869893396""","=""7631402370769109780""","=""7091232175962637339""","rianjetto7","OFFICIAL SARDULO JOYO👺","omong enak begal sadis tega membunbun korban jika lolos","23/4/2026, 07.17.28","0","No","","","https://www.tiktok.com/@rianjetto7"
"=""7631738881151468309""","=""7631402370769109780""","=""7437111487259690040""","iramaria047","iramaria","jadi kamu orang tuanya begal,","23/4/2026, 07.05.07","0","No","","","https://www.tiktok.com/@iramaria047"
"=""7631729177490195201""","=""7631402370769109780""","=""6961768449668842497""","jumadiyono166","franky","ini pasti anaknya yg ikut begal","23/4/2026, 06.31.32","0","No","","","https://www.tiktok.com/@jumadiyono166"
"=""7631722284314936085""","=""7631402370769109780""","=""7229356604713305090""","rehantanjung_","𝖗𝖊𝖍𝖆𝖓𝖙𝖆𝖓𝖏𝖚𝖓𝖌","bu bu kejahatan kekgitu mesti dilindungi?🗿","23/4/2026, 06.00.37","0","No","","","https://www.tiktok.com/@rehantanjung_"
"=""7631713879978492679""","=""7631402370769109780""","=""6831776966817252353""","bambang_triwibisono","Bam Bang","anak anak kita?? anak kau sajaaa... anak kami tidak di didik jadi begal kampang","23/4/2026, 05.27.54","0","No","","","https://www.tiktok.com/@bambang_triwibisono"
"=""7631702010517750549""","=""7631402370769109780""","=""6997377387840078849""","wanwaey2","💙wanwaey 2✌️💙","🤣🤣 ngopi dulu Bru cmant ..","23/4/2026, 04.41.57","0","No","","","https://www.tiktok.com/@wanwaey2"
"=""7631698154148365076""","=""7631402370769109780""","=""7365024138471916550""","fajar.aguang","Fajar Aguang","anakmu monyong itu salah satu komplotan mrk","23/4/2026, 04.26.55","0","No","","","https://www.tiktok.com/@fajar.aguang"
"=""7631674584551080712""","=""7631402370769109780""","=""7619377714261066773""","_1mhmmdrizkiii","★₱₹€DATO₹†","plenger final ni wati","23/4/2026, 02.55.23","0","No","","","https://www.tiktok.com/@_1mhmmdrizkiii"
"=""7631651952670376711""","=""7631402370769109780""","=""7136834018351809562""","warungjombang123","MbakWina 1234","Allah melindungi orng yg benar,,bukan yg bangsat","23/4/2026, 01.27.34","0","No","","","https://www.tiktok.com/@warungjombang123"
"=""7631641534966596360""","=""7631402370769109780""","=""6822316898596750337""","jamiedebson","jamiedebson","jawaban tolol banget","23/4/2026, 00.47.02","0","No","","","https://www.tiktok.com/@jamiedebson"
"=""7631633731032351489""","=""7631402370769109780""","=""6547842188574457857""","jefridamanik20","Jeje","kenapa lah anda bisa lahir didunia dengan isi otk yg tdk ad","23/4/2026, 00.16.49","0","No","","","https://www.tiktok.com/@jefridamanik20"
"=""7631628625528161025""","=""7631402370769109780""","=""7077233417519154202""","prasduapuluhhh","cepret mahatir","anis Wati😹","22/4/2026, 23.56.55","0","No","","","https://www.tiktok.com/@prasduapuluhhh"
"=""7631628328004223760""","=""7631402370769109780""","=""7097783759344665626""","arsensionism","git.","nenek2 jaman purba gausa main sosmed, emak begal 😂","22/4/2026, 23.55.43","0","No","","","https://www.tiktok.com/@arsensionism"
"=""7631616230290424597""","=""7631402370769109780""","=""7227809065173255169""","wwwwsankpemimpi986","bocah rantau","ini komplotanya begal an7ing","22/4/2026, 23.08.56","0","No","","","https://www.tiktok.com/@wwwwsankpemimpi986"
"=""7631614025575891713""","=""7631402370769109780""","=""7528070417988584449""","indriya.jufri_87","𝙅𝙪𝙛𝙧𝙞_𝙄𝙣𝙙𝙧𝙞𝙮𝙖 💤","halal kalau begal,sayapun bersedia membantu baww batu","22/4/2026, 23.00.27","0","No","","","https://www.tiktok.com/@indriya.jufri_87"
"=""7631610298131481351""","=""7631402370769109780""","=""7267425598132257798""","sonacmalela","Captain morgan🍾🍾","nmnya aja sudah anis,yg ini anis perempuan yg dsna anis laki2","22/4/2026, 22.45.50","0","No","","","https://www.tiktok.com/@sonacmalela"
"=""7631608142250083093""","=""7631402370769109780""","=""6962492408902812678""","galang_stn_007","Galang Permadi 07","komen gini biasa itu merusak mental diri sendiri, jangan di biasakan jadi pecundang","22/4/2026, 22.37.29","0","No","","","https://www.tiktok.com/@galang_stn_007"
"=""7631607939296854805""","=""7631402370769109780""","=""6739863651988407298""","roisamueltarigan0","steven tarigan","kau mamaknya yah","22/4/2026, 22.36.46","0","No","","","https://www.tiktok.com/@roisamueltarigan0"
"=""7631606557528752904""","=""7631402370769109780""","=""7357527833771885584""","introvert725","bunga kamboja","komen yang bener lah","22/4/2026, 22.31.16","0","No","","","https://www.tiktok.com/@introvert725"
"=""7631601544258306823""","=""7631402370769109780""","=""7516200720107504657""","tzyy_lennyx","꧁ᬊᬁTzylen_nyxxᬊ᭄꧂","kontol","22/4/2026, 22.11.50","0","No","","","https://www.tiktok.com/@tzyy_lennyx"
"=""7631598297668600597""","=""7631402370769109780""","=""7102349890332230683""","bryann2210","bryan","anis Wati kok bego banget sumpah. udah tauu begal mlh di belain","22/4/2026, 21.59.14","0","No","","","https://www.tiktok.com/@bryann2210"
"=""7631597143439098631""","=""7631402370769109780""","=""6788519869978805249""","dewa_anandaptra","VETSU","bakar pun klk bisa anj","22/4/2026, 21.54.46","0","No","","","https://www.tiktok.com/@dewa_anandaptra"
"=""7631594982139167508""","=""7631402370769109780""","=""7307949110447211525""","vinapristiani","Vina Pristiani","Amin 🤲🤲🤲 krna anak sy cwo takut sekali ya allah jauhkan anak2 kita dri sifat2 kejahatan 🤲🤲","22/4/2026, 21.48.37","0","No","","","https://www.tiktok.com/@vinapristiani"
"=""7631591676561081089""","=""7631402370769109780""","=""6937197359513109506""","mirnawaty617","miran❤❤❤","klo begalnya ngambil barang doang mah mending ini senyawa2 org di ambil oon","22/4/2026, 21.33.29","0","No","","","https://www.tiktok.com/@mirnawaty617"
"=""7631589738621551381""","=""7631402370769109780""","=""6879435988629996545""","senju9126","SENJU","balik ke fb aja bu","22/4/2026, 21.26.04","0","No","","","https://www.tiktok.com/@senju9126"
"=""7631578978864104193""","=""7631402370769109780""","=""7537017704323220486""","d649560","D","TOLOLLLL","22/4/2026, 20.44.13","0","No","","","https://www.tiktok.com/@d649560"
"=""7631576644184900353""","=""7631402370769109780""","=""7170211983789884418""","taufik.muhamad233","Taufik muhamad030477","anak lu tukang todong ya kok kaya gitu lu lindungi kalo dia begal org ga perduli kasian","22/4/2026, 20.35.12","0","No","","","https://www.tiktok.com/@taufik.muhamad233"
"=""7631574643803210504""","=""7631402370769109780""","=""6718806170239009793""","ayd_259","AYD","Pukimak","22/4/2026, 20.27.25","0","No","","","https://www.tiktok.com/@ayd_259"
"=""7631574058068886293""","=""7631402370769109780""","=""6973658476569953281""","tuancobraa","tu@n @cobr🐍🇵🇸","begini nie klau sdh tertangkap begal nya nangis , ampun bg , tp klau berhasil kesenangan , klau bs di penjara kan aj ke Nusakambangan biar tau rasa begalnya . makanya Lae begal jgn kau campuri BRG org , sdh tertangkap basah ampun"" .","22/4/2026, 20.25.12","0","No","","","https://www.tiktok.com/@tuancobraa"
"=""7631572052366033682""","=""7631402370769109780""","=""7233387593742828545""","martonoau","mastono","Lah....berarti anda ibunya anak"" pelaku begal itu...😅😅😅😅😅","22/4/2026, 20.17.25","0","No","","","https://www.tiktok.com/@martonoau"
"=""7631571351182934801""","=""7631402370769109780""","=""7443409313655571457""","user4966723066030","Muhammad salim","udh ku tengok akun mu rupa nya muka mu pun jelek anjirrr","22/4/2026, 20.16.43","0","No","","","https://www.tiktok.com/@user4966723066030"
"=""7631570963965182740""","=""7631402370769109780""","=""7182954195824378886""","gunawan_igun23","Pak Gun","Apakah anda induknya begal","22/4/2026, 20.13.16","0","No","","","https://www.tiktok.com/@gunawan_igun23"
"=""7631570885741282056""","=""7631402370769109780""","=""7028448901813781510""","saputra__993",".","komplotan lu ya?","22/4/2026, 20.12.54","0","No","","","https://www.tiktok.com/@saputra__993"
"=""7631563275470390033""","=""7631402370769109780""","=""6959719886986068997""","sotardok17ye","sotardok17ye","fefet mama mu idaman ustadz Walid sugiono dek","22/4/2026, 19.43.23","0","No","","","https://www.tiktok.com/@sotardok17ye"
"=""7631554709962785544""","=""7631402370769109780""","=""6961778453105394693""","type.c_4","type_C","Blokkkkkk anis asu","22/4/2026, 19.10.05","0","No","","","https://www.tiktok.com/@type.c_4"
"=""7631539673065308946""","=""7631402370769109780""","=""7629466215782269968""","iwan78530","iwan","kalok berkomentar pakai otak😁","22/4/2026, 18.11.48","0","No","","","https://www.tiktok.com/@iwan78530"
"=""7631528931423027989""","=""7631402370769109780""","=""7619677323134632961""","andre6228","andre☠️","tangkap dy komplotan begal nc setan","22/4/2026, 17.30.10","0","No","","","https://www.tiktok.com/@andre6228"
"=""7631527961262686994""","=""7631402370769109780""","=""7047768534579250182""","aisapateda","slan","gobk pemikiran dengkul","22/4/2026, 17.26.18","0","No","","","https://www.tiktok.com/@aisapateda"
"=""7631527051581358864""","=""7631402370769109780""","=""7611821223593427988""","rosrose798","✌️dua tujuh🌹🇮🇩","gimana konsep nya kebangetan .
giliran ngebegal tuh anak kebangetan ..
bravo TNI ..","22/4/2026, 17.24.55","0","No","","","https://www.tiktok.com/@rosrose798"
"=""7631522370638299922""","=""7631402370769109780""","=""7333744196408853509""",".angdagloeggmail","☭ angdagloeg","[Stiker] ","22/4/2026, 17.04.40","0","No","","","https://www.tiktok.com/@.angdagloeggmail"
"=""7631513926953566994""","=""7631402370769109780""","=""6773596417874887682""","abenktun","abenk","banyak bacot","22/4/2026, 16.31.49","0","No","","","https://www.tiktok.com/@abenktun"
"=""7631512951551902482""","=""7631402370769109780""","=""6924194883189113857""","goeltom18_","R 'Tom goeltom","mreka klw ketangkep GT ,tp klw nge begal brani langsung tebas","22/4/2026, 16.28.03","0","No","","","https://www.tiktok.com/@goeltom18_"
"=""7631506164777517840""","=""7631402370769109780""","=""6884841274857292802""","indro911","Paess","Ajarin anakny jgn jadi begal mak","22/4/2026, 16.01.46","0","No","","","https://www.tiktok.com/@indro911"
"=""7631505574391759623""","=""7631402370769109780""","=""7211736976679371778""","joookrbhemz","john","semoga dapat salam selang dari TNI","22/4/2026, 15.59.28","0","No","","","https://www.tiktok.com/@joookrbhemz"
"=""7631504659631260424""","=""7631402370769109780""","=""6547149221312790530""","bengkellaut12","BENGKEL LAUT","l0nt3 l0nt3😜","22/4/2026, 15.55.56","0","No","","","https://www.tiktok.com/@bengkellaut12"
"=""7631499923583173394""","=""7631402370769109780""","=""7105122312902738971""","husein.guba","Husein Guba","itu tukang copet ya maka nya begitu ya resiko maling","22/4/2026, 15.37.38","0","No","","","https://www.tiktok.com/@husein.guba"
"=""7631487337630024455""","=""7631402370769109780""","=""7454209848219042837""","handoko21611","handoko21","tolol loh ga mikir korban ya dibacok, komplotan ya ini","22/4/2026, 14.48.42","0","No","","","https://www.tiktok.com/@handoko21611"
"=""7631486761650438933""","=""7631402370769109780""","=""6925981600249693186""","yusufsidiq08","yusufsidiq08","bodoh","22/4/2026, 14.46.28","0","No","","","https://www.tiktok.com/@yusufsidiq08"
"=""7631474197390623509""","=""7631402370769109780""","=""7018860625746297882""","mulyono94gigolo","Mulyono manalu","maunya di begal keluarga nya si rojan ini","22/4/2026, 13.57.44","0","No","","","https://www.tiktok.com/@mulyono94gigolo"
"=""7631473517880017671""","=""7631402370769109780""","=""7489079948415943687""","guntursimatupang8","Guntur Pakpahan","Maksudnya jgn kebengaten ibu, bengal tdk perlu dikasihani,Krn mereka TDK segan segan membunuh","22/4/2026, 13.55.05","0","No","","","https://www.tiktok.com/@guntursimatupang8"
"=""7631472536433394440""","=""7631402370769109780""","=""7086778358176744450""","lynxx_397","rahka","woy tua lu main facebook aja najg","22/4/2026, 13.51.13","0","No","","","https://www.tiktok.com/@lynxx_397"
"=""7631471365669765896""","=""7631402370769109780""","=""6983343155774194714""","kardos125morang","SITTOGOL","masih mending aparat yg nangkap coba masyarakat lain ceritanya😊","22/4/2026, 13.46.46","0","No","","","https://www.tiktok.com/@kardos125morang"
"=""7631470700759810824""","=""7631402370769109780""","=""6958468328768734209""","antonjawadialantou","anton jawadi e.ai","mamaknya ya😏","22/4/2026, 13.44.13","0","No","","","https://www.tiktok.com/@antonjawadialantou"
"=""7631470369308312328""","=""7631402370769109780""","=""7476628491699569680""","jefritorus","Kipas Angin","gak pernah d begaL kau ya?","22/4/2026, 13.42.51","0","No","","","https://www.tiktok.com/@jefritorus"
"=""7631468154724533000""","=""7631402370769109780""","=""6948283830038496257""","mateodhaa","Dhaabang","bagus di matikan begal","22/4/2026, 13.34.20","0","No","","","https://www.tiktok.com/@mateodhaa"
"=""7631468030652891922""","=""7631402370769109780""","=""6948283830038496257""","mateodhaa","Dhaabang","komplotan yah","22/4/2026, 13.33.47","0","No","","","https://www.tiktok.com/@mateodhaa"
"=""7631465864118240021""","=""7631402370769109780""","=""7521304292331422728""","putra.aditya613","putra aditya","betinanya begal ne mungkin","22/4/2026, 13.25.24","0","No","","","https://www.tiktok.com/@putra.aditya613"
"=""7631460369693623048""","=""7631402370769109780""","=""7271020094178968581""","moonlightext0","rafaeldy sitepu","pak ini bosnya, lacak","22/4/2026, 13.04.02","0","No","","","https://www.tiktok.com/@moonlightext0"
"=""7631457570301575952""","=""7631402370769109780""","=""7318072029784097798""","devikusuma15","♉T ∆ U ®U § GIRLS♉","anak kau pasti ada juga ikut begal kan","22/4/2026, 12.53.09","0","No","","","https://www.tiktok.com/@devikusuma15"
"=""7631457137701094164""","=""7631402370769109780""","=""7311947001406751750""","hejdjdjduuxuxixjxjdjddjs","Raya27",".kocakk kau ini ... dia aja main tega main tebas .. gantian lah ..","22/4/2026, 12.51.32","0","No","","","https://www.tiktok.com/@hejdjdjduuxuxixjxjdjddjs"
"=""7631454387742753557""","=""7631402370769109780""","=""6882977308379661314""","winduwijaya4","Windu Wijaya","ternyata didikan orang tuanya","22/4/2026, 12.40.50","0","No","","","https://www.tiktok.com/@winduwijaya4"
"=""7631452698323288839""","=""7631402370769109780""","=""7346800477071328258""","tubi0338","tubi","longor raimu","22/4/2026, 12.34.14","0","No","","","https://www.tiktok.com/@tubi0338"
"=""7631451717132993298""","=""7631402370769109780""","=""6916770764261098501""","hudel06","ledeng 🐣","anak nya begal?
semoga cepet di panggil ya","22/4/2026, 12.30.23","0","No","","","https://www.tiktok.com/@hudel06"
"=""7631449959451280146""","=""7631402370769109780""","=""7206888614344508418""","aceh.jeumpa","FAISAL","ketua begal","22/4/2026, 12.23.35","0","No","","","https://www.tiktok.com/@aceh.jeumpa"
"=""7631448918672294672""","=""7631402370769109780""","=""6955731705182110721""","vikaykoncet","VIKAY KONCET","rasa kasian itu ga ke orang seperti ini bos","22/4/2026, 12.19.36","0","No","","","https://www.tiktok.com/@vikaykoncet"
"=""7631447551405605652""","=""7631402370769109780""","=""7274989470193140738""","one_piece311292","Alone ","ini orang tuanya begal pak","22/4/2026, 12.14.26","0","No","","","https://www.tiktok.com/@one_piece311292"
"=""7631447381490713351""","=""7631402370769109780""","=""6963219621483021314""","aseptaro","aseptaro","berak","22/4/2026, 12.13.49","0","No","","","https://www.tiktok.com/@aseptaro"
"=""7631445934898987794""","=""7631402370769109780""","=""6806530614699803649""","sultanoura981","SultanLubiss","eh buk logika lah emang mau anak ibu jd korban begal","22/4/2026, 12.07.58","0","No","","","https://www.tiktok.com/@sultanoura981"
"=""7631445226276504327""","=""7631402370769109780""","=""7331348170905699334""","user9180405556341","nurhuda","babine bela","22/4/2026, 12.05.15","0","No","","","https://www.tiktok.com/@user9180405556341"
"=""7631445190607602440""","=""7631402370769109780""","=""6627263707045281793""","utham3806","blue safir","klo tololl jgn di lihatkan","22/4/2026, 12.05.06","0","No","","","https://www.tiktok.com/@utham3806"
"=""7631444179444761362""","=""7631402370769109780""","=""7455291382137603089""","samiyono471","sam / warung ngawi","ini bos ya begal pasti","22/4/2026, 12.01.11","0","No","","","https://www.tiktok.com/@samiyono471"
"=""7631443863961748232""","=""7631402370769109780""","=""7356607033506907142""","riskisinaga_12","Riski","tol","22/4/2026, 11.59.59","0","No","","","https://www.tiktok.com/@riskisinaga_12"
"=""7631291502917288711""","=""7631402370769109780""","=""7025967709625140225""","budiono5002","budiono5002","klu ikutin hukum islam.tangannya harus di potong","22/4/2026, 11.58.19","0","No","","","https://www.tiktok.com/@budiono5002"
"=""7631443354438812424""","=""7631402370769109780""","=""7043788624111092737""",".a.p.o_","yourfriend","itu begal tol0l,ngpain di kasihani,,emak siapa sih ini tol0llllll","22/4/2026, 11.58.05","0","No","","","https://www.tiktok.com/@.a.p.o_"
"=""7631442995162907400""","=""7631402370769109780""","=""7366566576731145222""","cak.soto.iyan","MANDALA","begok","22/4/2026, 11.56.39","0","No","","","https://www.tiktok.com/@cak.soto.iyan"
"=""7631442828886803217""","=""7631402370769109780""","=""6894988310519923714""","gemakkipu863","gemakkipu863","elehhhhhh,, sok2an lo","22/4/2026, 11.55.55","0","No","","","https://www.tiktok.com/@gemakkipu863"
"=""7631440160072418066""","=""7631402370769109780""","=""7385519616384664581""","wonggombong1234","wonggombong1234","Anakmu ?","22/4/2026, 11.45.36","0","No","","","https://www.tiktok.com/@wonggombong1234"
"=""7631439916052480788""","=""7631402370769109780""","=""7061265748274054146""","pray441","Pray441","guobloks Lo..
ngapain penjahat di lindungi, dia bukan satwa langka guobloks.","22/4/2026, 11.44.47","0","No","","","https://www.tiktok.com/@pray441"
"=""7631438122627564305""","=""7631402370769109780""","=""7397608493572834310""","nia.kurniawati882nia.ku","Nia Kurniawati882","biarlah dia aja ngebegal org tanpa ampun sadis ngebacok mrnbunuh, knp malah di bela.","22/4/2026, 11.43.50","0","No","","","https://www.tiktok.com/@nia.kurniawati882nia.ku"
"=""7631438385206805268""","=""7631402370769109780""","=""7161362589372138498""","baday814","baday","ini dia mamak nya bega kejaml yg di tangkap itu woy","22/4/2026, 11.38.46","0","No","","","https://www.tiktok.com/@baday814"
"=""7631434353726014229""","=""7631402370769109780""","=""7395965468908176385""","ardi.anto935","Ardi Anto","fiks anaklu begal","22/4/2026, 11.26.51","0","No","","","https://www.tiktok.com/@ardi.anto935"
"=""7631434588347089671""","=""7631402370769109780""","=""7089774582664168475""","khalidarsyad27","arsyad","Ank lu begal","22/4/2026, 11.24.02","0","No","","","https://www.tiktok.com/@khalidarsyad27"
"=""7631430066887754514""","=""7631402370769109780""","=""7105001866412442651""","zahra_sinaga0","saya siapa","anak lu begal.....?","22/4/2026, 11.06.30","1","No","","","https://www.tiktok.com/@zahra_sinaga0"
"=""7631429245638853383""","=""7631402370769109780""","=""7106881130016556033""","jwtohare","JW TOHARE","balik ke fb aja bu.","22/4/2026, 11.03.21","0","No","","","https://www.tiktok.com/@jwtohare"
"=""7631426476630115079""","=""7631402370769109780""","=""7442604606968087607""","iniicut199","icut🍑","Anak lu y","22/4/2026, 10.52.31","0","No","","","https://www.tiktok.com/@iniicut199"
"=""7631422746501743378""","=""7631402370769109780""","=""7297441431081452549""","suryamu25","Papa AL","anak mu klu GK ada ada ikutin kriminal ya baik"" aja.","22/4/2026, 10.38.07","0","No","","","https://www.tiktok.com/@suryamu25"
"=""7631421059506062087""","=""7631402370769109780""","=""6884590767214625794""","naffi_muktamil","Bang Naffi","anaknya kena begal baru rasa ya mak 🤣🤣🤣","22/4/2026, 10.31.30","0","No","","","https://www.tiktok.com/@naffi_muktamil"
"=""7631417031548224257""","=""7631402370769109780""","=""7159209081294980101""","risky15ky","Risky","Otak lu di dengkul ya, ngapain lu bela","22/4/2026, 10.16.08","0","No","","","https://www.tiktok.com/@risky15ky"
"=""7631411865860227860""","=""7631402370769109780""","=""6717809064485291010""","immanuelhayato","Yakultpapa","haduh buk buk🤣🤣🤣","22/4/2026, 09.55.55","0","No","","","https://www.tiktok.com/@immanuelhayato"
"=""7631404806406013716""","=""7631402370769109780""","=""6961255837819356166""","el.ninonainggolan","El nino","masih waras gk kau","22/4/2026, 09.32.28","0","No","","","https://www.tiktok.com/@el.ninonainggolan"
"=""7640742646059975431""","=""7631402370769109780""","=""7126843579494515713""","akunombawell","°•• 0m B4welL ••°","bodo amat","17/5/2026, 13.23.59","0","No","","","https://www.tiktok.com/@akunombawell"
"=""7640130177268400903""","=""7631402370769109780""","=""7405814888683947013""","bangipul2367","teman anda","doa yang salah, mendoakan kejahatan","15/5/2026, 21.47.17","0","No","","","https://www.tiktok.com/@bangipul2367"
"=""7640098163085017863""","=""7631402370769109780""","=""7456984140065031174""","suswanto.25","SUSANTO","keluarga ya","15/5/2026, 19.43.01","0","No","","","https://www.tiktok.com/@suswanto.25"
"=""7633694529334543122""","=""7631402370769109780""","=""6970207628593071105""","sajidzikriwahyudi","Esteban","sehat?","28/4/2026, 13.33.47","0","No","","","https://www.tiktok.com/@sajidzikriwahyudi"
"=""7632191594598892308""","=""7631402370769109780""","=""7307832573651076101""","edy_ane292","edy irwansyah","apa yg harus dilindungi","24/4/2026, 12.21.39","0","No","","","https://www.tiktok.com/@edy_ane292"
"=""7632136395154785042""","=""7631402370769109780""","=""6863842193162306562""","ferry_0017","ferry_0017","Saudara nya itu juga kerja nya","24/4/2026, 08.47.25","0","No","","","https://www.tiktok.com/@ferry_0017"
"=""7632020499737477906""","=""7631402370769109780""","=""7250001585329619973""","amatjayapete7","AJP","adik nya","24/4/2026, 01.17.38","0","No","","","https://www.tiktok.com/@amatjayapete7"
"=""7632010255975940885""","=""7631402370769109780""","=""7567921788082095124""","raja.suandi.rambe","Raja Suandi Rambe","aku yakin ini pasti kawan nya","24/4/2026, 00.37.59","0","No","","","https://www.tiktok.com/@raja.suandi.rambe"
"=""7631974784453739282""","=""7631402370769109780""","=""7587020274693784594""","ardioozilio","gareng","😂😂😂 ruwetttt","23/4/2026, 22.20.09","0","No","","","https://www.tiktok.com/@ardioozilio"
"=""7631822302845338385""","=""7631402370769109780""","=""6807298138929644545""","sitiwasitiwati","Samir Ready","lah ini koment harus dipantau ini..","23/4/2026, 12.30.02","0","No","","","https://www.tiktok.com/@sitiwasitiwati"
"=""7631802036137493268""","=""7631402370769109780""","=""7090653290106930203""","popybegeng","sayur balap","aduh harus di selidiki ini .ini m7ngkin orang tua nya","23/4/2026, 11.10.01","0","No","","","https://www.tiktok.com/@popybegeng"
"=""7631783168563495687""","=""7631402370769109780""","=""6824088218280215553""","rianarivin","Kuli proyek","keluar ny kayak e","23/4/2026, 09.56.39","0","No","","","https://www.tiktok.com/@rianarivin"
"=""7631593407424807700""","=""7631402370769109780""","=""7613797985302709265""","ruli.nanda4","Ruli Nanda","pak itu induk nya mungkin.","22/4/2026, 21.40.16","0","No","","","https://www.tiktok.com/@ruli.nanda4"
"=""7631463935111512852""","=""7631402370769109780""","=""6982583627502945281""","endromurti768","endromurti768","ini bossnya x","22/4/2026, 13.21.02","0","No","","","https://www.tiktok.com/@endromurti768"
"=""7631450764179735304""","=""7631402370769109780""","=""7325479743548163078""","gifaricove","gifaricove","Cepe aja pada ga mau","22/4/2026, 12.26.48","0","No","","","https://www.tiktok.com/@gifaricove"
"=""7631446382471070471""","=""7631402370769109780""","=""6828745210630358018""","arif_arapah","Bang Hanan","long or....","22/4/2026, 12.09.52","0","No","","","https://www.tiktok.com/@arif_arapah"
"=""7631428339161219861""","=""7631402370769109780""","=""6964764732696364033""","raja_bunga2","raja_bunga2","Bu anis,,,, bu anisss,,,","22/4/2026, 10.59.50","0","No","","","https://www.tiktok.com/@raja_bunga2"
"=""7631749552932946709""","=""7631402370769109780""","=""7273660965211046917""","bdul498","ini @abdul","😂","23/4/2026, 07.46.28","0","No","","","https://www.tiktok.com/@bdul498"
"=""7631613959203767057""","=""7631402370769109780""","=""7432948135896663057""","baszz2512","🕸","😹","22/4/2026, 23.00.01","0","No","","","https://www.tiktok.com/@baszz2512"
"=""7631613646762181396""","=""7631402370769109780""","=""6900141223131431937""","jarrum76","Rdy","😂","22/4/2026, 22.58.49","0","No","","","https://www.tiktok.com/@jarrum76"
"=""7637504870156813072""","","=""6975635088365536258""","utihusnul","Uti Husnul","apa ini dampak kekurangan lapangan kerja ya","8/5/2026, 19.59.43","4","No","45","No","https://www.tiktok.com/@utihusnul"
"=""7639530669702906640""","=""7637504870156813072""","=""7268271882226353159""","azizarmaen","AZIZ ARMAEN","dampak narkobi orang pada nekat......buat beli narkobi","14/5/2026, 07.02.06","7","No","","","https://www.tiktok.com/@azizarmaen"
"=""7639476619141055240""","=""7637504870156813072""","=""7413067371072963589""","barokah.store98","Rezeki alam22","itu dampak orang malas mau instan otaknya dongo","14/5/2026, 03.31.17","6","No","","","https://www.tiktok.com/@barokah.store98"
"=""7639392135360250632""","=""7637504870156813072""","=""7344053241368347649""","bielsibarani","Biell","yang banyaj kekurangan aja masih bisa kerja . yang gak ada tangan lah . yang kurang pendengaran lah . banyak lagi disabilitas yang masih mampu nyari kerja . itu begal nya emang udah putus asa luan . memang harus di gituin biar tobat","13/5/2026, 22.03.18","6","No","","","https://www.tiktok.com/@bielsibarani"
"=""7643425049391481620""","=""7637504870156813072""","=""6764160802750055426""","bowo.bali8","Bowo Bali","KERJA DIA YA BEGAL CUK","24/5/2026, 18.53.13","1","No","","","https://www.tiktok.com/@bowo.bali8"
"=""7643440890411778834""","=""7637504870156813072""","=""6975486123066115074""","sinlie782","sinlie782","dampak malas,
saat sekolah mungkin ga punya cita cita","24/5/2026, 20.00.24","0","No","","","https://www.tiktok.com/@sinlie782"
"=""7643440450968584978""","=""7637504870156813072""","=""7372172310100820998""","nurdin.din437","Nurdin Din","pekerjaan banyak asal mau kerja berat","24/5/2026, 19.52.50","0","No","","","https://www.tiktok.com/@nurdin.din437"
"=""7643433777737696007""","=""7637504870156813072""","=""7001838632449885186""","adf_a6","Realadif ☑️","Itu orang malas yg ngk may kerja maunya instan","24/5/2026, 19.26.52","0","No","","","https://www.tiktok.com/@adf_a6"
"=""7643430179524477712""","=""7637504870156813072""","=""7111187736958829595""","vycdutt4","alomaniiii","hadeh .orang tolol komen","24/5/2026, 19.12.58","0","No","","","https://www.tiktok.com/@vycdutt4"
"=""7643418601583756050""","=""7637504870156813072""","=""7521029909866660882""","user8261684875920","user8261684875920 done","Kekurangan lapangan kerja bukan alasan utk jadi begal, saya hidup susah banting tulang tidak ada pekerjaan yg pasti tapi sy gak jadi begal atau maling, mereka yg memilih jalan itu hanya utk memuaskan hawa nafsu buat beli narkoba, main judi online.","24/5/2026, 18.28.00","0","No","","","https://www.tiktok.com/@user8261684875920"
"=""7643415833967887122""","=""7637504870156813072""","=""7326141410771747847""","andri4n_hamiz456","Andrian","bukan,, dampak slot bgini, kerja mao nya instan ,jual dpt duit.mao nya bgtu.cuman rampas punya orang","24/5/2026, 18.17.15","0","No","","","https://www.tiktok.com/@andri4n_hamiz456"
"=""7643407782083101461""","=""7637504870156813072""","=""6938904281625969665""","maskomang86","mas komang","tidak ada dengan lapangan kerja,yg miskin aja masih kerja tidak harus menunggu bantuan pemerintah.begal wajib hukumnya dibunuh","24/5/2026, 17.46.10","0","No","","","https://www.tiktok.com/@maskomang86"
"=""7643389468641100545""","=""7637504870156813072""","=""6876783594280027138""","fannyfanny359","Fanny Fanny359","dampak cr kerja susah apa2 mahal marak bgt skrg begal maling di mana2","24/5/2026, 16.35.03","0","No","","","https://www.tiktok.com/@fannyfanny359"
"=""7643384239400141589""","=""7637504870156813072""","=""6996778710649144347""","tokyolagi1000","TOKYO VIBES","kerjaan itu banyak orangnya aja malas cari kerja","24/5/2026, 16.14.46","0","No","","","https://www.tiktok.com/@tokyolagi1000"
"=""7643384124888400660""","=""7637504870156813072""","=""6996778710649144347""","tokyolagi1000","TOKYO VIBES","ya kagak lh kocak","24/5/2026, 16.14.19","0","No","","","https://www.tiktok.com/@tokyolagi1000"
"=""7643375136129270549""","=""7637504870156813072""","=""7107929334542894081""","user98871283182308","n28","pengadu domba masyarakat, komen ga guna","24/5/2026, 15.39.33","0","No","","","https://www.tiktok.com/@user98871283182308"
"=""7643367895817552648""","=""7637504870156813072""","=""7204058178509341723""","andikguwo","Mas andik","bento yu yu","24/5/2026, 15.11.20","0","No","","","https://www.tiktok.com/@andikguwo"
"=""7643354329185895188""","=""7637504870156813072""","=""7381816618177856517""","hermin.mashudi","Hermin Mashudi","ndak juga,","24/5/2026, 14.18.49","0","No","","","https://www.tiktok.com/@hermin.mashudi"
"=""7643350853445305109""","=""7637504870156813072""","=""7434876034040300599""","hajahlinziati","Hajah Linziati","Betul dmn mn susah cari kerja sedang perut perlu makan sob tdk di Jawa di Kalimantan pun sangat ngeri","24/5/2026, 14.05.13","0","No","","","https://www.tiktok.com/@hajahlinziati"
"=""7643345634653029140""","=""7637504870156813072""","=""7563275316924597266""","zhaviaanisyatuzah","Nenaa","bukan masah dampak memang otak kriminal","24/5/2026, 13.48.55","0","No","","","https://www.tiktok.com/@zhaviaanisyatuzah"
"=""7643336656456188689""","=""7637504870156813072""","=""7107622070226535425""","wdmarlina","Agil Smile","Kasih dong pekerjaan 🙄🙄🙄","24/5/2026, 13.10.05","0","No","","","https://www.tiktok.com/@wdmarlina"
"=""7643296847034041105""","=""7637504870156813072""","=""7480506534133302288""","arjunairengjureng","arjuna1234","lapangan kerja banyak kak, cuma orang nga aja yg g mau","24/5/2026, 10.40.51","0","No","","","https://www.tiktok.com/@arjunairengjureng"
"=""7643282058249782032""","=""7637504870156813072""","=""7165375420015232001""","ranawidjaya6","Rana Widjaja 66","dampak orang malas","24/5/2026, 09.38.49","0","No","","","https://www.tiktok.com/@ranawidjaya6"
"=""7643271096036672264""","=""7637504870156813072""","=""7004077814002533403""","kudin1648","Kudin1648","malas kerja aja , kalau niat kerja di bangunan juga banyak","24/5/2026, 08.55.41","0","No","","","https://www.tiktok.com/@kudin1648"
"=""7643260266772464401""","=""7637504870156813072""","=""6983300715557651458""","kem4681","Kemmmm","bukan. tapi mereka pemalas","24/5/2026, 08.13.49","0","No","","","https://www.tiktok.com/@kem4681"
"=""7643255289353192199""","=""7637504870156813072""","=""7587570917129470996""","ica21697","sinar","gara gara mau beli sabu mbak disini tempat kami banyak begal apalagi malam Minggu dan kamis anak ku gadis baru di begal untung nyawa selamat harta nya yg tidak","24/5/2026, 07.59.53","0","No","","","https://www.tiktok.com/@ica21697"
"=""7643249382066995984""","=""7637504870156813072""","=""7214437431486055450""","brriyan8","Brriyan","emang dasar begal","24/5/2026, 07.31.38","0","No","","","https://www.tiktok.com/@brriyan8"
"=""7643236100233069330""","=""7637504870156813072""","=""6811068213284635649""","enol173","Enol Manchester","dia aja yg prmalass","24/5/2026, 06.40.01","0","No","","","https://www.tiktok.com/@enol173"
"=""7643213150897406738""","=""7637504870156813072""","=""7410697923652846597""","lintang.kemukus18","M, Verdi Risqula al fatih","𝚔𝚊𝚛𝚗𝚊 𝚘𝚛𝚊𝚗𝚐 𝚖𝚊𝚕𝚊𝚜","24/5/2026, 05.11.00","0","No","","","https://www.tiktok.com/@lintang.kemukus18"
"=""7639576957344236305""","=""7637504870156813072""","=""7090834367631148059""","dhyanmedan","DR.","buat aja buat mrka.utk org pemalas mau kerja.","14/5/2026, 10.01.11","0","No","","","https://www.tiktok.com/@dhyanmedan"
"=""7639522799660499732""","=""7637504870156813072""","=""7292637692511749126""","arselio.dawa","Arselio Dawa","bukan kekurangan lapangan pekerjaan tapi pemalas maunya yg instan yg gk keluar keringat.","14/5/2026, 06.30.36","0","No","","","https://www.tiktok.com/@arselio.dawa"
"=""7639428817589945095""","=""7637504870156813072""","=""6986109999006073858""","gondessahputra","@😘𝓐𝔂𝓪𝓱 𝓗 𝓓 𝓐🥰@","bukan dapak krjaan banyak asal jangn pilih,, krna itu emang udah prosesnya jdi penjahat itu udah jdi resiko dia..","14/5/2026, 00.25.42","0","No","","","https://www.tiktok.com/@gondessahputra"
"=""7639403304497578759""","=""7637504870156813072""","=""7320786302545626117""","willson7538","who1","di Indonesia semua kerjaaan ada. asal mau capek juga banyak. bahkan ga kerja pun masih bisa makan. lu kira ini Singapura ga kerja ga bisa makan","13/5/2026, 22.46.37","0","No","","","https://www.tiktok.com/@willson7538"
"=""7639373537174176528""","=""7637504870156813072""","=""7359536331012654081""","gondrong.hytam","gondronghytam","efek miskin tapi bodoh😂","13/5/2026, 20.51.07","0","No","","","https://www.tiktok.com/@gondrong.hytam"
"=""7638677073435312917""","=""7637504870156813072""","=""7203712763972469787""","eyang.nyaii","Eyang Nyaii","Dampak Sabu,,,Inek,,, Ngelem,,, Mereka Sudah Keenakan Maling,,,Begal, Ngerampok,,,","11/5/2026, 23.48.34","0","No","","","https://www.tiktok.com/@eyang.nyaii"
"=""7638611821007553287""","=""7637504870156813072""","=""7213251342650835994""","anakrantau2448","J🅾️H🅰️N","bisa mikir?","11/5/2026, 19.35.15","0","No","","","https://www.tiktok.com/@anakrantau2448"
"=""7638406630417777428""","=""7637504870156813072""","=""7253710859821745158""","sarwonotambusai","SARWONO TAMBUSAI","kerna udah saking padat .semoga cepat kiamat saja","11/5/2026, 06.19.21","0","No","","","https://www.tiktok.com/@sarwonotambusai"
"=""7638314721872495368""","=""7637504870156813072""","=""7452437696721634309""","mahfud5941","mahfud","coba mau kerja keras","11/5/2026, 00.22.31","0","No","","","https://www.tiktok.com/@mahfud5941"
"=""7638272723685540624""","=""7637504870156813072""","=""7514580133723227137""","alam.review","Alam Review","bukan..ini dampak narkoba krn rata² pelaku kriminal adalah pemakai","10/5/2026, 21.39.26","0","No","","","https://www.tiktok.com/@alam.review"
"=""7638072856682742535""","=""7637504870156813072""","=""6543128000597917697""","vidi.purniawan","Vidi 7","memang malas. jualan pentol cilok juga bisa","10/5/2026, 08.43.56","0","No","","","https://www.tiktok.com/@vidi.purniawan"
"=""7637926102849749767""","=""7637504870156813072""","=""7550316834941174802""","paulos3017","Paulos","kekurangan lapangan kerja ❎
kekurangan skill ✅","9/5/2026, 23.14.18","0","No","","","https://www.tiktok.com/@paulos3017"
"=""7637849232972808980""","=""7637504870156813072""","=""7166595950176355330""","fgz017","akbar","kerjaan bnyk, tpi mreka pengn duit instan yg bnyk","9/5/2026, 18.16.12","0","No","","","https://www.tiktok.com/@fgz017"
"=""7637569900521980689""","=""7637504870156813072""","=""7428993870681605137""","iqbalsembiring12","iqbalsembiring12","kerjaan banyak, memang dia aja mw nyari dengan cara cepat","9/5/2026, 00.12.10","0","No","","","https://www.tiktok.com/@iqbalsembiring12"
"=""7637507343006270215""","=""7637504870156813072""","=""7628115781113922581""","paktong30","Paktong","Kurang?","8/5/2026, 20.09.26","0","No","","","https://www.tiktok.com/@paktong30"
"=""7643453464568136455""","=""7637504870156813072""","=""7421548685219759109""","mardijaya909","Kuánghuān jié","dampak pemalas","24/5/2026, 20.43.19","0","No","","","https://www.tiktok.com/@mardijaya909"
"=""7643322691181331221""","=""7637504870156813072""","=""7455001376444630033""","mardiyono.mardiyo27","Mardiyono Mardiyono","bisa jad,i TPI nga harus mbegal kan gitu bro","24/5/2026, 12.15.58","0","No","","","https://www.tiktok.com/@mardiyono.mardiyo27"
"=""7641973057112130322""","","=""7184417408877298715""","perotrangkuti","mamak ROZOI RANGKUTI 03","kok nangis","20/5/2026, 20.58.34","1","No","1","No","https://www.tiktok.com/@perotrangkuti"
"=""7642335387709293330""","=""7641973057112130322""","=""6972773684240385026""","ariosutrisno","kira99","nah itu dia bg","21/5/2026, 20.24.38","0","No","","","https://www.tiktok.com/@ariosutrisno"
"=""7631378556261892880""","","=""7281041059973547013""","orca_nizzm","ORCA","itu gabungan kah police sama TNI yang nangkap?","22/4/2026, 07.46.49","27","No","22","No","https://www.tiktok.com/@orca_nizzm"
"=""7631422326206268168""","=""7631378556261892880""","=""7380371884992480261""","cian862","TAURUS 14 MEI♉♉♉","polisi Belawan gak berani nangkap bg😁😁😁...bisa kencing celana polisi Belawan kalau nangkap premannn belawan😁😁😁","22/4/2026, 10.36.22","122","No","","","https://www.tiktok.com/@cian862"
"=""7631537274295550728""","=""7631378556261892880""","=""7153713954731115547""","muhamad.irsyad002","irsyad","tni yg nangkap.polisi gk ada guna nya","22/4/2026, 18.02.25","15","No","","","https://www.tiktok.com/@muhamad.irsyad002"
"=""7631399578181288724""","=""7631378556261892880""","=""7347350471009485830""","anto.boen","Anto Boen","tugas police mengamankan,periksa.kl nangkap2,dipelajari dulu ada atau tidak.😄😄😄😄😄","22/4/2026, 09.08.20","5","No","","","https://www.tiktok.com/@anto.boen"
"=""7631423202648916744""","=""7631378556261892880""","=""6843465400081728514""","edi_junaedi86","Kang_Edi","@POLRI mana brani sekalian masyarakat nangkap kejahatan malah suruh di lepas lagi & masyarakat main masa malah mempidanakan mayarakat 😂😂😂😂","22/4/2026, 10.39.53","3","No","","","https://www.tiktok.com/@edi_junaedi86"
"=""7634941651966198548""","=""7631378556261892880""","=""7316971388118598661""","adehilda0","⚘Ade Hilda 💕2006","msh bersyukur TNI yg nagkap, cba klau msssa yg nangkap sdh mati d bakar hbs..","1/5/2026, 22.13.11","0","No","","","https://www.tiktok.com/@adehilda0"
"=""7632334153759474450""","=""7631378556261892880""","=""7148429718214558725""","sandi98261","sandioi290","lah itu ada keterangan di bawah tinggal baca, oh ya lupa orng indo kan minim literasi jadi wajar","24/4/2026, 21.37.22","0","No","","","https://www.tiktok.com/@sandi98261"
"=""7631748382478484245""","=""7631378556261892880""","=""7080188117847786497""","user2431676881681","user2431676881681","mantap TNI- Ku","23/4/2026, 07.41.50","0","No","","","https://www.tiktok.com/@user2431676881681"
"=""7631630055231603473""","=""7631378556261892880""","=""6637137310536450049""","rp_jait.margana","RP","polisi lagi ngasi info sama begal ny biar begal ny ngk kluar.","23/4/2026, 00.02.26","0","No","","","https://www.tiktok.com/@rp_jait.margana"
"=""7631391638686122753""","=""7631378556261892880""","=""7069009221870109697""","andinikhanza936","Andini khanza 👩‍👧❤","kalo caption TNI aja gk ada tulisan polisi nya","22/4/2026, 08.37.20","0","No","","","https://www.tiktok.com/@andinikhanza936"
"=""7631499793391387410""","=""7631378556261892880""","=""6999069361819190274""","diontisabilaga","supardiono tisabilaga","ya di tulis sekarang","22/4/2026, 15.37.00","0","No","","","https://www.tiktok.com/@diontisabilaga"
"=""7631391686720439058""","=""7631378556261892880""","=""7515102985392423943""","apasilu434","Silverqueen","gabungan mas, Medan udh ada ke tangkap sekitar 5 orng kalow gak salah sama aparat tni","22/4/2026, 08.37.41","0","No","","","https://www.tiktok.com/@apasilu434"
"=""7631388444024292103""","=""7631378556261892880""","=""7452565593079448597""","banyak6729","banyak","baca makanya bodoh","22/4/2026, 08.25.06","0","No","","","https://www.tiktok.com/@banyak6729"
"=""7631799651181871893""","=""7631378556261892880""","=""6848963718819562497""","7tinjakparsiantar","DETEKTIF🤝","dikawatirkan ada bekingi dari aparat lain hingga turun tni dan polisi militer pm.","23/4/2026, 11.00.54","0","No","","","https://www.tiktok.com/@7tinjakparsiantar"
"=""7631573880062100225""","=""7631378556261892880""","=""7283865608277967877""","arsyaarrayan","Arsya Arrayan","TNI AD sama TNI AL","22/4/2026, 20.25.49","0","No","","","https://www.tiktok.com/@arsyaarrayan"
"=""7631561450217685776""","=""7631378556261892880""","=""6907858656726844418""","authority955","Mr Robot 🤖","Polisi masih tidur TNI jam 4 sudah lari","22/4/2026, 19.36.19","0","No","","","https://www.tiktok.com/@authority955"
"=""7631477641527296784""","=""7631378556261892880""","=""7179987428340876289""","suryanarada0","ｂｕｍｂｌｅｂｅｅ","yg gondrong dan baju Oren itu polisi","22/4/2026, 14.11.07","0","No","","","https://www.tiktok.com/@suryanarada0"
"=""7631466154834641685""","=""7631378556261892880""","=""7516590535927792647""","user9429485628381","click","kam lihat","22/4/2026, 13.29.52","0","No","","","https://www.tiktok.com/@user9429485628381"
"=""7631453327670788882""","=""7631378556261892880""","=""6954581339883160577""","ahyar.187","Ahyar 18","@Ahyar 18:itu gabungan Polisi sama Militer jadi Polisi Militer...😳
ya memang Polisi Militer tetap semangat","22/4/2026, 12.36.44","0","No","","","https://www.tiktok.com/@ahyar.187"
"=""7631420841582035732""","=""7631378556261892880""","=""7300166250410853378""","agryaauxb44","Mareds","TNI AL","22/4/2026, 10.30.40","0","No","","","https://www.tiktok.com/@agryaauxb44"
"=""7631416037712118548""","=""7631378556261892880""","=""7251403684822909957""","kisah_yang_biroe","desaku yang kucinta","yg nangkap pamal kemudian diserahkan ke polisi...","22/4/2026, 10.15.33","0","No","","","https://www.tiktok.com/@kisah_yang_biroe"
"=""7631401339402158868""","=""7631378556261892880""","=""7317682328829461509""","antonijuntakh16","Antonijuntakh16","police mana berani nangkap begal","22/4/2026, 09.15.01","0","No","","","https://www.tiktok.com/@antonijuntakh16"
"=""7631452580577297159""","=""7631378556261892880""","=""7075885624800986117""","febrianusmatoa2","RAJA SANTET","🤣","22/4/2026, 12.37.00","0","No","","","https://www.tiktok.com/@febrianusmatoa2"
"=""7643460743749518088""","","=""7423093187830727686""","yenny.warsidah7","Yenny Warsidah","alhamdululahhh
mksihh pak TNI Al.
kebaikan dn ke iklasannya.🙏🙏","24/5/2026, 21.11.34","3","No","0","No","https://www.tiktok.com/@yenny.warsidah7"
"=""7643275562051470096""","","=""7521139726058980360""","prihadihadi258","supri","Untuk Indonesia aman tentram","24/5/2026, 09.16.41","7","No","0","No","https://www.tiktok.com/@prihadihadi258"
"=""7632127652259087111""","","=""7369537147050951685""","rarankarina31","rara","fungsi polisi?","24/4/2026, 08.13.36","3","No","2","No","https://www.tiktok.com/@rarankarina31"
"=""7643169247544361748""","=""7632127652259087111""","=""7132337872712254491""","mutiara..hikmah","NUR HARIYANTO","zer dpt cuan brapa
ada pengadilan akhirat bro
gak usah sibuk dunia Mulu
perbaiki diri","24/5/2026, 02.24.35","0","No","","","https://www.tiktok.com/@mutiara..hikmah"
"=""7636289555187958536""","=""7632127652259087111""","=""7452143928134075397""","yanto23233","pp ramadhan 2026","itu kan polisi militer","5/5/2026, 13.23.46","0","No","","","https://www.tiktok.com/@yanto23233"
"=""7631150888116110098""","","=""7177999551918343170""","adiindrawan26","I - ONE","terimakasih Bpk2 TNI semoga sehat2 selalu dan bisa selalu mengayomi dan melindungi masyarakat","21/4/2026, 17.03.08","500","No","5","No","https://www.tiktok.com/@adiindrawan26"
"=""7631366491145978645""","=""7631150888116110098""","=""7116741581638272001""","perkututgacor8","perkututgacor8","kiq TNI yg nangkap ya , wereng coklat kemana nih ,,,bertanya dg nada haruuu","22/4/2026, 07.00.07","3","No","","","https://www.tiktok.com/@perkututgacor8"
"=""7631187463293453072""","=""7631150888116110098""","=""7104844228509533185""","din13219","sibolang Angker","Amiin2x Ya Robbal Aalaamiin 🤲👍👍","21/4/2026, 19.25.04","3","No","","","https://www.tiktok.com/@din13219"
"=""7631366858369991445""","=""7631150888116110098""","=""7249601142069347333""","user9024705195554","putra","aamiin","22/4/2026, 07.01.32","1","No","","","https://www.tiktok.com/@user9024705195554"
"=""7631198624433570568""","=""7631150888116110098""","=""7264914462799365125""","user3103107236347","user3103107236347","Aamiin....","21/4/2026, 20.08.15","1","No","","","https://www.tiktok.com/@user3103107236347"
"=""7631219017555313415""","=""7631150888116110098""","=""6816507114934043649""","tontonan7","putrajebar","🤲🤲🤲","21/4/2026, 21.27.28","1","No","","","https://www.tiktok.com/@tontonan7"
"=""7631173814735176468""","","=""6566416086157262849""","gepengorlandosuka","Gepeng Orlando suka","semoga TNI selalu tetap dalam lindungan yang maha kuasa, terimakasih TNI","21/4/2026, 18.32.06","369","No","10","No","https://www.tiktok.com/@gepengorlandosuka"
"=""7631314981481874192""","=""7631173814735176468""","=""7218143754951099394""","nursiahdjuma5","nursiahdjuma5","aamiinn🤲🙏","22/4/2026, 03.40.07","1","No","","","https://www.tiktok.com/@nursiahdjuma5"
"=""7632880369457169153""","=""7631173814735176468""","=""7181753459401933830""","liken392","liken","Kalo sdh ijo yg turun...baru koe rasa😁😁😁😁","26/4/2026, 08.59.31","0","No","","","https://www.tiktok.com/@liken392"
"=""7631882608544613121""","=""7631173814735176468""","=""7390005443294462981""","wwwradhol.tiktom","RADHOL S","SGT S7 biar perlu di hajar smpai makan pake slang Bru setimpal","23/4/2026, 16.22.31","0","No","","","https://www.tiktok.com/@wwwradhol.tiktom"
"=""7631212741345608455""","=""7631173814735176468""","=""6684811357277471745""","katiran11","M.Ran","aamiin ya robbal aalammiin","21/4/2026, 21.03.07","0","No","","","https://www.tiktok.com/@katiran11"
"=""7631951303296140049""","=""7631173814735176468""","=""7233749230975697926""","rayrainsyah","andilau","amiiin allahumma aminn 🤲","23/4/2026, 20.49.09","0","No","","","https://www.tiktok.com/@rayrainsyah"
"=""7631452687306244884""","=""7631173814735176468""","=""6909069280759890945""","140610resya","kede UMI","Aamiin","22/4/2026, 12.34.19","0","No","","","https://www.tiktok.com/@140610resya"
"=""7631286245280514824""","=""7631173814735176468""","=""7423649502932534278""","herlan.aja8","Herlan Aja","ammmmmm iiiiin2 allahumma ammiiiin","22/4/2026, 01.48.18","0","No","","","https://www.tiktok.com/@herlan.aja8"
"=""7631204406314435335""","=""7631173814735176468""","=""7413329849866109968""","tetep.demen051","Basudewa","amiin","21/4/2026, 20.30.44","0","No","","","https://www.tiktok.com/@tetep.demen051"
"=""7631198785671168775""","=""7631173814735176468""","=""7264914462799365125""","user3103107236347","user3103107236347","Aamiin....","21/4/2026, 20.08.57","0","No","","","https://www.tiktok.com/@user3103107236347"
"=""7631428346043761426""","=""7631173814735176468""","=""7290351318987572229""","indah.jenong1","❤️ INDAH SURYATI❤️","🤲🤲🤲🤲🤲","22/4/2026, 10.59.46","0","No","","","https://www.tiktok.com/@indah.jenong1"
"=""7631206308080108309""","","=""7397434089886073873""","rayud93","rayud","Terimakasih pak TNI🙏🙏🙏🙏🙏","21/4/2026, 20.38.12","162","No","2","No","https://www.tiktok.com/@rayud93"
"=""7631224801554645780""","=""7631206308080108309""","=""6923576942487520258""","kalrina","Visam Nakari","sibegal di tangkap pakai nangis,tapi di saat mereka membegal ada di pikiri mereka itu menangis dan tersakiti","21/4/2026, 21.52.24","3","No","","","https://www.tiktok.com/@kalrina"
"=""7631222659942679312""","=""7631206308080108309""","=""6879556101822678017""","bggunner","Bang nucklir","y","21/4/2026, 21.41.34","0","No","","","https://www.tiktok.com/@bggunner"
"=""7631294900391625479""","","=""7377712385991312389""","ms.al988","M🅰️X  AL98","Kami para pekerja di pelabuhan Belawan mengucapkan banyak terimakasih kepada Bapak2 TNI AL (POMAL) 🙏👍","22/4/2026, 02.21.56","519","No","0","No","https://www.tiktok.com/@ms.al988"
"=""7631193622353265426""","","=""7401505995035624453""","end_toysofficial","Snackchan0910","TNI AL the best,
semoga di beri kesehatan semua nya Amin,🙏","21/4/2026, 19.48.54","155","No","3","No","https://www.tiktok.com/@end_toysofficial"
"=""7631282295605117716""","=""7631193622353265426""","=""7489313251798647809""","papa.zahran","Abang El","ktidk kepercayaan Rakayat dgn 👮 ,Bpk persidepun menurun kan angkatan Al membasmi Begal Mantap","22/4/2026, 01.32.58","0","No","","","https://www.tiktok.com/@papa.zahran"
"=""7631222720778060561""","=""7631193622353265426""","=""6879556101822678017""","bggunner","Bang nucklir","y","21/4/2026, 21.41.46","0","No","","","https://www.tiktok.com/@bggunner"
"=""7631245362711544584""","=""7631193622353265426""","=""7395808125717152773""","dggrghii","Dgg Rghii","TNI al TNI ad","21/4/2026, 23.09.38","0","No","","","https://www.tiktok.com/@dggrghii"
"=""7643331337806217992""","","=""7485313647704556561""","idris.riswana","Idris riswana","mantap pak TNI semoga sehat selalu","24/5/2026, 12.49.26","2","No","0","No","https://www.tiktok.com/@idris.riswana"
"=""7631117898719937301""","","=""7217486206257464322""","well.abdul","Well Abdul","sehat2 pak TNI..","21/4/2026, 14.55.11","104","No","0","No","https://www.tiktok.com/@well.abdul"
"=""7632177361577067272""","","=""7484824363444929544""","user7249090345317","JONDRA HENDRI","BEGINI SEHARUSNYA DIBERLAKUKAN PREMAN DAN PELAKU KRIMINAL, KERAS, TEGAS DAN BIKIN KAPOK SERTA TRAUMA SEUMUR HIDUPNYA.
NAMUN SAYANG, JIKA POLISI YANG BERBUAT KASAR, AKAN DISANKSI HUKUM DAN DI SIDANG KODE ETIK, BAHKAN PECAT DAN PIDANA, HINGGA POLISI TAK BERKUTIK DAN SERBA SALAH. JD LEMBEK TERHADAP PREMAN DAN PELAKU KRIMINAL.
AYO, SEMUA TNI SE INDONESIA, BANTU MASYARAKAT HADAPI PREMANISME DAN PELAKU KRIMINAL. SALING BANTU SESAMA POLRI.
#BRAVO
#SALAMPRESISI
#RAKYATBUTUHHIDUPAMANDALAMKESEHARIANDANUSAHA.","24/4/2026, 11.26.24","32","No","0","No","https://www.tiktok.com/@user7249090345317"
"=""7641076497089053456""","","=""6956851420118090753""","itti7919","itti""","ya Allah jauhkan anak""ku dari kenakalan""remaja atau jauhkan dari obat""Tan judi dan minuman keras🤲","18/5/2026, 11.00.00","1","No","1","No","https://www.tiktok.com/@itti7919"
"=""7642335646606820113""","=""7641076497089053456""","=""7553973676283839506""","arsyad9505","Arsyad","Aamiin aamiin ya rabbal alamin","21/5/2026, 20.25.52","1","No","","","https://www.tiktok.com/@arsyad9505"
"=""7638620063557255956""","","=""7597434390298100754""","ainiyah724","Ainiyah","terimakasih mas"" TNI semoga mas TNI selalu dalam lindungan Allah SWT dan di beri kesehatan selalu selamat bertugas","11/5/2026, 20.07.16","3","No","2","No","https://www.tiktok.com/@ainiyah724"
"=""7638640008781841173""","=""7638620063557255956""","=""7105638779398161410""","richardhendropraj","richardhendropraj","mantab TNI AL","11/5/2026, 21.24.43","0","No","","","https://www.tiktok.com/@richardhendropraj"
"=""7638721016182047508""","=""7638620063557255956""","=""6960188182835594246""","wafaajja12","wafaajja12","👍👍","12/5/2026, 02.39.17","0","No","","","https://www.tiktok.com/@wafaajja12"
"=""7643080356648616720""","","=""7464875190447522837""","gilbert.lbg","Gilbert Lbg","trimakasih pak.","23/5/2026, 20.35.41","1","No","0","No","https://www.tiktok.com/@gilbert.lbg"
"=""7631174660914348818""","","=""7344246454896296966""","maryam.toko1","jjj santai.....","semangat trimakasih pak ...","21/4/2026, 18.35.16","28","No","2","No","https://www.tiktok.com/@maryam.toko1"
"=""7631179201596818196""","=""7631174660914348818""","=""7515778248385004561""","ajjsvsn","22 januari🙂","mantap pk","21/4/2026, 18.52.57","1","No","","","https://www.tiktok.com/@ajjsvsn"
"=""7631222687482381072""","=""7631174660914348818""","=""6879556101822678017""","bggunner","Bang nucklir","y","21/4/2026, 21.41.38","0","No","","","https://www.tiktok.com/@bggunner"
"=""7643311912516829973""","","=""7316957268918191109""","ccccc8898","B@ng Utiss,,","astaghfirullah","24/5/2026, 11.34.10","1","No","0","No","https://www.tiktok.com/@ccccc8898"
"=""7643273477583291153""","","=""7616008834860090384""","aisii_89","aisi","assalamualaikum sehat trooos Abang"" kuh🥰🥰🥰🥰","24/5/2026, 09.05.19","1","No","0","No","https://www.tiktok.com/@aisii_89"
"=""7631246248108360449""","","=""7465126357937325072""","aslah4287","Aslah","siapapun anda baik dari manapun anda.patut di apresiasi.kepedulian terhadap ketertiban, keamanan serta kenyamanan adalah milik kita bersama.sekali LG terima kasih bapak2 TNI","21/4/2026, 23.13.05","29","No","0","No","https://www.tiktok.com/@aslah4287"
"=""7631128570908099336""","","=""6905596397471466497""","leoning_monja","Leoning_monja","mantap kpd bapak2 yg bertugas di pomal,semoga sehat dan pjg umur","21/4/2026, 15.40.01","41","No","0","No","https://www.tiktok.com/@leoning_monja"
"=""7642107010871493384""","","=""7460916142929347592""","user8145501579342","adi","trmksh bpk2 petugas SMG sll dlm lindungan alloh","21/5/2026, 05.38.34","2","No","0","No","https://www.tiktok.com/@user8145501579342"
"=""7631365927137559314""","","=""7358403269545559046""","subarihartono80","Subari","semoga Allah SWT selalu memberikan bapak TNI yang terbaik","22/4/2026, 07.02.35","9","No","1","No","https://www.tiktok.com/@subarihartono80"
"=""7631380337221813013""","=""7631365927137559314""","=""7190739921496228866""","jackchan941","jack chan","police ngak ada nyali","22/4/2026, 07.53.34","0","No","","","https://www.tiktok.com/@jackchan941"
"=""7643412886220849927""","","=""6949103137806828545""","alwibarakbah","alwibarakbah","[Stiker] ","24/5/2026, 18.05.56","0","No","0","No","https://www.tiktok.com/@alwibarakbah"
"=""7631743011080307463""","","=""7258282632844690433""","subiyono642","subiyono","terima kasih banyak Bpk POMAL","23/4/2026, 07.20.54","12","No","0","No","https://www.tiktok.com/@subiyono642"
"=""7631413012079854354""","","=""7461621982191617025""","wiil.manalu","Wiil manalu","Semangat bapa2 TNI👍👍👍 Kami sangat berterimakasih kepada anda🙏🙏🙏","22/4/2026, 10.00.20","20","No","0","No","https://www.tiktok.com/@wiil.manalu"
"=""7631399849888531218""","","=""7507658910757667861""","rhmtfajri4","birjek","terimakasih pak TNI, semoga tidak ada begal lagi di Sumatera Utara,, amin","22/4/2026, 09.09.15","50","No","0","No","https://www.tiktok.com/@rhmtfajri4"
"=""7642414443435197204""","","=""7341313733232182278""","musriani754","musriani","polisi TNI sangat berguna bagi masyarakat trima kasoh 🙏🙏🙏🙏🙏🙏❤️❤️❤️❤️","22/5/2026, 01.31.26","2","No","0","No","https://www.tiktok.com/@musriani754"
"=""7631904718877016839""","","=""7044493843392398338""","widya_ramadhani2","widia","terimakasih buat pak TNI-POMAL beserta jajaran nya🥰 👏👍👍","23/4/2026, 17.48.22","3","No","0","No","https://www.tiktok.com/@widya_ramadhani2"
"=""7631380840829207317""","","=""7321196631398695942""","uruk.71","mercy tobing","terima kasih pak TNI.","22/4/2026, 07.55.48","17","No","0","No","https://www.tiktok.com/@uruk.71"
"=""7639405842479350536""","","=""6963259004857091077""","akasakaswaru","akas waru pares","terimah kasih bapak ,,semoga selaluu menjaga ketetraman ,keamanan 💪💪💪","13/5/2026, 22.56.29","3","No","0","No","https://www.tiktok.com/@akasakaswaru"
"=""7641505220678091528""","","=""7437045863417136183""","nr_7971","nr_","kok nangis","19/5/2026, 14.43.13","2","No","0","No","https://www.tiktok.com/@nr_7971"
"=""7638091231973540629""","","=""7230764901911004162""","upik7022","Upik","ya Allah jauhkan anak2ku dafi perbuatan jahat serta dari orang 2 jahat
Aamiin","10/5/2026, 09.55.20","4","No","0","No","https://www.tiktok.com/@upik7022"
"=""7637468167975633665""","","=""6970468885925659650""","alexhariman","alex hariman","makkk..nangisss","8/5/2026, 17.37.30","1","No","0","No","https://www.tiktok.com/@alexhariman"
"=""7631152779562844949""","","=""6960979660331074562""","atung.133","masninuk","terima kasih para aparat","21/4/2026, 17.13.20","7","No","0","No","https://www.tiktok.com/@atung.133"
"=""7631380622142063368""","","=""7413438482281022470""","riaherbasari","Ria Herbasari","Terimakasi Pak untuk kenyaman nan. terimakasi.","22/4/2026, 07.54.46","1","No","0","No","https://www.tiktok.com/@riaherbasari"
"=""7631831616273400584""","","=""7015544375581180930""","wayantoo","PAYANTO","kau jangan menangis , sabar ya","23/4/2026, 13.04.48","3","No","0","No","https://www.tiktok.com/@wayantoo"
"=""7633598451900498708""","","=""7424653831684785158""","nadiul15","nadiul gurusinga","terima kasih TNI AL BELAWAN.
doa kamk yg terbaik buat TNI AL BELAWAN","28/4/2026, 07.21.07","4","No","0","No","https://www.tiktok.com/@nadiul15"
"=""7631474618469270280""","","=""7335653584066282501""","maharani5161","maharani","makasih pak aman kan terus pak","22/4/2026, 13.59.20","4","No","0","No","https://www.tiktok.com/@maharani5161"
"=""7638565280550093585""","","=""7396770397456172037""","9999999langgeng","bima","knp nangis mang,","11/5/2026, 16.34.43","2","No","0","No","https://www.tiktok.com/@9999999langgeng"
"=""7631424022047261448""","","=""7226253182140204033""","pian4757","pian","Terima kasih bapak TNI AL, Semoga tidak salah tangkap.","22/4/2026, 10.42.57","14","No","0","No","https://www.tiktok.com/@pian4757"
"=""7639254886714540817""","","=""7293084978773918721""","rohmiyatun04","rohmiyatun","hebat pak pol semoga selalu sehat dan terus semangat","13/5/2026, 13.10.47","1","No","0","No","https://www.tiktok.com/@rohmiyatun04"
"=""7632861250242773780""","","=""7034322670645888027""","momicaem","mawar merah","TNI AL the best , semoga sehat sehat bapak TNI","26/4/2026, 07.40.18","8","No","0","No","https://www.tiktok.com/@momicaem"
"=""7631154527680971528""","","=""7392253268707361808""","ezaabu","gembel kelas","semngat sehat selalu pak","21/4/2026, 17.17.12","7","No","0","No","https://www.tiktok.com/@ezaabu"
"=""7631468307724256021""","","=""7527912401162257426""","sd.o8.bukit.kapur","Gg. Mawar","bravo TNI...
semoga segera tercipta kedamaian dan kenyamanan dikota MEDAN","22/4/2026, 13.34.58","2","No","0","No","https://www.tiktok.com/@sd.o8.bukit.kapur"
"=""7631371810059911957""","","=""7128563860847690779""","zahra.a.syafitri","Zahra","sedih x nangisnya","22/4/2026, 07.20.42","3","No","0","No","https://www.tiktok.com/@zahra.a.syafitri"
"=""7631180998009733909""","","=""7310597786684310534""","jifay_alghanieey","Jifay_Alghanieey","sehat selalu bapak TNI AL","21/4/2026, 19.00.02","5","No","0","No","https://www.tiktok.com/@jifay_alghanieey"
"=""7631163149638451989""","","=""7294086838460466184""","sugionosuha0","sugiono suha","Terima kasih para aparat","21/4/2026, 17.52.20","8","No","0","No","https://www.tiktok.com/@sugionosuha0"
"=""7631473773769999120""","","=""7332834434066908166""","ritaamelia59","ritaamelia59","makasih pak TNI 🙏🙏🥰🥰🥰🥰","22/4/2026, 13.56.02","2","No","0","No","https://www.tiktok.com/@ritaamelia59"
"=""7631353845326906119""","","=""7343147218045649926""","salman.al.farisyi2","salman.al.farisyi","terimakasih pak TNI Al sehat selalu pak","22/4/2026, 06.10.46","8","No","0","No","https://www.tiktok.com/@salman.al.farisyi2"
"=""7631170016851542805""","","=""7336216460877906950""","edihartono3845","edihartono","Terimakasih pak TNI semoga sehat selalu","21/4/2026, 18.17.22","2","No","0","No","https://www.tiktok.com/@edihartono3845"
"=""7631362415788442376""","","=""6593553245661495297""","barra824","Budi Rahmadsyah","lahh kok nangiss..","22/4/2026, 06.44.11","1","No","0","No","https://www.tiktok.com/@barra824"
"=""7632854665832186642""","","=""7134901421446874113""","tahahsjxhd","MARTHIDES RITONGA","Terimakasih TNI AL semoga Belawan semakin Aman. Kakek saya dulu KALANTAMAL BELAWAN KOL KIMOM RITONGA (alm)","26/4/2026, 07.14.50","3","No","0","No","https://www.tiktok.com/@tahahsjxhd"
"=""7631168106962125584""","","=""7316879930297140226""","whenn106","when","terima kasih pak untuk kenyaman masyarakat..semoga ngak ada lagi","21/4/2026, 18.09.54","3","No","0","No","https://www.tiktok.com/@whenn106"
"=""7631404134294110996""","","=""7442722062018020408""","rafarafi0202","mmjj","trima kasih dari bapak bapak pomal","22/4/2026, 09.25.57","1","No","0","No","https://www.tiktok.com/@rafarafi0202"
"=""7631283481918898962""","","=""6983702710278554630""","widiawati797","MARTINA ‘","Smoga TNI di lindungi allah ya robb","22/4/2026, 01.37.39","3","No","0","No","https://www.tiktok.com/@widiawati797"
"=""7631848161900266260""","","=""7512104396252464145""","ahmadyasir89026","Ahmadyasir","Terimakasih kepada Bpk TNI sudah mengamankan pelakunya.","23/4/2026, 14.08.56","4","No","0","No","https://www.tiktok.com/@ahmadyasir89026"
"=""7631232753787339521""","","=""7234063693905642501""","sadikinnorjfr","SADIKINNORJfr","terima kasih pak TNI.","21/4/2026, 22.20.45","4","No","0","No","https://www.tiktok.com/@sadikinnorjfr"
"=""7631430240238011152""","","=""7422540831381373958""","alisineo","alisineo","jgn biarkan kejahatan merajarela","22/4/2026, 11.07.26","7","No","0","No","https://www.tiktok.com/@alisineo"
"=""7631878184589591314""","","=""7329109947487388673""","benktrid","benktrid","polisi ada di daerah belawan?","23/4/2026, 16.05.18","1","No","0","No","https://www.tiktok.com/@benktrid"
"=""7631576581421351701""","","=""7290113317279351813""","ismail.ismail4570","Ismail Ismail","trimah kasih sdh peduli sm rakyat","22/4/2026, 20.35.01","1","No","0","No","https://www.tiktok.com/@ismail.ismail4570"
"=""7631340946512823048""","","=""6882166193667834881""","lenny.lenny447","lenny lenny","terimakasih bpk TNI telah membantu keresahahan masyatakat selama ini🙏","22/4/2026, 05.20.40","4","No","0","No","https://www.tiktok.com/@lenny.lenny447"
"=""7631171623804076821""","","=""6881171470123926529""","amesby.os","@amesby.os","trimah bpk TNI sehat slalu bpk","21/4/2026, 18.23.41","5","No","0","No","https://www.tiktok.com/@amesby.os"
"=""7632020933134451476""","","=""6879847387071775745""","amir.zent0el","user21","semangat pak...🥰","24/4/2026, 01.19.26","2","No","0","No","https://www.tiktok.com/@amir.zent0el"
"=""7631170714335429383""","","=""7523359676327691271""","suarnojojopopo","Suarnojojo Popo nono","semoga pak TNI sehat selalu","21/4/2026, 18.23.28","5","No","0","No","https://www.tiktok.com/@suarnojojopopo"
"=""7631187655280247559""","","=""7088899164965602331""","cak__yo","CAK__YO","hanya bisa berdoa..semoga bapak bapak yg bertugas di berikan kesehatan dan keselamatan..amin amin yarobbalalamin","21/4/2026, 19.25.45","17","No","0","No","https://www.tiktok.com/@cak__yo"
"=""7631240968179942164""","","=""7616952227051930644""","yogaerlangga810","yogaerlangga810","trimkasih bapak-bapak TNI.kami rakyat indonesia menetip kepercayaan besar ke TNI.","21/4/2026, 22.52.35","5","No","0","No","https://www.tiktok.com/@yogaerlangga810"
"=""7631182582219555605""","","=""7599919913825879061""","ruhyat282","bangbang Surya ningrat","terima kasih pak TNI AL salam kenal dari saya supir truk","21/4/2026, 19.09.08","6","No","0","No","https://www.tiktok.com/@ruhyat282"
"=""7631766050825208584""","","=""6948081891275277314""","yasmiyasmi198","☕️ Rysha ☕️","kok nangis","23/4/2026, 08.50.21","1","No","0","No","https://www.tiktok.com/@yasmiyasmi198"
"=""7631188120608621328""","","=""7051564548449682433""","richard_hart.26","Richard Hart","terimakasih para bapak2 TNI🙏🙏🙏
semoga sehat selalu dan berkah selalu. amin🙏🙏🙏","21/4/2026, 19.27.49","3","No","0","No","https://www.tiktok.com/@richard_hart.26"
"=""7631172595354043143""","","=""7522280328720974866""","aku_anak_siapa7","ISTIQOMAH","Sehat-sehat selalu buat bapak-bapak TNI","21/4/2026, 18.27.18","2","No","0","No","https://www.tiktok.com/@aku_anak_siapa7"
"=""7631309418080076551""","","=""7551031947487085586""","ikbal.lutfhi","ikbal lutfhi","sehat selalu pak","22/4/2026, 03.18.14","2","No","0","No","https://www.tiktok.com/@ikbal.lutfhi"
"=""7631176929432847112""","","=""6906478847988024322""","idamanmu0845","idamanmu","semagat pak para TNI sehat"" ya pak","21/4/2026, 18.44.03","3","No","0","No","https://www.tiktok.com/@idamanmu0845"
"=""7631405842874286869""","","=""7274247602119361542""","khairil.azwar4","Khairil Azwar","semangat pak❤️❤️❤️❤️❤️","22/4/2026, 09.32.36","2","No","0","No","https://www.tiktok.com/@khairil.azwar4"
"=""7631236484934255381""","","=""7417866087780729861""","idriskeboy","idris12355","semoga sehat TNI semuanya selalu Terimakasih pak TNI 🇮🇩🇮🇩🇮🇩🙏🙏🙏🇮🇩🇮🇩💪💪💪","21/4/2026, 22.36.53","2","No","0","No","https://www.tiktok.com/@idriskeboy"
"=""7631173422286226183""","","=""7223144159765332999""","sugihartosugihart5","Sugiharto","luar biasa salam hormat","21/4/2026, 18.30.30","2","No","0","No","https://www.tiktok.com/@sugihartosugihart5"
"=""7631179123385877255""","","=""6970456660390151170""","ardianksp728","Ardian","sehat selalu bapak TNI","21/4/2026, 18.52.35","2","No","0","No","https://www.tiktok.com/@ardianksp728"
"=""7632178964837335816""","","=""6981793372836185115""","saadahtoreg","saadah","masyaallah tabarakallah,,, terimakasih pa TNI,,,,, tetap semangat y pak,,,,,,,,","24/4/2026, 11.36.36","1","No","0","No","https://www.tiktok.com/@saadahtoreg"
"=""7631456880073802503""","","=""7304243844995482629""","okti.anggraini","Okti Anggraini","Bravo Buat Bpk2 TNI.... semoga sehat n sukses selalu.. 👍🥰","22/4/2026, 12.50.28","1","No","0","No","https://www.tiktok.com/@okti.anggraini"
"=""7631358813551821575""","","=""6819618055665992706""","free_falestine_031","No FaCe","mantap pak TNI smoga dimanapun pak TNI bs membuat masyatakat merasa aman & nyaman🥰","22/4/2026, 06.30.21","3","No","0","No","https://www.tiktok.com/@free_falestine_031"
"=""7631175093217936149""","","=""7045604030051730434""","syahrilsidik20","syahrilsidik20","Selamat Buat Pak TNI yang Selalu Melindungi Rakyat, Semoga Sehat Selalu Buat Bapak TNI AL ( POMAL )","21/4/2026, 18.37.04","14","No","0","No","https://www.tiktok.com/@syahrilsidik20"
"=""7631933564544271105""","","=""7005939702780052481""","manzzaaputri","manzzaaputri","terimakasi bpk TNI,,tugas anda suggu mulya,,,,sehat,,²slu pk TNI,,,","23/4/2026, 19.43.45","1","No","0","No","https://www.tiktok.com/@manzzaaputri"
"=""7631280922960839431""","","=""7509733876839990279""","ummu.hafizah","Ummu hafizah","Terima kasih Bpk TNI... sehat sll buat pr Bpk TNI yg ad d belawan 💪💪💪","22/4/2026, 01.27.43","3","No","0","No","https://www.tiktok.com/@ummu.hafizah"
"=""7631389516453364488""","","=""7256754792000898054""","ani.setianingsih7","Ani Setianingsih","mantap untuk bapak TNI semoga bapak TNI selalu diberikan kesehatan kekuatan dan panjang umur serta dilimpahkan rejekinya aamiin 🤲","22/4/2026, 08.29.14","1","No","0","No","https://www.tiktok.com/@ani.setianingsih7"
"=""7631116829565797136""","","=""7364677600714015749""","den.den.sofian","Ardaya Papertier","[Stiker] ","21/4/2026, 14.50.59","7","No","0","No","https://www.tiktok.com/@den.den.sofian"
"=""7631110780067758865""","","=""7393380571764704262""","diranaja67","si emon","[Stiker] ","21/4/2026, 14.27.32","2","No","0","No","https://www.tiktok.com/@diranaja67"
"=""7631246056852488981""","","=""6945974025425323009""","ilmanovitadeasy","ILMA NOVITA DEASY","Y Allah","21/4/2026, 23.14.28","1","No","0","No","https://www.tiktok.com/@ilmanovitadeasy"
"=""7631443134442390279""","","=""7030658242711700482""","ratna33553","Ratnarani","mantab kerja ny pak...semoga ke depan Indonesia semakin aman.jd sy sebagai ortu merasa tenang klw suami dn anak sedang berada d luar rumah.sedang mencari nafkah.","22/4/2026, 11.57.11","3","No","0","No","https://www.tiktok.com/@ratna33553"
"=""7631814717531374357""","","=""7415927490587673606""","badaigelombang13","Badai","baru tau klo di belawan gak ada polsek","23/4/2026, 11.59.11","1","No","0","No","https://www.tiktok.com/@badaigelombang13"
"=""7631367125592556309""","","=""6909278057028027394""","hendri.purba24","Hendri purba","hebat TNI.. luar biasa,kmi hanya bs kirim doa buat bapak² tni sehat,pnjang umur,lancar rezekinya.","22/4/2026, 07.02.28","8","No","0","No","https://www.tiktok.com/@hendri.purba24"
"=""7631494351949349653""","","=""7273411791619064838""","rujito554","rujito","Trima kasih bt TNI.apreasi yg sangat tinggi.","22/4/2026, 15.16.04","17","No","0","No","https://www.tiktok.com/@rujito554"
"=""7631975051805590288""","","=""7452329721638257669""","user8142047594783","rudy","trimakasih. BPK TNI al","23/4/2026, 22.21.14","5","No","0","No","https://www.tiktok.com/@user8142047594783"
"=""7631205661276537621""","","=""6844321077461681153""","pengawas_koplak","Darma Dozer","selalu sehat Bapak"" TNI kuuuuuu mudahan amanah buat warga semua biar aman pak ..","21/4/2026, 20.35.41","6","No","0","No","https://www.tiktok.com/@pengawas_koplak"
"=""7631127713047495445""","","=""7534417335367025681""","sarman77885","Sarman77","sehat terus buat TNI","21/4/2026, 15.33.14","5","No","0","No","https://www.tiktok.com/@sarman77885"
"=""7643193837145637649""","","=""7429990280185725969""","momykittiyyy","💋mommy kittiyy💋","Astaghfirullah ya Allah","24/5/2026, 03.56.10","0","No","0","No","https://www.tiktok.com/@momykittiyyy"
"=""7631844728039801620""","","=""6787376618606691329""","nav473on","#Navaleon","dari Kampung Salam Kah pak","23/4/2026, 13.55.32","0","No","0","No","https://www.tiktok.com/@nav473on"
"=""7642679149200229140""","","=""7451291106748859398""","ms.kendi80","mas kendi","gw seing hawatir kalo kerja pulang mlm jadi paranoit jdinya","22/5/2026, 18.38.37","2","No","0","No","https://www.tiktok.com/@ms.kendi80"
"=""7631429792738689813""","","=""6576960313479036930""","nenkresa7","nengresa","aku pernah di Belawan sy smp bertanya apakah disini ada polisi Krn yg aku Liet bebas benar daerah situ","22/4/2026, 11.05.26","1","No","0","No","https://www.tiktok.com/@nenkresa7"
"=""7631090541317849876""","","=""7233478597159617537""","muhammadridwan2692","ridwan","ke dua","21/4/2026, 13.09.06","1","No","0","No","https://www.tiktok.com/@muhammadridwan2692"
"=""7631794647114744577""","","=""7218650517521728538""","bustam370","Bustam","Terima kasih Bapak2 yg sudah memberikan RASA AMAN & NYAMAN kepada masyarakat.","23/4/2026, 10.41.11","2","No","0","No","https://www.tiktok.com/@bustam370"
"=""7638581209739952914""","","=""7545034872647533586""","jukokklion0","—͟͟͞͞𖣘𝕯𝖔𝖓𝖎 𝕯𝖎𝖆𝖓𝖎","semoga para tni dilindungi olleh allah amin.👍","11/5/2026, 17.36.31","1","No","0","No","https://www.tiktok.com/@jukokklion0"
"=""7631089584160899856""","","=""7550145488256173063""","fitri4ni07","habsyi","pertama","21/4/2026, 13.05.28","1","No","0","No","https://www.tiktok.com/@fitri4ni07"
"=""7631095640332124944""","","=""7024726871912809478""",".pujakesumaoo1","PUJAKESUMA🌴","poldanya tidur ya??","21/4/2026, 13.31.04","29","No","22","No","https://www.tiktok.com/@.pujakesumaoo1"
"=""7631136955241661205""","=""7631095640332124944""","=""7404787845258888208""","heripermana90","heri","kalau gk ada duitnya mana mau mereka.kalau kalian berkendara lupa pake helm pasti dikejar ke dapur pun","21/4/2026, 16.09.02","8","No","","","https://www.tiktok.com/@heripermana90"
"=""7631144759670620948""","=""7631095640332124944""","=""6593923389088530434""","iyan.lumajang","λλάΓίάήτό","iya tuh dia enak² tidur
cuma nunggu gaji buta..😄😂","21/4/2026, 16.41.10","3","No","","","https://www.tiktok.com/@iyan.lumajang"
"=""7631103552282460949""","=""7631095640332124944""","=""7161256578825634818""","rasyidannafi615","im good father41/45 (A22 ADD)","bukan dek.
menutupi kasus ANDRIE YUNUZ supaya bisa mengangkat drajat dan martaba TNI !","21/4/2026, 14.01.59","1","No","","","https://www.tiktok.com/@rasyidannafi615"
"=""7643169935019426580""","=""7631095640332124944""","=""7132337872712254491""","mutiara..hikmah","NUR HARIYANTO","@NUR HARIYANTO:zer dpt cuan brapa
ada pengadilan akhirat bro
gak usah sibuk dunia Mulu
perbaiki diri","24/5/2026, 02.26.29","0","No","","","https://www.tiktok.com/@mutiara..hikmah"
"=""7631434437264016135""","=""7631095640332124944""","=""7128060030398841862""","papalubis07","Pratama","diam kau kenapa..udah ada aksi kau banyak bacot..kau juga kmna..","22/4/2026, 11.23.25","0","No","","","https://www.tiktok.com/@papalubis07"
"=""7631251583002755847""","=""7631095640332124944""","=""7057882877824680962""","user861112702","user861112702#Anak Rawa#","anak haram komen lucu","21/4/2026, 23.35.46","0","No","","","https://www.tiktok.com/@user861112702"
"=""7631248955057898261""","=""7631095640332124944""","=""7524607496608089106""","sugeng.widodo795","Sugeng Widodo","cari cuan","21/4/2026, 23.23.40","0","No","","","https://www.tiktok.com/@sugeng.widodo795"
"=""7631128571868758791""","=""7631095640332124944""","=""7351421444120773638""","vie4494","vie","lagi nyari tersangka yg berduit....","21/4/2026, 15.36.31","0","No","","","https://www.tiktok.com/@vie4494"
"=""7631125639446233872""","=""7631095640332124944""","=""7616944817305977863""","arshakarayyanza23","papi","ngk ada ongkos minyak","21/4/2026, 15.29.32","0","No","","","https://www.tiktok.com/@arshakarayyanza23"
"=""7631104117595210503""","=""7631095640332124944""","=""6844165146543457281""","adhipatikarno","adhipatikarno","😁😁😁😁😁😁😁 betul bang 😁😁😁😁","21/4/2026, 14.01.33","0","No","","","https://www.tiktok.com/@adhipatikarno"
"=""7631097529114952466""","=""7631095640332124944""","=""7106460214262809627""","tonny19865","Tonny86","ia dong, biar sebelah ada kerjaan. Kasian uda di gaji tp ga kerja. 😁","21/4/2026, 13.36.02","0","No","","","https://www.tiktok.com/@tonny19865"
"=""7631096856614077201""","=""7631095640332124944""","=""7238082379804853253""","hers569_","hers-569","ngorok abis ng ber","21/4/2026, 13.33.29","0","No","","","https://www.tiktok.com/@hers569_"
"=""7631096652057527058""","=""7631095640332124944""","=""7521673804109497362""","johanez124","johan64","tolol yg rambut gondrong itu polisi","21/4/2026, 13.32.38","0","No","","","https://www.tiktok.com/@johanez124"
"=""7631218667975623445""","=""7631095640332124944""","=""7364297994273014790""","sugondo.sugondo","Sugondo Sugondo","masih tertidur poldanya bang 😇😇😇🙏🙏","21/4/2026, 21.27.26","2","No","","","https://www.tiktok.com/@sugondo.sugondo"
"=""7631419714032124673""","=""7631095640332124944""","=""7024726871912809478""",".pujakesumaoo1","PUJAKESUMA🌴","👍","22/4/2026, 10.30.00","0","No","","","https://www.tiktok.com/@.pujakesumaoo1"
"=""7631408601261687559""","=""7631095640332124944""","=""7048999854764393474""","antonsaragih951","oppung windu","lagi bobok","22/4/2026, 09.43.11","1","No","","","https://www.tiktok.com/@antonsaragih951"
"=""7631631058983289620""","=""7631095640332124944""","=""7317937082641712133""","skayblack07","Menolak Punah","serba salah hidup di indo","23/4/2026, 00.06.23","0","No","","","https://www.tiktok.com/@skayblack07"
"=""7631174845535519509""","=""7631095640332124944""","=""7443118537914582072""","raka79901","raka","lagi nge room","21/4/2026, 18.36.06","0","No","","","https://www.tiktok.com/@raka79901"
"=""7631154522425099028""","=""7631095640332124944""","=""7066688780430476289""","dclipz22","Gery Roll","harus buat laporan dulu lah pak, gimama sih patuhi SOP nya","21/4/2026, 17.17.11","0","No","","","https://www.tiktok.com/@dclipz22"
"=""7631154278099256065""","=""7631095640332124944""","=""7024726871912809478""",".pujakesumaoo1","PUJAKESUMA🌴","TNI tanpa SOP sudah ada ijin krn didlm negri","21/4/2026, 17.19.05","0","No","","","https://www.tiktok.com/@.pujakesumaoo1"
"=""7631159019251974933""","=""7631095640332124944""","=""7066688780430476289""","dclipz22","Gery Roll","wkwkw sarkas bang","21/4/2026, 17.34.40","0","No","","","https://www.tiktok.com/@dclipz22"
"=""7631128286911234823""","=""7631095640332124944""","=""6954909018646414337""","kaji.sela","Kaji Sela","lagi dugem","21/4/2026, 15.35.22","0","No","","","https://www.tiktok.com/@kaji.sela"
"=""7631118508781011733""","","=""7614452214203450376""","koliibrahim.6140","koliibrahim 6140","polisi pd kemana ya??????","21/4/2026, 14.57.32","8","No","13","No","https://www.tiktok.com/@koliibrahim.6140"
"=""7631301317345329940""","=""7631118508781011733""","=""7547897613597869077""","yayan.kurniawan679","yayan kurniawan","polisi lg malakin supir truk","22/4/2026, 02.47.00","1","No","","","https://www.tiktok.com/@yayan.kurniawan679"
"=""7631144805842223892""","=""7631118508781011733""","=""6593923389088530434""","iyan.lumajang","λλάΓίάήτό","lagi ngocok .","21/4/2026, 16.42.11","1","No","","","https://www.tiktok.com/@iyan.lumajang"
"=""7631133791180047124""","=""7631118508781011733""","=""7075174325946876955""","x_x_x_0022",".","POLISI pada males dengerin omongan orng sperti anda","21/4/2026, 15.56.45","1","No","","","https://www.tiktok.com/@x_x_x_0022"
"=""7631361011865633557""","=""7631118508781011733""","=""6969236289249887238""","gitartua8780","Gitar Tua","takut sama begal dan pereman oporan hilang","22/4/2026, 06.41.58","0","No","","","https://www.tiktok.com/@gitartua8780"
"=""7631143130422969109""","=""7631118508781011733""","=""6881903420547286018""","virgosaputro","Virgo Saputro","molor🤣🤣🤣🤣","21/4/2026, 16.33.00","0","No","","","https://www.tiktok.com/@virgosaputro"
"=""7631129583391425296""","=""7631118508781011733""","=""7434853292919079992""","bangmadun847","Bangmadun","Bobo cantik lah...","21/4/2026, 15.40.26","0","No","","","https://www.tiktok.com/@bangmadun847"
"=""7631128495900410631""","=""7631118508781011733""","=""6954909018646414337""","kaji.sela","Kaji Sela","lagi nilang di jalan","21/4/2026, 15.36.08","0","No","","","https://www.tiktok.com/@kaji.sela"
"=""7631124259096544007""","=""7631118508781011733""","=""7545749621919925266""","wirrroooo","Darson","polisinya pada molor sambil nunggu setoran","21/4/2026, 15.19.48","0","No","","","https://www.tiktok.com/@wirrroooo"
"=""7631356825917113109""","=""7631118508781011733""","=""6881870555361723394""","walir1708","🐎","Polisi nya bos nya 😂😁","22/4/2026, 06.22.31","0","No","","","https://www.tiktok.com/@walir1708"
"=""7631270088745812744""","=""7631118508781011733""","=""7521199209296725000""","teuku.farhan.maul","Teuku Farhan Maulana","polisinya lagi make","22/4/2026, 00.45.34","0","No","","","https://www.tiktok.com/@teuku.farhan.maul"
"=""7631170383413412626""","=""7631118508781011733""","=""7500573067878532103""","maryadi967","cahyono","kok ke mana..tidur lh.kok aneh.","21/4/2026, 18.18.42","0","No","","","https://www.tiktok.com/@maryadi967"
"=""7631157885313942279""","=""7631118508781011733""","=""7260903791469429765""","layungsamudra","puttra tnggal","lg di warung msh ngopii bang. mkn gorengan.","21/4/2026, 17.30.18","0","No","","","https://www.tiktok.com/@layungsamudra"
"=""7631142836792132353""","=""7631118508781011733""","=""6845698389741749249""","bagus_satya73","𝐬𝐨𝐥𝐨 𝐛𝐚𝐧𝐝𝐮𝐧𝐠","biasa , ngopi dikantor smbil main catur.
jam 9 - 10 mlam kluar bentar foto dpan bank & pegadaian.
balik lg kekantor ngopi lg","21/4/2026, 16.31.47","0","No","","","https://www.tiktok.com/@bagus_satya73"
"=""7631106556855730951""","","=""7185640328777958405""","user52461928240660","imtihan brother's","memalukan segitu parahnya tugas polisi diambil alih TNI","21/4/2026, 14.14.07","7","No","2","No","https://www.tiktok.com/@user52461928240660"
"=""7638194627782329096""","=""7631106556855730951""","=""6959809748608238598""","abram014","user2450383742445","kepala kau kobong","10/5/2026, 16.36.19","0","No","","","https://www.tiktok.com/@abram014"
"=""7631399965932143381""","=""7631106556855730951""","=""7613720602176324626""","suditiratira","Julies Kounde","di buat remuk pokoknya kalau kena laler ijo","22/4/2026, 09.13.30","0","No","","","https://www.tiktok.com/@suditiratira"
"=""7631106531324773141""","","=""7286149525231223814""","didit.winarto1","Didit Winarto","top.
terimakasih pak TNI
untuk kenyamanan warga Indonesia","21/4/2026, 14.11.00","8","No","0","No","https://www.tiktok.com/@didit.winarto1"
"=""7643154583363470100""","","=""7141385703073580033""","rehan_oky","Rehan_Oky","Polisi malu sih harus","24/5/2026, 01.23.32","0","No","1","No","https://www.tiktok.com/@rehan_oky"
"=""7643169859106833173""","=""7643154583363470100""","=""7132337872712254491""","mutiara..hikmah","NUR HARIYANTO","@NUR HARIYANTO:zer dpt cuan brapa
ada pengadilan akhirat bro
gak usah sibuk dunia Mulu
perbaiki diri","24/5/2026, 02.26.44","0","No","","","https://www.tiktok.com/@mutiara..hikmah"
"=""7631108071612285717""","","=""7468638669147800583""","songot05","kartika candra kirana","FUNGSI KODIM DAN KORAMIL?","21/4/2026, 14.17.03","3","No","18","No","https://www.tiktok.com/@songot05"
"=""7631130081025442561""","=""7631108071612285717""","=""7434853292919079992""","bangmadun847","Bangmadun","Fungsinya buat njitak kepalamoe....kau nanya apa emang dasar nyinyir...emang krnapa klau TNI nangkap para begal biadab,emang kenapa...kau tersinggung...kau ga suka...bodo amat,atau kau keluarganya si begal itu atau gerombolannya","21/4/2026, 15.42.35","2","No","","","https://www.tiktok.com/@bangmadun847"
"=""7631113966911734545""","=""7631108071612285717""","=""7034701548740887553""","juragan.laundrycoin","Dhan_Ru","ga apa² mending ditangkap TNI kalau ditangkap masyarakat nanti masyarakat nya yg kena pasal penganiayaan 😂","21/4/2026, 14.39.51","1","No","","","https://www.tiktok.com/@juragan.laundrycoin"
"=""7633316395350983442""","=""7631108071612285717""","=""7328518600217232389""","erikkusna","Upay","buat nangkep orang bloon kayak lo🤣🤣","27/4/2026, 13.06.23","0","No","","","https://www.tiktok.com/@erikkusna"
"=""7631490372862313224""","=""7631108071612285717""","=""7518458177533936661""","ichibos051","ichibos","kau fungsimu apa?","22/4/2026, 15.00.26","0","No","","","https://www.tiktok.com/@ichibos051"
"=""7631112845492650759""","=""7631108071612285717""","=""7420358068192887813""","sedioutomo81","sedioutomo","kalo komentar yg masuk akal jg cerdas","21/4/2026, 14.35.23","0","No","","","https://www.tiktok.com/@sedioutomo81"
"=""7631413440276497172""","=""7631108071612285717""","=""7468638669147800583""","songot05","kartika candra kirana","itu sudah masuk akal.. kemana aja koramil selama ini... apakah gak tau kl banyak begal... kok sampek AL yg tangani🤣🤣🤣","22/4/2026, 10.02.08","0","No","","","https://www.tiktok.com/@songot05"
"=""7631400121725174548""","=""7631108071612285717""","=""7613720602176324626""","suditiratira","Julies Kounde","menghabisi begal, mau coba kau","22/4/2026, 09.14.15","0","No","","","https://www.tiktok.com/@suditiratira"
"=""7631400599070245652""","=""7631108071612285717""","=""6978373721245516802""","barangkaliitu1","Tito•••t.s","Belajar lagi dek","22/4/2026, 09.12.10","0","No","","","https://www.tiktok.com/@barangkaliitu1"
"=""7631390318213989138""","=""7631108071612285717""","=""6784239070659838978""","bnaa606","haaa","dirimu juga gaada fungsinya anjing","22/4/2026, 08.32.12","0","No","","","https://www.tiktok.com/@bnaa606"
"=""7631371948812124929""","=""7631108071612285717""","=""7579844362914726933""","sugeng.prastyo20","Sugeng prastyo","tanya saja dirimu sendiri fungsimu apa","22/4/2026, 07.21.24","0","No","","","https://www.tiktok.com/@sugeng.prastyo20"
"=""7631355703017980689""","=""7631108071612285717""","=""6584714083496247297""","24kopihitam82","kopi Hitam","sangat membantu,berfungsi dlm segala hal kedepan kalau pendemo biar TNI yg halau aja,biar tdk ada yg anarkis,kalau polisi yg jaga mereka tdk indahkan,jadi baikx d serahkan k TNI aja","22/4/2026, 06.18.00","0","No","","","https://www.tiktok.com/@24kopihitam82"
"=""7631115292937601809""","=""7631108071612285717""","=""7422092453156881413""","chaptoen7","chaptoen","biar ladusing ga petangtang petennteng","21/4/2026, 14.45.05","0","No","","","https://www.tiktok.com/@chaptoen7"
"=""7631115066490422023""","=""7631108071612285717""","=""7169322511158641665""","markued5","markues","KLO BEGAL PELAKU KEJAHATAN SIAPA PUN BISA TANGKAP..
JANGAN BERI CELAH PD BEGAL.
BEGAL TDK BERPRIKEMANUSIAAN KLO MELAKUKAN AKSINYA...","21/4/2026, 14.44.07","0","No","","","https://www.tiktok.com/@markued5"
"=""7631113695259198229""","=""7631108071612285717""","=""7368111095153886214""","wahyudinata354","Wahyu ananta","kmu fungsinya apa goblok","21/4/2026, 14.38.52","0","No","","","https://www.tiktok.com/@wahyudinata354"
"=""7631108683351098133""","=""7631108071612285717""","=""7504235681176355861""","suharyanto_73","Dwi_24rentcar","lah kantormu gimana, masa nanya kantor orang😂","21/4/2026, 14.19.21","0","No","","","https://www.tiktok.com/@suharyanto_73"
"=""7638195149068026642""","=""7631108071612285717""","=""6959809748608238598""","abram014","user2450383742445","kau kira ngga ada orang wilayah disitu?namanya aja gabungan","10/5/2026, 16.38.24","0","No","","","https://www.tiktok.com/@abram014"
"=""7631131714744828692""","=""7631108071612285717""","=""7484271691096474631""","sultan.rizkyprata","Sul Rizky","Kebetulan yang Terdekat Didaerah itu mungkin Pomal bg","21/4/2026, 15.48.52","0","No","","","https://www.tiktok.com/@sultan.rizkyprata"
"=""7631110507222893319""","=""7631108071612285717""","=""7217806006184772634""","wahyusukmana3","wahyusukmana3","fungsi polisi.dan itu emng tugas polisi.ke mn polisinya","21/4/2026, 14.29.27","0","No","","","https://www.tiktok.com/@wahyusukmana3"
"=""7631100609672348423""","","=""7465646116329374737""",".herm2","🐸 ijo","ujung2nya dikasihkan ke polisi","21/4/2026, 13.48.02","2","No","18","No","https://www.tiktok.com/@.herm2"
"=""7631108376676991751""","=""7631100609672348423""","=""6863450878930617345""","zanuarabdi","zanuar abdi hartanto","kan memang wewenang mereka njir","21/4/2026, 14.18.13","2","No","","","https://www.tiktok.com/@zanuarabdi"
"=""7631182939012252423""","=""7631100609672348423""","=""7465646116329374737""",".herm2","🐸 ijo","lah ngapain nangkep kalo bukan wewenang dan diserahkan polisi...piye","21/4/2026, 19.07.32","0","No","","","https://www.tiktok.com/@.herm2"
"=""7631184495581135633""","=""7631100609672348423""","=""7498277999138407432""","fulls577","Full's","OTAK MU OTAK PKI GOBLOKKK NJING","21/4/2026, 19.13.45","1","No","","","https://www.tiktok.com/@fulls577"
"=""7631136526450590472""","=""7631100609672348423""","=""7303806039810835461""","bantengtimur1","banteng timur","klu bisa buang ketengah laut","21/4/2026, 16.07.25","1","No","","","https://www.tiktok.com/@bantengtimur1"
"=""7631115146111648529""","=""7631100609672348423""","=""7422092453156881413""","chaptoen7","chaptoen","kalau ga mau ngomong biar di sekolahkan","21/4/2026, 14.44.29","1","No","","","https://www.tiktok.com/@chaptoen7"
"=""7632154695286293269""","=""7631100609672348423""","=""6549432342816931841""","zhaboex_edan","Ari_Songolas","kasihkan k jaksa aja langsung 🤣🤣","24/4/2026, 09.58.32","0","No","","","https://www.tiktok.com/@zhaboex_edan"
"=""7631864942215349010""","=""7631100609672348423""","=""7005851868337554433""","burhansrepettt2","burhan","sebelum diserahkan ke polri pasti kasih oleh""bro😂","23/4/2026, 15.13.57","0","No","","","https://www.tiktok.com/@burhansrepettt2"
"=""7631128357250515730""","=""7631100609672348423""","=""6954909018646414337""","kaji.sela","Kaji Sela","la terus di kasihkan lu","21/4/2026, 15.35.42","0","No","","","https://www.tiktok.com/@kaji.sela"
"=""7631116370463130388""","=""7631100609672348423""","=""7178197866824565786""","bhre.lasem","BOB","seneng begalnya klo udah ke polisi.... Amaaaaaan bisa kabuuuurrr.....😂😂😂😂😂","21/4/2026, 14.49.14","0","No","","","https://www.tiktok.com/@bhre.lasem"
"=""7631112177365664519""","=""7631100609672348423""","=""7277824609864287234""","user59761907836304","wakhidad 85","mmgx knp..mau mbantu begal2 bangsat tu ..","21/4/2026, 14.32.53","0","No","","","https://www.tiktok.com/@user59761907836304"
"=""7631393906614993682""","=""7631100609672348423""","=""7205979972183458843""","mr.shelby334","Ary Nesta Marley","Ya emang di serahkan ke polisii, karena polisi sebagai penegak hukum orang sipil.. TNI cuma bisa bantu tangkap gabisa proses hukum","22/4/2026, 08.46.12","1","No","","","https://www.tiktok.com/@mr.shelby334"
"=""7631826775731651335""","=""7631100609672348423""","=""7465646116329374737""",".herm2","🐸 ijo","jawaban yg sangat bagus dan masuk akal","23/4/2026, 12.45.55","0","No","","","https://www.tiktok.com/@.herm2"
"=""7631107140212327176""","=""7631100609672348423""","=""7281525776008119301""","balaputradewa_78","BALAPUTRADEWA","polisi kan terbatas.. g bsa kerja sendiri.. namanya juga sinegritas, saling bantu..","21/4/2026, 14.13.19","2","No","","","https://www.tiktok.com/@balaputradewa_78"
"=""7631183546028622610""","=""7631100609672348423""","=""7465646116329374737""",".herm2","🐸 ijo","oh gitu...jawaban yg agak masuk akal...","21/4/2026, 19.09.52","0","No","","","https://www.tiktok.com/@.herm2"
"=""7632170048257655569""","=""7631100609672348423""","=""6862736641594442754""","johnperys","JohnPerys","tupoksi berbeda Bamba, TNI tugasnya melindungi negara dari ancaman luar, polisi mengayomi dan melindungi masyarakat. beda tupoksi kalau TNI salah tupoksi nya PM polisi militer","24/4/2026, 10.58.01","0","No","","","https://www.tiktok.com/@johnperys"
"=""7632249598530355988""","=""7631100609672348423""","=""6969862020301095938""","fajaryk_","Esco.","terus di bebaskan sama polisi😹","24/4/2026, 16.06.39","0","No","","","https://www.tiktok.com/@fajaryk_"
"=""7632031962237485844""","=""7631100609672348423""","=""7396391677042607110""","alula6800","kingmu","lool","24/4/2026, 02.02.14","0","No","","","https://www.tiktok.com/@alula6800"
"=""7631126405380293377""","=""7631100609672348423""","=""7616944817305977863""","arshakarayyanza23","papi","tni TDK wewenang melakukan penuntutan Secara hukum kepada warga sipil","21/4/2026, 15.30.46","0","No","","","https://www.tiktok.com/@arshakarayyanza23"
"=""7631395474041438983""","","=""7454794061205128197""","saril.lubis2","citra","polisi ngk bisa nangani bagus x TNI semoga sehat pak","22/4/2026, 08.52.12","1","No","1","No","https://www.tiktok.com/@saril.lubis2"
"=""7643170024840430356""","=""7631395474041438983""","=""7132337872712254491""","mutiara..hikmah","NUR HARIYANTO","@NUR HARIYANTO:zer dpt cuan brapa
ada pengadilan akhirat bro
gak usah sibuk dunia Mulu
perbaiki diri","24/5/2026, 02.27.33","0","No","","","https://www.tiktok.com/@mutiara..hikmah"
"=""7631177440811909906""","","=""7267527367915373573""","cocobelukdemdem","COCOBELUK","mana polisinya","21/4/2026, 18.46.08","1","No","1","No","https://www.tiktok.com/@cocobelukdemdem"
"=""7643169760550011669""","=""7631177440811909906""","=""7132337872712254491""","mutiara..hikmah","NUR HARIYANTO","@NUR HARIYANTO:zer dpt cuan brapa
ada pengadilan akhirat bro
gak usah sibuk dunia Mulu
perbaiki diri","24/5/2026, 02.27.50","0","No","","","https://www.tiktok.com/@mutiara..hikmah"
"=""7631174133247017744""","","=""7260882815129175046""","tu.hul15","SAMBER NYOWOH","yang nangkap malah TNI al ...di mna polisinya","21/4/2026, 18.33.20","0","No","1","No","https://www.tiktok.com/@tu.hul15"
"=""7643170323676021525""","=""7631174133247017744""","=""7132337872712254491""","mutiara..hikmah","NUR HARIYANTO","@NUR HARIYANTO:zer dpt cuan brapa
ada pengadilan akhirat bro
gak usah sibuk dunia Mulu
perbaiki diri","24/5/2026, 02.28.08","0","No","","","https://www.tiktok.com/@mutiara..hikmah"
"=""7643516869350523666""","","=""7104181147018216475""","syeh721","syeh721","POMAL ikut nangkepin Begal??","25/5/2026, 00.49.27","0","No","0","No","https://www.tiktok.com/@syeh721"
"=""7643509981446767381""","","=""6962080416056722433""","novioktayani","novi","klo bekal harus kejam diya aja kejam ko","25/5/2026, 00.22.42","0","No","0","No","https://www.tiktok.com/@novioktayani"
"=""7643508549989647105""","","=""7083231011450307585""","jawirkec1l","Jawir ( kecil )","kapokkkkk","25/5/2026, 00.17.05","0","No","0","No","https://www.tiktok.com/@jawirkec1l"
"=""7640389585370252039""","","=""7055494732725666817""","narkwar","narkwar","salam olah raga dulu dong bang","16/5/2026, 14.33.58","1","No","0","No","https://www.tiktok.com/@narkwar"
"=""7631350923827135253""","","=""7403728820795606021""","banayyy3",".","bravo terimakasih Pak TNI 🥰","22/4/2026, 05.59.42","3","No","0","No","https://www.tiktok.com/@banayyy3"
"=""7643481770205201173""","","=""7068667610234061825""","nopheeprimadewi","NOPHEE🇮🇩","habis itu di bawa kemana pak TNI....di BAP serahkan ke jaksa yaaaa","24/5/2026, 22.33.08","0","No","0","No","https://www.tiktok.com/@nopheeprimadewi"
"=""7631175113975530258""","","=""7337325480968897554""","irwanto.terong","Irwanto terong","terima kasih pak TNI semangat pak 💪💪💪👍","21/4/2026, 18.37.07","3","No","0","No","https://www.tiktok.com/@irwanto.terong"
"=""7631167219817513746""","","=""6873074577360307201""","nunukari448","nunuk ari448","senergi tni polri.... saling membantu bwat keamanan warga belawan...","21/4/2026, 18.06.30","3","No","0","No","https://www.tiktok.com/@nunukari448"
"=""7631162411832197908""","","=""7317483505486169094""","jesiro.doang4","Jesiro Doang","terimakasih tni","21/4/2026, 17.47.54","3","No","0","No","https://www.tiktok.com/@jesiro.doang4"
"=""7631135087597323028""","","=""7028090224471278594""","gif.com06","Wisnu bara","TNI memang luar biasa ❤️❤️❤️❤️❤️❤️❤️❤️❤️❤️❤️❤️❤️❤️❤️❤️❤️❤️❤️❤️❤️❤️❤️❤️❤️❤️❤️❤️❤️❤️❤️❤️❤️❤️❤️❤️❤️❤️❤️❤️❤️❤️❤️❤️❤️❤️❤️❤️❤️❤️❤️❤️","21/4/2026, 16.01.47","3","No","0","No","https://www.tiktok.com/@gif.com06"
"=""7643474871951885074""","","=""6964875852777882626""","ulerkasur82","ULER KASUR82","kok msih ada suaranya","24/5/2026, 22.06.22","0","No","0","No","https://www.tiktok.com/@ulerkasur82"
"=""7643473761266647809""","","=""7177481363174573083""","fredyagustinus5","mahesa","menteri Ham","24/5/2026, 22.02.22","0","No","0","No","https://www.tiktok.com/@fredyagustinus5"
"=""7643463707222131463""","","=""7257047862386361362""","user931805721320","user931805721320","mztiin aj","24/5/2026, 21.28.14","0","No","0","No","https://www.tiktok.com/@user931805721320"
"=""7631794876007744276""","","=""7142710711034512411""","jscagltm","Jessi Gultom","TERIMAKASIH UNTUK TNI AL BELAWAN
di rumah sakit, ataupun di sedaerah apapun selalu gercep untuk mengatasi nya... Terimkasih banyak pak, saya salah satu korban begal tapi saya selamat tanpa ada luka atau berhilangan... makasi banyak pak TNI-AL, saya salut kepada kalian..
salam dari Mabar😇🙏","23/4/2026, 10.42.19","2","No","0","No","https://www.tiktok.com/@jscagltm"
"=""7631257178724270855""","","=""7605947884165661716""","eno.602","🇮🇩Danur""We✨","Terima kasih BPK TNI,
Alhamdulillah","21/4/2026, 23.55.27","2","No","0","No","https://www.tiktok.com/@eno.602"
"=""7631243609569084178""","","=""7057540284703572994""","bamshery1801","JAGUAR","alhamdulillah...trimaksih TNI AL...semangat dan slalu sehat...🥰","21/4/2026, 23.02.53","2","No","0","No","https://www.tiktok.com/@bamshery1801"
"=""7631188958387454740""","","=""7103089765793498113""","ilyasnasution815","ilyasnasution815","trimakasih Pomal","21/4/2026, 19.30.49","2","No","0","No","https://www.tiktok.com/@ilyasnasution815"
"=""7631186608997319442""","","=""7267139227413234694""","dwi.kelana","Arjuna ku","semanggat pak tni","21/4/2026, 19.21.37","2","No","0","No","https://www.tiktok.com/@dwi.kelana"
"=""7631183315370607368""","","=""6845621803991008258""","dewiyanti.2","Dewi ku","trima kasi pak tni,","21/4/2026, 19.08.55","2","No","0","No","https://www.tiktok.com/@dewiyanti.2"
"=""7631170042448937736""","","=""7552532991566742536""","mrtony3453","mirzal 123","alhamdulilah semoga TNI bisa bikin aman negara kita","21/4/2026, 18.17.24","2","No","0","No","https://www.tiktok.com/@mrtony3453"
"=""7631169267928744711""","","=""7171366174093296646""","ajinawi9669","UD.OZA PUTRI","terima kasih bapak tni","21/4/2026, 18.14.23","2","No","0","No","https://www.tiktok.com/@ajinawi9669"
"=""7631167323931640597""","","=""7363649180575335425""","ahmadabdulaziz512","Al Fatih","i❤️you full TNI🙏","21/4/2026, 18.06.52","2","No","0","No","https://www.tiktok.com/@ahmadabdulaziz512"
"=""7631166287730213652""","","=""7258930089269969925""","user2014822238818","tukang sayur","sempurna terimakasih bpak TNI Al","21/4/2026, 18.06.03","2","No","0","No","https://www.tiktok.com/@user2014822238818"
"=""7631166495695225617""","","=""7018121066925999105""","0l0an","0104N","TERIMA KASIH TNI AL POMAL BRAVO","21/4/2026, 18.03.42","2","No","0","No","https://www.tiktok.com/@0l0an"
"=""7631166381857686292""","","=""7533147387226735636""","puguhherioko282","Puguh Herioko","TNI slalu ada buat rakyat nya","21/4/2026, 18.03.17","2","No","0","No","https://www.tiktok.com/@puguhherioko282"
"=""7631166030182499079""","","=""7390995272481195025""","sugiantor6","jamalullailih","hebat PK TNI 👍👍👍","21/4/2026, 18.01.55","2","No","0","No","https://www.tiktok.com/@sugiantor6"
"=""7631165158581306120""","","=""7535865453177340944""","nukhus2","Nu Khus","semoga TNI d tugas kan menjadi aparat penegak hukum, kalau polisi lambat","21/4/2026, 17.58.32","2","No","0","No","https://www.tiktok.com/@nukhus2"
"=""7631112136274264850""","","=""7215982879145706522""","nathaniela1210","💞🔥🇮🇩","bukti TNI melebihi dr polisi","21/4/2026, 14.36.18","2","No","0","No","https://www.tiktok.com/@nathaniela1210"
"=""7643457254729270034""","","=""7289027047590200325""","srianjarwati369","""Shy""","panggil menteri HAM,,teman nya ketangkep tuh","24/5/2026, 20.58.00","0","No","0","No","https://www.tiktok.com/@srianjarwati369"
"=""7643456477877781255""","","=""7040314731013817345""","toyoglanx","Toyo Glanx","polisinya ngapain yach","24/5/2026, 20.55.01","0","No","0","No","https://www.tiktok.com/@toyoglanx"
"=""7636477799309689621""","","=""6748781726573609986""","rohmat1988","🙏🙏J4nJ1 Jiw4🙏🙏","terima Kasih Ndan. 🫡🫡🙏🙏","6/5/2026, 01.34.15","1","No","0","No","https://www.tiktok.com/@rohmat1988"
"=""7643449933203243793""","","=""7339537043272418309""","nopinko14","Nopinko","pegal aja pak","24/5/2026, 20.33.22","0","No","0","No","https://www.tiktok.com/@nopinko14"
"=""7643449722233488149""","","=""7086081410452472834""","robiana1971","Anna","21 😱😱😱","24/5/2026, 20.28.55","0","No","0","No","https://www.tiktok.com/@robiana1971"
"=""7643443691202085653""","","=""7124302167884956699""","karyobasuki303","baz","sampai 21 orang
jika beraksi ngeri sekali
harus di bikin jera","24/5/2026, 20.05.36","0","No","0","No","https://www.tiktok.com/@karyobasuki303"
"=""7643443653486986005""","","=""7285160133624202245""","nia.marliana0","Nia Marliana","dampak kurang lapangan pekerjaan","24/5/2026, 20.05.20","0","No","0","No","https://www.tiktok.com/@nia.marliana0"
"=""7643442632199176976""","","=""7470678981105271824""","mister.el03","mister el","tunggu Menteri KOMNAS HAM PAK...","24/5/2026, 20.01.21","0","No","0","No","https://www.tiktok.com/@mister.el03"
"=""7643440572674425620""","","=""7083444743984989210""","alfianjee2","AL","polisi kerjanya apa ya","24/5/2026, 19.57.48","0","No","0","No","https://www.tiktok.com/@alfianjee2"
"=""7643439235357737746""","","=""7513400173625295879""","user4676235828324","eri santiso","bravo pak pol","24/5/2026, 19.52.12","0","No","0","No","https://www.tiktok.com/@user4676235828324"
"=""7643439963535770389""","","=""6973657167920808962""","hadiputranababan","HADI PUTRA NABABAN#01","hidup semakin susah banyak orang NEKAT dan gelap mata.
Sllu hati"" kawan","24/5/2026, 19.51.05","0","No","0","No","https://www.tiktok.com/@hadiputranababan"
"=""7643436725511897872""","","=""7102029945807651842""","dedikriswanto20","dedikriswanto20","Semoga negara semakin berbenah… kasihan rakyat yg menjadi korban kekerasan dan kehilangan harta benda","24/5/2026, 19.38.44","0","No","0","No","https://www.tiktok.com/@dedikriswanto20"
"=""7643430128769041173""","","=""7214090256856974343""","totokfitri","totokfitri","jos jis pak TNI👍","24/5/2026, 19.12.51","0","No","0","No","https://www.tiktok.com/@totokfitri"
"=""7643428374036120340""","","=""7227533843681543175""","yovi.felani","yovistore82","bravo pak tni,, terimakasih","24/5/2026, 19.06.07","0","No","0","No","https://www.tiktok.com/@yovi.felani"
"=""7643420925635838741""","","=""6828805504018875393""","mempelai_kristusyesus","Tanpa nama","TRIMAKASIH PAK POLISI KALO BEGINI INDONESIA BARU AMAN","24/5/2026, 18.41.37","0","No","0","No","https://www.tiktok.com/@mempelai_kristusyesus"
"=""7643417123398550290""","","=""7633466153368994832""","xanderzert","xanderzert","masih ada yang nyeyes ""pak mereka juga manusia"" tapi yang komen gitu apa mikir klu aksi nya berlanjut dan ada korban gimana? baguslah di antisipasi","24/5/2026, 18.22.26","0","No","0","No","https://www.tiktok.com/@xanderzert"
"=""7632410218412393224""","","=""7546735889986290696""","rinoprabowo805","rega","luar biasa mantap pak TNI terimakasih 👍👍👍","25/4/2026, 02.29.57","1","No","0","No","https://www.tiktok.com/@rinoprabowo805"
"=""7643411005649421077""","","=""7472406661744706577""","antonius.kunce","Antonius Kunce","sebenarnya kerjaan polisi hal hal seperti ini ...","24/5/2026, 17.58.38","0","No","0","No","https://www.tiktok.com/@antonius.kunce"
"=""7632354916694672136""","","=""6915397426501714945""","aliipoh","Naura Alya karim","ini merupakan sinergitas antara kepolisian dan angkatan lain, terutama TNI AL.","24/4/2026, 22.55.21","1","No","0","No","https://www.tiktok.com/@aliipoh"
"=""7643401329495802644""","","=""7600167995609318421""","mulyaphonsel327","hati yang luka","kasihan terlalu kejam","24/5/2026, 17.26.38","0","No","0","No","https://www.tiktok.com/@mulyaphonsel327"
"=""7643402561576403733""","","=""7524517254559351809""","adi.joewo","ADI SETIYO","nanti marah menteri HAM😂😂😂","24/5/2026, 17.25.53","0","No","0","No","https://www.tiktok.com/@adi.joewo"
"=""7631429694139220757""","","=""7150584368925885442""","hj.r19","XXNX JEPANG","bangga sama TNI","22/4/2026, 11.05.04","1","No","0","No","https://www.tiktok.com/@hj.r19"
"=""7631404243358991124""","","=""6792886986417734657""","opparaphael","opparaphael","Sebaiknya TNI. harus bersinergi dalam menangkap para penjahat. bravo TNI","22/4/2026, 09.26.24","1","No","0","No","https://www.tiktok.com/@opparaphael"
"=""7631404085459911432""","","=""7621581487474197520""","refina.refina.bru","Refina Refina Bru purba","luar biasa buat TNI","22/4/2026, 09.25.42","1","No","0","No","https://www.tiktok.com/@refina.refina.bru"
"=""7631401074036917013""","","=""7375717775160902662""","kunyit.jahe6","harsaamerta","tni pomal trmksh","22/4/2026, 09.13.58","1","No","0","No","https://www.tiktok.com/@kunyit.jahe6"
"=""7631399109056627477""","","=""6963129214551720965""","hiburebahan01","pujipuryanti12","NAHH MANTAPP KL BPK TNI YG MENGOPERASI YESSSSS 👍👍","22/4/2026, 09.06.27","1","No","0","No","https://www.tiktok.com/@hiburebahan01"
"=""7631398719850005249""","","=""7573168575947539457""","taniaa_7198","Tania","terima kasih pak TNI yg mengayomi masyarat🙏🏼🙏🏼","22/4/2026, 09.04.59","1","No","0","No","https://www.tiktok.com/@taniaa_7198"
"=""7631393862908969748""","","=""7182227056133800966""","user4666211633730edih","Edih setiawan","POMAL POM TNIAL","22/4/2026, 08.46.02","1","No","0","No","https://www.tiktok.com/@user4666211633730edih"
"=""7631393602727428885""","","=""6913544032183567362""","junnykejulian","Yun","Terimakasih TNI ku hebat, Polisi lagi sibuk 🙏","22/4/2026, 08.45.02","1","No","0","No","https://www.tiktok.com/@junnykejulian"
"=""7631392664650810132""","","=""6697401553673077761""","putragautama5","Putra Gautama","semoga TNI dan polri bersatu membrastas kejahatan di seluruh Indonesia","22/4/2026, 08.41.22","1","No","0","No","https://www.tiktok.com/@putragautama5"
"=""7631392284185838343""","","=""7135313823645565978""","doni.prasetyo_","Me.doniiii_","salut sama tni","22/4/2026, 08.39.58","1","No","0","No","https://www.tiktok.com/@doni.prasetyo_"
"=""7631391589084529429""","","=""6830258950575834113""","cariaja23_doloe","tika andry🌚","mendingnya kita melapor tu ke TNI ya krn langsung di gubris..beda sama ...........lama baru diproses","22/4/2026, 08.37.12","1","No","0","No","https://www.tiktok.com/@cariaja23_doloe"
"=""7631390408648033042""","","=""7340166620067955717""","nahri552","Ritonga","itu baru TNI, terimakasih pak TNI","22/4/2026, 08.32.44","1","No","0","No","https://www.tiktok.com/@nahri552"
"=""7631383201994310407""","","=""7355414793707357190""","risdon.sinaga","Risdon Sinaga","TNI selalu di depan hidup tni","22/4/2026, 08.04.38","1","No","0","No","https://www.tiktok.com/@risdon.sinaga"
"=""7631381835637965588""","","=""7421858018532312069""","vibinwithyoung","Martin Garrux","TERBAIK PAK TNI AL","22/4/2026, 07.59.35","1","No","0","No","https://www.tiktok.com/@vibinwithyoung"
"=""7631381664681689864""","","=""7558000515683140626""","nawaqims90","NawaqiMS90","Top TNI","22/4/2026, 07.58.43","1","No","0","No","https://www.tiktok.com/@nawaqims90"
"=""7631377607908852500""","","=""6989994852269245442""","achmadkaza2","saling asih","🙏 trimakasih cipta kondisi TNI","22/4/2026, 07.43.05","1","No","0","No","https://www.tiktok.com/@achmadkaza2"
"=""7631188877621035797""","","=""7218078214391743514""","elhuda.setiawan","Elhuda Setiawan","bravo TNI... Semangat terus bapak bapak TNI dalam menjaga kedaulatan negara dan rasa nyaman bagi masyarakat....","21/4/2026, 19.32.14","1","No","0","No","https://www.tiktok.com/@elhuda.setiawan"
"=""7631188642678014727""","","=""7112034779160888321""","rastammu","rastammu","meresahkan pak betul di tangkap","21/4/2026, 19.29.33","1","No","0","No","https://www.tiktok.com/@rastammu"
"=""7631187599190770452""","","=""7233292036181935131""","bekhe38","bekhe","podaran Mun mrsahkan jadi smua orang pulang kerja ataw pun brangkat jadi takut kalo malm","21/4/2026, 19.28.42","1","No","0","No","https://www.tiktok.com/@bekhe38"
"=""7631182875418149652""","","=""7077827046587974658""","aliyasin338","Ali Yasin338","maakk yoos","21/4/2026, 19.07.16","1","No","0","No","https://www.tiktok.com/@aliyasin338"
"=""7631181842654724885""","","=""7041219932402533377""","poedjiono7","Poedjiono","terimakasih, sangat apresiasi sekali buat POMAL bravo tni","21/4/2026, 19.03.17","1","No","0","No","https://www.tiktok.com/@poedjiono7"
"=""7631168830027678472""","","=""7479449076166771720""","ahmadbahrudin208","Ahmad Bahrudin","mantan pak TNI al.","21/4/2026, 18.12.43","1","No","0","No","https://www.tiktok.com/@ahmadbahrudin208"
"=""7643367767656268565""","","=""7076088353632125953""","capitol1201","Carolton James","Pak polisi kenapa anda tidak terlibat nunggu apa lgi apa jumlah anda kurang","24/5/2026, 15.10.58","0","No","0","No","https://www.tiktok.com/@capitol1201"
"=""7643360514018755349""","","=""7243810655438357505""","naninangsiregar","Naninang Siregar","kalau sdh bgini,kasihan juga aq.","24/5/2026, 14.42.50","0","No","0","No","https://www.tiktok.com/@naninangsiregar"
"=""7643359883785650962""","","=""7213027553317078023""","helvi.dianti","Helvi Dianti","Klau lihat g tega asal jgn salah tangkap … aja ?","24/5/2026, 14.40.09","0","No","0","No","https://www.tiktok.com/@helvi.dianti"
"=""7643337528125113096""","","=""7207416229580031003""","democracy_9","KAMU BUNGKAM??🤫🫢😷","nangkap pakai bukti : X
nangkap pakai asumsi : V","24/5/2026, 13.13.27","0","No","0","No","https://www.tiktok.com/@democracy_9"
"=""7643336065025065735""","","=""7466099859397968904""","ajat.derajat4","Ajat Derajat","asal jangan salah tangkap aja ya pa kasian kalo salah tangkap","24/5/2026, 13.07.42","0","No","0","No","https://www.tiktok.com/@ajat.derajat4"
"=""7643332646491931409""","","=""7633112671952602128""","raka575757","🔱  J.E.K.O 🔱","mantap pak","24/5/2026, 12.54.45","0","No","0","No","https://www.tiktok.com/@raka575757"
"=""7643329813432910600""","","=""7597401124962419733""","pandawa.wayan","Pandawa Wayan","ini lah maksdnya melibatkan TNI dlm kamtibmas,biar masyrkt tenang aman dlm bepergian","24/5/2026, 12.43.36","0","No","0","No","https://www.tiktok.com/@pandawa.wayan"
"=""7643312026685915922""","","=""7466802920244626440""","user7909045081063","yanti","trimksh para bpk TNI yg sdh menangkap para begal....polisinya kemn ya","24/5/2026, 11.34.35","0","No","0","No","https://www.tiktok.com/@user7909045081063"
"=""7643301164653871880""","","=""6531925277310828546""","hanyzee1","Hany zee😍","meresahkn ..","24/5/2026, 10.52.21","0","No","0","No","https://www.tiktok.com/@hanyzee1"
"=""7643291175269155591""","","=""7140624729719751682""","sogolpurnomo75","sogolpurnomo75","polisi nya tidur","24/5/2026, 10.13.37","0","No","0","No","https://www.tiktok.com/@sogolpurnomo75"
"=""7643286148068066064""","","=""7330233873525523462""","newmattaentertainment","aman-DJ","jadi polisi tukar aja posisinya TNI KE MASYARAKAT POLISI PERTAHAN NEGARA GIMANA","24/5/2026, 09.54.04","0","No","0","No","https://www.tiktok.com/@newmattaentertainment"
"=""7643283966741414677""","","=""6933916812179751938""","aresmunandaro","Ares Munandar675","emang TNI harus turun tangan baru aman negara","24/5/2026, 09.45.48","0","No","0","No","https://www.tiktok.com/@aresmunandaro"
"=""7643282843993047829""","","=""7067502659037381634""","ibudesakariawa","ibudesakariawa","Kmarin juga ada polisi ada korban bgsl oas lpas dines coba","24/5/2026, 09.41.24","0","No","0","No","https://www.tiktok.com/@ibudesakariawa"
"=""7643282471328662293""","","=""7067502659037381634""","ibudesakariawa","ibudesakariawa","Semangat pk pol 👍","24/5/2026, 09.39.53","0","No","0","No","https://www.tiktok.com/@ibudesakariawa"
"=""7643260313387942676""","","=""7571272017924834311""","tjiojoebeng","tjiojoebeng","pecat menteri HAM.non faedah.","24/5/2026, 08.21.44","0","No","0","No","https://www.tiktok.com/@tjiojoebeng"
"=""7643257262220641044""","","=""6782837828843979778""","loveable95","loveable95","Jermal pak jermal plisssss. Nuhunnn 🙏🏻","24/5/2026, 08.02.22","0","No","0","No","https://www.tiktok.com/@loveable95"
"=""7643232756604125972""","","=""7210013138364089370""","luv50612","lulu","Proud of you pak polisi🙏","24/5/2026, 06.27.25","0","No","0","No","https://www.tiktok.com/@luv50612"
"=""7643224059173962517""","","=""7070494767347598338""","kob22b","LK grup","top","24/5/2026, 05.59.55","0","No","0","No","https://www.tiktok.com/@kob22b"
"=""7643209839980872469""","","=""7263751558884983814""","globe9784","Globe","mantap TNI hrs memberi rasa aman ke masyarakat supaya nyaman 👍👍👍","24/5/2026, 04.58.20","0","No","0","No","https://www.tiktok.com/@globe9784"
"=""7643156582227149576""","","=""6555033763747135490""","tyovanmarsis","@Tyo mcc","mantap pak tni","24/5/2026, 01.31.20","0","No","0","No","https://www.tiktok.com/@tyovanmarsis"
"=""7643156240121889556""","","=""6620703155838173185""","aribp95","Kangpoto Tiktok 📸","Bisa nangis ternyata","24/5/2026, 01.30.00","0","No","0","No","https://www.tiktok.com/@aribp95"
"=""7643147690642244368""","","=""6976896407849829381""","zhyramzhyran","zhyramzhyran","ijin k pihak penegak hukum tolong bangkitkan PETRUS","24/5/2026, 00.56.52","0","No","0","No","https://www.tiktok.com/@zhyramzhyran"
"=""7643137659490337544""","","=""7405214232205575173""","weldr4","WELDING","gaspol","24/5/2026, 00.17.53","0","No","0","No","https://www.tiktok.com/@weldr4"
"=""7631098328582898452""","","=""7306355475997983750""","pikachu_0550","Pikachu55","terimakasih pak tentara🥰","21/4/2026, 13.39.10","3","No","0","No","https://www.tiktok.com/@pikachu_0550"
"=""7643499406113768200""","","=""7463073871386641409""","gatauuuu4220","suyono","👍👍👍❤️","24/5/2026, 23.41.37","0","No","0","No","https://www.tiktok.com/@gatauuuu4220"
"=""7643487746922021652""","","=""7477228282305561616""","ketut.madya4","Ketut Madya","🥰🥰🥰","24/5/2026, 22.56.24","0","No","0","No","https://www.tiktok.com/@ketut.madya4"
"=""7631912812604211989""","","=""7127602705627808770""","tubagus.erwin5","Tubagus Erwin","😳😳😳","23/4/2026, 18.19.46","1","No","0","No","https://www.tiktok.com/@tubagus.erwin5"
"=""7631770186227499796""","","=""7414056311215834117""","borupgihy60","irian","🙏🙏🙏🙏","23/4/2026, 09.06.20","1","No","0","No","https://www.tiktok.com/@borupgihy60"
"=""7631263914738713362""","","=""7609707825145283591""","sapa.yaa041","iwan iwansapa.yaa041","🙏😭😭🙏💓🙏🤲🙏","22/4/2026, 00.23.39","1","No","0","No","https://www.tiktok.com/@sapa.yaa041"
"=""7643375214294942481""","","=""6710913034367828994""","drg.frans","Biu biu","🙏👍","24/5/2026, 15.39.41","0","No","0","No","https://www.tiktok.com/@drg.frans"
"=""7643350676668351249""","","=""7336828097154597894""","wariman574","Wariman","🥰🥰🥰","24/5/2026, 14.04.31","0","No","0","No","https://www.tiktok.com/@wariman574"
"=""7643235450779681556""","","=""7459778999654679557""","uwo.kusti0","Uwo Kusti","🙏🙏🙏","24/5/2026, 06.37.56","0","No","0","No","https://www.tiktok.com/@uwo.kusti0"